player_id,competition_id,team_id,nb_on_pitch,goals,assists,subed_in,yellow_cards,penalty_goals,minutes_played,goals_conceded,clean_sheets,nb_in_group,team_name,season_name
3333,CGB,1237,2,0,0,0,0,0.0,168,0,0,2,Brighton & Hove Albion,25/26
3333,GB1,1237,20,1,1,13,2,1.0,778,0,0,20,Brighton & Hove Albion,25/26
16306,FAC,985,1,0,0,1,0,0.0,11,0,0,1,Manchester United,25/26
16306,FIWC,3439,3,0,0,0,1,0.0,200,0,0,3,,25/26
16306,GB1,985,34,9,2,1,9,0.0,2589,0,0,34,Manchester United,25/26
51471,CL,281,1,0,0,1,0,0.0,33,0,0,1,Manchester City,25/26
51471,FAC,281,1,0,0,0,0,0.0,58,0,0,1,Manchester City,25/26
51471,FIWC,3556,3,0,1,1,0,0.0,182,0,0,3,,25/26
51471,GB1,281,6,0,1,5,0,0.0,126,0,0,6,Manchester City,25/26
61651,FAC,1148,2,0,0,0,0,0.0,165,0,0,2,Brentford FC,25/26
61651,FIWC,3299,1,0,0,1,0,0.0,6,0,0,1,,25/26
61651,GB1,1148,32,1,3,10,6,0.0,1921,0,0,32,Brentford FC,25/26
61841,FAC,989,1,0,0,0,0,0.0,120,0,0,1,AFC Bournemouth,25/26
61841,GB1,989,22,0,2,8,3,0.0,1080,0,0,22,AFC Bournemouth,25/26
63200,CGB,1132,2,0,0,2,0,0.0,39,0,0,2,Burnley FC,25/26
63200,FAC,1132,2,2,0,0,1,0.0,171,0,0,2,Burnley FC,25/26
63200,GB1,1132,7,0,0,7,1,0.0,41,0,0,7,Burnley FC,25/26
67063,CGB,1237,2,0,1,1,0,0.0,102,0,0,2,Brighton & Hove Albion,25/26
67063,FAC,1237,1,1,0,0,0,0.0,78,0,0,1,Brighton & Hove Albion,25/26
67063,GB1,1237,37,13,1,11,5,1.0,2266,0,0,37,Brighton & Hove Albion,25/26
68390,CGB,29,2,0,0,0,0,0.0,168,0,0,2,Everton FC,25/26
68390,GB1,29,5,0,0,4,0,0.0,20,0,0,5,Everton FC,25/26
72476,GB1,931,38,0,0,0,3,0.0,3420,51,9,38,Fulham FC,25/26
74960,GB1,1132,35,0,0,0,1,0.0,3150,71,4,35,Burnley FC,25/26
75489,CGB,379,1,0,0,1,0,0.0,4,0,0,1,West Ham United,25/26
75489,GB1,379,8,0,0,3,0,0.0,409,0,0,8,West Ham United,25/26
75489,IT1,5,20,1,0,17,0,0.0,647,0,0,20,AC Milan,25/26
82873,CL,16,3,0,1,3,0,0.0,37,0,0,3,Borussia Dortmund,25/26
82873,DFB,16,2,0,0,1,0,0.0,80,0,0,2,Borussia Dortmund,25/26
82873,FAC,1237,2,0,0,0,0,0.0,180,0,0,2,Brighton & Hove Albion,25/26
82873,FIWC,3262,1,0,0,1,0,0.0,17,0,0,1,,25/26
82873,GB1,1237,19,1,3,1,2,0.0,1637,0,0,19,Brighton & Hove Albion,25/26
82873,KLUB,16,5,0,0,0,1,0.0,362,0,0,5,Borussia Dortmund,25/26
82873,L1,16,11,0,1,4,0,0.0,615,0,0,11,Borussia Dortmund,25/26
85177,CGB,873,1,0,0,1,0,0.0,45,0,0,1,Crystal Palace,25/26
85177,GB1,873,10,0,1,3,1,0.0,597,0,0,10,Crystal Palace,25/26
85941,EL,703,7,0,0,0,0,0.0,660,8,3,7,Nottingham Forest,25/26
85941,GB1,703,3,0,0,0,0,0.0,270,4,1,3,Nottingham Forest,25/26
85941,KLUB,281,1,0,0,0,0,0.0,90,0,1,1,Manchester City,25/26
95424,GB1,1132,36,0,2,1,9,0.0,3097,0,0,36,Burnley FC,25/26
95810,CGB,762,4,0,0,3,2,0.0,126,0,0,4,Newcastle United,25/26
95810,CL,762,9,0,3,0,1,0.0,669,0,0,9,Newcastle United,25/26
95810,FAC,762,3,0,0,0,0,0.0,222,0,0,3,Newcastle United,25/26
95810,GB1,762,21,0,1,3,3,0.0,1592,0,0,21,Newcastle United,25/26
99397,CGB,399,1,0,0,0,0,0.0,90,4,0,1,Leeds United,25/26
99397,FAC,399,1,0,0,0,0,0.0,90,1,0,1,Leeds United,25/26
99397,GB1,399,22,0,0,0,1,0.0,1980,27,5,22,Leeds United,25/26
105470,CL,31,6,0,0,0,0,0.0,506,3,4,6,Liverpool FC,25/26
105470,FAC,31,2,0,0,0,0,0.0,180,1,1,2,Liverpool FC,25/26
105470,FIWC,3439,3,0,0,0,0,0.0,270,1,2,3,,25/26
105470,GB1,31,26,0,0,0,1,0.0,2340,31,8,26,Liverpool FC,25/26
105470,GBCS,31,1,0,0,0,0,0.0,90,5,0,1,Liverpool FC,25/26
108725,EL,703,5,2,0,1,0,2.0,237,0,0,5,Nottingham Forest,25/26
108725,FIWC,9171,3,0,2,0,0,0.0,270,0,0,3,,25/26
108725,GB1,703,15,3,0,4,0,0.0,907,0,0,15,Nottingham Forest,25/26
110864,CGB,543,2,0,0,0,0,0.0,180,2,1,2,Wolverhampton Wanderers,25/26
110864,FAC,543,3,0,1,0,0,0.0,270,4,1,3,Wolverhampton Wanderers,25/26
110864,GB1,543,12,0,0,0,0,0.0,1080,24,0,12,Wolverhampton Wanderers,25/26
111195,CGB,1237,2,0,1,0,0,0.0,143,0,0,2,Brighton & Hove Albion,25/26
111195,FAC,1237,2,0,0,0,0,0.0,167,0,0,2,Brighton & Hove Albion,25/26
111195,GB1,1237,24,1,0,15,5,0.0,1050,0,0,24,Brighton & Hove Albion,25/26
111455,FAC,289,2,0,0,1,1,0.0,127,0,0,2,Sunderland AFC,25/26
111455,FIWC,3384,3,1,0,0,1,1.0,270,0,0,3,,25/26
111455,GB1,289,34,1,6,2,8,0.0,2901,0,0,34,Sunderland AFC,25/26
111873,EL,405,10,0,0,0,1,0.0,900,7,5,10,Aston Villa,25/26
111873,FAC,405,1,0,0,1,0,0.0,45,3,0,1,Aston Villa,25/26
111873,FIWC,3437,3,0,0,0,0,0.0,270,1,2,3,,25/26
111873,GB1,405,32,0,1,0,2,0.0,2835,39,8,32,Aston Villa,25/26
118534,CGB,29,2,0,0,0,0,0.0,180,0,0,2,Everton FC,25/26
118534,GB1,29,33,3,1,4,1,0.0,2590,0,0,33,Everton FC,25/26
120629,CGB,379,1,0,0,0,0,0.0,90,3,0,1,West Ham United,25/26
120629,FAC,379,3,0,0,0,0,0.0,360,11,1,3,West Ham United,25/26
120629,GB1,379,20,0,1,0,0,0.0,1800,37,0,20,West Ham United,25/26
123275,CGB,931,3,0,0,0,0,0.0,245,0,0,3,Fulham FC,25/26
123275,FAC,931,2,0,1,1,0,0.0,99,0,0,2,Fulham FC,25/26
123275,GB1,931,24,2,0,18,3,0.0,765,0,0,24,Fulham FC,25/26
123682,CGB,379,1,0,0,1,0,0.0,4,0,0,1,West Ham United,25/26
123682,FAC,379,2,0,0,1,0,0.0,120,0,0,2,West Ham United,25/26
123682,GB1,379,32,7,1,21,1,0.0,1242,0,0,32,West Ham United,25/26
124884,CGB,405,1,0,0,0,0,0.0,90,5,0,1,Aston Villa,25/26
124884,EL,405,4,0,0,0,1,0.0,360,1,3,4,Aston Villa,25/26
124884,FAC,405,2,0,0,0,0,0.0,135,4,0,2,Aston Villa,25/26
124884,GB1,405,7,0,0,1,1,0.0,585,10,2,7,Aston Villa,25/26
126664,EL,405,10,0,1,2,2,0.0,736,0,0,10,Aston Villa,25/26
126664,FAC,405,2,0,0,1,1,0.0,102,0,0,2,Aston Villa,25/26
126664,FIWC,3377,1,0,0,0,0,0.0,90,0,0,1,,25/26
126664,GB1,405,31,0,6,10,3,0.0,1852,0,0,31,Aston Villa,25/26
126665,AFCN,3499,7,0,0,0,0,0.0,660,0,0,7,,25/26
126665,FIWC,3499,3,0,0,0,0,0.0,268,0,0,3,,25/26
126665,GB1,29,25,2,3,0,1,0.0,2102,0,0,25,Everton FC,25/26
127202,EL,703,6,0,0,0,0,0.0,540,7,2,6,Nottingham Forest,25/26
127202,FAC,703,1,0,0,0,0,0.0,120,7,0,1,Nottingham Forest,25/26
127202,GB1,703,31,0,0,1,2,0.0,2667,42,7,31,Nottingham Forest,25/26
130164,FAC,29,1,0,0,0,0,0.0,120,4,0,1,Everton FC,25/26
130164,FIWC,3299,3,0,0,0,0,0.0,270,2,2,3,,25/26
130164,GB1,29,38,0,0,0,4,0.0,3420,50,11,38,Everton FC,25/26
131978,EL,405,1,0,0,1,0,0.0,30,0,0,1,Aston Villa,25/26
131978,FAC,405,1,0,0,0,0,0.0,65,0,0,1,Aston Villa,25/26
131978,GB1,405,21,3,1,14,1,0.0,852,0,0,21,Aston Villa,25/26
131996,AFCN,5872,3,0,0,1,0,0.0,188,0,0,3,,25/26
131996,GB1,289,12,1,0,3,1,0.0,639,0,0,12,Sunderland AFC,25/26
131996,NL1,610,1,0,0,0,0,0.0,63,0,0,1,Ajax Amsterdam,25/26
134270,CGB,762,2,0,0,0,0,0.0,180,0,0,2,Newcastle United,25/26
134270,CL,762,11,1,2,0,2,0.0,965,0,0,11,Newcastle United,25/26
134270,FAC,762,2,0,1,1,0,0.0,117,0,0,2,Newcastle United,25/26
134270,GB1,762,29,1,3,4,9,0.0,2199,0,0,29,Newcastle United,25/26
135343,CGB,762,2,1,0,0,2,0.0,180,0,0,2,Newcastle United,25/26
135343,CL,762,3,0,0,1,0,0.0,131,0,0,3,Newcastle United,25/26
135343,GB1,762,16,0,0,5,1,0.0,1091,0,0,16,Newcastle United,25/26
136401,GB1,543,3,0,0,0,0,0.0,270,7,0,3,Wolverhampton Wanderers,25/26
139208,CL,31,12,2,3,0,2,0.0,1080,0,0,12,Liverpool FC,25/26
139208,FAC,31,4,0,0,0,0,0.0,351,0,0,4,Liverpool FC,25/26
139208,FIWC,3379,3,1,1,0,0,0.0,270,0,0,3,,25/26
139208,GB1,31,38,6,0,0,4,0.0,3420,0,0,38,Liverpool FC,25/26
139208,GBCS,31,1,0,0,0,0,0.0,90,0,0,1,Liverpool FC,25/26
144028,CGB,11,6,1,0,4,1,0.0,217,0,0,6,Arsenal FC,25/26
144028,CL,11,10,1,4,3,0,0.0,548,0,0,10,Arsenal FC,25/26
144028,FAC,11,2,0,0,1,0,0.0,66,0,0,2,Arsenal FC,25/26
144028,FIWC,3382,3,2,1,0,0,0.0,252,0,0,3,,25/26
144028,GB1,11,31,6,6,10,2,0.0,2008,0,0,31,Arsenal FC,25/26
146310,CGB,31,2,0,0,0,0,0.0,180,0,0,2,Liverpool FC,25/26
146310,CL,31,1,0,0,1,0,0.0,86,0,0,1,Liverpool FC,25/26
146310,GB1,31,8,0,1,7,1,0.0,170,0,0,8,Liverpool FC,25/26
146310,GBCS,31,1,0,0,1,0,0.0,19,0,0,1,Liverpool FC,25/26
148153,FAC,1237,1,0,0,0,1,0.0,90,0,0,1,Brighton & Hove Albion,25/26
148153,GB1,1237,33,1,0,2,10,0.0,2837,0,0,33,Brighton & Hove Albion,25/26
148367,CGB,11,3,0,0,0,0,0.0,270,0,0,3,Arsenal FC,25/26
148367,CL,11,6,0,0,3,2,0.0,309,0,0,6,Arsenal FC,25/26
148367,FAC,11,4,0,3,0,1,0.0,360,0,0,4,Arsenal FC,25/26
148367,GB1,11,7,0,0,6,0,0.0,101,0,0,7,Arsenal FC,25/26
148455,AFCN,3672,6,4,1,0,0,1.0,570,0,0,6,,25/26
148455,CL,31,10,3,2,3,0,0.0,687,0,0,10,Liverpool FC,25/26
148455,FAC,31,3,2,1,0,0,1.0,223,0,0,3,Liverpool FC,25/26
148455,FIWC,3672,3,1,2,0,0,0.0,218,0,0,3,,25/26
148455,GB1,31,27,7,7,4,1,1.0,2150,0,0,27,Liverpool FC,25/26
148455,GBCS,31,1,0,0,0,1,0.0,90,0,0,1,Liverpool FC,25/26
171679,CGB,543,3,0,0,1,0,0.0,127,0,0,3,Wolverhampton Wanderers,25/26
171679,FAC,543,1,0,0,0,0,0.0,90,0,0,1,Wolverhampton Wanderers,25/26
171679,GB1,543,11,0,0,0,4,0.0,792,0,0,11,Wolverhampton Wanderers,25/26
173504,CGB,29,2,0,0,0,0,0.0,180,0,0,2,Everton FC,25/26
173504,FAC,29,1,0,0,0,0,0.0,120,0,0,1,Everton FC,25/26
173504,GB1,29,37,2,3,0,8,0.0,3330,0,0,37,Everton FC,25/26
177476,CGB,281,6,0,0,0,0,0.0,493,0,0,6,Manchester City,25/26
177476,CL,281,5,0,0,3,0,0.0,238,0,0,5,Manchester City,25/26
177476,FAC,281,3,0,0,0,0,0.0,225,0,0,3,Manchester City,25/26
177476,FIWC,3379,2,0,0,1,0,0.0,99,0,0,2,,25/26
177476,GB1,281,18,0,0,12,1,0.0,688,0,0,18,Manchester City,25/26
177476,KLUB,281,2,0,0,1,0,0.0,157,0,0,2,Manchester City,25/26
177907,CGB,985,1,1,0,0,0,0.0,90,0,0,1,Manchester United,25/26
177907,FAC,985,1,0,0,1,1,0.0,11,0,0,1,Manchester United,25/26
177907,GB1,985,23,1,2,4,3,0.0,1655,0,0,23,Manchester United,25/26
181380,AFCN,3854,2,0,1,0,0,0.0,141,0,0,2,,25/26
181380,CGB,289,1,0,0,0,1,0.0,90,0,0,1,Sunderland AFC,25/26
181380,FIWC,3854,3,0,1,0,0,0.0,229,0,0,3,,25/26
181380,FR1,826,4,0,0,1,1,0.0,229,0,0,4,RC Lens,25/26
181380,GB1,289,3,0,0,1,1,0.0,127,0,0,3,Sunderland AFC,25/26
181579,CGB,379,1,0,0,0,1,0.0,90,0,0,1,West Ham United,25/26
181579,FAC,1132,1,0,0,0,0,0.0,90,0,0,1,Burnley FC,25/26
181579,GB1,379,5,0,0,0,0,0.0,416,0,0,5,West Ham United,25/26
181579,GB1,1132,13,0,1,6,1,0.0,681,0,0,13,Burnley FC,25/26
183288,GB1,985,38,1,1,0,9,0.0,3233,0,0,38,Manchester United,25/26
183318,GB1,762,2,0,0,2,0,0.0,19,0,0,2,Newcastle United,25/26
184528,CGB,762,2,0,0,0,0,0.0,133,0,0,2,Newcastle United,25/26
184528,GB1,762,1,0,0,0,0,0.0,45,0,0,1,Newcastle United,25/26
184573,EL,405,9,0,0,1,2,0.0,684,0,0,9,Aston Villa,25/26
184573,FAC,405,1,0,0,0,0,0.0,90,0,0,1,Aston Villa,25/26
184573,FIWC,3557,3,0,0,0,0,0.0,267,0,0,3,,25/26
184573,GB1,405,17,0,1,6,0,0.0,944,0,0,17,Aston Villa,25/26
186590,CGB,281,2,0,0,1,0,0.0,117,0,0,2,Manchester City,25/26
186590,CL,281,4,0,0,0,0,0.0,343,0,0,4,Manchester City,25/26
186590,FAC,281,3,0,0,0,0,0.0,245,0,0,3,Manchester City,25/26
186590,FIWC,3299,1,0,0,0,0,0.0,87,0,0,1,,25/26
186590,GB1,281,9,0,0,4,0,0.0,439,0,0,9,Manchester City,25/26
188077,CGB,989,1,0,0,0,0,0.0,74,0,0,1,AFC Bournemouth,25/26
188077,FIWC,3380,3,0,0,2,1,0.0,94,0,0,3,,25/26
188077,GB1,989,26,2,0,17,3,0.0,986,0,0,26,AFC Bournemouth,25/26
192080,CGB,762,1,0,0,0,0,0.0,90,2,0,1,Newcastle United,25/26
192080,CL,762,8,0,1,0,0,0.0,720,6,4,8,Newcastle United,25/26
192080,GB1,762,27,0,0,0,2,0.0,2417,40,7,27,Newcastle United,25/26
192279,CGB,11,6,0,0,0,3,0.0,540,12,3,6,Arsenal FC,25/26
192279,CL,11,1,0,0,0,0,0.0,90,2,0,1,Arsenal FC,25/26
192279,FAC,11,4,0,0,0,0,0.0,357,4,1,4,Arsenal FC,25/26
192279,GB1,11,1,0,0,0,0,0.0,90,1,0,1,Arsenal FC,25/26
192765,CL,148,1,0,0,1,0,0.0,22,0,0,1,Tottenham Hotspur,25/26
192765,FAC,148,1,0,0,0,0,0.0,90,0,0,1,Tottenham Hotspur,25/26
192765,GB1,148,3,1,0,1,1,0.0,138,0,0,3,Tottenham Hotspur,25/26
193116,CGB,405,1,0,1,0,0,0.0,90,0,0,1,Aston Villa,25/26
193116,EL,405,11,5,1,4,2,0.0,626,0,0,11,Aston Villa,25/26
193116,FAC,405,1,0,0,0,0,0.0,65,0,0,1,Aston Villa,25/26
193116,FIWC,3380,3,1,0,0,0,0.0,262,0,0,3,,25/26
193116,GB1,405,30,5,5,2,5,0.0,2158,0,0,30,Aston Villa,25/26
199527,CGB,762,3,0,0,1,0,0.0,175,0,0,3,Newcastle United,25/26
199527,CL,762,9,1,3,6,0,0.0,369,0,0,9,Newcastle United,25/26
199527,FAC,762,1,0,0,0,0,0.0,63,0,0,1,Newcastle United,25/26
199527,GB1,762,33,3,2,14,2,0.0,1620,0,0,33,Newcastle United,25/26
201574,FIWC,3380,3,0,0,0,0,0.0,270,4,1,3,,25/26
201574,GB1,703,1,0,0,1,0,0.0,45,1,0,1,Nottingham Forest,25/26
203460,CGB,29,2,0,0,1,0,0.0,91,0,0,2,Everton FC,25/26
203460,GB1,29,20,2,6,2,2,0.0,1632,0,0,20,Everton FC,25/26
203853,CGB,703,1,0,0,0,0,0.0,90,0,0,1,Nottingham Forest,25/26
203853,EL,703,3,0,0,0,0,0.0,225,0,0,3,Nottingham Forest,25/26
203853,FAC,703,1,0,0,0,0,0.0,46,0,0,1,Nottingham Forest,25/26
203853,GB1,703,5,0,0,1,0,0.0,353,0,0,5,Nottingham Forest,25/26
203853,NL1,610,2,0,0,1,0,0.0,20,0,0,2,Ajax Amsterdam,25/26
204103,CGB,931,4,0,1,1,0,0.0,256,0,0,4,Fulham FC,25/26
204103,FAC,379,3,0,2,0,0,0.0,248,0,0,3,West Ham United,25/26
204103,FAC,931,1,0,0,0,0,0.0,57,0,0,1,Fulham FC,25/26
204103,GB1,379,9,0,0,9,1,0.0,115,0,0,9,West Ham United,25/26
204103,GB1,931,15,0,0,14,0,0.0,262,0,0,15,Fulham FC,25/26
206040,CGB,931,4,1,0,0,0,0.0,315,0,0,4,Fulham FC,25/26
206040,FAC,931,3,0,0,3,0,0.0,48,0,0,3,Fulham FC,25/26
206040,FIWC,6303,2,1,0,0,0,0.0,156,0,0,2,,25/26
206040,GB1,931,36,9,3,9,5,4.0,2199,0,0,36,Fulham FC,25/26
206746,CGB,931,1,0,0,0,0,0.0,90,0,0,1,Fulham FC,25/26
206746,GB1,931,22,1,0,1,2,0.0,1795,0,0,22,Fulham FC,25/26
207014,CGB,873,3,0,0,1,1,0.0,179,0,0,3,Crystal Palace,25/26
207014,ECLQ,873,1,0,1,0,0,0.0,90,0,0,1,Crystal Palace,25/26
207014,FAC,873,1,0,0,1,0,0.0,45,0,0,1,Crystal Palace,25/26
207014,GB1,873,31,0,0,12,7,0.0,1568,0,0,31,Crystal Palace,25/26
207014,GBCS,873,1,0,0,1,0,0.0,61,0,0,1,Crystal Palace,25/26
209212,GB1,1237,4,0,0,4,0,0.0,38,0,0,4,Brighton & Hove Albion,25/26
225452,CGB,289,1,0,0,0,0,0.0,90,0,0,1,Sunderland AFC,25/26
225452,FAC,337,2,1,0,1,0,0.0,121,0,0,2,,25/26
225452,GB1,289,1,0,0,1,0,0.0,27,0,0,1,Sunderland AFC,25/26
226049,CGB,31,1,0,0,0,0,0.0,90,3,0,1,Liverpool FC,25/26
226049,GB1,31,3,0,0,1,0,0.0,212,5,0,3,Liverpool FC,25/26
226973,CGB,931,4,0,1,1,1,0.0,266,0,0,4,Fulham FC,25/26
226973,FAC,931,3,1,0,0,0,0.0,236,0,0,3,Fulham FC,25/26
226973,GB1,931,7,1,0,6,0,0.0,89,0,0,7,Fulham FC,25/26
234803,CGB,31,2,0,0,0,1,0.0,157,0,0,2,Liverpool FC,25/26
234803,CL,31,7,1,1,2,0,0.0,486,0,0,7,Liverpool FC,25/26
234803,FAC,31,2,1,1,0,0,0.0,180,0,0,2,Liverpool FC,25/26
234803,FIWC,3380,3,0,0,0,1,0.0,225,0,0,3,,25/26
234803,GB1,31,24,1,0,13,0,0.0,1172,0,0,24,Liverpool FC,25/26
234803,GBCS,31,1,0,0,1,0,0.0,6,0,0,1,Liverpool FC,25/26
236490,EL,703,8,0,1,3,0,0.0,520,0,0,8,Nottingham Forest,25/26
236490,GB1,703,18,0,0,0,3,0.0,1590,0,0,18,Nottingham Forest,25/26
236953,CGB,399,1,0,0,0,0,0.0,71,0,0,1,Leeds United,25/26
236953,FAC,399,2,0,0,2,0,0.0,7,0,0,2,Leeds United,25/26
236953,GB1,399,2,0,0,2,0,0.0,8,0,0,2,Leeds United,25/26
240306,CGB,985,1,0,0,1,0,0.0,45,0,0,1,Manchester United,25/26
240306,FAC,985,1,0,1,0,0,0.0,90,0,0,1,Manchester United,25/26
240306,FIWC,3300,3,0,1,0,0,0.0,270,0,0,3,,25/26
240306,GB1,985,35,9,21,0,5,4.0,3068,0,0,35,Manchester United,25/26
240692,AFCN,5129,3,0,0,0,1,0.0,270,0,0,3,,25/26
240692,GB1,289,25,0,2,2,7,0.0,1969,0,0,25,Sunderland AFC,25/26
240692,KLUB,13,1,0,0,1,1,0.0,28,0,0,1,Atlético de Madrid,25/26
241641,CGB,281,3,0,1,1,1,0.0,204,0,0,3,Manchester City,25/26
241641,CL,281,8,1,0,1,3,0.0,551,0,0,8,Manchester City,25/26
241641,FAC,281,3,0,0,2,1,0.0,121,0,0,3,Manchester City,25/26
241641,FIWC,3300,2,0,0,1,1,0.0,59,0,0,2,,25/26
241641,GB1,281,38,2,4,4,9,0.0,2888,0,0,38,Manchester City,25/26
241641,KLUB,281,3,1,1,0,0,0.0,268,0,0,3,Manchester City,25/26
242606,GB1,1132,18,2,2,0,2,0.0,1520,0,0,18,Burnley FC,25/26
242631,AFCN,3444,6,0,2,1,0,0.0,505,0,0,6,,25/26
242631,CGB,931,2,0,0,2,0,0.0,51,0,0,2,Fulham FC,25/26
242631,FAC,931,2,0,0,1,0,0.0,115,0,0,2,Fulham FC,25/26
242631,GB1,931,29,4,3,0,3,0.0,2436,0,0,29,Fulham FC,25/26
245056,CGB,931,3,1,0,2,1,0.0,67,0,0,3,Fulham FC,25/26
245056,FAC,931,1,0,0,0,0,0.0,90,0,0,1,Fulham FC,25/26
245056,GB1,931,26,1,3,6,9,0.0,1734,0,0,26,Fulham FC,25/26
249089,FAC,989,1,0,0,0,1,0.0,120,0,0,1,AFC Bournemouth,25/26
249089,GB1,989,18,0,1,10,1,0.0,872,0,0,18,AFC Bournemouth,25/26
249565,EL,405,8,1,3,2,2,0.0,554,0,0,8,Aston Villa,25/26
249565,FAC,405,1,0,0,1,0,0.0,81,0,0,1,Aston Villa,25/26
249565,FIWC,3382,3,0,0,0,0,0.0,265,0,0,3,,25/26
249565,GB1,405,25,0,4,4,0,0.0,1863,0,0,25,Aston Villa,25/26
249994,CGB,543,1,0,0,0,0,0.0,90,4,0,1,Wolverhampton Wanderers,25/26
249994,GB1,543,23,0,0,0,2,0.0,2070,37,4,23,Wolverhampton Wanderers,25/26
250426,CGB,180,2,0,0,1,0,0.0,99,0,0,2,Southampton FC,25/26
250426,FAC,180,1,0,0,1,0,0.0,3,0,0,1,Southampton FC,25/26
250426,FAC,543,2,0,0,1,0,0.0,119,0,0,2,Wolverhampton Wanderers,25/26
250426,GB1,543,14,2,2,0,3,1.0,1147,0,0,14,Wolverhampton Wanderers,25/26
251106,FAC,989,1,0,0,0,0,0.0,28,0,0,1,AFC Bournemouth,25/26
251106,GB1,989,23,1,0,23,1,0.0,214,0,0,23,AFC Bournemouth,25/26
253677,EL,405,4,1,0,1,0,0.0,271,0,0,4,Aston Villa,25/26
253677,GB1,405,17,0,1,2,1,0.0,1323,0,0,17,Aston Villa,25/26
256178,CGB,31,2,0,0,0,0,0.0,180,0,0,2,Liverpool FC,25/26
256178,CL,31,6,0,0,2,1,0.0,374,0,0,6,Liverpool FC,25/26
256178,FAC,31,4,0,0,1,1,0.0,231,0,0,4,Liverpool FC,25/26
256178,GB1,31,21,0,2,14,4,0.0,600,0,0,21,Liverpool FC,25/26
257455,CGB,148,2,1,0,0,1,0.0,180,0,0,2,Tottenham Hotspur,25/26
257455,CL,148,8,1,1,5,2,0.0,377,0,0,8,Tottenham Hotspur,25/26
257455,FAC,148,1,0,0,0,1,0.0,90,0,0,1,Tottenham Hotspur,25/26
257455,GB1,148,33,5,2,10,8,0.0,2198,0,0,33,Tottenham Hotspur,25/26
257455,KLUB,27,1,0,0,0,0,0.0,45,0,0,1,Bayern Munich,25/26
257455,USC,148,1,0,0,0,0,0.0,72,0,0,1,Tottenham Hotspur,25/26
258004,CL,281,7,0,0,1,1,0.0,506,0,0,7,Manchester City,25/26
258004,FIWC,3300,2,0,0,0,0,0.0,180,0,0,2,,25/26
258004,GB1,281,26,2,0,2,3,0.0,2140,0,0,26,Manchester City,25/26
258004,KLUB,281,3,0,0,1,0,0.0,227,0,0,3,Manchester City,25/26
258878,CGB,631,3,0,0,1,0,0.0,189,0,0,3,Chelsea FC,25/26
258878,CL,631,5,0,0,2,1,0.0,258,0,0,5,Chelsea FC,25/26
258878,FAC,631,5,2,0,1,0,0.0,403,0,0,5,Chelsea FC,25/26
258878,GB1,631,16,0,0,8,2,0.0,789,0,0,16,Chelsea FC,25/26
258878,KLUB,631,4,1,0,1,1,0.0,320,0,0,4,Chelsea FC,25/26
258889,CL,148,3,3,0,2,0,0.0,132,0,0,3,Tottenham Hotspur,25/26
258889,FAC,148,1,0,0,1,0,0.0,7,0,0,1,Tottenham Hotspur,25/26
258889,GB1,148,15,3,0,4,1,0.0,1001,0,0,15,Tottenham Hotspur,25/26
258889,USC,148,1,0,0,1,0,0.0,18,0,0,1,Tottenham Hotspur,25/26
258919,ECLQ,873,2,0,0,0,0,0.0,180,0,2,2,Crystal Palace,25/26
258919,GB1,873,37,0,0,0,5,0.0,3330,51,11,37,Crystal Palace,25/26
258919,GBCS,873,1,0,0,0,0,0.0,90,4,0,1,Crystal Palace,25/26
260827,CGB,931,1,0,0,0,0,0.0,90,0,0,1,Fulham FC,25/26
260827,FAC,931,1,0,0,0,0,0.0,90,0,0,1,Fulham FC,25/26
260827,GB1,931,33,0,1,0,7,0.0,2877,0,0,33,Fulham FC,25/26
262226,CGB,931,3,0,1,0,1,0.0,250,0,0,3,Fulham FC,25/26
262226,FAC,931,3,0,0,0,1,0.0,270,0,0,3,Fulham FC,25/26
262226,FIWC,3382,3,0,0,1,1,0.0,178,0,0,3,,25/26
262226,GB1,931,30,0,0,10,4,0.0,1842,0,0,30,Fulham FC,25/26
262749,CL,11,13,0,0,0,0,0.0,1170,4,9,13,Arsenal FC,25/26
262749,GB1,11,37,0,0,0,1,0.0,3330,26,19,37,Arsenal FC,25/26
262980,CGB,873,3,0,2,2,0,0.0,125,0,0,3,Crystal Palace,25/26
262980,ECLQ,873,2,0,0,0,0,0.0,180,0,0,2,Crystal Palace,25/26
262980,FIWC,3816,3,0,0,0,1,0.0,240,0,0,3,,25/26
262980,GB1,873,31,0,4,13,7,0.0,1724,0,0,31,Crystal Palace,25/26
262980,GBCS,873,1,0,0,1,0,0.0,5,0,0,1,Crystal Palace,25/26
263236,CGB,148,2,0,0,0,0,0.0,180,0,0,2,Tottenham Hotspur,25/26
263236,CL,148,8,0,0,3,1,0.0,477,0,0,8,Tottenham Hotspur,25/26
263236,FAC,148,1,0,0,0,0,0.0,90,0,0,1,Tottenham Hotspur,25/26
263236,FIWC,3383,3,0,0,2,0,0.0,149,0,0,3,,25/26
263236,GB1,148,24,0,0,7,8,0.0,1491,0,0,24,Tottenham Hotspur,25/26
263236,USC,148,1,0,0,0,1,0.0,90,0,0,1,Tottenham Hotspur,25/26
270171,CGB,1148,3,0,0,1,0,0.0,157,0,0,3,Brentford FC,25/26
270171,FAC,1148,2,0,0,1,1,0.0,135,0,0,2,Brentford FC,25/26
270171,GB1,1148,25,1,4,10,8,0.0,1437,0,0,25,Brentford FC,25/26
272622,CGB,931,3,0,0,0,0,0.0,270,0,0,3,Fulham FC,25/26
272622,FAC,931,2,0,0,0,1,0.0,180,0,0,2,Fulham FC,25/26
272622,FIWC,3575,2,0,0,0,1,0.0,180,0,0,2,,25/26
272622,GB1,931,13,1,0,5,2,0.0,814,0,0,13,Fulham FC,25/26
277033,CGB,989,1,0,0,1,0,0.0,24,0,0,1,AFC Bournemouth,25/26
277033,FAC,989,1,1,0,0,0,0.0,71,0,0,1,AFC Bournemouth,25/26
277033,GB1,989,31,1,3,18,7,0.0,1199,0,0,31,AFC Bournemouth,25/26
279455,CGB,931,3,0,0,1,0,0.0,157,0,0,3,Fulham FC,25/26
279455,FAC,931,2,1,1,2,0,0.0,37,0,0,2,Fulham FC,25/26
279455,GB1,931,36,10,7,4,7,0.0,2694,0,0,36,Fulham FC,25/26
282939,FAC,289,3,0,0,0,1,0.0,300,0,0,3,Sunderland AFC,25/26
282939,GB1,289,12,0,1,7,1,0.0,564,0,0,12,Sunderland AFC,25/26
283628,CGB,379,1,1,0,0,0,0.0,90,0,0,1,West Ham United,25/26
283628,FAC,379,3,0,0,2,1,0.0,244,0,0,3,West Ham United,25/26
283628,FIWC,3445,3,0,0,2,0,0.0,136,0,0,3,,25/26
283628,GB1,379,35,5,0,11,3,0.0,2199,0,0,35,West Ham United,25/26
284857,CGB,631,4,0,0,2,3,0.0,221,0,0,4,Chelsea FC,25/26
284857,CL,631,9,0,0,1,0,0.0,721,0,0,9,Chelsea FC,25/26
284857,FAC,631,2,0,0,1,0,0.0,145,0,0,2,Chelsea FC,25/26
284857,FIWC,3375,3,0,1,0,0,0.0,270,0,0,3,,25/26
284857,GB1,631,34,1,4,3,8,0.0,2710,0,0,34,Chelsea FC,25/26
284857,KLUB,631,6,0,0,0,1,0.0,570,0,0,6,Chelsea FC,25/26
286047,CL,148,10,0,0,1,2,0.0,883,14,6,10,Tottenham Hotspur,25/26
286047,FAC,148,1,0,0,0,0,0.0,90,2,0,1,Tottenham Hotspur,25/26
286047,GB1,148,31,0,0,0,1,0.0,2790,50,7,31,Tottenham Hotspur,25/26
286047,USC,148,1,0,0,0,0,0.0,90,6,0,1,Tottenham Hotspur,25/26
292246,CGB,543,3,0,1,0,1,0.0,217,0,0,3,Wolverhampton Wanderers,25/26
292246,FAC,543,2,1,1,1,0,0.0,89,0,0,2,Wolverhampton Wanderers,25/26
292246,FIWC,3589,3,0,0,2,0,0.0,106,0,0,3,,25/26
292246,GB1,543,26,2,2,8,5,1.0,1455,0,0,26,Wolverhampton Wanderers,25/26
293194,CGB,873,3,0,0,1,0,0.0,155,0,0,3,Crystal Palace,25/26
293194,ECLQ,873,2,0,0,0,1,0.0,168,0,0,2,Crystal Palace,25/26
293194,FAC,873,1,0,0,0,1,0.0,90,0,0,1,Crystal Palace,25/26
293194,GB1,873,7,0,0,7,1,0.0,99,0,0,7,Crystal Palace,25/26
293194,GBCS,873,1,0,0,1,0,0.0,11,0,0,1,Crystal Palace,25/26
293281,FAC,1132,2,0,2,0,0,0.0,144,0,0,2,Burnley FC,25/26
293281,GB1,1132,28,0,1,18,0,0.0,1023,0,0,28,Burnley FC,25/26
294057,GB1,148,3,0,0,3,0,0.0,34,0,0,3,Tottenham Hotspur,25/26
295313,FAC,703,1,0,0,1,0,0.0,32,0,0,1,Nottingham Forest,25/26
295313,GB1,703,17,4,2,14,2,0.0,481,0,0,17,Nottingham Forest,25/26
296802,CGB,873,3,0,0,0,0,0.0,270,12,1,3,Crystal Palace,25/26
296802,FAC,873,1,0,0,0,0,0.0,90,2,0,1,Crystal Palace,25/26
296802,GB1,873,1,0,0,0,0,0.0,90,0,1,1,Crystal Palace,25/26
297212,FAC,399,3,0,0,2,0,0.0,127,0,0,3,Leeds United,25/26
297212,GB1,399,35,2,0,2,3,0.0,2954,0,0,35,Leeds United,25/26
306024,CGB,399,1,0,0,1,0,0.0,32,0,0,1,Leeds United,25/26
306024,FAC,399,3,1,0,2,0,1.0,193,0,0,3,Leeds United,25/26
306024,GB1,399,35,14,1,5,3,4.0,2730,0,0,35,Leeds United,25/26
309400,CGB,11,3,1,0,2,0,0.0,95,0,0,3,Arsenal FC,25/26
309400,CL,11,5,3,1,4,1,1.0,136,0,0,5,Arsenal FC,25/26
309400,FAC,11,3,0,1,1,0,0.0,162,0,0,3,Arsenal FC,25/26
309400,FIWC,3262,3,2,0,0,0,1.0,235,0,0,3,,25/26
309400,GB1,11,12,2,3,5,1,0.0,583,0,0,12,Arsenal FC,25/26
314241,CGB,1132,1,0,0,0,0,0.0,90,0,0,1,Burnley FC,25/26
314241,FAC,1132,2,1,0,0,1,0.0,156,0,0,2,Burnley FC,25/26
314241,GB1,1132,33,1,0,15,7,0.0,1759,0,0,33,Burnley FC,25/26
314288,CGB,399,1,0,0,0,0,0.0,58,0,0,1,Leeds United,25/26
314288,FAC,399,5,1,2,1,2,0.0,333,0,0,5,Leeds United,25/26
314288,GB1,399,31,6,1,21,0,2.0,1073,0,0,31,Leeds United,25/26
314367,CGB,1132,2,0,1,0,1,0.0,168,0,0,2,Burnley FC,25/26
314367,FAC,1132,1,0,0,1,0,0.0,24,0,0,1,Burnley FC,25/26
314367,GB1,1132,23,1,3,12,0,0.0,1065,0,0,23,Burnley FC,25/26
314875,CGB,379,1,0,1,0,0,0.0,90,0,0,1,West Ham United,25/26
314875,FAC,379,3,2,0,0,0,1.0,360,0,0,3,West Ham United,25/26
314875,GB1,379,38,9,11,0,4,1.0,3409,0,0,38,West Ham United,25/26
315858,CL,281,9,0,0,0,2,0.0,810,12,3,9,Manchester City,25/26
315858,GB1,281,34,0,0,0,7,0.0,3060,29,15,34,Manchester City,25/26
315858,KLUB,583,7,0,0,0,0,0.0,630,4,5,7,Paris Saint-Germain,25/26
316264,CGB,11,2,0,0,1,0,0.0,91,0,0,2,Arsenal FC,25/26
316264,CL,11,7,0,1,3,0,0.0,374,0,0,7,Arsenal FC,25/26
316264,FAC,11,2,0,0,1,0,0.0,82,0,0,2,Arsenal FC,25/26
316264,FIWC,3440,2,0,2,0,0,0.0,171,0,0,2,,25/26
316264,GB1,11,24,1,7,8,0,0.0,1371,0,0,24,Arsenal FC,25/26
318508,CGB,1237,3,1,0,0,1,0.0,270,0,0,3,Brighton & Hove Albion,25/26
318508,FAC,1237,2,0,0,1,0,0.0,108,0,0,2,Brighton & Hove Albion,25/26
318508,GB1,1237,12,0,1,3,2,0.0,800,0,0,12,Brighton & Hove Albion,25/26
319301,CGB,399,1,0,0,1,0,0.0,6,0,0,1,Leeds United,25/26
319301,FAC,399,1,0,0,0,0,0.0,70,0,0,1,Leeds United,25/26
319301,GB1,399,19,0,0,13,0,0.0,553,0,0,19,Leeds United,25/26
319859,CGB,1148,3,1,1,0,0,0.0,261,0,0,3,Brentford FC,25/26
319859,FAC,1148,3,1,1,1,0,1.0,237,0,0,3,Brentford FC,25/26
319859,GB1,1148,36,3,1,10,3,0.0,2252,0,0,36,Brentford FC,25/26
321247,CGB,405,1,0,0,1,0,0.0,16,0,0,1,Aston Villa,25/26
321247,EL,405,14,3,5,3,1,1.0,913,0,0,14,Aston Villa,25/26
321247,FAC,405,2,1,1,1,1,0.0,115,0,0,2,Aston Villa,25/26
321247,GB1,405,36,6,2,15,6,0.0,1760,0,0,36,Aston Villa,25/26
324358,CGB,405,1,0,0,1,0,0.0,23,0,0,1,Aston Villa,25/26
324358,EL,405,14,5,2,5,0,0.0,822,0,0,14,Aston Villa,25/26
324358,FAC,405,2,0,0,2,0,0.0,50,0,0,2,Aston Villa,25/26
324358,FIWC,3299,1,0,0,1,0,0.0,6,0,0,1,,25/26
324358,GB1,405,37,16,3,4,4,0.0,2854,0,0,37,Aston Villa,25/26
325443,CGB,11,4,1,1,1,0,0.0,260,0,0,4,Arsenal FC,25/26
325443,CL,11,12,5,1,1,0,1.0,861,0,0,12,Arsenal FC,25/26
325443,FAC,11,2,1,0,2,0,0.0,75,0,0,2,Arsenal FC,25/26
325443,FIWC,3557,3,1,2,0,1,0.0,270,0,0,3,,25/26
325443,GB1,11,36,14,1,10,5,3.0,2231,0,0,36,Arsenal FC,25/26
326029,CGB,405,1,0,0,0,0,0.0,67,0,0,1,Aston Villa,25/26
326029,EL,12,2,1,1,0,0,1.0,210,0,0,2,Associazione Sportiva Roma,25/26
326029,EL,405,6,3,0,2,0,1.0,329,0,0,6,Aston Villa,25/26
326029,FAC,405,1,0,1,0,0,0.0,65,0,0,1,Aston Villa,25/26
326029,FIWC,3379,3,0,0,0,0,0.0,187,0,0,3,,25/26
326029,GB1,405,21,4,1,16,0,0.0,645,0,0,21,Aston Villa,25/26
326029,IT1,12,18,14,2,0,1,3.0,1478,0,0,18,Associazione Sportiva Roma,25/26
326031,CGB,985,1,0,0,1,0,0.0,45,0,0,1,Manchester United,25/26
326031,GB1,985,13,1,0,0,0,0.0,1170,0,0,13,Manchester United,25/26
328658,CGB,1148,3,0,1,0,0,0.0,232,0,0,3,Brentford FC,25/26
328658,FAC,1148,1,0,0,0,0,0.0,97,0,0,1,Brentford FC,25/26
328658,FIWC,3440,2,0,0,0,0,0.0,180,0,0,2,,25/26
328658,GB1,1148,27,0,1,7,4,0.0,1809,0,0,27,Brentford FC,25/26
330659,CGB,989,1,0,0,0,0,0.0,66,0,0,1,AFC Bournemouth,25/26
330659,FIWC,3379,1,0,0,1,0,0.0,18,0,0,1,,25/26
330659,GB1,989,20,2,0,10,5,0.0,953,0,0,20,AFC Bournemouth,25/26
331726,ECLQ,114,4,4,1,0,1,1.0,334,0,0,4,Beşiktaş Jimnastik Kulübü,25/26
331726,EL,405,3,0,1,2,0,0.0,95,0,0,3,Aston Villa,25/26
331726,ELQ,114,2,1,0,0,0,1.0,135,0,0,2,Beşiktaş Jimnastik Kulübü,25/26
331726,FAC,405,1,1,0,0,0,0.0,65,0,0,1,Aston Villa,25/26
331726,GB1,405,12,2,0,10,0,0.0,277,0,0,12,Aston Villa,25/26
331726,TR1,114,18,7,1,3,3,1.0,1255,0,0,18,Beşiktaş Jimnastik Kulübü,25/26
332705,CGB,989,1,0,0,1,0,0.0,16,0,0,1,AFC Bournemouth,25/26
332705,FIWC,3505,2,0,0,0,1,0.0,180,0,0,2,,25/26
332705,GB1,989,25,2,2,4,8,0.0,1779,0,0,25,AFC Bournemouth,25/26
333014,CGB,931,2,0,0,1,0,0.0,98,0,0,2,Fulham FC,25/26
333014,FAC,931,2,0,0,2,0,0.0,5,0,0,2,Fulham FC,25/26
333014,FIWC,3440,2,0,0,0,0,0.0,180,0,0,2,,25/26
333014,GB1,931,35,0,1,1,5,0.0,2911,0,0,35,Fulham FC,25/26
333241,CGB,762,3,2,0,1,2,0.0,199,0,0,3,Newcastle United,25/26
333241,CL,762,10,2,1,2,3,0.0,591,0,0,10,Newcastle United,25/26
333241,FAC,762,2,0,0,2,1,0.0,78,0,0,2,Newcastle United,25/26
333241,GB1,762,27,2,1,4,10,0.0,1956,0,0,27,Newcastle United,25/26
335721,CGB,11,4,1,0,0,1,0.0,313,0,0,4,Arsenal FC,25/26
335721,CL,11,11,0,1,4,1,0.0,625,0,0,11,Arsenal FC,25/26
335721,FAC,11,3,0,0,0,1,0.0,238,0,0,3,Arsenal FC,25/26
335721,GB1,11,12,0,1,3,0,0.0,704,0,0,12,Arsenal FC,25/26
336077,GB1,985,6,0,0,0,0,0.0,540,11,0,6,Manchester United,25/26
338424,CGB,11,4,0,0,1,1,0.0,273,0,0,4,Arsenal FC,25/26
338424,CL,11,7,2,0,1,3,0.0,515,0,0,7,Arsenal FC,25/26
338424,FAC,11,1,0,0,0,0,0.0,90,0,0,1,Arsenal FC,25/26
338424,FIWC,3375,3,0,0,2,0,0.0,108,0,0,3,,25/26
338424,GB1,11,22,4,3,12,1,0.0,1027,0,0,22,Arsenal FC,25/26
338629,CGB,399,1,0,0,0,0,0.0,90,0,0,1,Leeds United,25/26
338629,FAC,399,4,0,0,1,0,0.0,248,0,0,4,Leeds United,25/26
338629,GB1,399,12,0,0,7,1,0.0,433,0,0,12,Leeds United,25/26
339340,GB1,985,3,0,0,3,0,0.0,15,0,0,3,Manchester United,25/26
339556,CGB,1148,4,0,0,0,0,0.0,346,0,0,4,Brentford FC,25/26
339556,FAC,1148,1,0,0,0,0,0.0,80,0,0,1,Brentford FC,25/26
339556,GB1,1148,25,0,0,11,2,0.0,1329,0,0,25,Brentford FC,25/26
340321,GB1,1148,2,0,0,2,0,0.0,2,0,0,2,Brentford FC,25/26
340324,CGB,873,2,0,0,0,0,0.0,90,0,0,2,Crystal Palace,25/26
340324,GB1,873,12,2,0,10,2,0.0,416,0,0,12,Crystal Palace,25/26
340325,CGB,1148,2,1,1,1,0,0.0,90,0,0,2,Brentford FC,25/26
340325,FAC,1148,2,0,0,0,0,0.0,131,0,0,2,Brentford FC,25/26
340325,GB1,1148,10,0,1,10,0,0.0,118,0,0,10,Brentford FC,25/26
340329,CGB,762,3,0,1,0,0,0.0,188,0,0,3,Newcastle United,25/26
340329,CL,762,9,1,0,6,3,0.0,312,0,0,9,Newcastle United,25/26
340329,FAC,762,3,0,0,1,0,0.0,170,0,0,3,Newcastle United,25/26
340329,GB1,762,24,0,2,14,3,0.0,980,0,0,24,Newcastle United,25/26
340456,AFCN,3575,7,0,1,0,0,0.0,628,0,0,7,,25/26
340456,FIWC,3575,3,0,0,1,0,0.0,177,0,0,3,,25/26
340456,GB1,985,20,0,0,9,3,0.0,984,0,0,20,Manchester United,25/26
340918,FAC,1148,1,0,0,0,0,0.0,120,7,0,1,Brentford FC,25/26
340918,GB1,1148,37,0,0,0,1,0.0,3330,49,10,37,Brentford FC,25/26
341051,CGB,379,1,0,1,0,0,0.0,90,0,0,1,West Ham United,25/26
341051,FAC,379,4,0,0,1,2,0.0,360,0,0,4,West Ham United,25/26
341051,GB1,379,23,1,0,8,2,0.0,1380,0,0,23,West Ham United,25/26
341092,CGB,31,2,0,2,0,1,0.0,180,0,0,2,Liverpool FC,25/26
341092,CL,31,5,1,0,5,0,0.0,78,0,0,5,Liverpool FC,25/26
341092,FAC,31,3,0,0,1,0,0.0,150,0,0,3,Liverpool FC,25/26
341092,GB1,31,26,2,1,25,3,0.0,318,0,0,26,Liverpool FC,25/26
342046,AFCN,3854,3,0,0,0,0,0.0,300,0,0,3,,25/26
342046,CGB,1132,2,0,0,1,0,0.0,135,0,0,2,Burnley FC,25/26
342046,FIWC,3854,3,0,0,0,0,0.0,270,0,0,3,,25/26
342046,GB1,1132,14,1,0,0,1,0.0,1202,0,0,14,Burnley FC,25/26
342385,CDR,1049,1,0,0,1,0,0.0,1,0,0,1,Valencia CF,25/26
342385,CGB,379,1,0,0,0,0,0.0,86,0,0,1,West Ham United,25/26
342385,ES1,1049,16,4,0,2,4,0.0,1308,0,0,16,Valencia CF,25/26
342385,FAC,379,1,0,0,1,0,0.0,9,0,0,1,West Ham United,25/26
342385,GB1,379,6,0,0,4,1,0.0,177,0,0,6,West Ham United,25/26
344069,CGB,399,1,0,0,1,0,0.0,19,0,0,1,Leeds United,25/26
344069,FAC,399,4,0,0,3,0,0.0,104,0,0,4,Leeds United,25/26
344069,GB1,399,29,5,3,1,3,0.0,2378,0,0,29,Leeds United,25/26
344152,ECLQ,873,1,0,0,1,0,0.0,21,0,0,1,Crystal Palace,25/26
344152,FR1,826,29,12,3,3,1,1.0,1819,0,0,29,RC Lens,25/26
344152,GB1,873,1,0,0,1,0,0.0,2,0,0,1,Crystal Palace,25/26
345911,CGB,543,2,0,0,1,1,0.0,135,0,0,2,Wolverhampton Wanderers,25/26
345911,ES1,12321,2,0,0,0,1,0.0,180,0,0,2,Girona FC,25/26
345911,FAC,543,2,0,0,0,0,0.0,180,0,0,2,Wolverhampton Wanderers,25/26
345911,FIWC,3445,3,1,0,0,1,0.0,270,0,0,3,,25/26
345911,GB1,543,28,2,1,1,3,0.0,2361,0,0,28,Wolverhampton Wanderers,25/26
346314,CGB,631,4,0,0,1,0,0.0,276,0,0,4,Chelsea FC,25/26
346314,CL,631,8,0,0,2,1,0.0,571,0,0,8,Chelsea FC,25/26
346314,FAC,631,1,0,0,0,0,0.0,90,0,0,1,Chelsea FC,25/26
346314,GB1,631,34,3,0,3,3,0.0,2782,0,0,34,Chelsea FC,25/26
346314,KLUB,631,5,0,1,1,0,0.0,394,0,0,5,Chelsea FC,25/26
346483,CGB,985,1,0,1,1,0,0.0,26,0,0,1,Manchester United,25/26
346483,FAC,985,1,0,0,0,0,0.0,62,0,0,1,Manchester United,25/26
346483,GB1,985,23,3,0,11,2,0.0,1017,0,0,23,Manchester United,25/26
346707,CGB,399,1,0,0,0,0,0.0,90,0,0,1,Leeds United,25/26
346707,FAC,399,4,1,0,2,1,0.0,211,0,0,4,Leeds United,25/26
346707,GB1,399,23,2,2,13,2,0.0,1006,0,0,23,Leeds United,25/26
346890,CGB,399,1,0,0,0,0,0.0,84,0,0,1,Leeds United,25/26
346890,CIT,5,1,0,0,1,0,0.0,9,0,0,1,AC Milan,25/26
346890,FAC,399,4,0,2,0,0,0.0,314,0,0,4,Leeds United,25/26
346890,GB1,399,28,8,1,9,3,0.0,1569,0,0,28,Leeds United,25/26
348026,CGB,289,1,0,0,0,0,0.0,78,0,0,1,Sunderland AFC,25/26
348026,FAC,289,2,0,0,0,1,0.0,210,0,0,2,Sunderland AFC,25/26
348026,GB1,289,32,3,4,0,5,0.0,2787,0,0,32,Sunderland AFC,25/26
349066,CGB,31,1,1,0,0,0,0.0,45,0,0,1,Liverpool FC,25/26
349066,CL,31,7,0,0,3,0,0.0,285,0,0,7,Liverpool FC,25/26
349066,FIWC,3557,3,1,3,0,0,0.0,270,0,0,3,,25/26
349066,GB1,31,14,3,1,6,0,0.0,702,0,0,14,Liverpool FC,25/26
349701,CGB,931,2,0,1,0,0,0.0,180,0,0,2,Fulham FC,25/26
349701,FAC,931,2,0,0,1,0,0.0,114,0,0,2,Fulham FC,25/26
349701,FIWC,3505,2,0,0,0,1,0.0,170,0,0,2,,25/26
349701,GB1,931,22,1,0,5,5,1.0,1492,0,0,22,Fulham FC,25/26
352041,FAC,399,4,0,0,0,0,0.0,420,8,1,4,Leeds United,25/26
352041,GB1,399,16,0,0,0,2,0.0,1440,29,3,16,Leeds United,25/26
353032,FAC,289,1,0,0,0,0,0.0,90,0,0,1,Sunderland AFC,25/26
353032,FIWC,3581,3,0,0,0,0,0.0,264,0,0,3,,25/26
353032,GB1,289,33,1,1,1,6,0.0,2802,0,0,33,Sunderland AFC,25/26
354362,CGB,148,2,0,0,0,0,0.0,155,0,0,2,Tottenham Hotspur,25/26
354362,CL,148,5,0,0,0,0,0.0,412,0,0,5,Tottenham Hotspur,25/26
354362,FIWC,3449,3,0,0,0,1,0.0,270,0,0,3,,25/26
354362,GB1,148,26,1,1,3,7,0.0,1892,0,0,26,Tottenham Hotspur,25/26
354362,USC,148,1,0,0,0,0,0.0,90,0,0,1,Tottenham Hotspur,25/26
355915,CL,148,8,1,3,0,2,0.0,694,0,0,8,Tottenham Hotspur,25/26
355915,FIWC,3437,2,0,0,0,0,0.0,137,0,0,2,,25/26
355915,GB1,148,23,4,1,1,9,0.0,1873,0,0,23,Tottenham Hotspur,25/26
355915,USC,148,1,1,0,0,0,0.0,90,0,0,1,Tottenham Hotspur,25/26
356141,CGB,873,2,0,0,0,1,0.0,180,0,0,2,Crystal Palace,25/26
356141,ECLQ,873,1,0,0,0,0,0.0,90,0,0,1,Crystal Palace,25/26
356141,FIWC,3435,3,2,0,0,0,0.0,254,0,0,3,,25/26
356141,GB1,873,28,0,1,6,3,0.0,1909,0,0,28,Crystal Palace,25/26
356141,GBCS,873,1,0,0,0,0,0.0,29,0,0,1,Crystal Palace,25/26
357119,CL,31,10,1,0,0,1,0.0,871,0,0,10,Liverpool FC,25/26
357119,FAC,31,4,0,0,2,1,0.0,219,0,0,4,Liverpool FC,25/26
357119,FIWC,3377,1,0,0,1,0,0.0,14,0,0,1,,25/26
357119,GB1,31,36,1,0,0,7,0.0,3100,0,0,36,Liverpool FC,25/26
357119,GBCS,31,1,0,0,0,1,0.0,90,0,0,1,Liverpool FC,25/26
357147,CGB,985,1,0,0,0,0,0.0,90,0,0,1,Manchester United,25/26
357147,FAC,985,1,0,0,0,0,0.0,90,0,0,1,Manchester United,25/26
357147,FIWC,3300,1,0,0,1,0,0.0,45,0,0,1,,25/26
357147,GB1,985,34,1,3,5,5,0.0,2616,0,0,34,Manchester United,25/26
357162,CLQ,294,3,1,0,2,0,0.0,111,0,0,3,SL Benfica,25/26
357162,FAC,1132,2,0,0,1,1,0.0,105,0,0,2,Burnley FC,25/26
357162,GB1,1132,31,0,2,6,6,0.0,2114,0,0,31,Burnley FC,25/26
357162,KLUB,294,2,0,0,0,1,0.0,160,0,0,2,SL Benfica,25/26
357162,PO1,294,3,0,0,3,0,0.0,35,0,0,3,SL Benfica,25/26
357162,POSU,294,1,0,0,1,0,0.0,10,0,0,1,SL Benfica,25/26
357565,CGB,281,3,0,0,2,1,0.0,137,0,0,3,Manchester City,25/26
357565,CL,281,5,0,0,0,1,0.0,347,0,0,5,Manchester City,25/26
357565,FAC,281,3,1,0,1,1,0.0,122,0,0,3,Manchester City,25/26
357565,FIWC,3375,3,0,0,0,0,0.0,267,0,0,3,,25/26
357565,GB1,281,21,1,0,4,3,0.0,1514,0,0,21,Manchester City,25/26
357565,KLUB,281,4,0,1,3,0,0.0,173,0,0,4,Manchester City,25/26
357662,CGB,11,6,0,2,3,0,0.0,288,0,0,6,Arsenal FC,25/26
357662,CL,11,12,1,2,2,3,0.0,949,0,0,12,Arsenal FC,25/26
357662,FIWC,3299,2,0,1,0,1,0.0,162,0,0,2,,25/26
357662,GB1,11,36,4,7,1,3,0.0,3099,0,0,36,Arsenal FC,25/26
361093,CGB,762,3,0,0,0,0,0.0,269,0,0,3,Newcastle United,25/26
361093,CL,762,8,1,0,2,0,0.0,544,0,0,8,Newcastle United,25/26
361093,FAC,762,2,0,0,0,0,0.0,210,0,0,2,Newcastle United,25/26
361093,GB1,762,25,1,1,4,2,0.0,1839,0,0,25,Newcastle United,25/26
361914,AFCN,3575,7,0,1,0,1,0.0,690,0,0,7,,25/26
361914,CGB,379,1,0,0,0,0,0.0,70,0,0,1,West Ham United,25/26
361914,CL,244,5,0,0,0,1,0.0,450,0,0,5,Olympique Marseille,25/26
361914,FR1,244,16,1,0,0,4,0.0,1399,0,0,16,Olympique Marseille,25/26
361914,GB1,379,2,0,0,0,0,0.0,180,0,0,2,West Ham United,25/26
362108,FAC,399,3,1,1,0,0,0.0,297,0,0,3,Leeds United,25/26
362108,FIWC,3557,3,0,0,0,1,0.0,242,0,0,3,,25/26
362108,GB1,399,32,0,0,1,4,0.0,2639,0,0,32,Leeds United,25/26
363205,CGB,11,3,0,0,2,0,0.0,102,0,0,3,Arsenal FC,25/26
363205,CL,11,6,2,0,5,0,0.0,156,0,0,6,Arsenal FC,25/26
363205,FAC,11,4,1,2,0,0,0.0,309,0,0,4,Arsenal FC,25/26
363205,GB1,11,14,3,0,11,3,0.0,421,0,0,14,Arsenal FC,25/26
365108,EL,703,12,1,1,4,1,0.0,769,0,0,12,Nottingham Forest,25/26
365108,FAC,703,1,0,0,0,0,0.0,69,0,0,1,Nottingham Forest,25/26
365108,FIWC,3384,3,0,0,1,0,0.0,146,0,0,3,,25/26
365108,GB1,703,24,1,1,10,1,0.0,1176,0,0,24,Nottingham Forest,25/26
369316,CGB,1237,3,0,0,0,1,0.0,201,0,0,3,Brighton & Hove Albion,25/26
369316,FAC,1237,2,0,0,0,0,0.0,180,0,0,2,Brighton & Hove Albion,25/26
369316,FIWC,3381,2,0,0,0,0,0.0,160,0,0,2,,25/26
369316,GB1,1237,37,1,0,3,6,0.0,3134,0,0,37,Brighton & Hove Albion,25/26
369567,CGB,543,1,0,0,1,0,0.0,9,0,0,1,Wolverhampton Wanderers,25/26
369567,FIWC,3383,2,1,0,1,0,0.0,46,0,0,2,,25/26
369567,GB1,543,1,0,0,1,0,0.0,14,0,0,1,Wolverhampton Wanderers,25/26
369962,CGB,399,1,0,0,0,0,0.0,90,0,0,1,Leeds United,25/26
369962,FAC,399,4,1,0,2,0,0.0,236,0,0,4,Leeds United,25/26
369962,GB1,399,16,0,0,14,0,0.0,246,0,0,16,Leeds United,25/26
371851,CGB,399,1,0,0,0,0,0.0,90,0,0,1,Leeds United,25/26
371851,FAC,399,5,0,1,0,0,0.0,465,0,0,5,Leeds United,25/26
371851,GB1,399,25,1,2,4,4,0.0,1893,0,0,25,Leeds United,25/26
375885,AFCN,3591,4,0,0,0,1,0.0,331,0,0,4,,25/26
375885,CGB,703,1,0,0,1,0,0.0,6,0,0,1,Nottingham Forest,25/26
375885,EL,703,14,0,1,7,1,0.0,739,0,0,14,Nottingham Forest,25/26
375885,FIWC,3591,3,0,1,1,0,0.0,178,0,0,3,,25/26
375885,GB1,703,28,2,2,3,5,0.0,2080,0,0,28,Nottingham Forest,25/26
378710,CGB,148,2,0,0,1,1,0.0,107,0,0,2,Tottenham Hotspur,25/26
378710,CL,148,7,1,1,1,3,0.0,481,0,0,7,Tottenham Hotspur,25/26
378710,FAC,148,1,0,0,0,0,0.0,31,0,0,1,Tottenham Hotspur,25/26
378710,GB1,148,32,11,4,12,4,0.0,1960,0,0,32,Tottenham Hotspur,25/26
378710,USC,148,1,0,0,0,1,0.0,72,0,0,1,Tottenham Hotspur,25/26
380350,CGB,1237,1,0,0,0,0,0.0,90,0,0,1,Brighton & Hove Albion,25/26
380350,GB1,379,4,0,0,3,0,0.0,103,0,0,4,West Ham United,25/26
381753,CGB,399,1,0,0,0,0,0.0,71,0,0,1,Leeds United,25/26
381753,FAC,399,2,0,0,1,0,0.0,124,0,0,2,Leeds United,25/26
381753,GB1,399,23,0,3,8,3,0.0,1324,0,0,23,Leeds United,25/26
381963,CGB,1132,2,0,1,2,0,0.0,24,0,0,2,Burnley FC,25/26
381963,GB1,1132,6,0,0,6,0,0.0,37,0,0,6,Burnley FC,25/26
386047,FAC,379,3,1,0,1,0,0.0,255,0,0,3,West Ham United,25/26
386047,GB1,379,14,0,0,0,1,0.0,1255,0,0,14,West Ham United,25/26
387626,CIT,12,1,0,1,0,0,0.0,80,0,0,1,Associazione Sportiva Roma,25/26
387626,EL,12,3,0,1,3,0,0.0,56,0,0,3,Associazione Sportiva Roma,25/26
387626,EL,405,5,1,0,5,0,0.0,42,0,0,5,Aston Villa,25/26
387626,FAC,405,1,0,0,0,0,0.0,45,0,0,1,Aston Villa,25/26
387626,GB1,405,13,0,1,10,1,0.0,452,0,0,13,Aston Villa,25/26
387626,IT1,12,7,0,0,6,0,0.0,182,0,0,7,Associazione Sportiva Roma,25/26
388165,CGB,762,3,1,0,1,0,0.0,186,0,0,3,Newcastle United,25/26
388165,CL,762,4,1,1,3,0,0.0,101,0,0,4,Newcastle United,25/26
388165,FAC,762,2,0,0,1,1,0.0,96,0,0,2,Newcastle United,25/26
388165,FIWC,3854,3,3,0,0,0,1.0,270,0,0,3,,25/26
388165,GB1,762,19,1,1,15,3,0.0,521,0,0,19,Newcastle United,25/26
391065,CL,244,2,0,0,0,0,0.0,113,0,0,2,Olympique Marseille,25/26
391065,FR1,244,13,2,1,6,1,0.0,620,0,0,13,Olympique Marseille,25/26
391065,FRCH,244,1,0,0,1,0,0.0,23,0,0,1,Olympique Marseille,25/26
391065,GB1,989,1,0,1,1,0,0.0,16,0,0,1,AFC Bournemouth,25/26
392179,FAC,1132,2,0,1,0,1,0.0,180,0,0,2,Burnley FC,25/26
392179,GB1,1132,19,0,0,2,0,0.0,1540,0,0,19,Burnley FC,25/26
392757,CGB,873,3,1,0,0,0,0.0,241,0,0,3,Crystal Palace,25/26
392757,CL,281,2,0,0,1,0,0.0,135,0,0,2,Manchester City,25/26
392757,ECLQ,873,2,0,0,0,0,0.0,180,0,0,2,Crystal Palace,25/26
392757,FAC,281,2,1,0,1,0,0.0,115,0,0,2,Manchester City,25/26
392757,FAC,873,1,0,0,0,1,0.0,90,0,0,1,Crystal Palace,25/26
392757,FIWC,3299,3,0,0,1,0,0.0,183,0,0,3,,25/26
392757,GB1,281,15,1,1,0,2,0.0,1350,0,0,15,Manchester City,25/26
392757,GB1,873,20,2,3,0,4,0.0,1800,0,0,20,Crystal Palace,25/26
392757,GBCS,873,1,0,0,0,0,0.0,90,0,0,1,Crystal Palace,25/26
392765,CGB,931,3,1,0,0,0,0.0,243,0,0,3,Fulham FC,25/26
392765,FAC,931,3,1,0,1,0,0.0,188,0,0,3,Fulham FC,25/26
392765,GB1,931,37,3,0,15,1,0.0,1928,0,0,37,Fulham FC,25/26
392768,CGB,703,1,0,0,1,0,0.0,28,0,0,1,Nottingham Forest,25/26
392768,EL,703,11,1,0,4,0,0.0,714,0,0,11,Nottingham Forest,25/26
392768,FAC,703,1,2,0,1,0,0.0,51,0,0,1,Nottingham Forest,25/26
392768,GB1,703,30,3,4,9,0,0.0,1848,0,0,30,Nottingham Forest,25/26
392770,CL,244,4,0,0,4,0,0.0,64,0,0,4,Olympique Marseille,25/26
392770,FAC,543,1,0,0,0,0,0.0,61,0,0,1,Wolverhampton Wanderers,25/26
392770,FR1,244,14,3,0,2,4,0.0,892,0,0,14,Olympique Marseille,25/26
392770,GB1,543,12,0,0,5,1,0.0,465,0,0,12,Wolverhampton Wanderers,25/26
392771,FAC,399,5,0,0,1,2,0.0,464,0,0,5,Leeds United,25/26
392771,GB1,399,35,1,1,0,10,0.0,3123,0,0,35,Leeds United,25/26
392775,CGB,931,2,0,0,1,0,0.0,109,0,0,2,Fulham FC,25/26
392775,FAC,931,2,0,0,0,0,0.0,156,0,0,2,Fulham FC,25/26
392775,GB1,931,27,3,3,7,0,0.0,1822,0,0,27,Fulham FC,25/26
393323,CGB,399,1,0,0,0,0,0.0,58,0,0,1,Leeds United,25/26
393323,FAC,399,4,0,0,3,0,0.0,221,0,0,4,Leeds United,25/26
393323,FIWC,3505,1,0,0,0,0,0.0,77,0,0,1,,25/26
393323,GB1,399,37,4,5,7,3,0.0,2470,0,0,37,Leeds United,25/26
394327,CGB,405,1,0,0,1,0,0.0,16,0,0,1,Aston Villa,25/26
394327,EL,405,6,0,1,4,0,0.0,265,0,0,6,Aston Villa,25/26
394327,FAC,405,1,0,0,0,0,0.0,9,0,0,1,Aston Villa,25/26
394327,GB1,405,18,1,3,1,5,0.0,1418,0,0,18,Aston Villa,25/26
397033,CGB,762,4,0,2,2,1,0.0,219,0,0,4,Newcastle United,25/26
397033,CL,762,11,1,1,0,2,0.0,955,0,0,11,Newcastle United,25/26
397033,FAC,762,3,2,2,0,0,0.0,300,0,0,3,Newcastle United,25/26
397033,GB1,762,35,0,2,4,4,0.0,2545,0,0,35,Newcastle United,25/26
398065,CGB,762,5,0,1,3,0,0.0,287,0,0,5,Newcastle United,25/26
398065,CL,762,12,6,4,3,0,0.0,809,0,0,12,Newcastle United,25/26
398065,FAC,762,3,3,0,0,1,0.0,300,0,0,3,Newcastle United,25/26
398065,GB1,762,37,7,1,18,1,0.0,1961,0,0,37,Newcastle United,25/26
399434,FAC,989,1,1,0,1,1,0.0,49,0,0,1,AFC Bournemouth,25/26
399434,GB1,989,34,7,4,3,6,2.0,2743,0,0,34,AFC Bournemouth,25/26
399776,CGB,405,1,0,0,0,0,0.0,90,0,0,1,Aston Villa,25/26
399776,EL,405,11,0,1,0,0,0.0,934,0,0,11,Aston Villa,25/26
399776,FAC,405,2,0,0,0,0,0.0,180,0,0,2,Aston Villa,25/26
399776,GB1,405,21,0,0,3,1,0.0,1676,0,0,21,Aston Villa,25/26
400536,FAC,379,1,0,0,0,0,0.0,120,1,0,1,West Ham United,25/26
400536,GB1,379,18,0,1,0,0,0.0,1620,28,7,18,West Ham United,25/26
401173,CGB,405,1,0,0,0,0,0.0,74,0,0,1,Aston Villa,25/26
401173,EL,405,12,1,1,4,0,0.0,679,0,0,12,Aston Villa,25/26
401173,FAC,405,2,0,0,2,0,0.0,37,0,0,2,Aston Villa,25/26
401173,GB1,405,23,0,2,14,0,0.0,873,0,0,23,Aston Villa,25/26
401922,AFCN,3444,5,0,2,2,0,0.0,244,0,0,5,,25/26
401922,CGB,931,1,0,0,1,0,0.0,30,0,0,1,Fulham FC,25/26
401922,FAC,931,1,0,0,0,1,0.0,90,0,0,1,Fulham FC,25/26
401922,GB1,931,23,3,4,13,0,0.0,1074,0,0,23,Fulham FC,25/26
401922,IT1,5,1,0,0,1,0,0.0,25,0,0,1,AC Milan,25/26
403151,CGB,631,2,0,0,0,0,0.0,180,4,0,2,Chelsea FC,25/26
403151,CL,631,8,0,0,1,0,0.0,675,12,3,8,Chelsea FC,25/26
403151,FAC,631,4,0,0,0,0,0.0,390,2,3,4,Chelsea FC,25/26
403151,GB1,631,35,0,1,0,3,0.0,3041,49,9,35,Chelsea FC,25/26
403151,KLUB,631,6,0,0,0,1,0.0,570,5,3,6,Chelsea FC,25/26
404842,CGB,29,2,0,0,1,0,0.0,99,0,0,2,Everton FC,25/26
404842,FAC,29,1,0,0,0,0,0.0,104,0,0,1,Everton FC,25/26
404842,GB1,29,33,0,1,0,6,0.0,2961,0,0,33,Everton FC,25/26
404842,UKRS,338,1,0,0,0,0,0.0,90,0,0,1,Dynamo Kyiv,25/26
406634,CL,244,7,0,1,3,1,0.0,364,0,0,7,Olympique Marseille,25/26
406634,FR1,244,15,1,2,9,2,0.0,739,0,0,15,Olympique Marseille,25/26
406634,FRCH,244,1,0,0,1,0,0.0,1,0,0,1,Olympique Marseille,25/26
406634,GB1,1237,6,1,0,4,0,1.0,203,0,0,6,Brighton & Hove Albion,25/26
406635,CGB,281,6,1,1,3,0,0.0,302,0,0,6,Manchester City,25/26
406635,CL,281,7,2,1,2,1,0.0,508,0,0,7,Manchester City,25/26
406635,FAC,281,4,0,0,2,0,0.0,153,0,0,4,Manchester City,25/26
406635,GB1,281,33,7,5,10,4,0.0,2085,0,0,33,Manchester City,25/26
406635,KLUB,281,4,3,1,3,0,0.0,148,0,0,4,Manchester City,25/26
410225,AFCN,3499,5,0,1,2,1,0.0,269,0,0,5,,25/26
410225,CGB,873,1,2,0,0,0,0.0,62,0,0,1,Crystal Palace,25/26
410225,ECLQ,873,2,0,0,0,0,0.0,180,0,0,2,Crystal Palace,25/26
410225,FIWC,3499,3,3,1,0,0,0.0,246,0,0,3,,25/26
410225,GB1,873,28,9,1,4,2,3.0,2177,0,0,28,Crystal Palace,25/26
410225,GBCS,873,1,1,1,0,0,0.0,90,0,0,1,Crystal Palace,25/26
410425,AFCN,3674,4,0,0,0,3,0.0,285,0,0,4,,25/26
410425,GB1,148,11,0,0,4,4,0.0,605,0,0,11,Tottenham Hotspur,25/26
410708,FAC,399,3,0,0,1,1,0.0,230,0,0,3,Leeds United,25/26
410708,GB1,399,34,0,1,1,5,0.0,2937,0,0,34,Leeds United,25/26
411537,CGB,1132,2,1,0,0,0,0.0,165,0,0,2,Burnley FC,25/26
411537,FAC,1132,1,0,0,1,0,0.0,9,0,0,1,Burnley FC,25/26
411537,GB1,1132,29,11,0,8,5,2.0,1776,0,0,29,Burnley FC,25/26
413039,AFCN,3434,5,0,1,0,1,0.0,405,0,0,5,,25/26
413039,CGB,985,1,1,0,1,0,0.0,45,0,0,1,Manchester United,25/26
413039,GB1,985,33,11,3,2,4,0.0,2625,0,0,33,Manchester United,25/26
413220,FAC,399,5,1,0,2,0,0.0,375,0,0,5,Leeds United,25/26
413220,GB1,399,29,2,1,8,4,0.0,1896,0,0,29,Leeds United,25/26
413403,CGB,405,1,0,0,0,0,0.0,90,0,0,1,Aston Villa,25/26
413403,EL,405,11,2,1,2,1,0.0,864,0,0,11,Aston Villa,25/26
413403,FAC,405,1,0,0,0,0,0.0,90,0,0,1,Aston Villa,25/26
413403,FIWC,3299,3,0,0,0,0,0.0,270,0,0,3,,25/26
413403,GB1,405,34,0,0,0,0,0.0,3036,0,0,34,Aston Villa,25/26
413507,EL,703,15,1,1,4,0,0.0,1121,0,0,15,Nottingham Forest,25/26
413507,GB1,703,38,0,0,1,6,0.0,3375,0,0,38,Nottingham Forest,25/26
414908,CGB,543,2,1,0,1,0,0.0,126,0,0,2,Wolverhampton Wanderers,25/26
414908,FR1,10004,15,4,2,4,0,0.0,978,0,0,15,Paris FC,25/26
414908,GB1,543,13,1,1,4,2,0.0,874,0,0,13,Wolverhampton Wanderers,25/26
415381,CGB,1237,1,0,0,1,0,0.0,23,0,0,1,Brighton & Hove Albion,25/26
415381,FAC,1237,1,0,0,1,0,0.0,9,0,0,1,Brighton & Hove Albion,25/26
415381,GB1,1237,26,2,3,3,8,0.0,1908,0,0,26,Brighton & Hove Albion,25/26
415912,CGB,379,1,0,0,0,0,0.0,90,0,0,1,West Ham United,25/26
415912,FAC,379,3,0,0,0,0,0.0,285,0,0,3,West Ham United,25/26
415912,GB1,379,31,3,0,4,2,0.0,2532,0,0,31,West Ham United,25/26
415970,CGB,1132,2,0,0,0,0,0.0,180,0,0,2,Burnley FC,25/26
415970,GB1,1132,11,0,0,6,0,0.0,497,0,0,11,Burnley FC,25/26
417346,CGB,399,1,0,0,0,0,0.0,90,0,0,1,Leeds United,25/26
417346,CIT,430,1,0,0,0,0,0.0,90,0,0,1,ACF Fiorentina,25/26
417346,FAC,399,1,0,0,0,1,0.0,90,0,0,1,Leeds United,25/26
417346,GB1,399,11,0,0,10,0,0.0,263,0,0,11,Leeds United,25/26
417346,IT1,430,15,1,3,5,1,0.0,978,0,0,15,ACF Fiorentina,25/26
418560,CGB,281,3,0,0,1,0,0.0,199,0,0,3,Manchester City,25/26
418560,CL,281,10,8,0,1,0,1.0,755,0,0,10,Manchester City,25/26
418560,FAC,281,3,3,0,1,0,1.0,141,0,0,3,Manchester City,25/26
418560,FIWC,3440,2,4,1,0,0,0.0,180,0,0,2,,25/26
418560,GB1,281,35,27,8,1,2,3.0,2959,0,0,35,Manchester City,25/26
418560,KLUB,281,4,3,1,2,0,1.0,257,0,0,4,Manchester City,25/26
420002,CGB,873,3,0,0,1,0,0.0,225,0,0,3,Crystal Palace,25/26
420002,ECLQ,873,2,1,0,0,1,0.0,180,0,0,2,Crystal Palace,25/26
420002,FIWC,3377,1,0,0,1,0,0.0,3,0,0,1,,25/26
420002,GB1,873,32,12,0,7,2,4.0,2223,0,0,32,Crystal Palace,25/26
420002,GBCS,873,1,1,0,0,0,1.0,90,0,0,1,Crystal Palace,25/26
420210,FAC,289,2,0,0,0,0,0.0,180,0,0,2,Sunderland AFC,25/26
420210,GB1,289,28,0,0,11,2,0.0,1685,0,0,28,Sunderland AFC,25/26
420243,CGB,11,4,0,0,1,1,0.0,290,0,0,4,Arsenal FC,25/26
420243,CL,11,7,1,1,1,0,0.0,513,0,0,7,Arsenal FC,25/26
420243,FAC,11,2,0,0,2,0,0.0,49,0,0,2,Arsenal FC,25/26
420243,GB1,11,30,3,6,2,5,0.0,2457,0,0,30,Arsenal FC,25/26
421637,AFCN,3444,4,0,0,0,1,0.0,351,0,0,4,,25/26
421637,CGB,1148,3,0,1,0,0,0.0,244,0,0,3,Brentford FC,25/26
421637,GB1,1148,6,0,1,6,0,0.0,88,0,0,6,Brentford FC,25/26
423440,CGB,11,3,1,0,0,0,0.0,270,0,0,3,Arsenal FC,25/26
423440,CL,11,12,0,2,1,4,0.0,967,0,0,12,Arsenal FC,25/26
423440,FAC,11,3,0,0,3,0,0.0,30,0,0,3,Arsenal FC,25/26
423440,GB1,11,38,5,1,4,4,0.0,3002,0,0,38,Arsenal FC,25/26
424015,FAC,29,1,0,0,0,0,0.0,116,0,0,1,Everton FC,25/26
424015,FIWC,3380,3,0,0,1,0,0.0,186,0,0,3,,25/26
424015,GB1,29,7,0,0,4,0,0.0,240,0,0,7,Everton FC,25/26
425334,CGB,405,1,0,0,0,0,0.0,90,0,0,1,Aston Villa,25/26
425334,EL,405,11,0,2,3,2,0.0,741,0,0,11,Aston Villa,25/26
425334,FAC,405,1,0,0,0,0,0.0,79,0,0,1,Aston Villa,25/26
425334,GB1,405,35,3,3,1,9,0.0,3022,0,0,35,Aston Villa,25/26
425902,CGB,703,1,0,0,0,0,0.0,90,0,0,1,Nottingham Forest,25/26
425902,EL,703,12,2,2,5,2,0.0,690,0,0,12,Nottingham Forest,25/26
425902,GB1,703,22,0,2,20,3,0.0,603,0,0,22,Nottingham Forest,25/26
427568,CGB,762,4,0,0,0,0,0.0,360,5,1,4,Newcastle United,25/26
427568,CL,762,4,0,0,0,1,0.0,360,12,0,4,Newcastle United,25/26
427568,FAC,762,3,0,0,0,0,0.0,300,13,0,3,Newcastle United,25/26
427568,GB1,762,12,0,0,1,2,0.0,1003,18,1,12,Newcastle United,25/26
429014,CGB,703,1,0,0,1,1,0.0,28,0,0,1,Nottingham Forest,25/26
429014,EL,703,14,3,3,4,2,1.0,937,0,0,14,Nottingham Forest,25/26
429014,FAC,703,1,0,0,1,0,0.0,74,0,0,1,Nottingham Forest,25/26
429014,GB1,703,37,15,4,2,1,1.0,3113,0,0,37,Nottingham Forest,25/26
429915,CGB,1237,1,0,0,0,0,0.0,67,0,0,1,Brighton & Hove Albion,25/26
429915,FIWC,3382,3,0,0,1,1,0.0,214,0,0,3,,25/26
429915,GB1,1237,30,2,3,13,2,0.0,1414,0,0,30,Brighton & Hove Albion,25/26
429983,CGB,543,3,2,0,2,0,0.0,107,0,0,3,Wolverhampton Wanderers,25/26
429983,FAC,543,1,3,1,0,0,0.0,74,0,0,1,Wolverhampton Wanderers,25/26
429983,FIWC,3440,1,0,0,0,0,0.0,90,0,0,1,,25/26
429983,GB1,543,22,1,1,8,2,1.0,1404,0,0,22,Wolverhampton Wanderers,25/26
429983,GB1,873,14,3,0,2,2,0.0,911,0,0,14,Crystal Palace,25/26
430310,GB1,379,7,0,0,5,0,0.0,157,0,0,7,West Ham United,25/26
432164,CGB,703,1,2,0,0,0,0.0,45,0,0,1,Nottingham Forest,25/26
432164,EL,703,13,7,1,5,4,1.0,796,0,0,13,Nottingham Forest,25/26
432164,FAC,703,1,1,0,0,0,0.0,120,0,0,1,Nottingham Forest,25/26
432164,GB1,703,37,6,4,9,2,1.0,2315,0,0,37,Nottingham Forest,25/26
432164,KLUB,537,4,2,0,0,0,0.0,385,0,0,4,S. A. F. Botafogo,25/26
432914,CGB,703,1,0,0,0,0,0.0,90,3,0,1,Nottingham Forest,25/26
432914,EL,703,3,0,0,0,0,0.0,270,1,2,3,Nottingham Forest,25/26
432914,GB1,703,5,0,0,0,1,0.0,438,8,1,5,Nottingham Forest,25/26
432914,KLUB,537,4,0,0,0,0,0.0,390,3,1,4,S. A. F. Botafogo,25/26
433177,CGB,11,5,1,0,2,0,0.0,285,0,0,5,Arsenal FC,25/26
433177,CL,11,10,3,2,3,0,1.0,604,0,0,10,Arsenal FC,25/26
433177,FAC,11,2,0,0,1,0,0.0,58,0,0,2,Arsenal FC,25/26
433177,FIWC,3299,3,0,2,2,0,0.0,106,0,0,3,,25/26
433177,GB1,11,31,7,7,6,2,1.0,2226,0,0,31,Arsenal FC,25/26
433188,CGB,31,1,0,0,0,0,0.0,57,0,0,1,Liverpool FC,25/26
433188,CL,31,9,0,0,5,2,0.0,433,0,0,9,Liverpool FC,25/26
433188,FAC,31,4,2,1,0,0,0.0,359,0,0,4,Liverpool FC,25/26
433188,GB1,31,34,1,2,16,2,0.0,1930,0,0,34,Liverpool FC,25/26
433188,GBCS,31,1,0,0,0,0,0.0,71,0,0,1,Liverpool FC,25/26
434224,CGB,873,3,0,0,0,0,0.0,270,0,0,3,Crystal Palace,25/26
434224,ECLQ,873,2,0,0,0,0,0.0,180,0,0,2,Crystal Palace,25/26
434224,FIWC,3377,1,0,0,0,0,0.0,90,0,0,1,,25/26
434224,GB1,873,35,1,2,0,4,0.0,3087,0,0,35,Crystal Palace,25/26
434224,GBCS,873,1,0,0,0,0,0.0,90,0,0,1,Crystal Palace,25/26
434675,CL,31,11,2,1,6,0,0.0,470,0,0,11,Liverpool FC,25/26
434675,FAC,31,4,0,0,1,0,0.0,287,0,0,4,Liverpool FC,25/26
434675,FIWC,3379,3,2,1,0,0,0.0,259,0,0,3,,25/26
434675,GB1,31,36,7,5,4,3,0.0,2749,0,0,36,Liverpool FC,25/26
434675,GBCS,31,1,0,0,0,0,0.0,90,0,0,1,Liverpool FC,25/26
435338,CGB,11,5,0,0,2,0,0.0,309,0,0,5,Arsenal FC,25/26
435338,CL,11,11,1,1,1,1,0.0,882,0,0,11,Arsenal FC,25/26
435338,FAC,11,2,0,0,0,0,0.0,148,0,0,2,Arsenal FC,25/26
435338,FIWC,3439,3,0,0,0,0,0.0,270,0,0,3,,25/26
435338,GB1,11,32,3,4,2,4,0.0,2751,0,0,32,Arsenal FC,25/26
435648,CGB,985,1,0,0,1,1,0.0,8,0,0,1,Manchester United,25/26
435648,FAC,985,1,0,0,1,0,0.0,28,0,0,1,Manchester United,25/26
435648,GB1,985,24,2,1,19,3,0.0,609,0,0,24,Manchester United,25/26
438001,CGB,543,2,0,0,0,1,0.0,180,0,0,2,Wolverhampton Wanderers,25/26
438001,FAC,543,3,1,0,0,1,0.0,270,0,0,3,Wolverhampton Wanderers,25/26
438001,GB1,543,29,3,2,1,4,0.0,2553,0,0,29,Wolverhampton Wanderers,25/26
442248,CGB,1148,2,0,0,0,0,0.0,150,0,0,2,Brentford FC,25/26
442248,FAC,1148,2,0,0,0,0,0.0,180,0,0,2,Brentford FC,25/26
442248,GB1,1148,4,0,0,0,1,0.0,321,0,0,4,Brentford FC,25/26
444523,CGB,379,1,1,0,0,0,0.0,90,0,0,1,West Ham United,25/26
444523,FIWC,3439,3,0,1,0,0,0.0,191,0,0,3,,25/26
444523,GB1,379,18,4,1,0,5,2.0,1522,0,0,18,West Ham United,25/26
445939,AFCN,3672,6,2,0,1,0,0.0,464,0,0,6,,25/26
445939,CGB,281,2,3,0,0,0,0.0,180,0,0,2,Manchester City,25/26
445939,CL,281,8,0,0,6,0,0.0,222,0,0,8,Manchester City,25/26
445939,FAC,281,4,2,0,1,0,0.0,247,0,0,4,Manchester City,25/26
445939,FIWC,3672,3,0,0,1,0,0.0,211,0,0,3,,25/26
445939,GB1,281,21,3,3,13,3,0.0,699,0,0,21,Manchester City,25/26
445939,KLUB,281,3,0,0,1,0,0.0,143,0,0,3,Manchester City,25/26
447661,CGB,703,1,0,0,0,0,0.0,62,0,0,1,Nottingham Forest,25/26
447661,EL,405,5,0,0,3,1,0.0,196,0,0,5,Aston Villa,25/26
447661,EL,703,4,0,1,0,0,0.0,243,0,0,4,Nottingham Forest,25/26
447661,FAC,405,1,0,1,0,1,0.0,78,0,0,1,Aston Villa,25/26
447661,FAC,703,1,0,0,0,1,0.0,88,0,0,1,Nottingham Forest,25/26
447661,GB1,405,13,1,0,6,1,0.0,605,0,0,13,Aston Villa,25/26
447661,GB1,703,8,0,0,3,2,0.0,317,0,0,8,Nottingham Forest,25/26
447661,KLUB,506,1,0,0,1,0,0.0,45,0,0,1,Juventus FC,25/26
450050,CGB,543,3,0,0,1,0,0.0,172,0,0,3,Wolverhampton Wanderers,25/26
450050,FAC,543,2,0,0,1,0,0.0,91,0,0,2,Wolverhampton Wanderers,25/26
450050,FIWC,14161,3,0,0,0,1,0.0,261,0,0,3,,25/26
450050,GB1,543,26,1,1,11,5,0.0,1250,0,0,26,Wolverhampton Wanderers,25/26
451276,CL,31,12,5,4,0,1,1.0,1053,0,0,12,Liverpool FC,25/26
451276,FAC,31,4,2,0,0,1,0.0,360,0,0,4,Liverpool FC,25/26
451276,GB1,31,36,6,7,0,8,0.0,3233,0,0,36,Liverpool FC,25/26
451276,GBCS,31,1,0,1,0,0,0.0,90,0,0,1,Liverpool FC,25/26
455661,CGB,762,5,1,0,3,1,0.0,176,0,0,5,Newcastle United,25/26
455661,CL,762,10,1,1,3,0,0.0,654,0,0,10,Newcastle United,25/26
455661,DFB,79,1,1,0,1,0,0.0,49,0,0,1,VfB Stuttgart,25/26
455661,DFL,79,1,0,0,0,0,0.0,90,0,0,1,VfB Stuttgart,25/26
455661,FAC,762,3,1,1,0,0,0.0,282,0,0,3,Newcastle United,25/26
455661,GB1,762,33,8,3,9,0,1.0,1914,0,0,33,Newcastle United,25/26
455661,L1,79,1,0,0,0,0,0.0,90,0,0,1,VfB Stuttgart,25/26
460939,CGB,281,4,1,1,2,0,0.0,221,0,0,4,Manchester City,25/26
460939,CL,281,10,0,3,4,0,0.0,579,0,0,10,Manchester City,25/26
460939,FAC,281,5,1,2,1,0,0.0,374,0,0,5,Manchester City,25/26
460939,FIWC,3379,3,0,1,0,0,0.0,201,0,0,3,,25/26
460939,GB1,281,28,5,2,9,2,0.0,1636,0,0,28,Manchester City,25/26
460939,KLUB,281,3,0,0,0,0,0.0,271,0,0,3,Manchester City,25/26
461883,AFCN,3444,6,0,0,0,3,0.0,525,0,0,6,,25/26
461883,CGB,931,2,0,0,1,0,0.0,116,0,0,2,Fulham FC,25/26
461883,GB1,931,30,1,1,2,5,0.0,2532,0,0,30,Fulham FC,25/26
463603,CGB,631,2,0,0,1,1,0.0,127,0,0,2,Chelsea FC,25/26
463603,CL,631,4,0,0,1,0,0.0,262,0,0,4,Chelsea FC,25/26
463603,FAC,631,2,0,0,0,1,0.0,210,0,0,2,Chelsea FC,25/26
463603,GB1,631,8,0,0,2,2,0.0,471,0,0,8,Chelsea FC,25/26
463603,KLUB,631,2,0,0,0,0,0.0,160,0,0,2,Chelsea FC,25/26
463605,CGB,989,1,0,0,0,0,0.0,45,0,0,1,AFC Bournemouth,25/26
463605,FAC,989,1,0,0,0,0,0.0,120,0,0,1,AFC Bournemouth,25/26
463605,GB1,989,18,0,0,3,1,0.0,1275,0,0,18,AFC Bournemouth,25/26
465555,CGB,989,1,0,0,0,0,0.0,90,2,0,1,AFC Bournemouth,25/26
465555,FAC,989,1,0,0,0,1,0.0,120,10,0,1,AFC Bournemouth,25/26
465555,GB1,989,38,0,0,0,3,0.0,3420,54,11,38,AFC Bournemouth,25/26
465717,CGB,399,1,1,0,1,0,0.0,19,0,0,1,Leeds United,25/26
465717,FAC,399,4,0,0,2,2,0.0,253,0,0,4,Leeds United,25/26
465717,GB1,399,34,1,4,2,6,0.0,2805,0,0,34,Leeds United,25/26
466805,CGB,281,4,0,0,0,1,0.0,322,0,0,4,Manchester City,25/26
466805,CL,281,8,0,0,4,0,0.0,410,0,0,8,Manchester City,25/26
466805,FAC,281,4,1,0,1,1,0.0,283,0,0,4,Manchester City,25/26
466805,GB1,281,25,1,0,8,6,0.0,1567,0,0,25,Manchester City,25/26
466805,KLUB,281,1,0,0,0,0,0.0,61,0,0,1,Manchester City,25/26
467623,FAC,1132,1,0,1,0,0,0.0,90,0,0,1,Burnley FC,25/26
467623,FIWC,3806,1,0,0,0,0,0.0,56,0,0,1,,25/26
467623,GB1,1132,26,3,2,11,4,0.0,1372,0,0,26,Burnley FC,25/26
469050,CGB,1148,4,1,0,3,0,0.0,189,0,0,4,Brentford FC,25/26
469050,FAC,1148,2,0,1,0,0,0.0,210,0,0,2,Brentford FC,25/26
469050,GB1,1148,35,1,2,3,7,0.0,2972,0,0,35,Brentford FC,25/26
469781,CGB,989,1,0,0,1,0,0.0,45,0,0,1,AFC Bournemouth,25/26
469781,FAC,989,1,0,0,1,0,0.0,30,0,0,1,AFC Bournemouth,25/26
469781,FIWC,3437,1,0,1,0,0,0.0,90,0,0,1,,25/26
469781,GB1,989,37,0,5,0,8,0.0,3290,0,0,37,AFC Bournemouth,25/26
470607,CGB,148,2,1,0,0,0,0.0,155,0,0,2,Tottenham Hotspur,25/26
470607,CL,148,4,1,0,2,0,0.0,151,0,0,4,Tottenham Hotspur,25/26
470607,FAC,873,1,0,0,1,0,0.0,45,0,0,1,Crystal Palace,25/26
470607,GB1,148,16,2,0,10,2,0.0,606,0,0,16,Tottenham Hotspur,25/26
470607,GB1,873,18,0,1,5,4,0.0,1117,0,0,18,Crystal Palace,25/26
472423,CL,631,8,0,2,1,1,0.0,564,0,0,8,Chelsea FC,25/26
472423,FAC,631,1,0,0,0,0,0.0,60,0,0,1,Chelsea FC,25/26
472423,FIWC,3299,2,0,0,0,0,0.0,180,0,0,2,,25/26
472423,GB1,631,29,2,5,9,4,0.0,1960,0,0,29,Chelsea FC,25/26
472423,KLUB,631,5,1,0,1,1,0.0,288,0,0,5,Chelsea FC,25/26
473050,CGB,1148,3,0,0,1,0,0.0,177,0,0,3,Brentford FC,25/26
473050,FAC,1148,1,0,0,0,0,0.0,105,0,0,1,Brentford FC,25/26
473050,GB1,1148,35,8,4,3,6,0.0,2758,0,0,35,Brentford FC,25/26
473169,FAC,289,1,0,0,1,0,0.0,34,0,0,1,Sunderland AFC,25/26
473169,FIWC,3379,3,3,0,1,0,0.0,154,0,0,3,,25/26
473169,GB1,289,31,7,1,9,6,0.0,1934,0,0,31,Sunderland AFC,25/26
474701,FAC,379,3,2,1,2,1,0.0,231,0,0,3,West Ham United,25/26
474701,FIWC,3379,3,2,1,2,1,0.0,133,0,0,3,,25/26
474701,GB1,379,31,5,4,2,6,0.0,2484,0,0,31,West Ham United,25/26
475188,CGB,29,1,0,0,1,0,0.0,45,0,0,1,Everton FC,25/26
475188,GB1,29,31,8,6,1,6,0.0,2638,0,0,31,Everton FC,25/26
475188,KLUB,631,5,1,0,4,0,0.0,150,0,0,5,Chelsea FC,25/26
475411,CGB,631,3,0,0,0,0,0.0,255,0,0,3,Chelsea FC,25/26
475411,CL,631,6,0,1,1,1,0.0,480,0,0,6,Chelsea FC,25/26
475411,FAC,631,3,0,0,1,0,0.0,172,0,0,3,Chelsea FC,25/26
475411,GB1,631,25,0,1,5,5,0.0,1726,0,0,25,Chelsea FC,25/26
475959,CGB,281,2,0,1,2,0,0.0,52,0,0,2,Manchester City,25/26
475959,CL,281,5,0,2,0,0,0.0,440,0,0,5,Manchester City,25/26
475959,FIWC,3556,3,0,0,1,0,0.0,137,0,0,3,,25/26
475959,GB1,281,18,2,2,2,2,0.0,1374,0,0,18,Manchester City,25/26
475959,KLUB,281,2,0,0,0,1,0.0,126,0,0,2,Manchester City,25/26
476701,CGB,985,1,0,0,0,0,0.0,45,0,0,1,Manchester United,25/26
476701,FAC,985,1,0,0,0,0,0.0,79,0,0,1,Manchester United,25/26
476701,FIWC,3449,3,0,0,0,0,0.0,187,0,0,3,,25/26
476701,GB1,985,22,0,0,14,1,0.0,881,0,0,22,Manchester United,25/26
477758,AFCN,3854,3,0,0,0,0,0.0,300,0,0,3,,25/26
477758,FAC,379,2,0,0,1,1,0.0,120,0,0,2,West Ham United,25/26
477758,FIWC,3854,3,0,0,0,0,0.0,265,0,0,3,,25/26
477758,GB1,379,25,0,3,2,4,0.0,2084,0,0,25,West Ham United,25/26
478573,CL,31,11,1,2,0,2,0.0,961,0,0,11,Liverpool FC,25/26
478573,FAC,31,3,0,1,1,1,0.0,174,0,0,3,Liverpool FC,25/26
478573,FIWC,3379,3,0,2,0,0,0.0,261,0,0,3,,25/26
478573,GB1,31,36,5,3,2,5,0.0,2996,0,0,36,Liverpool FC,25/26
479999,CGB,11,4,1,0,0,0,0.0,321,0,0,4,Arsenal FC,25/26
479999,CL,11,12,1,2,3,0,0.0,742,0,0,12,Arsenal FC,25/26
479999,FAC,11,3,1,2,1,1,0.0,208,0,0,3,Arsenal FC,25/26
479999,FIWC,3299,2,0,0,2,0,0.0,35,0,0,2,,25/26
479999,GB1,11,32,7,2,11,1,0.0,1816,0,0,32,Arsenal FC,25/26
479999,GB1,873,1,0,0,0,0,0.0,84,0,0,1,Crystal Palace,25/26
479999,GBCS,873,1,0,0,0,0,0.0,90,0,0,1,Crystal Palace,25/26
480762,FAC,985,1,0,0,0,0,0.0,79,0,0,1,Manchester United,25/26
480762,FIWC,3437,2,0,0,0,0,0.0,180,0,0,2,,25/26
480762,GB1,985,18,0,0,5,0,0.0,1231,0,0,18,Manchester United,25/26
483348,CGB,148,2,0,0,0,0,0.0,165,0,0,2,Tottenham Hotspur,25/26
483348,CL,148,10,0,0,2,1,0.0,706,0,0,10,Tottenham Hotspur,25/26
483348,FAC,148,1,0,0,1,0,0.0,7,0,0,1,Tottenham Hotspur,25/26
483348,FIWC,3299,3,0,0,2,0,0.0,103,0,0,3,,25/26
483348,GB1,148,30,0,0,7,4,0.0,2056,0,0,30,Tottenham Hotspur,25/26
483348,USC,148,1,0,0,0,0,0.0,90,0,0,1,Tottenham Hotspur,25/26
484547,CGB,31,1,0,0,0,0,0.0,90,0,0,1,Liverpool FC,25/26
484547,CL,31,9,0,0,1,0,0.0,465,0,0,9,Liverpool FC,25/26
484547,FAC,31,3,1,0,2,0,0.0,109,0,0,3,Liverpool FC,25/26
484547,GB1,31,21,0,2,9,1,0.0,1040,0,0,21,Liverpool FC,25/26
484547,GBCS,31,1,1,0,0,0,0.0,90,0,0,1,Liverpool FC,25/26
485583,FAC,350,1,0,0,0,0,0.0,57,0,0,1,Sheffield United,25/26
485583,GB1,543,8,0,0,2,0,0.0,428,0,0,8,Wolverhampton Wanderers,25/26
485585,CGB,405,1,0,0,0,0,0.0,90,0,0,1,Aston Villa,25/26
485585,EL,405,10,1,0,4,1,0.0,547,0,0,10,Aston Villa,25/26
485585,FAC,405,2,0,0,1,0,0.0,91,0,0,2,Aston Villa,25/26
485585,GB1,405,30,0,2,13,2,0.0,1599,0,0,30,Aston Villa,25/26
485706,EL,405,11,0,0,1,1,0.0,759,0,0,11,Aston Villa,25/26
485706,FAC,405,1,0,0,0,0,0.0,90,0,0,1,Aston Villa,25/26
485706,FIWC,3382,2,0,0,1,0,0.0,74,0,0,2,,25/26
485706,GB1,405,25,2,0,4,3,0.0,1764,0,0,25,Aston Villa,25/26
486049,CGB,281,3,1,0,0,0,0.0,257,0,0,3,Manchester City,25/26
486049,CL,281,9,1,3,1,0,0.0,630,0,0,9,Manchester City,25/26
486049,FAC,281,4,1,4,2,0,0.0,199,0,0,4,Manchester City,25/26
486049,FIWC,3382,2,0,0,0,0,0.0,142,0,0,2,,25/26
486049,GB1,281,30,5,7,11,0,0.0,1786,0,0,30,Manchester City,25/26
486049,KLUB,281,3,2,0,0,0,0.0,245,0,0,3,Manchester City,25/26
487465,CGB,631,4,1,1,3,1,0.0,148,0,0,4,Chelsea FC,25/26
487465,CL,631,8,0,1,0,1,0.0,614,0,0,8,Chelsea FC,25/26
487465,FAC,631,5,4,2,1,2,0.0,346,0,0,5,Chelsea FC,25/26
487465,FIWC,3300,3,0,1,0,0,0.0,206,0,0,3,,25/26
487465,GB1,631,34,5,6,4,2,0.0,2643,0,0,34,Chelsea FC,25/26
487465,KLUB,631,6,3,0,0,2,0.0,532,0,0,6,Chelsea FC,25/26
487969,CGB,148,1,0,0,1,0,0.0,25,0,0,1,Tottenham Hotspur,25/26
487969,CL,148,9,4,2,4,2,0.0,450,0,0,9,Tottenham Hotspur,25/26
487969,FAC,148,1,0,1,1,0,0.0,59,0,0,1,Tottenham Hotspur,25/26
487969,GB1,148,30,1,1,9,3,0.0,1669,0,0,30,Tottenham Hotspur,25/26
487969,KLUB,506,3,2,1,0,0,0.0,232,0,0,3,Juventus FC,25/26
488362,CDR,13,1,0,1,0,0,0.0,66,0,0,1,Atlético de Madrid,25/26
488362,CL,13,6,1,0,3,0,0.0,286,0,0,6,Atlético de Madrid,25/26
488362,CL,148,2,0,0,2,0,0.0,54,0,0,2,Tottenham Hotspur,25/26
488362,ES1,13,19,2,0,15,2,0.0,665,0,0,19,Atlético de Madrid,25/26
488362,GB1,148,16,1,1,2,2,0.0,1191,0,0,16,Tottenham Hotspur,25/26
488362,KLUB,13,3,0,0,2,1,0.0,98,0,0,3,Atlético de Madrid,25/26
488362,SUC,13,1,0,0,0,0,0.0,45,0,0,1,Atlético de Madrid,25/26
488935,CGB,1148,4,0,0,0,0,0.0,360,5,2,4,Brentford FC,25/26
488935,FAC,1148,2,0,0,0,0,0.0,180,0,2,2,Brentford FC,25/26
488935,GB1,1148,1,0,0,0,0,0.0,90,3,0,1,Brentford FC,25/26
489359,FAC,399,5,2,0,0,1,0.0,381,0,0,5,Leeds United,25/26
489359,FIWC,3435,2,0,0,0,0,0.0,180,0,0,2,,25/26
489359,GB1,399,28,2,0,14,1,0.0,1318,0,0,28,Leeds United,25/26
493003,CGB,873,2,0,0,0,0,0.0,164,0,0,2,Crystal Palace,25/26
493003,ECLQ,873,2,0,0,0,0,0.0,180,0,0,2,Crystal Palace,25/26
493003,FIWC,3816,3,2,0,1,0,0.0,183,0,0,3,,25/26
493003,GB1,873,29,4,3,0,7,0.0,2404,0,0,29,Crystal Palace,25/26
493003,GBCS,873,1,0,0,0,0,0.0,90,0,0,1,Crystal Palace,25/26
494237,CGB,289,1,0,0,0,0,0.0,78,0,0,1,Sunderland AFC,25/26
494237,FAC,289,3,0,0,2,1,0.0,101,0,0,3,Sunderland AFC,25/26
494237,FIWC,14161,3,1,0,1,0,0.0,188,0,0,3,,25/26
494237,GB1,289,32,6,0,21,2,0.0,1159,0,0,32,Sunderland AFC,25/26
494880,CGB,931,4,0,0,0,0,0.0,315,0,0,4,Fulham FC,25/26
494880,FAC,931,3,0,0,0,2,0.0,270,0,0,3,Fulham FC,25/26
494880,GB1,931,15,0,0,4,6,0.0,938,0,0,15,Fulham FC,25/26
495666,CGB,11,5,0,1,0,0,0.0,450,0,0,5,Arsenal FC,25/26
495666,CL,11,11,0,0,0,1,0.0,990,0,0,11,Arsenal FC,25/26
495666,FAC,11,2,0,0,1,0,0.0,79,0,0,2,Arsenal FC,25/26
495666,FIWC,3377,2,0,0,0,0,0.0,180,0,0,2,,25/26
495666,GB1,11,31,1,0,1,2,0.0,2615,0,0,31,Arsenal FC,25/26
497291,EL,703,13,1,0,2,1,0.0,959,0,0,13,Nottingham Forest,25/26
497291,FAC,703,1,0,0,1,1,0.0,74,0,0,1,Nottingham Forest,25/26
497291,GB1,703,27,1,1,10,3,0.0,1177,0,0,27,Nottingham Forest,25/26
500689,AFCN,3591,4,1,0,2,0,0.0,197,0,0,4,,25/26
500689,CGB,405,1,0,0,0,1,0.0,80,0,0,1,Aston Villa,25/26
500689,EL,405,7,2,0,1,1,0.0,539,0,0,7,Aston Villa,25/26
500689,FIWC,3591,1,0,0,1,0,0.0,15,0,0,1,,25/26
500689,GB1,405,13,0,0,7,0,0.0,588,0,0,13,Aston Villa,25/26
500689,GB1,873,8,1,1,5,0,0.0,328,0,0,8,Crystal Palace,25/26
502676,CGB,31,1,0,0,0,0,0.0,90,1,0,1,Liverpool FC,25/26
502676,CL,31,7,0,0,1,0,0.0,574,11,1,7,Liverpool FC,25/26
502676,FAC,31,2,0,0,0,0,0.0,180,5,0,2,Liverpool FC,25/26
502676,GB1,31,10,0,0,0,0,0.0,868,18,2,10,Liverpool FC,25/26
502821,CGB,11,2,0,0,1,0,0.0,115,0,0,2,Arsenal FC,25/26
502821,CL,11,6,0,1,2,1,0.0,332,0,0,6,Arsenal FC,25/26
502821,FAC,11,2,0,0,1,1,0.0,106,0,0,2,Arsenal FC,25/26
502821,GB1,11,26,1,2,4,5,0.0,1708,0,0,26,Arsenal FC,25/26
503680,EL,703,15,0,1,5,1,0.0,1046,0,0,15,Nottingham Forest,25/26
503680,FAC,703,1,0,0,1,0,0.0,74,0,0,1,Nottingham Forest,25/26
503680,GB1,703,37,2,3,1,6,0.0,3206,0,0,37,Nottingham Forest,25/26
503686,FAC,289,2,0,0,1,1,0.0,139,0,0,2,Sunderland AFC,25/26
503686,GB1,289,29,2,2,5,4,0.0,2148,0,0,29,Sunderland AFC,25/26
503733,CGB,762,5,0,0,2,0,0.0,188,0,0,5,Newcastle United,25/26
503733,CL,762,12,10,2,3,1,5.0,771,0,0,12,Newcastle United,25/26
503733,FAC,762,3,1,1,3,0,1.0,96,0,0,3,Newcastle United,25/26
503733,FIWC,3299,2,0,0,0,0,0.0,137,0,0,2,,25/26
503733,GB1,762,26,6,2,2,3,3.0,1814,0,0,26,Newcastle United,25/26
503743,CGB,405,1,0,0,1,0,0.0,23,0,0,1,Aston Villa,25/26
503743,EL,405,14,2,4,3,2,0.0,999,0,0,14,Aston Villa,25/26
503743,FAC,405,2,1,0,0,0,0.0,167,0,0,2,Aston Villa,25/26
503743,FIWC,3299,3,0,0,2,0,0.0,125,0,0,3,,25/26
503743,GB1,405,37,10,7,0,7,0.0,3285,0,0,37,Aston Villa,25/26
503749,CGB,762,4,0,0,0,0,0.0,329,0,0,4,Newcastle United,25/26
503749,CL,762,9,0,0,5,0,0.0,399,0,0,9,Newcastle United,25/26
503749,FAC,762,2,0,0,0,1,0.0,159,0,0,2,Newcastle United,25/26
503749,GB1,762,28,2,3,13,3,0.0,1445,0,0,28,Newcastle United,25/26
503883,BE1,1096,4,0,0,0,0,0.0,360,4,0,4,Royal Antwerp FC,25/26
503883,FAC,985,1,0,0,0,0,0.0,90,2,0,1,Manchester United,25/26
503883,GB1,985,32,0,0,0,0,0.0,2880,39,8,32,Manchester United,25/26
503981,CGB,762,2,0,0,1,0,0.0,105,0,0,2,Newcastle United,25/26
503981,CL,762,5,0,0,2,0,0.0,308,0,0,5,Newcastle United,25/26
503981,FAC,762,2,0,0,1,0,0.0,69,0,0,2,Newcastle United,25/26
503981,GB1,762,17,0,1,3,1,0.0,1328,0,0,17,Newcastle United,25/26
503987,CGB,11,3,0,0,1,0,0.0,160,0,0,3,Arsenal FC,25/26
503987,CL,11,9,3,1,3,1,0.0,572,0,0,9,Arsenal FC,25/26
503987,FAC,11,4,2,2,1,0,0.0,271,0,0,4,Arsenal FC,25/26
503987,FIWC,3299,3,0,1,1,0,0.0,182,0,0,3,,25/26
503987,GB1,11,26,3,1,10,0,0.0,1217,0,0,26,Arsenal FC,25/26
503987,KLUB,631,5,0,0,3,0,0.0,197,0,0,5,Chelsea FC,25/26
504849,FAC,1237,2,0,0,2,0,0.0,40,0,0,2,Brighton & Hove Albion,25/26
504849,GB1,1237,25,3,1,6,5,0.0,1722,0,0,25,Brighton & Hove Albion,25/26
505219,CGB,29,2,0,0,0,1,0.0,180,0,0,2,Everton FC,25/26
505219,FAC,29,1,1,0,0,0,1.0,120,0,0,1,Everton FC,25/26
505219,GB1,29,38,2,7,0,12,0.0,3414,0,0,38,Everton FC,25/26
514285,FAC,1132,2,0,0,0,0,0.0,180,0,0,2,Burnley FC,25/26
514285,GB1,1132,21,0,5,0,1,0.0,1830,0,0,21,Burnley FC,25/26
515544,FAC,289,2,0,0,0,2,0.0,210,0,0,2,Sunderland AFC,25/26
515544,GB1,289,38,2,1,4,9,0.0,3039,0,0,38,Sunderland AFC,25/26
517894,CGB,985,1,0,0,0,0,0.0,90,0,0,1,Manchester United,25/26
517894,FAC,985,1,0,0,0,0,0.0,90,0,0,1,Manchester United,25/26
517894,FIWC,3439,3,3,0,1,0,0.0,169,0,0,3,,25/26
517894,GB1,985,33,10,4,4,4,0.0,2503,0,0,33,Manchester United,25/26
520624,CGB,762,4,0,2,1,1,0.0,277,0,0,4,Newcastle United,25/26
520624,CL,762,7,0,0,0,1,0.0,544,0,0,7,Newcastle United,25/26
520624,FAC,762,1,0,0,1,1,0.0,41,0,0,1,Newcastle United,25/26
520624,FIWC,3439,3,0,3,0,0,0.0,251,0,0,3,,25/26
520624,GB1,762,29,9,6,2,6,2.0,2460,0,0,29,Newcastle United,25/26
521964,CGB,762,5,0,1,0,1,0.0,450,0,0,5,Newcastle United,25/26
521964,CL,762,11,1,0,1,3,0.0,927,0,0,11,Newcastle United,25/26
521964,FAC,762,3,0,0,0,1,0.0,300,0,0,3,Newcastle United,25/26
521964,FIWC,3262,1,0,0,1,0,0.0,30,0,0,1,,25/26
521964,GB1,762,35,4,0,2,4,0.0,2964,0,0,35,Newcastle United,25/26
522784,CIT,398,1,0,0,0,0,0.0,58,0,0,1,Società Sportiva Lazio S.p.A.,25/26
522784,FAC,379,4,1,0,2,1,0.0,314,0,0,4,West Ham United,25/26
522784,GB1,379,18,6,0,1,6,0.0,1396,0,0,18,West Ham United,25/26
522784,IT1,398,11,2,3,3,2,0.0,694,0,0,11,Società Sportiva Lazio S.p.A.,25/26
524285,DFB,18,2,0,0,1,1,0.0,97,0,0,2,Borussia Mönchengladbach,25/26
524285,GB1,703,7,0,0,4,0,0.0,355,0,0,7,Nottingham Forest,25/26
524285,L1,18,15,0,2,5,1,0.0,938,0,0,15,Borussia Mönchengladbach,25/26
525247,CGB,379,1,0,0,1,0,0.0,20,0,0,1,West Ham United,25/26
525247,FAC,379,3,0,0,0,1,0.0,360,0,0,3,West Ham United,25/26
525247,GB1,379,21,0,0,4,4,0.0,1558,0,0,21,West Ham United,25/26
532776,CGB,989,1,0,0,0,1,0.0,90,0,0,1,AFC Bournemouth,25/26
532776,DFB,15,1,0,1,0,1,0.0,45,0,0,1,Bayer 04 Leverkusen,25/26
532776,FAC,989,1,0,0,0,0,0.0,71,0,0,1,AFC Bournemouth,25/26
532776,GB1,989,31,3,2,21,2,0.0,1082,0,0,31,AFC Bournemouth,25/26
534033,CGB,31,1,0,0,0,0,0.0,67,0,0,1,Liverpool FC,25/26
534033,CL,31,12,3,1,3,3,0.0,853,0,0,12,Liverpool FC,25/26
534033,FAC,31,4,0,2,1,0,0.0,283,0,0,4,Liverpool FC,25/26
534033,FIWC,3437,3,0,0,1,0,0.0,209,0,0,3,,25/26
534033,GB1,31,37,2,4,6,7,0.0,2663,0,0,37,Liverpool FC,25/26
534033,GBCS,31,1,0,0,1,0,0.0,19,0,0,1,Liverpool FC,25/26
536835,AFCN,3591,5,3,1,1,1,0.0,353,0,0,5,,25/26
536835,CGB,985,1,0,0,0,0,0.0,82,0,0,1,Manchester United,25/26
536835,FIWC,3591,3,1,0,1,0,0.0,154,0,0,3,,25/26
536835,GB1,985,32,2,4,5,2,0.0,2346,0,0,32,Manchester United,25/26
538977,CGB,1237,1,0,0,0,0,0.0,67,0,0,1,Brighton & Hove Albion,25/26
538977,FAC,1237,2,0,0,1,0,0.0,111,0,0,2,Brighton & Hove Albion,25/26
538977,GB1,1237,32,3,4,12,2,0.0,1791,0,0,32,Brighton & Hove Albion,25/26
540664,CGB,703,1,0,0,0,0,0.0,62,0,0,1,Nottingham Forest,25/26
540664,ECLQ,667,2,0,0,2,0,0.0,55,0,0,2,RC Strasbourg Alsace,25/26
540664,EL,703,8,0,0,5,0,0.0,307,0,0,8,Nottingham Forest,25/26
540664,FAC,703,1,0,0,0,0,0.0,46,0,0,1,Nottingham Forest,25/26
540664,FR1,667,3,1,3,3,0,0.0,105,0,0,3,RC Strasbourg Alsace,25/26
540664,GB1,703,14,0,2,8,1,0.0,552,0,0,14,Nottingham Forest,25/26
540941,CGB,1148,2,0,0,1,0,0.0,102,0,0,2,Brentford FC,25/26
540941,FAC,1148,2,0,0,0,0,0.0,177,0,0,2,Brentford FC,25/26
540941,GB1,1148,33,4,4,9,0,0.0,2058,0,0,33,Brentford FC,25/26
541231,CGB,1148,4,0,0,0,0,0.0,330,0,0,4,Brentford FC,25/26
541231,FAC,1148,2,0,0,1,0,0.0,112,0,0,2,Brentford FC,25/26
541231,GB1,1148,32,0,2,2,2,0.0,2761,0,0,32,Brentford FC,25/26
541628,CGB,1132,2,1,0,0,0,0.0,180,0,0,2,Burnley FC,25/26
541628,FAC,1132,1,0,0,0,1,0.0,90,0,0,1,Burnley FC,25/26
541628,GB1,1132,7,1,0,6,0,0.0,165,0,0,7,Burnley FC,25/26
543499,CGB,148,1,0,0,1,1,0.0,25,0,0,1,Tottenham Hotspur,25/26
543499,CL,148,5,1,0,2,0,1.0,271,0,0,5,Tottenham Hotspur,25/26
543499,GB1,148,19,2,6,0,3,0.0,1546,0,0,19,Tottenham Hotspur,25/26
543499,USC,148,1,0,0,0,0,0.0,79,0,0,1,Tottenham Hotspur,25/26
548729,FIWC,3384,1,0,0,1,0,0.0,11,0,0,1,,25/26
548729,GB1,1132,4,0,0,4,0,0.0,69,0,0,4,Burnley FC,25/26
553875,CGB,148,2,0,0,0,1,0.0,180,0,0,2,Tottenham Hotspur,25/26
553875,CL,148,9,1,3,0,2,0.0,772,0,0,9,Tottenham Hotspur,25/26
553875,FAC,148,1,0,0,0,1,0.0,83,0,0,1,Tottenham Hotspur,25/26
553875,FIWC,3375,1,0,0,0,0,0.0,90,0,0,1,,25/26
553875,GB1,148,34,1,2,2,10,0.0,2798,0,0,34,Tottenham Hotspur,25/26
553875,USC,148,1,0,1,0,0,0.0,90,0,0,1,Tottenham Hotspur,25/26
556385,CGB,148,1,0,0,1,0,0.0,15,0,0,1,Tottenham Hotspur,25/26
556385,CL,148,7,0,0,4,1,0.0,311,0,0,7,Tottenham Hotspur,25/26
556385,GB1,148,20,0,1,6,4,0.0,1342,0,0,20,Tottenham Hotspur,25/26
557459,CL,148,8,2,0,0,3,0.0,720,0,0,8,Tottenham Hotspur,25/26
557459,FAC,148,1,0,0,0,0,0.0,90,0,0,1,Tottenham Hotspur,25/26
557459,FIWC,3379,2,0,0,0,1,0.0,180,0,0,2,,25/26
557459,GB1,148,35,4,1,0,9,0.0,3043,0,0,35,Tottenham Hotspur,25/26
557459,USC,148,1,1,0,0,0,0.0,90,0,0,1,Tottenham Hotspur,25/26
559263,CGB,1148,3,2,1,0,1,1.0,270,0,0,3,Brentford FC,25/26
559263,GB1,1148,6,1,0,5,0,0.0,100,0,0,6,Brentford FC,25/26
565093,FIWC,3379,3,0,0,0,0,0.0,270,4,0,3,,25/26
565093,GB1,1237,38,0,0,0,3,0.0,3420,46,10,38,Brighton & Hove Albion,25/26
565822,CGB,405,1,1,0,0,0,0.0,67,0,0,1,Aston Villa,25/26
565822,EL,405,4,0,0,3,0,0.0,101,0,0,4,Aston Villa,25/26
565822,GB1,31,1,0,0,1,0,0.0,1,0,0,1,Liverpool FC,25/26
565822,GB1,405,4,0,0,3,0,0.0,109,0,0,4,Aston Villa,25/26
565822,GBCS,31,1,0,0,1,0,0.0,6,0,0,1,Liverpool FC,25/26
566799,CGB,281,6,0,0,0,0,0.0,540,2,4,6,Manchester City,25/26
566799,CL,281,1,0,0,0,0,0.0,90,2,0,1,Manchester City,25/26
566799,FAC,281,5,0,0,0,0,0.0,450,3,2,5,Manchester City,25/26
566799,GB1,281,4,0,0,0,0,0.0,360,6,1,4,Manchester City,25/26
566931,CGB,148,2,0,0,0,0,0.0,151,0,0,2,Tottenham Hotspur,25/26
566931,CL,148,10,3,1,4,1,2.0,571,0,0,10,Tottenham Hotspur,25/26
566931,DFB,23826,1,1,1,0,1,0.0,90,0,0,1,RB Leipzig,25/26
566931,FAC,148,1,0,0,0,0,0.0,90,0,0,1,Tottenham Hotspur,25/26
566931,GB1,148,28,2,5,9,5,0.0,1757,0,0,28,Tottenham Hotspur,25/26
566931,L1,23826,1,0,0,0,0,0.0,90,0,0,1,RB Leipzig,25/26
567576,EL,703,12,0,1,4,3,0.0,833,0,0,12,Nottingham Forest,25/26
567576,FIWC,3299,3,0,1,0,0,0.0,248,0,0,3,,25/26
567576,GB1,703,38,4,4,1,8,1.0,3335,0,0,38,Nottingham Forest,25/26
568006,FAC,289,2,0,1,0,0,0.0,210,0,0,2,Sunderland AFC,25/26
568006,GB1,289,8,0,0,5,2,0.0,320,0,0,8,Sunderland AFC,25/26
568157,CGB,873,3,1,1,0,1,0.0,247,0,0,3,Crystal Palace,25/26
568157,ES1,1050,2,0,1,0,0,0.0,160,0,0,2,Villarreal CF,25/26
568157,FAC,873,1,1,0,0,0,0.0,90,0,0,1,Crystal Palace,25/26
568157,FIWC,3375,2,0,0,2,0,0.0,69,0,0,2,,25/26
568157,GB1,873,34,2,2,8,4,0.0,2092,0,0,34,Crystal Palace,25/26
568177,CGB,631,1,0,0,1,0,0.0,30,0,0,1,Chelsea FC,25/26
568177,CL,631,4,1,2,1,0,0.0,277,0,0,4,Chelsea FC,25/26
568177,FAC,631,2,0,0,1,1,0.0,81,0,0,2,Chelsea FC,25/26
568177,GB1,631,26,10,1,2,5,5.0,1965,0,0,26,Chelsea FC,25/26
568177,KLUB,631,6,3,2,0,1,0.0,556,0,0,6,Chelsea FC,25/26
568559,CL,148,1,0,0,0,0,0.0,66,0,0,1,Tottenham Hotspur,25/26
568559,GB1,148,10,0,0,5,0,0.0,516,0,0,10,Tottenham Hotspur,25/26
568693,AFCN,3499,1,0,0,0,0,0.0,81,0,0,1,,25/26
568693,CGB,148,1,0,0,0,0,0.0,90,0,0,1,Tottenham Hotspur,25/26
568693,CL,148,9,0,0,2,0,0.0,643,0,0,9,Tottenham Hotspur,25/26
568693,FIWC,3499,1,0,0,1,0,0.0,18,0,0,1,,25/26
568693,GB1,148,26,2,4,13,3,0.0,1389,0,0,26,Tottenham Hotspur,25/26
568693,USC,148,1,0,0,0,0,0.0,90,0,0,1,Tottenham Hotspur,25/26
570336,CGB,289,1,0,0,0,1,0.0,90,0,0,1,Sunderland AFC,25/26
570336,FAC,677,1,0,0,0,0,0.0,72,0,0,1,Ipswich Town,25/26
570336,GB1,289,3,0,0,3,0,0.0,13,0,0,3,Sunderland AFC,25/26
571743,CGB,1132,2,0,1,0,0,0.0,141,0,0,2,Burnley FC,25/26
571743,GB1,1132,24,1,1,16,0,0.0,849,0,0,24,Burnley FC,25/26
572265,CIT,6195,1,1,0,0,0,0.0,68,0,0,1,SSC Napoli,25/26
572265,CL,6195,5,0,0,4,0,0.0,118,0,0,5,SSC Napoli,25/26
572265,EL,703,5,0,0,3,1,0.0,234,0,0,5,Nottingham Forest,25/26
572265,GB1,703,4,1,0,3,0,0.0,127,0,0,4,Nottingham Forest,25/26
572265,IT1,6195,16,1,0,12,1,0.0,401,0,0,16,SSC Napoli,25/26
572265,SCI,6195,1,0,0,1,0,0.0,8,0,0,1,SSC Napoli,25/26
576314,CGB,1237,2,0,0,1,0,0.0,115,0,0,2,Brighton & Hove Albion,25/26
576314,FAC,1237,2,0,0,1,1,0.0,85,0,0,2,Brighton & Hove Albion,25/26
576314,FIWC,3379,3,1,0,0,0,0.0,270,0,0,3,,25/26
576314,GB1,1237,36,3,3,0,9,0.0,3211,0,0,36,Brighton & Hove Albion,25/26
578391,AFCN,3614,5,0,1,0,1,0.0,356,0,0,5,,25/26
578391,CGB,281,3,0,2,1,1,0.0,155,0,0,3,Manchester City,25/26
578391,CL,281,6,0,0,2,1,0.0,339,0,0,6,Manchester City,25/26
578391,FAC,281,2,0,1,0,0,0.0,135,0,0,2,Manchester City,25/26
578391,FIWC,3614,3,0,0,1,0,0.0,194,0,0,3,,25/26
578391,GB1,281,17,0,2,5,2,0.0,976,0,0,17,Manchester City,25/26
578391,KLUB,281,3,0,1,0,0,0.0,285,0,0,3,Manchester City,25/26
578539,CGB,873,2,1,0,1,0,0.0,104,0,0,2,Crystal Palace,25/26
578539,ECLQ,873,1,0,0,0,0,0.0,90,0,0,1,Crystal Palace,25/26
578539,FAC,873,1,0,0,0,0,0.0,90,0,0,1,Crystal Palace,25/26
578539,FIWC,3505,2,0,0,0,1,0.0,180,0,0,2,,25/26
578539,GB1,873,33,1,0,2,4,0.0,2826,0,0,33,Crystal Palace,25/26
578539,GBCS,873,1,0,0,0,0,0.0,90,0,0,1,Crystal Palace,25/26
583189,CGB,762,5,1,0,3,0,0.0,229,0,0,5,Newcastle United,25/26
583189,CL,762,10,2,1,4,1,0.0,478,0,0,10,Newcastle United,25/26
583189,FAC,762,2,0,0,1,0,0.0,89,0,0,2,Newcastle United,25/26
583189,FIWC,3557,3,2,0,2,0,0.0,126,0,0,3,,25/26
583189,GB1,762,32,0,1,18,0,0.0,1313,0,0,32,Newcastle United,25/26
583199,CGB,703,1,0,0,0,0,0.0,84,0,0,1,Nottingham Forest,25/26
583199,EL,703,10,1,1,1,0,1.0,599,0,0,10,Nottingham Forest,25/26
583199,FAC,703,1,0,0,0,0,0.0,46,0,0,1,Nottingham Forest,25/26
583199,GB1,703,14,0,1,12,1,0.0,289,0,0,14,Nottingham Forest,25/26
583255,CGB,281,3,1,0,0,0,0.0,251,0,0,3,Manchester City,25/26
583255,CGB,989,1,0,0,1,0,0.0,45,0,0,1,AFC Bournemouth,25/26
583255,CL,281,2,0,0,1,0,0.0,102,0,0,2,Manchester City,25/26
583255,FAC,281,4,2,2,2,0,0.0,177,0,0,4,Manchester City,25/26
583255,FIWC,3441,3,0,0,0,0,0.0,270,0,0,3,,25/26
583255,GB1,281,17,7,1,0,1,0.0,1405,0,0,17,Manchester City,25/26
583255,GB1,989,20,10,3,0,6,1.0,1800,0,0,20,AFC Bournemouth,25/26
584769,CGB,29,2,0,0,0,0,0.0,137,0,0,2,Everton FC,25/26
584769,FAC,29,1,0,0,0,0,0.0,120,0,0,1,Everton FC,25/26
584769,GB1,29,22,0,1,8,1,0.0,1169,0,0,22,Everton FC,25/26
585323,CGB,631,3,0,0,0,1,0.0,270,5,0,3,Chelsea FC,25/26
585323,CL,631,3,0,0,0,0,0.0,225,6,1,3,Chelsea FC,25/26
585323,FAC,631,1,0,0,0,0,0.0,90,1,0,1,Chelsea FC,25/26
585323,GB1,631,5,0,0,2,0,0.0,378,8,0,5,Chelsea FC,25/26
585323,KLUB,631,1,0,0,0,0,0.0,90,0,1,1,Chelsea FC,25/26
585959,CGB,703,1,0,0,1,0,0.0,45,0,0,1,Nottingham Forest,25/26
585959,EL,703,4,2,0,1,0,0.0,259,0,0,4,Nottingham Forest,25/26
585959,GB1,703,9,0,0,9,0,0.0,88,0,0,9,Nottingham Forest,25/26
585959,L1,24,19,6,1,2,4,0.0,1421,0,0,19,Eintracht Frankfurt,25/26
587002,FAC,988,1,0,0,1,0,0.0,103,0,0,1,,25/26
587002,GB1,1148,1,0,0,1,0,0.0,1,0,0,1,Brentford FC,25/26
588989,CGB,543,2,0,0,0,0,0.0,171,0,0,2,Wolverhampton Wanderers,25/26
588989,FAC,543,1,1,1,0,0,0.0,84,0,0,1,Wolverhampton Wanderers,25/26
588989,FIWC,3816,3,0,0,0,0,0.0,243,0,0,3,,25/26
588989,GB1,543,23,1,0,9,1,0.0,1124,0,0,23,Wolverhampton Wanderers,25/26
588989,KLUB,2462,6,1,1,0,1,0.0,540,0,0,6,Fluminense Football Club,25/26
591949,CGB,1148,3,1,0,1,0,0.0,152,0,0,3,Brentford FC,25/26
591949,FAC,1148,2,0,0,0,0,0.0,180,0,0,2,Brentford FC,25/26
591949,FIWC,3380,1,0,0,0,1,0.0,75,0,0,1,,25/26
591949,GB1,1148,21,0,0,13,1,0.0,686,0,0,21,Brentford FC,25/26
595809,CGB,29,2,1,0,2,0,0.0,74,0,0,2,Everton FC,25/26
595809,FAC,29,1,0,0,0,0,0.0,120,0,0,1,Everton FC,25/26
595809,GB1,29,37,9,1,20,3,0.0,1565,0,0,37,Everton FC,25/26
598577,CL,31,11,1,4,1,0,0.0,840,0,0,11,Liverpool FC,25/26
598577,FAC,31,4,1,1,2,0,0.0,190,0,0,4,Liverpool FC,25/26
598577,FIWC,3262,3,0,2,0,0,0.0,253,0,0,3,,25/26
598577,GB1,31,33,5,4,6,1,0.0,2390,0,0,33,Liverpool FC,25/26
598577,GBCS,31,1,0,1,0,1,0.0,84,0,0,1,Liverpool FC,25/26
601883,CGB,281,5,0,1,1,3,0.0,356,0,0,5,Manchester City,25/26
601883,CL,281,6,0,0,1,0,0.0,434,0,0,6,Manchester City,25/26
601883,FAC,281,3,0,1,0,0,0.0,270,0,0,3,Manchester City,25/26
601883,FIWC,3300,1,0,0,1,0,0.0,1,0,0,1,,25/26
601883,GB1,281,34,1,7,2,5,0.0,2865,0,0,34,Manchester City,25/26
601883,KLUB,281,4,0,1,1,1,0.0,234,0,0,4,Manchester City,25/26
605184,CGB,379,1,0,0,0,0,0.0,86,0,0,1,West Ham United,25/26
605184,FAC,379,1,0,0,0,0,0.0,120,0,0,1,West Ham United,25/26
605184,GB1,379,23,0,1,1,5,0.0,1819,0,0,23,West Ham United,25/26
605426,CLQ,496,2,0,0,0,0,0.0,180,2,0,2,Malmö Fotbollförening,25/26
605426,EL,496,5,0,0,0,0,0.0,450,8,0,5,Malmö Fotbollförening,25/26
605426,FAC,289,1,0,0,0,1,0.0,90,1,0,1,Sunderland AFC,25/26
605426,GB1,289,3,0,0,0,0,0.0,270,2,1,3,Sunderland AFC,25/26
606718,CGB,543,2,0,0,1,0,0.0,99,0,0,2,Wolverhampton Wanderers,25/26
606718,FAC,543,1,0,0,0,0,0.0,75,0,0,1,Wolverhampton Wanderers,25/26
606718,GB1,543,19,0,0,2,2,0.0,1427,0,0,19,Wolverhampton Wanderers,25/26
607223,CGB,281,5,3,1,2,0,0.0,277,0,0,5,Manchester City,25/26
607223,CL,281,8,3,0,4,1,0.0,394,0,0,8,Manchester City,25/26
607223,FAC,281,5,0,2,1,0,0.0,352,0,0,5,Manchester City,25/26
607223,FIWC,3377,3,0,0,3,0,0.0,50,0,0,3,,25/26
607223,GB1,281,33,4,12,14,1,0.0,1786,0,0,33,Manchester City,25/26
607223,KLUB,281,4,1,1,3,0,0.0,120,0,0,4,Manchester City,25/26
607224,CGB,1132,1,0,0,0,0,0.0,90,0,0,1,Burnley FC,25/26
607224,FAC,1132,2,0,0,2,1,0.0,48,0,0,2,Burnley FC,25/26
607224,FIWC,3670,3,0,2,0,0,0.0,270,0,0,3,,25/26
607224,GB1,1132,27,1,4,12,10,0.0,1231,0,0,27,Burnley FC,25/26
607226,CGB,1132,1,0,0,0,0,0.0,62,0,0,1,Burnley FC,25/26
607226,FAC,1132,2,1,0,0,1,0.0,156,0,0,2,Burnley FC,25/26
607226,GB1,1132,29,2,1,15,2,0.0,1270,0,0,29,Burnley FC,25/26
608832,DFB,60,1,0,0,1,0,0.0,5,0,0,1,SC Freiburg,25/26
608832,FAC,29,1,0,0,0,0,0.0,86,0,0,1,Everton FC,25/26
608832,GB1,29,16,1,0,10,0,0.0,678,0,0,16,Everton FC,25/26
608832,L1,60,2,0,0,2,0,0.0,65,0,0,2,SC Freiburg,25/26
609556,CGB,762,3,2,0,2,0,0.0,123,0,0,3,Newcastle United,25/26
609556,CL,762,6,0,1,4,0,0.0,193,0,0,6,Newcastle United,25/26
609556,FAC,762,2,0,0,0,0,0.0,126,0,0,2,Newcastle United,25/26
609556,GB1,762,24,7,0,16,0,0.0,811,0,0,24,Newcastle United,25/26
610849,CGB,631,2,0,0,1,1,0.0,85,0,0,2,Chelsea FC,25/26
610849,CL,631,5,1,0,4,0,0.0,184,0,0,5,Chelsea FC,25/26
610849,FAC,631,5,0,3,3,0,0.0,224,0,0,5,Chelsea FC,25/26
610849,GB1,631,28,1,1,16,4,0.0,1101,0,0,28,Chelsea FC,25/26
610849,KLUB,631,6,1,1,2,2,0.0,306,0,0,6,Chelsea FC,25/26
611793,CGB,989,1,0,0,0,0,0.0,90,0,0,1,AFC Bournemouth,25/26
611793,FAC,989,1,0,0,0,0,0.0,120,0,0,1,AFC Bournemouth,25/26
611793,GB1,989,29,0,3,7,5,0.0,2104,0,0,29,AFC Bournemouth,25/26
612517,CGB,1132,2,0,0,0,0,0.0,135,0,0,2,Burnley FC,25/26
612517,GB1,1132,20,0,2,3,6,0.0,1578,0,0,20,Burnley FC,25/26
614258,GB1,631,3,0,0,1,0,0.0,225,0,0,3,Chelsea FC,25/26
614258,KLUB,631,5,0,1,0,3,0.0,478,0,0,5,Chelsea FC,25/26
617755,CGB,289,1,0,0,1,0,0.0,12,0,0,1,Sunderland AFC,25/26
617755,DFB,82,1,0,0,0,0,0.0,36,0,0,1,VfL Wolfsburg,25/26
617755,GB1,289,2,0,0,1,0,0.0,134,0,0,2,Sunderland AFC,25/26
617755,L1,82,9,0,0,1,0,0.0,680,0,0,9,VfL Wolfsburg,25/26
620322,CGB,631,4,0,0,1,1,0.0,261,0,0,4,Chelsea FC,25/26
620322,CL,631,7,1,1,1,1,0.0,476,0,0,7,Chelsea FC,25/26
620322,FAC,631,3,0,1,1,0,0.0,210,0,0,3,Chelsea FC,25/26
620322,FIWC,3377,2,0,0,2,0,0.0,10,0,0,2,,25/26
620322,GB1,631,34,2,3,8,3,0.0,2268,0,0,34,Chelsea FC,25/26
620322,KLUB,631,7,0,1,2,2,0.0,505,0,0,7,Chelsea FC,25/26
623570,AFCN,3499,6,1,0,0,0,0.0,440,0,0,6,,25/26
623570,CGB,29,2,0,0,2,0,0.0,44,0,0,2,Everton FC,25/26
623570,FIWC,3499,2,1,2,2,0,0.0,40,0,0,2,,25/26
623570,GB1,29,32,6,3,0,2,2.0,2789,0,0,32,Everton FC,25/26
624258,CGB,31,1,0,0,1,0,0.0,33,0,0,1,Liverpool FC,25/26
624258,CL,31,5,0,0,4,2,0.0,243,0,0,5,Liverpool FC,25/26
624258,GB1,31,15,0,2,3,5,0.0,933,0,0,15,Liverpool FC,25/26
626724,CGB,631,3,0,1,1,0,0.0,216,0,0,3,Chelsea FC,25/26
626724,CL,631,8,3,0,2,0,0.0,532,0,0,8,Chelsea FC,25/26
626724,FAC,631,3,2,0,1,0,0.0,186,0,0,3,Chelsea FC,25/26
626724,GB1,631,35,15,8,4,5,0.0,2674,0,0,35,Chelsea FC,25/26
626724,KLUB,631,3,3,0,1,0,0.0,163,0,0,3,Chelsea FC,25/26
627442,CGB,985,1,0,0,0,0,0.0,90,0,0,1,Manchester United,25/26
627442,FAC,985,1,1,0,0,0,0.0,90,0,0,1,Manchester United,25/26
627442,GB1,985,30,11,1,13,2,0.0,1637,0,0,30,Manchester United,25/26
627626,CGB,399,1,0,1,1,0,0.0,32,0,0,1,Leeds United,25/26
627626,FAC,399,5,1,0,2,0,0.0,311,0,0,5,Leeds United,25/26
627626,GB1,399,23,0,3,19,3,0.0,524,0,0,23,Leeds United,25/26
628451,CGB,631,1,0,0,0,0,0.0,61,0,0,1,Chelsea FC,25/26
628451,CL,631,4,0,0,2,0,0.0,111,0,0,4,Chelsea FC,25/26
628451,FAC,631,3,0,0,0,1,0.0,209,0,0,3,Chelsea FC,25/26
628451,GB1,631,12,0,0,8,0,0.0,377,0,0,12,Chelsea FC,25/26
628451,KLUB,631,4,0,0,1,0,0.0,216,0,0,4,Chelsea FC,25/26
633992,CGB,289,1,0,0,0,0,0.0,90,0,0,1,Sunderland AFC,25/26
633992,FAC,289,3,1,0,0,1,0.0,300,0,0,3,Sunderland AFC,25/26
633992,GB1,289,36,5,6,3,5,3.0,2936,0,0,36,Sunderland AFC,25/26
644401,CGB,1148,2,1,1,1,0,0.0,104,0,0,2,Brentford FC,25/26
644401,FAC,1148,3,1,0,1,0,0.0,239,0,0,3,Brentford FC,25/26
644401,GB1,1148,36,3,3,14,1,0.0,1970,0,0,36,Brentford FC,25/26
645686,CGB,405,1,0,0,0,1,0.0,74,0,0,1,Aston Villa,25/26
645686,EL,405,13,0,0,5,1,0.0,782,0,0,13,Aston Villa,25/26
645686,FAC,405,2,0,0,0,0,0.0,180,0,0,2,Aston Villa,25/26
645686,GB1,405,28,0,0,17,5,0.0,1048,0,0,28,Aston Villa,25/26
646750,CGB,11,2,0,0,0,0,0.0,180,0,0,2,Arsenal FC,25/26
646750,CL,11,9,0,0,4,0,0.0,493,0,0,9,Arsenal FC,25/26
646750,FAC,11,3,0,0,0,0,0.0,270,0,0,3,Arsenal FC,25/26
646750,GB1,11,20,0,0,11,4,0.0,989,0,0,20,Arsenal FC,25/26
646991,FAC,289,2,0,0,0,0,0.0,210,1,1,2,Sunderland AFC,25/26
646991,GB1,289,35,0,0,0,4,0.0,3150,46,10,35,Sunderland AFC,25/26
648195,CGB,631,4,0,0,1,1,0.0,279,0,0,4,Chelsea FC,25/26
648195,CL,631,10,3,2,1,2,2.0,748,0,0,10,Chelsea FC,25/26
648195,FAC,631,3,2,1,2,0,1.0,141,0,0,3,Chelsea FC,25/26
648195,FIWC,3437,2,0,0,0,0,0.0,180,0,0,2,,25/26
648195,GB1,631,36,10,4,1,10,2.0,3121,0,0,36,Chelsea FC,25/26
648195,KLUB,631,7,1,3,1,0,0.0,511,0,0,7,Chelsea FC,25/26
654539,FAC,989,1,0,0,1,0,0.0,37,0,0,1,AFC Bournemouth,25/26
654539,GB1,989,38,1,5,0,5,0.0,3380,0,0,38,AFC Bournemouth,25/26
655488,CGB,11,5,0,0,2,0,0.0,261,0,0,5,Arsenal FC,25/26
655488,CL,11,13,6,2,6,1,0.0,661,0,0,13,Arsenal FC,25/26
655488,FAC,11,4,4,1,0,1,0.0,352,0,0,4,Arsenal FC,25/26
655488,FIWC,3439,2,0,0,2,0,0.0,50,0,0,2,,25/26
655488,GB1,11,30,1,4,19,3,0.0,1073,0,0,30,Arsenal FC,25/26
658536,CL,162,2,0,0,1,0,0.0,86,0,0,2,AS Monaco,25/26
658536,FAC,289,1,0,0,0,0,0.0,71,0,0,1,Sunderland AFC,25/26
658536,FIWC,3591,1,0,0,1,0,0.0,15,0,0,1,,25/26
658536,FR1,162,14,3,2,4,0,0.0,862,0,0,14,AS Monaco,25/26
658536,GB1,289,14,1,1,5,2,0.0,658,0,0,14,Sunderland AFC,25/26
659813,CGB,11,3,0,0,0,1,0.0,225,0,0,3,Arsenal FC,25/26
659813,CL,11,9,0,0,3,0,0.0,574,0,0,9,Arsenal FC,25/26
659813,DFB,15,1,0,0,0,0,0.0,65,0,0,1,Bayer 04 Leverkusen,25/26
659813,FAC,11,1,0,0,1,0,0.0,52,0,0,1,Arsenal FC,25/26
659813,FIWC,5750,3,0,0,0,1,0.0,251,0,0,3,,25/26
659813,GB1,11,25,1,2,5,2,0.0,1792,0,0,25,Arsenal FC,25/26
659813,L1,15,1,0,0,0,0,0.0,90,0,0,1,Bayer 04 Leverkusen,25/26
660860,CGB,1237,3,0,2,0,1,0.0,258,0,0,3,Brighton & Hove Albion,25/26
660860,FAC,1237,1,0,0,0,0,0.0,90,0,0,1,Brighton & Hove Albion,25/26
660860,FR1,10004,13,0,2,0,1,0.0,1170,0,0,13,Paris FC,25/26
660860,GB1,1237,5,0,0,3,2,0.0,194,0,0,5,Brighton & Hove Albion,25/26
661053,GB1,29,10,1,1,3,1,0.0,681,0,0,10,Everton FC,25/26
661207,CGB,281,3,0,0,0,0,0.0,199,0,0,3,Manchester City,25/26
661207,CL,281,3,0,0,2,0,0.0,73,0,0,3,Manchester City,25/26
661207,FAC,931,2,0,0,0,0,0.0,176,0,0,2,Fulham FC,25/26
661207,FIWC,3440,3,0,0,2,0,0.0,106,0,0,3,,25/26
661207,GB1,281,9,0,1,4,1,0.0,467,0,0,9,Manchester City,25/26
661207,GB1,931,14,0,0,8,0,0.0,570,0,0,14,Fulham FC,25/26
661207,KLUB,281,2,1,0,2,0,0.0,60,0,0,2,Manchester City,25/26
661427,CGB,543,1,2,0,0,0,0.0,90,0,0,1,Wolverhampton Wanderers,25/26
661427,FAC,543,3,0,1,1,0,0.0,182,0,0,3,Wolverhampton Wanderers,25/26
661427,FIWC,3440,2,0,1,0,0,0.0,163,0,0,2,,25/26
661427,GB1,543,22,0,2,11,1,0.0,1048,0,0,22,Wolverhampton Wanderers,25/26
663244,GB1,703,1,0,0,1,0,0.0,11,0,0,1,Nottingham Forest,25/26
663244,TR1,114,18,5,1,13,1,0.0,575,0,0,18,Beşiktaş Jimnastik Kulübü,25/26
667121,CGB,543,3,1,0,2,1,0.0,121,0,0,3,Wolverhampton Wanderers,25/26
667121,FAC,543,2,1,0,2,0,0.0,45,0,0,2,Wolverhampton Wanderers,25/26
667121,GB1,543,22,3,0,13,0,0.0,958,0,0,22,Wolverhampton Wanderers,25/26
667287,CGB,1237,2,1,0,2,0,0.0,82,0,0,2,Brighton & Hove Albion,25/26
667287,FAC,1237,1,0,0,1,0,0.0,13,0,0,1,Brighton & Hove Albion,25/26
667287,FIWC,3557,3,2,0,0,1,0.0,259,0,0,3,,25/26
667287,GB1,1237,29,3,3,9,1,0.0,1925,0,0,29,Brighton & Hove Albion,25/26
670717,FAC,631,2,0,2,2,0,0.0,83,0,0,2,Chelsea FC,25/26
670717,GB1,631,3,0,0,3,2,0.0,26,0,0,3,Chelsea FC,25/26
670717,KLUB,631,3,0,0,3,0,0.0,38,0,0,3,Chelsea FC,25/26
670858,CGB,762,3,0,0,0,0,0.0,196,0,0,3,Newcastle United,25/26
670858,CL,762,10,0,1,4,0,0.0,648,0,0,10,Newcastle United,25/26
670858,FAC,762,3,0,0,1,0,0.0,231,0,0,3,Newcastle United,25/26
670858,GB1,762,30,1,1,6,5,0.0,2180,0,0,30,Newcastle United,25/26
670882,CGB,631,3,1,2,0,0,0.0,226,0,0,3,Chelsea FC,25/26
670882,CL,631,7,0,1,4,1,0.0,320,0,0,7,Chelsea FC,25/26
670882,FAC,631,1,0,0,0,0,0.0,66,0,0,1,Chelsea FC,25/26
670882,GB1,631,16,0,2,11,0,0.0,490,0,0,16,Chelsea FC,25/26
670882,KLUB,16,1,0,0,1,0,0.0,13,0,0,1,Borussia Dortmund,25/26
670883,CL,148,2,0,0,2,0,0.0,16,0,0,2,Tottenham Hotspur,25/26
670883,FAC,148,1,0,0,1,0,0.0,12,0,0,1,Tottenham Hotspur,25/26
670883,GB1,148,2,0,0,2,0,0.0,7,0,0,2,Tottenham Hotspur,25/26
670883,SC1,903,10,0,1,4,2,0.0,463,0,0,10,Hibernian FC,25/26
673492,CGB,703,1,0,0,0,0,0.0,45,0,0,1,Nottingham Forest,25/26
673492,EL,703,14,0,0,1,3,0.0,1154,0,0,14,Nottingham Forest,25/26
673492,FAC,703,1,0,0,0,1,0.0,120,0,0,1,Nottingham Forest,25/26
673492,GB1,703,21,1,0,7,5,0.0,1341,0,0,21,Nottingham Forest,25/26
683571,BE1,1184,4,1,0,4,0,0.0,80,0,0,4,KRC Genk,25/26
683571,CGB,543,2,2,0,1,0,0.0,103,0,0,2,Wolverhampton Wanderers,25/26
683571,ELQ,1184,1,0,0,1,0,0.0,12,0,0,1,KRC Genk,25/26
683571,FAC,543,3,1,1,1,0,0.0,181,0,0,3,Wolverhampton Wanderers,25/26
683571,GB1,543,33,3,1,20,1,0.0,1408,0,0,33,Wolverhampton Wanderers,25/26
683620,CGB,1148,2,0,0,0,0,0.0,127,0,0,2,Brentford FC,25/26
683620,GB1,1148,1,0,0,0,0,0.0,45,0,0,1,Brentford FC,25/26
683895,AFCN,3591,1,0,0,0,0,0.0,90,0,0,1,,25/26
683895,CGB,543,3,0,2,1,1,0.0,183,0,0,3,Wolverhampton Wanderers,25/26
683895,FIWC,3591,2,0,0,0,0,0.0,180,0,0,2,,25/26
683895,GB1,543,14,0,0,2,1,0.0,1101,0,0,14,Wolverhampton Wanderers,25/26
683895,TR1,114,13,1,1,1,4,0.0,1090,0,0,13,Beşiktaş Jimnastik Kulübü,25/26
684210,FAC,1132,1,1,0,0,0,0.0,90,0,0,1,Burnley FC,25/26
684210,GB1,1132,37,8,4,5,4,0.0,2735,0,0,37,Burnley FC,25/26
687626,CGB,631,3,0,0,1,2,0.0,185,0,0,3,Chelsea FC,25/26
687626,CL,631,10,2,0,1,1,0.0,851,0,0,10,Chelsea FC,25/26
687626,FAC,631,3,0,0,0,1,0.0,241,0,0,3,Chelsea FC,25/26
687626,FIWC,5750,3,0,0,0,0,0.0,270,0,0,3,,25/26
687626,GB1,631,33,3,1,1,11,0.0,2802,0,0,33,Chelsea FC,25/26
687626,KLUB,631,5,0,1,0,3,0.0,474,0,0,5,Chelsea FC,25/26
689637,FIWC,3575,3,0,1,0,0,0.0,270,0,0,3,,25/26
689637,GB1,873,9,0,1,3,2,0.0,554,0,0,9,Crystal Palace,25/26
696181,FAC,289,2,0,0,0,0,0.0,210,0,0,2,Sunderland AFC,25/26
696181,GB1,289,14,0,0,12,1,0.0,401,0,0,14,Sunderland AFC,25/26
696589,CGB,29,2,0,0,1,0,0.0,102,0,0,2,Everton FC,25/26
696589,GB1,29,29,0,3,12,9,0.0,1486,0,0,29,Everton FC,25/26
697280,FAC,698,1,0,1,1,0,0.0,32,0,0,1,,25/26
697280,GB1,379,1,0,0,1,0,0.0,8,0,0,1,West Ham United,25/26
698164,FAC,379,3,0,0,1,0,0.0,196,0,0,3,West Ham United,25/26
698164,GB1,379,22,0,1,10,1,0.0,1167,0,0,22,West Ham United,25/26
698678,CGB,543,2,0,0,0,0,0.0,180,0,0,2,Wolverhampton Wanderers,25/26
698678,FAC,543,1,0,0,0,0,0.0,88,0,0,1,Wolverhampton Wanderers,25/26
698678,GB1,543,35,1,2,9,3,0.0,2366,0,0,35,Wolverhampton Wanderers,25/26
700106,CGB,1237,1,1,1,0,0,0.0,90,0,0,1,Brighton & Hove Albion,25/26
700106,DFB,23826,1,0,0,1,0,0.0,12,0,0,1,RB Leipzig,25/26
700106,FAC,1237,1,1,1,0,0,0.0,90,0,0,1,Brighton & Hove Albion,25/26
700106,GB1,1237,18,1,1,10,2,0.0,716,0,0,18,Brighton & Hove Albion,25/26
700106,L1,23826,13,3,3,5,1,0.0,755,0,0,13,RB Leipzig,25/26
701057,CGB,281,5,0,0,2,1,0.0,305,0,0,5,Manchester City,25/26
701057,CL,281,4,0,1,1,0,0.0,218,0,0,4,Manchester City,25/26
701057,FAC,281,2,2,1,0,0,0.0,180,0,0,2,Manchester City,25/26
701057,GB1,281,11,0,1,7,2,0.0,402,0,0,11,Manchester City,25/26
701057,KLUB,281,1,0,0,0,0,0.0,88,0,0,1,Manchester City,25/26
706889,CGB,1132,2,0,0,2,0,0.0,50,0,0,2,Burnley FC,25/26
706889,FAC,1132,1,1,0,1,0,0.0,12,0,0,1,Burnley FC,25/26
706889,GB1,1132,1,0,0,1,0,0.0,9,0,0,1,Burnley FC,25/26
708072,CGB,703,1,0,0,0,1,0.0,90,0,0,1,Nottingham Forest,25/26
708072,EL,703,4,0,0,2,0,0.0,287,0,0,4,Nottingham Forest,25/26
708072,FAC,703,1,0,2,0,0,0.0,97,0,0,1,Nottingham Forest,25/26
708072,GB1,703,14,2,0,3,2,0.0,1026,0,0,14,Nottingham Forest,25/26
708072,KLUB,506,3,0,0,0,0,0.0,220,0,0,3,Juventus FC,25/26
709726,CGB,31,1,1,0,1,0,0.0,41,0,0,1,Liverpool FC,25/26
709726,CL,31,12,3,1,1,1,0.0,838,0,0,12,Liverpool FC,25/26
709726,FAC,31,3,1,1,2,0,0.0,111,0,0,3,Liverpool FC,25/26
709726,GB1,31,28,11,4,7,0,0.0,1811,0,0,28,Liverpool FC,25/26
709726,GBCS,31,1,1,0,0,0,0.0,71,0,0,1,Liverpool FC,25/26
711337,CGB,989,1,0,0,1,0,0.0,24,0,0,1,AFC Bournemouth,25/26
711337,FAC,989,1,0,1,1,0,0.0,92,0,0,1,AFC Bournemouth,25/26
711337,GB1,989,36,6,3,4,2,0.0,2762,0,0,36,AFC Bournemouth,25/26
711544,CGB,29,2,0,0,1,0,0.0,93,0,0,2,Everton FC,25/26
711544,FAC,29,1,0,0,0,0,0.0,120,0,0,1,Everton FC,25/26
711544,GB1,29,37,1,1,2,6,0.0,3124,0,0,37,Everton FC,25/26
711999,CGB,1132,1,0,0,0,1,0.0,68,0,0,1,Burnley FC,25/26
711999,FAC,1132,2,0,0,1,0,0.0,75,0,0,2,Burnley FC,25/26
711999,GB1,1132,35,3,2,8,1,0.0,2351,0,0,35,Burnley FC,25/26
716276,CGB,543,2,0,0,0,0,0.0,162,0,0,2,Wolverhampton Wanderers,25/26
716276,FAC,543,2,0,0,0,1,0.0,180,0,0,2,Wolverhampton Wanderers,25/26
716276,GB1,543,27,0,0,3,12,0.0,2143,0,0,27,Wolverhampton Wanderers,25/26
717411,CGB,1148,3,0,0,2,0,0.0,137,0,0,3,Brentford FC,25/26
717411,FAC,1148,2,0,0,0,1,0.0,153,0,0,2,Brentford FC,25/26
717411,GB1,1148,37,1,2,7,7,0.0,2667,0,0,37,Brentford FC,25/26
719673,CGB,989,1,0,0,0,0,0.0,45,0,0,1,AFC Bournemouth,25/26
719673,FIWC,3380,3,0,0,1,0,0.0,187,0,0,3,,25/26
719673,GB1,989,8,0,1,8,0,0.0,105,0,0,8,AFC Bournemouth,25/26
724783,AFCN,3583,3,0,0,3,0,0.0,81,0,0,3,,25/26
724783,GB1,543,2,0,0,2,0,0.0,25,0,0,2,Wolverhampton Wanderers,25/26
725912,CGB,148,2,0,0,0,0,0.0,180,2,1,2,Tottenham Hotspur,25/26
725912,CL,148,1,0,0,0,0,0.0,17,5,0,1,Tottenham Hotspur,25/26
725912,GB1,148,7,0,0,0,0,0.0,630,7,2,7,Tottenham Hotspur,25/26
727089,AFCN,3854,4,0,0,1,0,0.0,266,0,0,4,,25/26
727089,FAC,289,2,0,0,1,2,0.0,146,0,0,2,Sunderland AFC,25/26
727089,FIWC,3854,3,0,0,2,1,0.0,168,0,0,3,,25/26
727089,GB1,289,33,0,1,0,9,0.0,2896,0,0,33,Sunderland AFC,25/26
730861,CGB,31,2,0,0,1,0,0.0,99,0,0,2,Liverpool FC,25/26
730861,CL,31,9,0,0,2,1,0.0,594,0,0,9,Liverpool FC,25/26
730861,FAC,31,2,0,1,0,1,0.0,180,0,0,2,Liverpool FC,25/26
730861,GB1,31,34,2,1,7,4,0.0,2261,0,0,34,Liverpool FC,25/26
730861,GBCS,31,1,0,0,0,0,0.0,84,0,0,1,Liverpool FC,25/26
730893,CGB,873,1,0,0,0,0,0.0,90,0,0,1,Crystal Palace,25/26
730893,ECLQ,873,1,0,0,1,0,0.0,12,0,0,1,Crystal Palace,25/26
730893,FAC,873,1,0,0,1,0,0.0,45,0,0,1,Crystal Palace,25/26
730893,GB1,873,38,1,2,2,6,0.0,3255,0,0,38,Crystal Palace,25/26
730893,GBCS,873,1,0,0,0,0,0.0,79,0,0,1,Crystal Palace,25/26
735570,CGB,543,3,0,1,2,1,0.0,116,0,0,3,Wolverhampton Wanderers,25/26
735570,FAC,543,3,0,1,0,1,0.0,241,0,0,3,Wolverhampton Wanderers,25/26
735570,GB1,543,35,1,1,3,10,0.0,2835,0,0,35,Wolverhampton Wanderers,25/26
735571,CGB,931,2,0,0,2,0,0.0,29,0,0,2,Fulham FC,25/26
735571,FAC,931,2,0,0,0,0,0.0,167,0,0,2,Fulham FC,25/26
735571,GB1,931,21,1,1,11,2,0.0,997,0,0,21,Fulham FC,25/26
739443,CGB,1148,1,1,0,1,1,0.0,30,0,0,1,Brentford FC,25/26
739443,FAC,1148,1,2,0,0,0,1.0,120,0,0,1,Brentford FC,25/26
739443,FIWC,3439,1,0,0,0,0,0.0,62,0,0,1,,25/26
739443,GB1,1148,38,22,1,1,7,8.0,3287,0,0,38,Brentford FC,25/26
741238,CGB,703,1,0,1,0,0,0.0,90,0,0,1,Nottingham Forest,25/26
741238,EL,703,8,0,0,1,1,0.0,554,0,0,8,Nottingham Forest,25/26
741238,FAC,703,1,0,0,0,1,0.0,120,0,0,1,Nottingham Forest,25/26
741238,GB1,703,31,1,7,14,1,0.0,1684,0,0,31,Nottingham Forest,25/26
741257,FAC,989,1,0,1,1,0,0.0,49,0,0,1,AFC Bournemouth,25/26
741257,GB1,989,31,1,0,5,10,0.0,2327,0,0,31,AFC Bournemouth,25/26
741257,IT1,5,1,0,0,1,1,0.0,45,0,0,1,AC Milan,25/26
743384,AFCN,3575,1,0,0,1,0,0.0,16,0,0,1,,25/26
743384,FAC,289,2,0,0,0,0,0.0,149,0,0,2,Sunderland AFC,25/26
743384,FIWC,3575,2,0,0,2,0,0.0,31,0,0,2,,25/26
743384,GB1,289,28,4,2,12,0,0.0,1564,0,0,28,Sunderland AFC,25/26
743413,CGB,281,5,2,0,0,1,0.0,364,0,0,5,Manchester City,25/26
743413,CL,281,8,1,2,1,2,0.0,671,0,0,8,Manchester City,25/26
743413,FAC,281,5,1,1,3,0,0.0,270,0,0,5,Manchester City,25/26
743413,FIWC,3299,3,0,0,1,0,0.0,204,0,0,3,,25/26
743413,GB1,281,34,5,3,5,5,0.0,2649,0,0,34,Manchester City,25/26
743413,KLUB,281,2,0,0,1,0,0.0,105,0,0,2,Manchester City,25/26
743498,CGB,148,1,0,1,0,0,0.0,61,0,0,1,Tottenham Hotspur,25/26
743498,CL,148,7,1,2,1,0,0.0,484,0,0,7,Tottenham Hotspur,25/26
743498,FAC,148,1,1,0,0,0,0.0,83,0,0,1,Tottenham Hotspur,25/26
743498,GB1,148,24,0,2,14,0,0.0,981,0,0,24,Tottenham Hotspur,25/26
743591,CGB,281,2,2,0,0,0,0.0,173,0,0,2,Manchester City,25/26
743591,CL,281,7,0,1,3,2,0.0,369,0,0,7,Manchester City,25/26
743591,FAC,281,3,1,0,2,0,0.0,139,0,0,3,Manchester City,25/26
743591,GB1,281,24,1,2,17,2,0.0,821,0,0,24,Manchester City,25/26
743591,KLUB,281,3,1,1,0,0,0.0,300,0,0,3,Manchester City,25/26
743600,CGB,631,5,1,2,0,1,0.0,435,0,0,5,Chelsea FC,25/26
743600,CL,631,6,0,2,3,2,0.0,306,0,0,6,Chelsea FC,25/26
743600,FAC,631,5,1,0,1,1,0.0,414,0,0,5,Chelsea FC,25/26
743600,GB1,631,27,1,0,14,4,0.0,1255,0,0,27,Chelsea FC,25/26
743600,KLUB,631,4,0,1,3,0,0.0,146,0,0,4,Chelsea FC,25/26
744149,CGB,873,1,0,0,0,0,0.0,90,0,0,1,Crystal Palace,25/26
744149,ECLQ,873,2,0,0,0,0,0.0,180,0,0,2,Crystal Palace,25/26
744149,FAC,873,1,0,0,0,0,0.0,90,0,0,1,Crystal Palace,25/26
744149,GB1,873,34,1,5,5,4,0.0,2563,0,0,34,Crystal Palace,25/26
744149,GBCS,873,1,0,1,0,0,0.0,85,0,0,1,Crystal Palace,25/26
745181,FAC,379,4,0,1,1,1,0.0,280,0,0,4,West Ham United,25/26
745181,GB1,379,22,1,0,11,4,0.0,979,0,0,22,West Ham United,25/26
747009,CGB,873,3,0,0,3,0,0.0,92,0,0,3,Crystal Palace,25/26
747009,ECLQ,873,2,0,0,1,0,0.0,70,0,0,2,Crystal Palace,25/26
747009,FAC,873,1,0,0,0,0,0.0,69,0,0,1,Crystal Palace,25/26
747009,GB1,873,21,1,0,14,0,1.0,789,0,0,21,Crystal Palace,25/26
747009,GBCS,873,1,0,0,1,0,0.0,1,0,0,1,Crystal Palace,25/26
748319,CGB,29,2,1,0,0,0,0.0,123,0,0,2,Everton FC,25/26
748319,GB1,29,20,0,1,14,4,0.0,685,0,0,20,Everton FC,25/26
763079,CGB,281,5,0,0,0,2,0.0,423,0,0,5,Manchester City,25/26
763079,CL,281,6,0,0,0,1,0.0,515,0,0,6,Manchester City,25/26
763079,FAC,281,4,0,0,0,0,0.0,360,0,0,4,Manchester City,25/26
763079,FIWC,3563,3,0,0,0,2,0.0,270,0,0,3,,25/26
763079,GB1,281,21,0,0,6,2,0.0,1429,0,0,21,Manchester City,25/26
763079,KLUB,281,1,0,0,0,1,0.0,61,0,0,1,Manchester City,25/26
800176,CGB,543,2,0,0,0,1,0.0,177,0,0,2,Wolverhampton Wanderers,25/26
800176,FAC,543,2,0,0,0,2,0.0,179,0,0,2,Wolverhampton Wanderers,25/26
800176,GB1,543,35,1,0,5,12,0.0,2766,0,0,35,Wolverhampton Wanderers,25/26
801734,CGB,148,2,0,0,1,0,0.0,99,0,0,2,Tottenham Hotspur,25/26
801734,CL,148,3,0,1,1,0,0.0,158,0,0,3,Tottenham Hotspur,25/26
801734,FAC,148,1,0,0,0,0,0.0,78,0,0,1,Tottenham Hotspur,25/26
801734,GB1,148,31,4,1,18,1,0.0,1342,0,0,31,Tottenham Hotspur,25/26
801734,USC,148,1,0,0,1,0,0.0,11,0,0,1,Tottenham Hotspur,25/26
811779,CGB,631,4,4,0,3,0,0.0,156,0,0,4,Chelsea FC,25/26
811779,CL,631,9,1,0,6,0,0.0,330,0,0,9,Chelsea FC,25/26
811779,FAC,631,5,2,0,1,1,1.0,395,0,0,5,Chelsea FC,25/26
811779,GB1,631,24,1,4,10,2,0.0,1268,0,0,24,Chelsea FC,25/26
817665,FAC,379,3,0,0,2,0,0.0,209,0,0,3,West Ham United,25/26
817665,GB1,379,14,0,1,4,0,0.0,828,0,0,14,West Ham United,25/26
817665,PO1,2424,13,10,1,1,4,2.0,954,0,0,13,Gil Vicente FC,25/26
820374,CGB,985,1,0,1,0,0,0.0,90,0,0,1,Manchester United,25/26
820374,FAC,985,1,0,0,0,1,0.0,62,0,0,1,Manchester United,25/26
820374,GB1,985,28,1,2,12,2,0.0,1654,0,0,28,Manchester United,25/26
823231,AFCN,5872,4,0,2,1,0,0.0,301,0,0,4,,25/26
823231,CGB,1148,3,0,0,1,0,0.0,169,0,0,3,Brentford FC,25/26
823231,FAC,1148,2,0,0,1,0,0.0,139,0,0,2,Brentford FC,25/26
823231,GB1,1148,32,7,8,7,5,0.0,2282,0,0,32,Brentford FC,25/26
823486,CGB,1148,4,0,0,3,1,0.0,137,0,0,4,Brentford FC,25/26
823486,FAC,1148,3,0,1,1,0,0.0,211,0,0,3,Brentford FC,25/26
823486,GB1,1148,37,1,1,0,8,0.0,3264,0,0,37,Brentford FC,25/26
829299,CGB,1132,2,0,0,0,0,0.0,180,3,0,2,Burnley FC,25/26
829299,FAC,1132,2,0,0,0,0,0.0,180,3,0,2,Burnley FC,25/26
829299,GB1,1132,3,0,0,0,0,0.0,270,4,0,3,Burnley FC,25/26
842341,FAC,1132,2,0,0,0,0,0.0,180,0,0,2,Burnley FC,25/26
842341,GB1,1132,34,0,0,0,1,0.0,2938,0,0,34,Burnley FC,25/26
843595,CGB,281,2,0,0,1,0,0.0,135,0,0,2,Manchester City,25/26
843595,CGB,1010,1,0,0,0,0,0.0,90,0,0,1,Watford FC,25/26
843595,CL,281,1,0,0,0,0,0.0,90,0,0,1,Manchester City,25/26
843595,FAC,281,2,1,0,0,0,0.0,86,0,0,2,Manchester City,25/26
843595,GB1,281,2,0,0,0,0,0.0,135,0,0,2,Manchester City,25/26
848509,CGB,543,2,0,1,1,0,0.0,108,0,0,2,Wolverhampton Wanderers,25/26
848509,FAC,543,3,0,0,0,0,0.0,240,0,0,3,Wolverhampton Wanderers,25/26
848509,GB1,543,31,0,1,12,3,0.0,1837,0,0,31,Wolverhampton Wanderers,25/26
854721,FAC,2804,1,0,0,1,0,0.0,1,0,0,1,,25/26
854721,GB1,989,1,0,0,1,0,0.0,6,0,0,1,AFC Bournemouth,25/26
855256,CGB,989,1,0,0,0,0,0.0,90,0,0,1,AFC Bournemouth,25/26
855256,FAC,989,1,1,0,0,1,0.0,112,0,0,1,AFC Bournemouth,25/26
855256,GB1,989,37,3,1,3,5,0.0,2860,0,0,37,AFC Bournemouth,25/26
860078,FAC,873,1,0,0,0,0,0.0,45,0,0,1,Crystal Palace,25/26
860078,GB1,873,1,0,0,1,0,0.0,3,0,0,1,Crystal Palace,25/26
866246,CGB,148,2,0,1,1,0,0.0,119,0,0,2,Tottenham Hotspur,25/26
866246,CL,148,7,0,1,2,1,0.0,378,0,0,7,Tottenham Hotspur,25/26
866246,FIWC,3557,3,0,1,3,1,0.0,112,0,0,3,,25/26
866246,GB1,148,23,1,3,12,2,0.0,967,0,0,23,Tottenham Hotspur,25/26
866246,USC,148,1,0,0,1,0,0.0,1,0,0,1,Tottenham Hotspur,25/26
866655,CGB,29,2,0,0,1,0,0.0,88,0,0,2,Everton FC,25/26
866655,FAC,29,1,0,0,0,0,0.0,75,0,0,1,Everton FC,25/26
866655,GB1,29,14,0,0,10,2,0.0,350,0,0,14,Everton FC,25/26
867688,CGB,1237,1,0,0,0,0,0.0,66,0,0,1,Brighton & Hove Albion,25/26
867688,FAC,1237,2,0,0,0,0,0.0,171,0,0,2,Brighton & Hove Albion,25/26
867688,GB1,1237,27,4,4,7,0,0.0,1751,0,0,27,Brighton & Hove Albion,25/26
876631,AFCN,3499,4,0,0,1,2,0.0,225,0,0,4,,25/26
876631,FAC,289,2,1,0,0,0,1.0,154,0,0,2,Sunderland AFC,25/26
876631,FIWC,3499,2,1,0,1,0,0.0,71,0,0,2,,25/26
876631,GB1,289,20,2,3,5,6,1.0,1409,0,0,20,Sunderland AFC,25/26
880245,CGB,180,1,1,0,0,1,0.0,71,0,0,1,Southampton FC,25/26
880245,FAC,379,2,1,0,0,0,0.0,225,0,0,2,West Ham United,25/26
880245,GB1,379,36,3,4,1,6,0.0,3026,0,0,36,West Ham United,25/26
890719,CGB,11,2,1,0,0,0,0.0,180,0,0,2,Arsenal FC,25/26
890719,CL,11,3,0,0,2,1,0.0,101,0,0,3,Arsenal FC,25/26
890719,FAC,11,1,0,0,0,0,0.0,69,0,0,1,Arsenal FC,25/26
890719,FR1,244,9,2,1,6,1,0.0,322,0,0,9,Olympique Marseille,25/26
890719,GB1,11,6,0,0,6,0,0.0,165,0,0,6,Arsenal FC,25/26
890721,CGB,11,3,0,2,0,0,0.0,270,0,0,3,Arsenal FC,25/26
890721,CL,11,9,0,2,2,1,0.0,610,0,0,9,Arsenal FC,25/26
890721,FAC,11,3,0,0,0,2,0.0,240,0,0,3,Arsenal FC,25/26
890721,GB1,11,20,0,0,15,3,0.0,698,0,0,20,Arsenal FC,25/26
900195,CGB,931,3,0,1,0,0,0.0,251,0,0,3,Fulham FC,25/26
900195,ECLQ,660,2,1,0,1,1,1.0,165,0,0,2,FC Shakhtar Donetsk,25/26
900195,ELQ,660,3,4,2,0,0,0.0,236,0,0,3,FC Shakhtar Donetsk,25/26
900195,FAC,931,2,2,1,0,0,0.0,180,0,0,2,Fulham FC,25/26
900195,GB1,931,26,1,2,17,1,0.0,1038,0,0,26,Fulham FC,25/26
900601,CGB,762,2,0,0,2,0,0.0,15,0,0,2,Newcastle United,25/26
900601,CL,762,1,0,0,0,0,0.0,90,0,0,1,Newcastle United,25/26
900601,FAC,762,1,0,0,1,0,0.0,1,0,0,1,Newcastle United,25/26
900601,GB1,762,2,0,0,2,0,0.0,7,0,0,2,Newcastle United,25/26
903611,BE1,58,22,6,7,0,2,0.0,1902,0,0,22,RSC Anderlecht,25/26
903611,ECLQ,58,3,1,0,0,1,0.0,253,0,0,3,RSC Anderlecht,25/26
903611,ELQ,58,2,0,0,0,1,0.0,159,0,0,2,RSC Anderlecht,25/26
903611,FAC,289,1,0,0,0,0,0.0,90,0,0,1,Sunderland AFC,25/26
903611,FIWC,5750,3,1,0,2,0,0.0,139,0,0,3,,25/26
903611,GB1,289,8,0,0,3,1,0.0,406,0,0,8,Sunderland AFC,25/26
904802,CGB,631,5,0,1,1,0,0.0,345,0,0,5,Chelsea FC,25/26
904802,CL,631,4,0,0,0,0,0.0,340,0,0,4,Chelsea FC,25/26
904802,FAC,631,4,2,0,0,0,0.0,330,0,0,4,Chelsea FC,25/26
904802,GB1,631,22,0,0,10,7,0.0,1143,0,0,22,Chelsea FC,25/26
910905,AFCN,3499,3,0,0,2,1,0.0,201,0,0,3,,25/26
910905,CL,631,1,0,0,0,0,0.0,45,0,0,1,Chelsea FC,25/26
910905,ECLQ,667,2,0,0,0,1,0.0,180,0,0,2,RC Strasbourg Alsace,25/26
910905,FAC,631,2,0,0,0,1,0.0,148,0,0,2,Chelsea FC,25/26
910905,FR1,667,15,0,0,0,3,0.0,1305,0,0,15,RC Strasbourg Alsace,25/26
910905,GB1,631,3,0,0,2,0,0.0,101,0,0,3,Chelsea FC,25/26
910905,KLUB,631,1,0,0,1,0,0.0,8,0,0,1,Chelsea FC,25/26
911424,CGB,985,1,0,0,0,1,0.0,45,0,0,1,Manchester United,25/26
911424,GB1,985,1,0,0,1,0,0.0,2,0,0,1,Manchester United,25/26
914269,GB1,1237,1,0,0,1,0,0.0,1,0,0,1,Brighton & Hove Albion,25/26
922563,FAC,379,4,0,0,2,0,0.0,174,0,0,4,West Ham United,25/26
922563,GB1,379,13,0,1,4,2,0.0,660,0,0,13,West Ham United,25/26
922693,CGB,148,1,0,0,0,0,0.0,90,0,0,1,Tottenham Hotspur,25/26
922693,CL,148,8,0,1,1,2,0.0,584,0,0,8,Tottenham Hotspur,25/26
922693,FAC,148,1,0,0,0,1,0.0,90,0,0,1,Tottenham Hotspur,25/26
922693,GB1,148,24,2,2,6,5,0.0,1480,0,0,24,Tottenham Hotspur,25/26
922693,USC,148,1,0,0,1,0,0.0,18,0,0,1,Tottenham Hotspur,25/26
922769,CGB,762,3,1,0,0,0,0.0,270,0,0,3,Newcastle United,25/26
922769,CL,762,7,1,0,5,0,0.0,340,0,0,7,Newcastle United,25/26
922769,FAC,762,1,0,0,1,0,0.0,51,0,0,1,Newcastle United,25/26
922769,GB1,762,23,1,4,8,0,0.0,1494,0,0,23,Newcastle United,25/26
923831,FAC,985,1,0,0,0,0,0.0,90,0,0,1,Manchester United,25/26
923831,GB1,985,32,0,2,14,1,0.0,1739,0,0,32,Manchester United,25/26
926309,FAC,985,1,0,0,1,0,0.0,27,0,0,1,Manchester United,25/26
926309,GB1,985,3,0,0,3,0,0.0,40,0,0,3,Manchester United,25/26
926952,CGB,985,1,0,0,0,0,0.0,45,0,0,1,Manchester United,25/26
926952,FAC,985,1,0,0,0,0,0.0,90,0,0,1,Manchester United,25/26
926952,GB1,985,26,4,4,11,5,0.0,1445,0,0,26,Manchester United,25/26
927768,CGB,1132,2,0,0,0,0,0.0,180,0,0,2,Burnley FC,25/26
927768,FAC,1132,1,0,0,1,0,0.0,1,0,0,1,Burnley FC,25/26
927768,GB1,1132,20,0,0,5,1,0.0,1406,0,0,20,Burnley FC,25/26
933017,EL,703,7,0,0,2,1,0.0,505,0,0,7,Nottingham Forest,25/26
933017,GB1,703,3,0,0,1,0,0.0,166,0,0,3,Nottingham Forest,25/26
933018,CGB,1237,3,1,3,2,0,0.0,136,0,0,3,Brighton & Hove Albion,25/26
933018,FAC,1237,1,0,0,1,0,0.0,1,0,0,1,Brighton & Hove Albion,25/26
933018,GB1,1237,6,0,0,6,1,0.0,56,0,0,6,Brighton & Hove Albion,25/26
936874,CGB,631,3,2,1,0,1,0.0,191,0,0,3,Chelsea FC,25/26
936874,CL,631,4,1,0,2,0,0.0,158,0,0,4,Chelsea FC,25/26
936874,GB1,29,11,0,0,10,0,0.0,210,0,0,11,Everton FC,25/26
936874,GB1,631,4,0,0,4,2,0.0,143,0,0,4,Chelsea FC,25/26
936874,KLUB,631,2,1,0,2,0,0.0,49,0,0,2,Chelsea FC,25/26
937941,CGB,29,2,0,0,0,1,0.0,106,0,0,2,Everton FC,25/26
937941,FAC,29,1,0,0,1,1,0.0,45,0,0,1,Everton FC,25/26
937941,GB1,29,38,8,0,17,3,0.0,1915,0,0,38,Everton FC,25/26
938158,CGB,289,1,1,0,0,0,0.0,90,0,0,1,Sunderland AFC,25/26
938158,CGB,631,2,0,0,0,0,0.0,98,0,0,2,Chelsea FC,25/26
938158,CL,631,1,1,0,0,0,0.0,45,0,0,1,Chelsea FC,25/26
938158,FAC,631,2,1,1,1,0,0.0,131,0,0,2,Chelsea FC,25/26
938158,GB1,289,2,0,0,2,0,0.0,13,0,0,2,Sunderland AFC,25/26
938158,GB1,631,8,0,1,7,1,0.0,253,0,0,8,Chelsea FC,25/26
938158,KLUB,631,2,0,0,2,0,0.0,39,0,0,2,Chelsea FC,25/26
947411,CGB,289,1,0,0,0,0,0.0,90,0,0,1,Sunderland AFC,25/26
947411,FAC,289,1,0,0,0,0,0.0,83,0,0,1,Sunderland AFC,25/26
947411,GB1,289,18,1,1,7,1,0.0,766,0,0,18,Sunderland AFC,25/26
950091,CGB,1237,3,2,1,1,1,0.0,179,0,0,3,Brighton & Hove Albion,25/26
950091,GB1,1237,9,1,1,8,0,0.0,132,0,0,9,Brighton & Hove Albion,25/26
953135,GB1,379,2,0,0,2,0,0.0,58,0,0,2,West Ham United,25/26
954105,CGB,405,1,0,0,1,0,0.0,10,0,0,1,Aston Villa,25/26
954105,EL,405,1,1,0,1,0,0.0,24,0,0,1,Aston Villa,25/26
954105,FAC,984,1,0,0,1,0,0.0,17,0,0,1,West Bromwich Albion,25/26
954105,GB1,405,1,0,0,1,0,0.0,8,0,0,1,Aston Villa,25/26
955357,CGB,989,1,0,0,0,0,0.0,66,0,0,1,AFC Bournemouth,25/26
955357,FAC,989,1,0,0,0,0,0.0,90,0,0,1,AFC Bournemouth,25/26
955357,GB1,989,33,13,0,12,5,2.0,1683,0,0,33,AFC Bournemouth,25/26
967319,CGB,873,1,0,0,0,0,0.0,45,0,0,1,Crystal Palace,25/26
967319,FAC,990,1,0,0,0,0,0.0,90,0,0,1,,25/26
967319,GB1,873,4,0,0,4,0,0.0,40,0,0,4,Crystal Palace,25/26
967346,FAC,289,3,0,1,1,0,0.0,187,0,0,3,Sunderland AFC,25/26
967346,GB1,289,20,2,0,12,0,0.0,756,0,0,20,Sunderland AFC,25/26
973085,AFCN,3434,5,0,0,0,2,0.0,347,0,0,5,,25/26
973085,CGB,1237,3,0,0,1,1,0.0,167,0,0,3,Brighton & Hove Albion,25/26
973085,FAC,1237,1,0,0,0,1,0.0,62,0,0,1,Brighton & Hove Albion,25/26
973085,GB1,1237,31,0,0,8,5,0.0,1662,0,0,31,Brighton & Hove Albion,25/26
978668,GB1,1237,1,0,0,1,0,0.0,1,0,0,1,Brighton & Hove Albion,25/26
982097,CGB,631,2,0,0,2,0,0.0,29,0,0,2,Chelsea FC,25/26
982097,FAC,631,1,0,0,1,0,0.0,2,0,0,1,Chelsea FC,25/26
982097,GB1,631,1,0,0,1,0,0.0,1,0,0,1,Chelsea FC,25/26
983989,CGB,631,3,1,1,0,0,0.0,241,0,0,3,Chelsea FC,25/26
983989,CL,631,3,0,0,1,1,0.0,163,0,0,3,Chelsea FC,25/26
983989,FAC,399,1,0,0,0,0,0.0,46,0,0,1,Leeds United,25/26
983989,FAC,631,1,0,1,0,0,0.0,69,0,0,1,Chelsea FC,25/26
983989,GB1,399,3,0,0,3,1,0.0,36,0,0,3,Leeds United,25/26
983989,GB1,631,1,0,0,0,0,0.0,45,0,0,1,Chelsea FC,25/26
984096,CGB,703,1,0,0,1,0,0.0,45,0,0,1,Nottingham Forest,25/26
984096,EL,703,4,0,0,0,1,0.0,277,0,0,4,Nottingham Forest,25/26
984096,FAC,703,1,0,0,0,0,0.0,120,0,0,1,Nottingham Forest,25/26
984096,GB1,703,9,0,0,3,0,0.0,516,0,0,9,Nottingham Forest,25/26
984096,KLUB,537,4,1,0,0,0,0.0,354,0,0,4,S. A. F. Botafogo,25/26
985546,CL,148,1,0,0,1,0,0.0,9,0,0,1,Tottenham Hotspur,25/26
985546,GB1,148,1,0,0,1,0,0.0,14,0,0,1,Tottenham Hotspur,25/26
989112,CLQ,159,5,0,0,2,0,0.0,347,0,0,5,Red Star Belgrade,25/26
989112,GB1,989,7,0,0,3,0,0.0,367,0,0,7,AFC Bournemouth,25/26
991800,CL,336,1,0,0,0,0,0.0,80,0,0,1,Sporting CP,25/26
991800,GB1,379,5,0,0,4,0,0.0,121,0,0,5,West Ham United,25/26
991800,PO1,336,13,1,0,6,0,0.0,634,0,0,13,Sporting CP,25/26
991800,POCP,336,1,0,0,1,0,0.0,1,0,0,1,Sporting CP,25/26
996897,CGB,1237,3,5,0,0,0,0.0,209,0,0,3,Brighton & Hove Albion,25/26
996897,FAC,1237,2,0,0,0,1,0.0,139,0,0,2,Brighton & Hove Albion,25/26
996897,FIWC,3581,3,0,0,0,2,0.0,237,0,0,3,,25/26
996897,GB1,1237,32,5,1,6,9,0.0,2139,0,0,32,Brighton & Hove Albion,25/26
998101,CLQ,279,6,1,2,1,1,0.0,466,0,0,6,,25/26
998101,EL,279,5,0,1,2,0,0.0,339,0,0,5,,25/26
998101,GB1,989,9,0,0,7,1,0.0,137,0,0,9,AFC Bournemouth,25/26
999743,GB1,148,1,0,0,1,0,0.0,1,0,0,1,Tottenham Hotspur,25/26
1004708,CGB,631,4,0,0,1,0,0.0,230,0,0,4,Chelsea FC,25/26
1004708,CL,631,5,0,0,4,0,0.0,193,0,0,5,Chelsea FC,25/26
1004708,FAC,631,4,1,0,2,0,0.0,209,0,0,4,Chelsea FC,25/26
1004708,GB1,631,17,1,0,9,1,0.0,663,0,0,17,Chelsea FC,25/26
1004708,KLUB,631,1,0,0,0,0,0.0,90,0,0,1,Chelsea FC,25/26
1005583,GB1,405,3,0,0,3,0,0.0,47,0,0,3,Aston Villa,25/26
1005649,EL,703,13,1,0,4,2,0.0,688,0,0,13,Nottingham Forest,25/26
1005649,FAC,703,1,0,0,1,0,0.0,23,0,0,1,Nottingham Forest,25/26
1005649,GB1,703,25,1,0,0,5,0.0,2133,0,0,25,Nottingham Forest,25/26
1006411,CGB,873,3,0,0,0,0,0.0,225,0,0,3,Crystal Palace,25/26
1006411,FAC,873,1,0,0,0,0,0.0,45,0,0,1,Crystal Palace,25/26
1006411,FR1,415,2,0,0,0,1,0.0,180,0,0,2,FC Toulouse,25/26
1006411,GB1,873,20,0,0,6,3,0.0,1334,0,0,20,Crystal Palace,25/26
1009658,CGB,989,1,0,0,0,0,0.0,90,0,0,1,AFC Bournemouth,25/26
1009658,FAC,989,1,0,0,0,1,0.0,83,0,0,1,AFC Bournemouth,25/26
1009658,GB1,989,3,0,0,3,0,0.0,34,0,0,3,AFC Bournemouth,25/26
1011131,CGB,931,4,1,0,3,1,0.0,156,0,0,4,Fulham FC,25/26
1011131,FAC,931,2,0,0,1,0,0.0,78,0,0,2,Fulham FC,25/26
1011131,GB1,931,32,1,2,17,4,0.0,1304,0,0,32,Fulham FC,25/26
1011140,GB1,985,3,0,0,3,0,0.0,107,0,0,3,Manchester United,25/26
1011936,BE1,2282,5,1,0,5,0,0.0,84,0,0,5,Club Brugge KV,25/26
1011936,CL,2282,1,0,0,1,0,0.0,23,0,0,1,Club Brugge KV,25/26
1011936,CLQ,2282,1,0,0,1,0,0.0,22,0,0,1,Club Brugge KV,25/26
1011936,FAC,1148,2,0,0,1,0,0.0,86,0,0,2,Brentford FC,25/26
1011936,GB1,1148,1,0,0,1,0,0.0,1,0,0,1,Brentford FC,25/26
1012534,CGB,1237,1,0,0,1,0,0.0,23,0,0,1,Brighton & Hove Albion,25/26
1012534,FAC,1237,1,0,0,1,0,0.0,28,0,0,1,Brighton & Hove Albion,25/26
1012534,GB1,1237,34,3,4,8,3,0.0,2401,0,0,34,Brighton & Hove Albion,25/26
1012564,FIWC,3439,2,0,1,1,0,0.0,132,0,0,2,,25/26
1012564,GB1,989,15,5,2,2,1,0.0,1120,0,0,15,AFC Bournemouth,25/26
1023191,EL,405,2,0,0,1,0,0.0,46,0,0,2,Aston Villa,25/26
1023191,GB1,405,2,0,0,2,0,0.0,25,0,0,2,Aston Villa,25/26
1045123,CGB,31,2,0,0,0,0,0.0,180,0,0,2,Liverpool FC,25/26
1045123,CL,31,3,0,0,3,0,0.0,25,0,0,3,Liverpool FC,25/26
1045123,FAC,31,3,0,0,3,0,0.0,11,0,0,3,Liverpool FC,25/26
1045123,GB1,31,6,0,0,6,0,0.0,21,0,0,6,Liverpool FC,25/26
1047257,CGB,873,1,0,0,1,0,0.0,16,0,0,1,Crystal Palace,25/26
1047257,GB1,873,1,0,0,0,0,0.0,90,0,0,1,Crystal Palace,25/26
1047280,CGB,281,3,0,1,0,0,0.0,243,0,0,3,Manchester City,25/26
1047280,FAC,281,1,0,1,1,0,0.0,45,0,0,1,Manchester City,25/26
1047280,FAC,1003,1,0,0,0,0,0.0,120,0,0,1,Leicester City,25/26
1047280,GB1,281,2,0,0,2,0,0.0,25,0,0,2,Manchester City,25/26
1049911,GB1,985,2,0,0,2,0,0.0,17,0,0,2,Manchester United,25/26
1056993,CGB,631,4,1,0,2,3,0.0,212,0,0,4,Chelsea FC,25/26
1056993,CL,631,7,3,0,3,1,1.0,427,0,0,7,Chelsea FC,25/26
1056993,FAC,631,3,2,2,1,0,0.0,191,0,0,3,Chelsea FC,25/26
1056993,GB1,631,22,2,2,10,4,0.0,846,0,0,22,Chelsea FC,25/26
1056993,KLUB,1023,5,1,0,0,1,0.0,385,0,0,5,Sociedade Esportiva Palmeiras,25/26
1060087,CGB,1237,3,0,0,2,0,0.0,82,0,0,3,Brighton & Hove Albion,25/26
1060087,FAC,1237,2,0,0,1,1,0.0,97,0,0,2,Brighton & Hove Albion,25/26
1060087,GB1,1237,21,2,1,19,2,0.0,353,0,0,21,Brighton & Hove Albion,25/26
1063329,EL,405,1,0,0,1,0,0.0,15,0,0,1,Aston Villa,25/26
1063329,FAC,405,1,0,0,1,1,0.0,11,0,0,1,Aston Villa,25/26
1063329,GB1,405,6,0,0,5,0,0.0,83,0,0,6,Aston Villa,25/26
1064471,CGB,543,2,0,0,0,0,0.0,118,0,0,2,Wolverhampton Wanderers,25/26
1064471,EL,940,6,1,0,4,1,0.0,257,0,0,6,Celta de Vigo,25/26
1064471,ES1,940,17,1,1,4,3,0.0,1175,0,0,17,Celta de Vigo,25/26
1064471,FAC,543,1,0,0,1,0,0.0,16,0,0,1,Wolverhampton Wanderers,25/26
1064471,GB1,543,9,0,1,7,1,0.0,230,0,0,9,Wolverhampton Wanderers,25/26
1065227,GB1,543,3,1,0,3,0,0.0,12,0,0,3,Wolverhampton Wanderers,25/26
1067168,CGB,1237,2,1,2,1,0,0.0,105,0,0,2,Brighton & Hove Albion,25/26
1067168,FAC,1237,1,0,0,0,0,0.0,62,0,0,1,Brighton & Hove Albion,25/26
1067168,GB1,1237,3,0,0,2,0,0.0,93,0,0,3,Brighton & Hove Albion,25/26
1069512,CGB,931,2,0,0,2,0,0.0,17,0,0,2,Fulham FC,25/26
1069512,FAC,931,1,0,0,0,0,0.0,56,0,0,1,Fulham FC,25/26
1069512,GB1,931,7,0,0,7,1,0.0,49,0,0,7,Fulham FC,25/26
1069512,L1,27,1,0,0,1,0,0.0,4,0,0,1,Bayern Munich,25/26
1071818,CL,762,1,0,0,1,0,0.0,3,0,0,1,Newcastle United,25/26
1071818,GB1,762,1,0,0,1,0,0.0,13,0,0,1,Newcastle United,25/26
1078163,CGB,985,1,0,0,0,0,0.0,64,0,0,1,Manchester United,25/26
1078163,GB1,985,17,0,1,6,2,0.0,923,0,0,17,Manchester United,25/26
1081995,FAC,379,3,0,0,1,0,0.0,196,0,0,3,West Ham United,25/26
1081995,GB1,379,11,0,0,11,2,0.0,66,0,0,11,West Ham United,25/26
1085591,GB1,985,1,0,0,1,0,0.0,15,0,0,1,Manchester United,25/26
1086258,GB1,148,4,0,0,2,1,0.0,144,0,0,4,Tottenham Hotspur,25/26
1091562,CGB,1148,2,0,0,2,0,0.0,31,0,0,2,Brentford FC,25/26
1091562,FAC,1148,3,0,1,1,0,0.0,213,0,0,3,Brentford FC,25/26
1091562,GB1,1148,4,0,1,4,0,0.0,38,0,0,4,Brentford FC,25/26
1107726,FAC,379,4,0,1,2,0,0.0,285,0,0,4,West Ham United,25/26
1107726,GB1,379,6,0,0,6,0,0.0,113,0,0,6,West Ham United,25/26
1107733,CGB,29,1,0,2,0,0,0.0,90,0,0,1,Everton FC,25/26
1107733,FAC,29,1,0,0,0,0,0.0,120,0,0,1,Everton FC,25/26
1107733,GB1,29,13,0,0,7,0,0.0,528,0,0,13,Everton FC,25/26
1108466,CGB,31,2,0,0,0,0,0.0,161,0,0,2,Liverpool FC,25/26
1108466,CL,31,4,0,0,4,0,0.0,63,0,0,4,Liverpool FC,25/26
1108466,FAC,31,4,0,0,2,0,0.0,177,0,0,4,Liverpool FC,25/26
1108466,GB1,31,19,2,1,14,0,0.0,551,0,0,19,Liverpool FC,25/26
1111589,AFCN,3499,5,0,0,1,1,0.0,412,0,0,5,,25/26
1111589,CGB,379,1,0,0,0,0,0.0,90,0,0,1,West Ham United,25/26
1111589,FAC,379,1,0,0,0,0,0.0,105,0,0,1,West Ham United,25/26
1111589,FIWC,3499,2,0,0,0,0,0.0,144,0,0,2,,25/26
1111589,GB1,379,32,0,5,2,6,0.0,2711,0,0,32,West Ham United,25/26
1124005,CGB,873,3,0,0,3,0,0.0,56,0,0,3,Crystal Palace,25/26
1124005,ES1,3709,3,1,1,0,1,0.0,270,0,0,3,Getafe CF,25/26
1124005,FAC,873,1,0,0,0,0,0.0,90,0,0,1,Crystal Palace,25/26
1124005,GB1,873,14,0,1,14,0,0.0,159,0,0,14,Crystal Palace,25/26
1135611,FAC,631,2,0,0,2,0,0.0,33,0,0,2,Chelsea FC,25/26
1135611,GB1,631,1,0,0,0,0,0.0,45,0,0,1,Chelsea FC,25/26
1187629,CGB,11,2,0,0,1,0,0.0,98,0,0,2,Arsenal FC,25/26
1187629,CL,11,3,0,0,3,0,0.0,59,0,0,3,Arsenal FC,25/26
1187629,FAC,11,2,0,0,0,0,0.0,167,0,0,2,Arsenal FC,25/26
1187629,GB1,11,6,1,1,5,0,0.0,153,0,0,6,Arsenal FC,25/26
1193867,FAC,543,1,0,0,1,0,0.0,6,0,0,1,Wolverhampton Wanderers,25/26
1193867,GB1,543,9,0,0,6,0,0.0,259,0,0,9,Wolverhampton Wanderers,25/26
1196272,CL,148,2,0,0,2,0,0.0,29,0,0,2,Tottenham Hotspur,25/26
1196272,GB1,148,1,0,0,1,0,0.0,1,0,0,1,Tottenham Hotspur,25/26
1202361,GB1,405,1,0,0,1,0,0.0,16,0,0,1,Aston Villa,25/26
1230661,FAC,543,3,0,0,1,0,0.0,209,0,0,3,Wolverhampton Wanderers,25/26
1230661,GB1,543,27,3,2,8,0,0.0,1790,0,0,27,Wolverhampton Wanderers,25/26
1322090,FAC,289,1,0,0,1,0,0.0,9,0,0,1,Sunderland AFC,25/26
1322090,GB1,289,1,0,0,0,0,0.0,39,0,0,1,Sunderland AFC,25/26
1348941,FAC,873,1,0,0,0,0,0.0,45,0,0,1,Crystal Palace,25/26
1348941,GB1,873,2,0,0,2,0,0.0,7,0,0,2,Crystal Palace,25/26
1370903,GB1,543,1,0,0,1,0,0.0,16,0,0,1,Wolverhampton Wanderers,25/26
