season,player_id,name,club,age,main_position,sub_position,citizenship,epl_apps,epl_starts,epl_goals,epl_assists,epl_clean_sheets,europe_apps,team_rank,value,prev_value,stats_value,gap
2010,50057,Aaron Ramsey,Arsenal,19.51,Midfield,Central Midfield,Wales,18,7,3,3,0,5,3,6e+06,,4.421e+06,0.3571
2010,26763,Abou Diaby,Arsenal,24.14,Midfield,Central Midfield,France  Cote d'Ivoire,29,26,6,3,0,8,3,9e+06,,1.154e+07,-0.2201
2010,27394,Alex Song,Arsenal,22.81,Midfield,Defensive Midfield,Cameroon  France,26,25,1,1,0,8,3,1.4e+07,7.5e+06,1.633e+07,-0.1429
2010,15378,Andrey Arshavin,Arsenal,29.09,Attack,Left Winger,Russia,30,25,10,3,0,6,3,2.5e+07,2.6e+07,1.274e+07,0.9621
2010,33783,Armand Traoré,Arsenal,20.73,Defender,Left-Back,Senegal  France,9,9,0,0,0,0,3,2.5e+06,2.5e+06,2.331e+06,0.07239
2010,26764,Bacary Sagna,Arsenal,27.38,Defender,Right-Back,France  Senegal,35,31,0,5,0,6,3,1.5e+07,1.5e+07,9.963e+06,0.5055
2010,35773,Carlos Vela,Arsenal,21.33,Attack,Right Winger,Mexico  Spain,11,1,1,0,0,5,3,5e+06,,6.179e+06,-0.1909
2010,8806,Cesc Fàbregas,Arsenal,23.16,Midfield,Central Midfield,Spain,27,26,15,15,0,7,3,5.5e+07,4e+07,2.698e+07,1.039
2010,67426,Craig Eastmond,Arsenal,19.56,Midfield,Central Midfield,England  Jamaica,4,2,0,0,0,0,3,5e+05,,1.174e+06,-0.574
2010,42352,Denílson,Arsenal,22.37,Midfield,Defensive Midfield,Brazil,20,19,3,2,0,5,3,9e+06,8e+06,1.171e+07,-0.2317
2010,24633,Eduardo,Arsenal,27.35,Attack,Centre-Forward,Croatia  Brazil,24,13,2,8,0,4,3,9e+06,,7.223e+06,0.246
2010,13058,Emmanuel Eboué,Arsenal,27.07,Defender,Right-Back,Cote d'Ivoire  Belgium,25,17,1,4,0,9,3,7e+06,7e+06,6.978e+06,0.003091
2010,42920,Fran Mérida,Arsenal,20.33,Midfield,Central Midfield,Spain,4,0,1,0,0,1,3,2e+06,2e+06,1.646e+06,0.2149
2010,7449,Gaël Clichy,Arsenal,24.93,Defender,Left-Back,France  Martinique,24,23,0,0,0,7,3,1.5e+07,1.5e+07,9.78e+06,0.5338
2010,44794,Henri Lansbury,Arsenal,19.72,Midfield,Central Midfield,England,1,0,0,0,0,0,3,,1e+05,7.609e+05,
2010,34561,Johan Djourou,Arsenal,23.45,Defender,Centre-Back,Switzerland  Cote d'Ivoire,1,0,0,0,0,0,3,4.5e+06,4.5e+06,2.234e+06,1.014
2010,44792,Kieran Gibbs,Arsenal,20.76,Defender,Left-Back,England,3,3,0,0,0,2,3,3e+06,2.5e+06,1.451e+06,1.068
2010,29692,Lukasz Fabianski,Arsenal,25.2,Goalkeeper,Goalkeeper,Poland,4,4,0,0,2,2,3,2e+06,3e+06,1.557e+06,0.2844
2010,16621,Manuel Almunia,Arsenal,33.12,Goalkeeper,Goalkeeper,Spain,29,29,0,1,10,5,3,6e+06,8.5e+06,6.195e+06,-0.03151
2010,3393,Mikaël Silvestre,Arsenal,32.89,Defender,Left-Back,France  Guadeloupe,12,9,1,0,0,3,3,2.5e+06,3e+06,3.059e+06,-0.1826
2010,34557,Nicklas Bendtner,Arsenal,22.46,Attack,Centre-Forward,Denmark,23,13,6,5,0,5,3,1e+07,7.5e+06,1.055e+07,-0.05221
2010,4380,Robin van Persie,Arsenal,26.9,Attack,Centre-Forward,Netherlands,16,14,9,7,0,3,3,2.5e+07,2.1e+07,1.273e+07,0.964
2010,18935,Samir Nasri,Arsenal,23.01,Midfield,Attacking Midfield,France  Algeria,26,22,2,5,0,6,3,1.8e+07,1.8e+07,1.497e+07,0.2021
2010,3198,Sol Campbell,Arsenal,35.78,Defender,Centre-Back,England  Jamaica,11,10,0,1,0,2,3,1.5e+06,4.4e+06,2.081e+06,-0.2792
2010,33713,Theo Walcott,Arsenal,21.29,Attack,Right Winger,England,23,12,3,3,0,6,3,1.2e+07,1.3e+07,8.076e+06,0.4859
2010,15904,Thomas Vermaelen,Arsenal,24.63,Defender,Centre-Back,Belgium,33,33,7,1,0,9,3,1.8e+07,1e+07,1.1e+07,0.6363
2010,132,Tomas Rosicky,Arsenal,29.74,Midfield,Attacking Midfield,Czech Republic,25,14,3,4,0,7,3,9.5e+06,1.3e+07,9.794e+06,-0.03005
2010,33781,Vito Mannone,Arsenal,22.33,Goalkeeper,Goalkeeper,Italy,5,5,0,0,2,3,3,1e+06,3e+05,1.943e+06,-0.4852
2010,3156,William Gallas,Arsenal,32.87,Defender,Centre-Back,France  Guadeloupe,26,26,3,0,0,6,3,9e+06,1.6e+07,9.514e+06,-0.05402
2010,10251,Barry Ferguson,Birmingham,32.41,Midfield,Defensive Midfield,Scotland,37,37,0,0,0,0,10,5.5e+06,6e+06,2.289e+06,1.403
2010,35855,Cameron Jerome,Birmingham,23.88,Attack,Centre-Forward,Grenada  England,32,32,10,4,0,0,10,5e+06,3e+06,7.043e+06,-0.29
2010,37171,Craig Gardner,Birmingham,23.6,Midfield,Central Midfield,England,14,10,1,2,0,0,10,2.5e+06,2.8e+06,2.443e+06,0.02319
2010,3940,Damien Johnson,Birmingham,31.62,Midfield,Central Midfield,Northern Ireland,1,0,0,0,0,0,10,,1e+06,1.349e+06,
2010,3711,Franck Queudrue,Birmingham,31.84,Defender,Left-Back,France,6,6,0,0,0,0,10,1.475e+06,1.5e+06,1.686e+06,-0.1253
2010,15708,Garry Oconnor,Birmingham,27.15,Attack,Centre-Forward,Scotland,10,5,1,0,0,0,10,1.5e+06,2e+06,1.772e+06,-0.1534
2010,25383,Gary McSheffrey,Birmingham,27.88,Attack,Left Winger,England,5,1,0,0,0,0,10,1.3e+06,1.75e+06,1.113e+06,0.168
2010,4755,Grégory Vignal,Birmingham,28.95,Defender,Left-Back,France,8,6,0,0,0,0,10,,6e+05,1.322e+06,
2010,9956,James McFadden,Birmingham,27.21,Attack,Second Striker,Scotland,36,32,5,3,0,0,10,4e+06,2.5e+06,3.692e+06,0.08351
2010,68327,Jay Oshea,Birmingham,21.89,Midfield,Central Midfield,Ireland,1,0,0,0,0,0,10,,7e+05,5.695e+05,
2010,40204,Joe Hart,Birmingham,23.2,Goalkeeper,Goalkeeper,England,36,36,0,0,10,0,10,9e+06,6.5e+06,6.437e+06,0.3981
2010,3131,Kevin Phillips,Birmingham,36.93,Attack,Centre-Forward,England,19,2,4,0,0,0,10,1e+06,2.5e+06,8.472e+05,0.1804
2010,4070,Liam Ridgewell,Birmingham,25.94,Defender,Centre-Back,England,31,30,3,1,0,0,10,3.5e+06,2.5e+06,4.936e+06,-0.291
2010,3723,Maik Taylor,Birmingham,38.82,Goalkeeper,Goalkeeper,Northern Ireland  Germany,2,2,0,0,1,0,10,5e+05,1.5e+06,6.281e+05,-0.2039
2010,42751,Roger Johnson,Birmingham,27.18,Defender,Centre-Back,England,38,38,0,1,0,0,10,5e+06,2e+06,3.593e+06,0.3917
2010,62688,Scott Dann,Birmingham,23.38,Defender,Centre-Back,England,30,30,0,2,0,0,10,3.5e+06,7.5e+05,3.963e+06,-0.1169
2010,31720,Sebastian Larsson,Birmingham,25.07,Midfield,Central Midfield,Sweden,33,26,4,3,0,0,10,5.5e+06,2e+06,4.202e+06,0.3088
2010,3866,Stuart Parnaby,Birmingham,27.95,Defender,Right-Back,England,8,6,0,0,0,0,10,1e+06,1.25e+06,1.504e+06,-0.335
2010,4741,Teemu Tainio,Birmingham,30.59,Midfield,Defensive Midfield,Finland,6,5,0,0,0,0,10,1.5e+06,2.8e+06,3.358e+06,-0.5533
2010,88596,Amine Linganzi,Blackburn,20.62,Midfield,Central Midfield,Congo  France,1,1,0,0,0,0,9,,1.5e+05,5.613e+05,
2010,3091,Benni McCarthy,Blackburn,32.63,Attack,Centre-Forward,South Africa,19,9,1,3,0,0,9,3.5e+06,8e+06,2.438e+06,0.4356
2010,4367,Brett Emerton,Blackburn,31.35,Midfield,Right Midfield,Australia,24,17,0,2,0,0,9,3.5e+06,4.4e+06,3.97e+06,-0.1183
2010,29016,Christopher Samba,Blackburn,26.26,Defender,Centre-Back,Congo  France,30,30,4,0,0,0,9,7e+06,,5.495e+06,0.2739
2010,4243,David Dunn,Blackburn,30.51,Midfield,Attacking Midfield,England,23,20,9,1,0,0,9,5e+06,4e+06,5.307e+06,-0.05778
2010,3604,El-Hadji Diouf,Blackburn,29.46,Attack,Centre-Forward,Senegal  France,26,24,3,2,0,0,9,3.5e+06,4.1e+06,5.05e+06,-0.3069
2010,59783,Franco Di Santo,Blackburn,21.23,Attack,Centre-Forward,Argentina  Italy,22,15,1,1,0,0,9,2.5e+06,2.3e+06,3.826e+06,-0.3466
2010,5286,Gaël Givet,Blackburn,28.73,Defender,Centre-Back,France,34,33,2,2,0,0,9,4e+06,2.7e+06,5.798e+06,-0.3102
2010,121385,Grant Hanley,Blackburn,18.61,Defender,Centre-Back,Scotland,1,1,0,0,0,0,9,5e+04,,1.179e+05,-0.5761
2010,15916,Jason Brown,Blackburn,28.12,Goalkeeper,Goalkeeper,Wales,4,3,0,0,1,0,9,5e+05,,8.069e+05,-0.3804
2010,3666,Jason Roberts,Blackburn,32.43,Attack,Centre-Forward,Grenada  England,29,15,5,2,0,0,9,2.5e+06,2.8e+06,2.978e+06,-0.1607
2010,58993,Junior Hoilett,Blackburn,20.07,Attack,Left Winger,Canada  Jamaica,23,8,0,0,0,0,9,2e+06,1e+06,2.39e+06,-0.1632
2010,8035,Keith Andrews,Blackburn,29.8,Midfield,Central Midfield,Ireland  England,32,22,1,1,0,0,9,2.5e+06,2.3e+06,3.231e+06,-0.2263
2010,1423,Lars Jacobsen,Blackburn,30.78,Defender,Right-Back,Denmark,13,11,0,0,0,0,9,2e+06,,1.427e+06,0.4016
2010,38073,Martin Olsson,Blackburn,22.12,Defender,Left-Back,Sweden,21,19,0,4,0,0,9,1.5e+06,8e+05,2.666e+06,-0.4373
2010,22741,Morten Gamst Pedersen,Blackburn,28.81,Midfield,Central Midfield,Norway,33,27,3,6,0,0,9,7e+06,8.7e+06,6.533e+06,0.07143
2010,7515,Míchel Salgado,Blackburn,34.69,Defender,Right-Back,Spain,21,16,0,1,0,0,9,1e+06,1.8e+06,2.073e+06,-0.5175
2010,36371,Nikola Kalinić,Blackburn,22.49,Attack,Centre-Forward,Croatia,26,14,2,1,0,0,9,4.5e+06,6e+06,4.355e+06,0.03321
2010,18875,Pascal Chimbonda,Blackburn,31.36,Defender,Right-Back,Guadeloupe  France,24,22,1,2,0,0,9,4e+06,5e+06,4.237e+06,-0.05594
2010,10501,Paul Gallagher,Blackburn,25.81,Midfield,Central Midfield,Scotland,1,0,0,0,0,0,9,,1.75e+06,1.565e+06,
2010,3630,Paul Robinson,Blackburn,30.71,Goalkeeper,Goalkeeper,England,35,35,0,0,13,0,9,5e+06,4.6e+06,6.636e+06,-0.2465
2010,117996,Phil Jones,Blackburn,18.36,Defender,Centre-Back,England,9,7,0,0,0,0,9,1e+06,5e+04,3.238e+05,2.088
2010,28878,Ryan Nelsen,Blackburn,32.7,Defender,Centre-Back,New Zealand,28,25,4,2,0,0,9,3.5e+06,3.3e+06,3.005e+06,0.1649
2010,73734,Steven Nzonzi,Blackburn,21.54,Midfield,Defensive Midfield,France  DR Congo,33,33,2,0,0,0,9,4e+06,7e+05,5.77e+06,-0.3068
2010,7330,Steven Reid,Blackburn,29.31,Defender,Right-Back,Ireland  England,4,1,0,0,0,0,9,2.5e+06,,1.398e+06,0.7883
2010,6021,Vincenzo Grella,Blackburn,30.74,Midfield,Central Midfield,Australia  Italy,15,10,0,0,0,0,9,2.5e+06,3.3e+06,2.509e+06,-0.003447
2010,618,Yıldıray Baştürk,Blackburn,31.52,Midfield,Attacking Midfield,Türkiye  Germany,1,1,0,0,0,0,9,1.5e+06,2e+06,1.776e+06,-0.1556
2010,52495,Chris Basham,Bolton,21.95,Defender,Centre-Back,England,8,2,0,1,0,0,14,1e+06,6e+05,7.634e+05,0.3099
2010,81801,Chung-yong Lee,Bolton,22,Attack,Right Winger,"Korea, South",34,27,4,6,0,0,14,4e+06,2e+06,4.876e+06,-0.1796
2010,124172,Danny Ward,Bolton,19.56,Attack,Centre-Forward,England,2,0,0,0,0,0,14,,5e+04,1.874e+05,
2010,35586,Fabrice Muamba,Bolton,22.23,Midfield,Central Midfield,England  DR Congo,36,35,1,0,0,0,14,6e+06,5.5e+06,6.333e+06,-0.05265
2010,27511,Gary Cahill,Bolton,24.53,Defender,Centre-Back,England,29,29,5,2,0,0,14,7.5e+06,5.2e+06,6.71e+06,0.1178
2010,4136,Gavin McCann,Bolton,32.47,Midfield,Central Midfield,England,11,5,0,0,0,0,14,2e+06,2.7e+06,1.88e+06,0.06372
2010,30304,Grétar Steinsson,Bolton,28.47,Defender,Right-Back,Iceland,27,25,0,2,0,0,14,4e+06,5e+06,3.497e+06,0.1438
2010,690,Ivan Klasnic,Bolton,30.42,Attack,Centre-Forward,Croatia,27,12,8,1,0,0,14,2.5e+06,3.2e+06,4.326e+06,-0.4222
2010,74223,Jack Wilshere,Bolton,18.5,Midfield,Central Midfield,England,15,13,1,1,0,2,14,4e+06,3e+06,2.831e+06,0.4128
2010,4067,Jlloyd Samuel,Bolton,29.26,Defender,Left-Back,Trinidad and Tobago  England,13,12,0,0,0,0,14,2.5e+06,3e+06,2.505e+06,-0.002179
2010,3692,Jussi Jääskeläinen,Bolton,35.2,Goalkeeper,Goalkeeper,Finland,38,38,0,0,5,0,14,4.5e+06,,3.645e+06,0.2347
2010,9218,Matthew Taylor,Bolton,28.59,Midfield,Left Midfield,England,37,29,8,3,0,0,14,6.5e+06,6e+06,5.504e+06,0.181
2010,14063,Paul Robinson,Bolton,31.55,Defender,Left-Back,England,25,24,0,2,0,0,14,2.5e+06,2.3e+06,2.687e+06,-0.06949
2010,4433,Riga Mustapha,Bolton,28.72,Attack,Right Winger,Netherlands  Ghana,1,0,0,0,0,0,14,1e+06,2.4e+06,1.007e+06,-0.006556
2010,30434,Sam Ricketts,Bolton,28.72,Defender,Right-Back,Wales  England,27,25,0,2,0,0,14,2.5e+06,2.7e+06,2.746e+06,-0.08953
2010,4036,Sean Davis,Bolton,30.78,Midfield,Defensive Midfield,England,3,3,0,0,0,0,14,4.5e+06,5e+06,3.647e+06,0.2339
2010,92701,Vladimír Weiss,Bolton,20.58,Attack,Left Winger,Slovakia,13,3,0,3,0,0,14,3e+06,5e+04,7.721e+05,2.885
2010,14270,André Bikey,Burnley,25.48,Defender,Centre-Back,Cameroon  Spain,28,26,1,1,0,0,19,3e+06,1.25e+06,2.225e+06,0.3485
2010,3263,Brian Jensen,Burnley,35.06,Goalkeeper,Goalkeeper,Denmark,38,38,0,1,3,0,19,1e+06,8e+05,1.847e+06,-0.4586
2010,24635,Chris Eagles,Burnley,24.61,Attack,Right Winger,England,34,20,2,3,0,0,19,3.5e+06,1.5e+06,2.4e+06,0.4581
2010,36896,Chris McCann,Burnley,22.95,Midfield,Defensive Midfield,Ireland,7,7,0,0,0,0,19,1.5e+06,1.25e+06,1.994e+06,-0.2478
2010,13717,Clarke Carlisle,Burnley,30.71,Defender,Centre-Back,England,27,27,0,0,0,0,19,1.5e+06,1.4e+06,1.324e+06,0.1329
2010,31553,Danny Fox,Burnley,24.09,Defender,Left-Back,Scotland  England,14,13,1,1,0,4,19,2e+06,1e+06,3.399e+06,-0.4115
2010,44910,David Edgar,Burnley,23.12,Defender,Centre-Back,Canada  England,4,2,0,0,0,0,19,7.5e+05,8e+05,8.09e+05,-0.07295
2010,33963,David Nugent,Burnley,25.16,Attack,Centre-Forward,England  Ireland,33,20,6,3,0,0,19,2.5e+06,3.2e+06,3.289e+06,-0.2398
2010,40064,Frédéric Nimani,Burnley,21.73,Attack,Centre-Forward,Central African Republic  France,2,0,0,0,0,0,19,1e+06,2.2e+06,1.144e+06,-0.1262
2010,40613,Jack Cork,Burnley,21.02,Midfield,Defensive Midfield,England,11,8,1,3,0,0,19,1e+06,7.5e+05,2.297e+06,-0.5646
2010,36529,Kevin McDonald,Burnley,21.65,Midfield,Defensive Midfield,Scotland,26,15,1,1,0,0,19,2e+06,7.5e+05,2.366e+06,-0.1546
2010,36874,Leon Cort,Burnley,30.8,Defender,Centre-Back,Guyana  England,15,15,0,1,0,0,19,1e+06,1.4e+06,1.229e+06,-0.1861
2010,34340,Martin Paterson,Burnley,23.14,Attack,Centre-Forward,Northern Ireland  England,23,17,4,2,0,0,19,2.5e+06,2e+06,2.558e+06,-0.0227
2010,3490,Robbie Blake,Burnley,34.32,Attack,Second Striker,England,31,20,2,4,0,0,19,1e+06,1.5e+06,1.843e+06,-0.4573
2010,3462,Steven Caldwell,Burnley,29.8,Defender,Centre-Back,Scotland,13,12,1,0,0,0,19,2.5e+06,1.5e+06,1.686e+06,0.483
2010,35099,Steven Fletcher,Burnley,23.27,Attack,Centre-Forward,Scotland  England,35,35,8,4,0,0,19,5e+06,4e+06,5.602e+06,-0.1075
2010,9616,Steven Thompson,Burnley,31.71,Attack,Centre-Forward,Scotland,20,1,4,0,0,0,19,1e+06,1e+06,1.344e+06,-0.2559
2010,15420,Alex,Chelsea,28.04,Defender,Centre-Back,Brazil,16,13,1,0,0,2,1,1.6e+07,1.3e+07,5.687e+06,1.813
2010,3522,Andriy Shevchenko,Chelsea,33.75,Attack,Centre-Forward,Ukraine,1,0,0,0,0,6,1,7e+06,1e+07,3.248e+06,1.155
2010,3182,Ashley Cole,Chelsea,29.53,Defender,Left-Back,England  Barbados,27,25,4,3,0,4,1,2.7e+07,2.2e+07,1.147e+07,1.355
2010,36827,Branislav Ivanovic,Chelsea,26.35,Defender,Right-Back,Serbia,28,25,1,6,0,6,1,1.8e+07,8.5e+06,9.471e+06,0.9005
2010,47082,Daniel Sturridge,Chelsea,20.83,Attack,Centre-Forward,England,13,2,1,0,0,2,1,4e+06,3e+06,2.422e+06,0.6517
2010,8564,Deco,Chelsea,32.84,Midfield,Attacking Midfield,Portugal  Brazil,19,14,2,2,0,4,1,5e+06,1.1e+07,5.56e+06,-0.1008
2010,3924,Didier Drogba,Chelsea,32.31,Attack,Centre-Forward,Cote d'Ivoire  France,32,31,29,11,0,5,1,3e+07,3.5e+07,2.071e+07,0.4485
2010,96754,Fabio Borini,Chelsea,19.26,Attack,Left Winger,Italy,4,0,0,0,0,1,1,,,8.658e+05,
2010,3163,Frank Lampard,Chelsea,32.03,Midfield,Central Midfield,England,36,36,22,16,0,7,1,,4.5e+07,2.374e+07,
2010,74297,Gaël Kakuta,Chelsea,19.03,Midfield,Attacking Midfield,DR Congo  France,1,0,0,0,0,1,1,,,3.684e+05,
2010,13886,Hilário,Chelsea,34.69,Goalkeeper,Goalkeeper,Portugal,3,2,0,0,1,1,1,5e+05,7.5e+05,9.839e+05,-0.4918
2010,3876,Joe Cole,Chelsea,28.64,Midfield,Attacking Midfield,England,26,14,2,6,0,5,1,1.7e+07,2.1e+07,1.134e+07,0.4987
2010,30739,John Obi Mikel,Chelsea,23.19,Midfield,Defensive Midfield,Nigeria  England,25,21,0,1,0,4,1,1.7e+07,1.75e+07,1.294e+07,0.3136
2010,3160,John Terry,Chelsea,29.56,Defender,Centre-Back,England,37,37,2,2,0,8,1,3.5e+07,3.5e+07,1.893e+07,0.8488
2010,63,Michael Ballack,Chelsea,33.76,Midfield,Central Midfield,Germany,32,26,4,5,0,6,1,1.2e+07,2.2e+07,9.02e+06,0.3304
2010,5588,Michael Essien,Chelsea,27.58,Midfield,Defensive Midfield,Ghana  France,14,13,3,0,0,6,1,3.8e+07,3.5e+07,9.567e+06,2.972
2010,74683,Nemanja Matic,Chelsea,21.91,Midfield,Defensive Midfield,Serbia  Slovakia,2,0,0,0,0,0,1,2e+06,1.5e+06,1.274e+06,0.5696
2010,3226,Nicolas Anelka,Chelsea,31.3,Attack,Centre-Forward,France  Martinique,33,31,11,8,0,7,1,2.2e+07,2.75e+07,2.694e+07,-0.1834
2010,52119,Patrick van Aanholt,Chelsea,19.84,Defender,Left-Back,Netherlands  Curacao,2,0,0,0,0,0,1,1e+05,,3.498e+05,-0.7142
2010,9832,Paulo Ferreira,Chelsea,31.45,Defender,Right-Back,Portugal,13,11,0,0,0,0,1,2e+06,4e+06,2.397e+06,-0.1657
2010,5658,Petr Cech,Chelsea,28.11,Goalkeeper,Goalkeeper,Czech Republic,34,34,0,1,17,6,1,2.6e+07,2.75e+07,1.506e+07,0.7261
2010,9828,Ricardo Carvalho,Chelsea,32.12,Defender,Centre-Back,Portugal,22,22,0,1,0,5,1,1e+07,1.75e+07,6.642e+06,0.5057
2010,29159,Ross Turnbull,Chelsea,25.49,Goalkeeper,Goalkeeper,England,2,2,0,0,0,2,1,1.5e+06,1.8e+06,3.416e+06,-0.5609
2010,7971,Salomon Kalou,Chelsea,24.9,Attack,Left Winger,Cote d'Ivoire,23,11,5,2,0,6,1,1.4e+07,1.5e+07,9.614e+06,0.4563
2010,40617,Sam Hutchinson,Chelsea,20.91,Midfield,Defensive Midfield,England,2,0,0,1,0,0,1,,,4.008e+05,
2010,16760,Yuriy Zhirkov,Chelsea,26.86,Midfield,Left Midfield,Russia,17,10,0,2,0,4,1,1.3e+07,2e+07,5.013e+06,1.593
2010,44983,Dan Gosling,Everton,20.41,Midfield,Central Midfield,England,11,3,2,0,0,5,8,3e+06,3e+06,2.071e+06,0.4487
2010,57079,Jack Rodwell,Everton,19.31,Defender,Centre-Back,England,26,17,2,2,0,6,8,1.2e+07,4.5e+06,3.762e+06,2.19
2010,30471,James Vaughan,Everton,21.96,Attack,Centre-Forward,England  Jamaica,8,0,1,0,0,0,8,1.5e+06,,9.597e+05,0.563
2010,4315,John Heitinga,Everton,26.63,Defender,Centre-Back,Netherlands,31,29,0,4,0,0,8,1.2e+07,8e+06,4.315e+06,1.781
2010,82734,Jose Baxter,Everton,18.4,Midfield,Attacking Midfield,England,2,0,0,0,0,4,8,7.5e+05,7.5e+05,2.671e+06,-0.7192
2010,3270,Joseph Yobo,Everton,29.82,Defender,Centre-Back,Nigeria  England,17,14,1,0,0,4,8,8e+06,1.15e+07,4.966e+06,0.611
2010,34156,Jô,Everton,23.28,Attack,Centre-Forward,Brazil,15,6,0,1,0,5,8,7.5e+06,1.25e+07,6.562e+06,0.1429
2010,57066,Kieran Agard,Everton,20.72,Attack,Centre-Forward,England  Jamaica,1,0,0,0,0,3,8,2.5e+05,5e+04,4.091e+05,-0.3889
2010,68,Landon Donovan,Everton,28.33,Attack,Centre-Forward,United States  Canada,10,7,2,3,0,2,8,3e+06,3e+06,3.604e+06,-0.1676
2010,13507,Leighton Baines,Everton,25.55,Defender,Left-Back,England,37,37,1,9,0,6,8,9e+06,6.5e+06,1.15e+07,-0.2174
2010,3620,Leon Osman,Everton,29.12,Midfield,Central Midfield,England,26,25,2,1,0,5,8,6.5e+06,8e+06,7.006e+06,-0.07222
2010,4015,Louis Saha,Everton,31.9,Attack,Centre-Forward,France  Guadeloupe,33,26,13,1,0,4,8,8e+06,,7.704e+06,0.03848
2010,3826,Lucas Neill,Everton,32.31,Defender,Centre-Back,Australia  Northern Ireland,12,10,0,2,0,2,8,5e+06,4.8e+06,3.205e+06,0.5599
2010,39679,Marouane Fellaini,Everton,22.61,Midfield,Central Midfield,Belgium  Morocco,23,20,2,3,0,5,8,1.9e+07,1.6e+07,8.089e+06,1.349
2010,7451,Mikel Arteta,Everton,28.27,Midfield,Central Midfield,Spain,13,11,6,1,0,2,8,1.8e+07,1.8e+07,8.422e+06,1.137
2010,13520,Phil Jagielka,Everton,27.87,Defender,Centre-Back,England  Poland,12,11,0,0,0,1,8,1.2e+07,1.2e+07,3.182e+06,2.771
2010,3404,Phil Neville,Everton,33.44,Defender,Right-Back,England,23,22,0,1,0,2,8,4e+06,5.5e+06,3.505e+06,0.1413
2010,4277,Philippe Senderos,Everton,25.37,Defender,Centre-Back,Switzerland  Spain,2,1,0,0,0,1,8,3e+06,4.5e+06,1.765e+06,0.6998
2010,4321,Steven Pienaar,Everton,28.29,Midfield,Left Midfield,South Africa,30,30,4,3,0,4,8,9.5e+06,8e+06,6.44e+06,0.4753
2010,3356,Sylvain Distin,Everton,32.54,Defender,Centre-Back,France  Guadeloupe,32,32,0,1,0,6,8,6e+06,8.3e+06,6.466e+06,-0.07205
2010,68390,Séamus Coleman,Everton,21.72,Defender,Right-Back,Ireland,3,0,0,1,0,3,8,1e+06,1.5e+05,4.836e+05,1.068
2010,13556,Tim Cahill,Everton,30.57,Midfield,Attacking Midfield,Australia  Samoa,33,33,8,5,0,6,8,1.6e+07,1.6e+07,1.066e+07,0.5007
2010,4267,Tim Howard,Everton,31.32,Goalkeeper,Goalkeeper,United States  Hungary,38,38,0,0,11,7,8,1e+07,8.5e+06,6.216e+06,0.6088
2010,3614,Tony Hibbert,Everton,29.36,Defender,Right-Back,England,20,17,0,1,0,5,8,3e+06,4e+06,3.892e+06,-0.2292
2010,39532,Victor Anichebe,Everton,22.19,Attack,Centre-Forward,Nigeria  England,11,6,1,1,0,0,8,2.5e+06,3.6e+06,2.478e+06,0.008753
2010,8559,Yakubu Aiyegbeni,Everton,27.61,Attack,Centre-Forward,Nigeria,25,9,5,4,0,8,8,1.2e+07,1.95e+07,6.754e+06,0.7768
2010,3580,Aaron Hughes,Fulham,30.64,Defender,Centre-Back,Northern Ireland,34,34,0,0,0,13,12,5.5e+06,3.5e+06,7.156e+06,-0.2314
2010,13485,Bjørn Helge Riise,Fulham,27.03,Midfield,Central Midfield,Norway,12,5,0,0,0,9,12,1.5e+06,2e+06,2.066e+06,-0.2738
2010,4205,Bobby Zamora,Fulham,29.45,Attack,Centre-Forward,England  Trinidad and Tobago,27,27,8,5,0,14,12,6.5e+06,3.5e+06,1.137e+07,-0.4285
2010,4115,Chris Baird,Fulham,28.34,Midfield,Defensive Midfield,Northern Ireland,32,29,0,2,0,13,12,3e+06,1.5e+06,4.62e+06,-0.3506
2010,103427,Chris Smalling,Fulham,20.61,Defender,Centre-Back,England  Jamaica,12,9,0,0,0,4,12,3e+06,1.5e+05,7.905e+05,2.795
2010,27577,Clint Dempsey,Fulham,27.31,Attack,Second Striker,United States,29,27,7,3,0,10,12,8e+06,5.5e+06,7.233e+06,0.1061
2010,3259,Damien Duff,Fulham,31.33,Attack,Right Winger,Ireland,32,30,6,6,0,12,12,6e+06,5.7e+06,8.765e+06,-0.3155
2010,3221,Danny Murphy,Fulham,33.29,Midfield,Central Midfield,England,25,25,5,0,0,10,12,4e+06,5e+06,4.937e+06,-0.1898
2010,36392,David Elm,Fulham,27.47,Attack,Centre-Forward,Sweden,10,3,1,1,0,2,12,1e+06,2e+06,1.821e+06,-0.4509
2010,67339,David Stockdale,Fulham,24.78,Goalkeeper,Goalkeeper,England,1,1,0,0,0,1,12,7.5e+05,1.5e+05,5.733e+05,0.3082
2010,14011,Dickson Etuhu,Fulham,28.06,Midfield,Defensive Midfield,Nigeria  England,20,14,0,0,0,11,12,3e+06,3e+06,3.477e+06,-0.1373
2010,6053,Diomansy Kamara,Fulham,29.64,Attack,Right Winger,Senegal  France,9,5,1,0,0,3,12,2e+06,3.5e+06,2.643e+06,-0.2432
2010,38773,Eddie Johnson,Fulham,26.25,Attack,Centre-Forward,United States,2,0,0,0,0,0,12,1e+06,1.3e+06,1.127e+06,-0.1127
2010,24057,Fredrik Stoor Siekkinen,Fulham,26.34,Defender,Right-Back,Sweden,2,0,0,0,0,0,12,7.5e+05,1e+06,5.242e+05,0.4309
2010,3865,Jonathan Greening,Fulham,31.49,Midfield,Central Midfield,England,23,15,1,1,0,7,12,3e+06,4.1e+06,5.276e+06,-0.4314
2010,3357,Mark Schwarzer,Fulham,37.73,Goalkeeper,Goalkeeper,Australia  Germany,37,37,0,0,12,14,12,4e+06,4e+06,3.561e+06,0.1232
2010,13426,Nicky Shorey,Fulham,29.36,Defender,Left-Back,England,12,12,0,1,0,0,12,3.5e+06,5.5e+06,2.693e+06,0.2998
2010,3296,Paul Konchesky,Fulham,29.13,Defender,Left-Back,England,27,27,1,1,0,10,12,4e+06,,6.296e+06,-0.3646
2010,4056,Simon Davies,Fulham,30.69,Midfield,Right Midfield,Wales,17,12,0,2,0,11,12,4e+06,4.7e+06,5.493e+06,-0.2718
2010,35249,Stefano Okaka,Fulham,20.89,Attack,Centre-Forward,Italy  Nigeria,11,3,2,0,0,4,12,3.5e+06,3e+06,2.358e+06,0.4841
2010,12125,Stephen Kelly,Fulham,26.82,Defender,Right-Back,Ireland,8,7,0,0,0,8,12,1e+06,1e+06,2.169e+06,-0.5389
2010,18324,Zoltán Gera,Fulham,31.19,Midfield,Attacking Midfield,Hungary,27,19,2,3,0,14,12,4.5e+06,,4.709e+06,-0.04444
2010,4053,Anthony Gardner,Hull,29.78,Defender,Centre-Back,England  Jamaica,24,24,0,0,0,0,18,2e+06,8e+05,1.688e+06,0.1851
2010,3707,Bernard Mendy,Hull,28.86,Defender,Right-Back,France  Senegal,21,15,0,0,0,0,18,2.5e+06,2.6e+06,1.873e+06,0.3349
2010,3838,Boaz Myhill,Hull,27.64,Goalkeeper,Goalkeeper,Wales  United States,27,27,0,1,5,0,18,3e+06,3.3e+06,3.398e+06,-0.1172
2010,6261,Daniel Cousin,Hull,33.39,Attack,Centre-Forward,Gabon  France,3,1,0,0,0,0,18,2e+06,3.2e+06,9.906e+05,1.019
2010,4055,Dean Marney,Hull,26.41,Midfield,Central Midfield,England,16,15,1,2,0,0,18,3e+06,3e+06,2.549e+06,0.1769
2010,3358,George Boateng,Hull,34.82,Midfield,Defensive Midfield,Netherlands  Ghana,29,26,1,1,0,0,18,2e+06,2.4e+06,1.94e+06,0.03118
2010,7609,Geovanni,Hull,30.47,Midfield,Attacking Midfield,Brazil,26,16,3,0,0,0,18,4e+06,4.5e+06,2.686e+06,0.4892
2010,36813,Ibrahima Sonko,Hull,29.44,Defender,Centre-Back,Senegal  France,9,9,0,0,0,0,18,1e+06,1.3e+06,1.152e+06,-0.1323
2010,4362,Jan Vennegoor of Hesselink,Hull,31.65,Attack,Centre-Forward,Netherlands,31,17,3,4,0,0,18,3.5e+06,5e+06,1.729e+06,1.024
2010,39378,Jozy Altidore,Hull,20.65,Attack,Centre-Forward,United States  Haiti,28,16,1,7,0,0,18,3e+06,2e+06,2.665e+06,0.1259
2010,40928,Kamel Ghilas,Hull,26.31,Attack,Second Striker,Algeria  France,13,6,1,1,0,0,18,,2e+06,1.111e+06,
2010,33820,Kamil Zayatte,Hull,25.32,Defender,Centre-Back,Guinea  France,23,21,2,1,0,0,18,3e+06,3e+06,3.058e+06,-0.01887
2010,75067,Liam Cooper,Hull,18.84,Defender,Centre-Back,Scotland  England,2,1,0,0,0,0,18,,,1.355e+05,
2010,127802,Mark Cullen,Hull,18.19,Attack,Centre-Forward,England,3,2,1,0,0,0,18,5e+04,,2.434e+05,-0.7945
2010,36885,Matt Duke,Hull,32.96,Goalkeeper,Goalkeeper,England,11,11,0,0,2,0,18,7.5e+05,6e+05,9.244e+05,-0.1886
2010,24636,Paul McShane,Hull,24.48,Defender,Centre-Back,Ireland,27,26,0,0,0,0,18,2.5e+06,3e+06,2.39e+06,0.04589
2010,3695,Richard García,Hull,28.82,Attack,Second Striker,Australia  Uruguay,18,14,0,1,0,0,18,1.5e+06,1.8e+06,1.456e+06,0.03033
2010,36799,Stephen Hunt,Hull,28.91,Midfield,Left Midfield,Ireland,27,27,6,5,0,0,18,5e+06,4e+06,3.984e+06,0.2549
2010,123275,Tom Cairney,Hull,19.44,Midfield,Central Midfield,Scotland  England,11,10,1,0,0,0,18,7.5e+05,,7.455e+05,0.006065
2010,61427,Will Atkinson,Hull,21.71,Midfield,Central Midfield,England,2,2,1,0,0,0,18,,,1.509e+05,
2010,7373,Albert Riera,Liverpool,28.21,Midfield,Left Midfield,Spain  Russia,12,9,0,4,0,3,7,1.4e+07,1.6e+07,7.309e+06,0.9156
2010,5957,Alberto Aquilani,Liverpool,25.98,Midfield,Central Midfield,Italy,18,9,1,6,0,5,7,1.3e+07,1.5e+07,4.398e+06,1.956
2010,21863,Andrea Dossena,Liverpool,28.8,Midfield,Left Midfield,Italy,2,1,0,0,0,2,7,3.8e+06,6e+06,2.191e+06,0.7343
2010,1075,Andriy Voronin,Liverpool,30.95,Attack,Second Striker,Ukraine  Germany,8,1,0,1,0,3,7,4.5e+06,,3.764e+06,0.1955
2010,28285,Dani Pacheco,Liverpool,19.49,Midfield,Defensive Midfield,Spain,4,0,0,0,0,3,7,,,5.08e+05,
2010,22832,Daniel Agger,Liverpool,25.55,Defender,Centre-Back,Denmark,23,23,0,0,0,12,7,1.2e+07,1.2e+07,6.138e+06,0.9549
2010,78966,Daniel Ayala,Liverpool,19.65,Defender,Centre-Back,Spain,5,2,0,0,0,0,7,,,6.581e+05,
2010,41242,David Ngog,Liverpool,21.25,Attack,Centre-Forward,France  Cameroon,24,10,5,3,0,9,7,4.5e+06,2e+06,5.773e+06,-0.2206
2010,4010,Dirk Kuyt,Liverpool,29.94,Attack,Right Winger,Netherlands,37,35,9,3,0,13,7,1.7e+07,1.8e+07,1.082e+07,0.5706
2010,45599,Emiliano Insúa,Liverpool,21.48,Defender,Left-Back,Argentina  Spain,31,30,0,4,0,10,7,6e+06,3e+06,5.198e+06,0.1544
2010,7767,Fernando Torres,Liverpool,26.28,Attack,Centre-Forward,Spain,22,20,18,3,0,8,7,5e+07,4.5e+07,2.279e+07,1.194
2010,7570,Fábio Aurélio,Liverpool,30.77,Defender,Left-Back,Brazil  Italy,14,8,0,4,0,7,7,6.5e+06,8.5e+06,5.338e+06,0.2176
2010,3881,Glen Johnson,Liverpool,25.85,Defender,Right-Back,England,25,24,3,3,0,9,7,1.6e+07,1.5e+07,6.88e+06,1.326
2010,128909,Jack Robinson,Liverpool,16.83,Defender,Centre-Back,England,1,0,0,0,0,0,7,,,1.651e+05,
2010,3597,Jamie Carragher,Liverpool,32.42,Defender,Centre-Back,England  Malta,37,37,0,0,0,13,7,1.4e+07,1.9e+07,7.168e+06,0.9531
2010,19981,Javier Mascherano,Liverpool,26.06,Midfield,Defensive Midfield,Argentina  Italy,34,31,0,1,0,13,7,2.6e+07,2.6e+07,9.367e+06,1.776
2010,52111,Jay Spearing,Liverpool,21.6,Midfield,Defensive Midfield,England,3,1,0,0,0,0,7,2.5e+05,,4.368e+05,-0.4277
2010,41414,Lucas Leiva,Liverpool,23.47,Midfield,Defensive Midfield,Brazil  Italy,35,32,0,2,0,13,7,7e+06,6e+06,8.74e+06,-0.199
2010,78959,Martin Kelly,Liverpool,20.18,Defender,Right-Back,England,1,0,0,0,0,2,7,,,6.731e+05,
2010,24180,Martin Skrtel,Liverpool,25.54,Defender,Centre-Back,Slovakia,19,16,1,0,0,6,7,1.3e+07,1.5e+07,6.052e+06,1.148
2010,7895,Maxi Rodríguez,Liverpool,29.49,Attack,Left Winger,Argentina  Spain,17,14,1,3,0,6,7,1e+07,2.5e+07,9.601e+06,0.04155
2010,37917,Nabil El Zhar,Liverpool,23.84,Attack,Right Winger,Morocco  France,3,1,0,0,0,4,7,,5e+05,1.208e+06,
2010,88983,Nathan Eccleston,Liverpool,19.5,Attack,Centre-Forward,England,1,0,0,0,0,0,7,,5e+04,3.736e+05,
2010,7825,Pepe Reina,Liverpool,27.83,Goalkeeper,Goalkeeper,Spain,38,38,0,0,17,13,7,2.2e+07,1.9e+07,1.295e+07,0.6985
2010,2895,Philipp Degen,Liverpool,27.37,Defender,Right-Back,Switzerland,7,3,0,0,0,1,7,1.5e+06,2e+06,1.198e+06,0.2518
2010,16135,Ryan Babel,Liverpool,23.53,Attack,Left Winger,Netherlands  Suriname,25,9,4,1,0,10,7,6.5e+06,9e+06,4.373e+06,0.4865
2010,9706,Sotiris Kyrgiakos,Liverpool,30.94,Defender,Centre-Back,Greece,14,13,1,1,0,5,7,3e+06,6.5e+06,3.011e+06,-0.003653
2010,29933,Stephen Darby,Liverpool,21.73,Defender,Right-Back,England,1,0,0,0,0,1,7,2.5e+05,2e+05,2.877e+05,-0.1311
2010,3109,Steven Gerrard,Liverpool,30.09,Midfield,Central Midfield,England,33,32,9,7,0,13,7,4.2e+07,5e+07,2.096e+07,1.004
2010,7858,Yossi Benayoun,Liverpool,30.15,Attack,Right Winger,Israel,30,19,6,4,0,12,7,1.1e+07,9.5e+06,9.979e+06,0.1023
2010,121406,Abdisalam Ibrahim,Man City,19.17,Midfield,Central Midfield,Norway,1,0,0,0,0,0,5,1e+05,,9.09e+05,-0.89
2010,31579,Adam Johnson,Man City,22.97,Attack,Right Winger,England,16,14,1,7,0,0,5,8e+06,2.1e+06,4.891e+06,0.6355
2010,121410,Alex Nimely,Man City,19.14,Attack,Centre-Forward,Liberia  England,1,0,0,0,0,0,5,5e+04,,2.959e+05,-0.831
2010,4276,Carlos Tevez,Man City,26.4,Attack,Centre-Forward,Argentina,35,32,23,7,0,0,5,3.4e+07,2.5e+07,1.258e+07,1.704
2010,3297,Craig Bellamy,Man City,30.97,Attack,Left Winger,Wales,32,26,10,10,0,0,5,7e+06,9e+06,9.448e+06,-0.2591
2010,88262,Dedryck Boyata,Man City,19.59,Defender,Centre-Back,Belgium  DR Congo,3,1,0,0,0,0,5,5e+05,,4.772e+05,0.04788
2010,8883,Emmanuel Adebayor,Man City,26.34,Attack,Centre-Forward,Togo  Nigeria,26,25,14,3,0,0,5,2.3e+07,2.5e+07,1.461e+07,0.5738
2010,3291,Gareth Barry,Man City,29.35,Midfield,Defensive Midfield,England,34,34,2,7,0,0,5,1.7e+07,1.85e+07,8.817e+06,0.928
2010,114093,Greg Cunningham,Man City,19.41,Defender,Centre-Back,Ireland,2,0,0,0,0,0,5,5e+04,,4.172e+05,-0.8802
2010,23086,Gunnar Nielsen,Man City,23.73,Goalkeeper,Goalkeeper,Faroe Islands,1,0,0,0,1,0,5,,,5.497e+05,
2010,23218,Javier Garrido,Man City,25.3,Defender,Left-Back,Spain,9,7,1,0,0,0,5,2.5e+06,3e+06,3.427e+06,-0.2706
2010,4241,Joleon Lescott,Man City,27.87,Defender,Centre-Back,England,19,18,1,1,0,0,5,1.4e+07,1.7e+07,5.485e+06,1.552
2010,3202,Kolo Touré,Man City,29.28,Defender,Centre-Back,Cote d'Ivoire  England,31,31,1,0,0,0,5,1.9e+07,2.1e+07,5.766e+06,2.295
2010,670,Martin Petrov,Man City,31.46,Attack,Left Winger,Bulgaria,16,8,4,3,0,0,5,6.5e+06,1e+07,2.909e+06,1.234
2010,32617,Micah Richards,Man City,22.02,Defender,Right-Back,England  St. Kitts & Nevis,23,19,2,1,0,0,5,1e+07,1.2e+07,5.001e+06,0.9996
2010,45274,Michael Johnson,Man City,22.35,Midfield,Defensive Midfield,England,1,0,0,0,0,0,5,3e+06,6e+06,1.272e+06,1.359
2010,28810,Nedum Onuoha,Man City,23.63,Defender,Centre-Back,England  Nigeria,10,5,1,1,0,0,5,4.5e+06,5e+06,4.141e+06,0.08661
2010,4672,Nigel de Jong,Man City,25.58,Midfield,Defensive Midfield,Netherlands  Suriname,34,30,0,0,0,0,5,1.8e+07,1.25e+07,5.853e+06,2.075
2010,20007,Pablo Zabaleta,Man City,25.45,Defender,Right-Back,Argentina  Spain,27,23,0,0,0,0,5,1.1e+07,8.2e+06,4.561e+06,1.412
2010,3183,Patrick Vieira,Man City,34.02,Midfield,Defensive Midfield,France  Senegal,13,8,1,2,0,2,5,5e+06,7.5e+06,3.349e+06,0.4931
2010,15511,Robinho,Man City,26.43,Attack,Left Winger,Brazil  Spain,10,6,0,3,0,0,5,1.8e+07,3.5e+07,1.15e+07,0.5654
2010,215,Roque Santa Cruz,Man City,28.87,Attack,Centre-Forward,Paraguay  Spain,19,6,3,0,0,0,5,7e+06,1e+07,5.676e+06,0.2334
2010,3467,Shaun Wright-Phillips,Man City,28.68,Attack,Right Winger,England  Grenada,30,19,4,8,0,0,5,1.2e+07,1.3e+07,1.049e+07,0.1439
2010,3146,Shay Given,Man City,34.2,Goalkeeper,Goalkeeper,Ireland,35,35,0,0,11,0,5,1e+07,8.5e+06,4.65e+06,1.151
2010,34838,Stephen Ireland,Man City,23.86,Midfield,Attacking Midfield,Ireland,22,16,2,2,0,0,5,1.3e+07,1.5e+07,8.745e+06,0.4866
2010,3359,Sylvinho,Man City,36.22,Defender,Left-Back,Brazil  Spain,10,6,0,0,0,0,5,1e+06,1.2e+06,1.075e+06,-0.06948
2010,9594,Vincent Kompany,Man City,24.22,Defender,Centre-Back,Belgium  DR Congo,25,21,2,2,0,0,5,1.5e+07,1e+07,5.911e+06,1.538
2010,3682,Wayne Bridge,Man City,29.9,Defender,Left-Back,England,23,23,0,0,0,0,5,6e+06,7.5e+06,4.059e+06,0.4781
2010,31645,Anderson,Man United,22.21,Midfield,Central Midfield,Brazil,14,10,1,2,0,5,2,2e+07,2.2e+07,6.433e+06,2.109
2010,33544,Antonio Valencia,Man United,24.91,Defender,Right-Back,Ecuador,34,29,5,9,0,9,2,1.9e+07,1.4e+07,1.853e+07,0.02511
2010,13572,Ben Foster,Man United,27.24,Goalkeeper,Goalkeeper,England,9,9,0,0,4,2,2,3.5e+06,3e+06,1.971e+06,0.7757
2010,67063,Danny Welbeck,Man United,19.59,Attack,Centre-Forward,England  Ghana,5,1,0,0,0,2,2,2.5e+06,1.8e+06,2.367e+06,0.05618
2010,3547,Darren Fletcher,Man United,26.41,Midfield,Central Midfield,Scotland,30,29,4,7,0,7,2,2.2e+07,1.2e+07,1.649e+07,0.334
2010,42413,Darron Gibson,Man United,22.68,Midfield,Central Midfield,Ireland  Northern Ireland,15,6,2,2,0,4,2,3.5e+06,1e+06,3.603e+06,-0.02851
2010,65,Dimitar Berbatov,Man United,29.42,Attack,Centre-Forward,Bulgaria,33,24,12,6,0,6,2,2.5e+07,3.3e+07,2.236e+07,0.1182
2010,3516,Edwin van der Sar,Man United,39.67,Goalkeeper,Goalkeeper,Netherlands,21,21,0,0,12,6,2,4e+06,,4.26e+06,-0.06093
2010,61887,Federico Macheda,Man United,18.86,Attack,Centre-Forward,Italy,5,1,1,1,0,2,2,,1.5e+06,2.2e+06,
2010,61891,Fábio,Man United,19.98,Defender,Right-Back,Brazil  Portugal,5,1,0,0,0,2,2,2.5e+06,1.2e+06,7.491e+05,2.337
2010,43261,Gabriel Obertan,Man United,21.34,Attack,Right Winger,France  Guadeloupe,7,1,0,0,0,3,2,3.5e+06,,2.181e+06,0.605
2010,3403,Gary Neville,Man United,35.36,Defender,Right-Back,England,17,15,0,1,0,6,2,2.5e+06,3.5e+06,4.031e+06,-0.3798
2010,4592,Ji-sung Park,Man United,29.34,Midfield,Attacking Midfield,"Korea, South",17,10,3,1,0,6,2,1.2e+07,1.25e+07,6.735e+06,0.7819
2010,3540,John Oshea,Man United,29.17,Defender,Centre-Back,Ireland,15,12,1,1,0,3,2,7e+06,5.5e+06,6.692e+06,0.04609
2010,42412,Jonny Evans,Man United,22.49,Defender,Centre-Back,Northern Ireland,18,18,0,1,0,3,2,1e+07,5.5e+06,6.181e+06,0.6178
2010,62049,Mame Diouf,Man United,22.54,Attack,Centre-Forward,Senegal,5,0,1,0,0,0,2,3e+06,2.5e+06,1.73e+06,0.7345
2010,3878,Michael Carrick,Man United,28.93,Midfield,Defensive Midfield,England,30,22,3,2,0,8,2,2.3e+07,2.6e+07,1.558e+07,0.476
2010,1397,Michael Owen,Man United,30.55,Attack,Centre-Forward,England,19,5,3,1,0,6,2,8.5e+06,1.22e+07,6.988e+06,0.2164
2010,33706,Nani,Man United,23.62,Attack,Left Winger,Portugal  Cape Verde,23,19,4,8,0,8,2,1.7e+07,1.5e+07,1.493e+07,0.1383
2010,19726,Nemanja Vidic‎,Man United,28.69,Defender,Centre-Back,Serbia,24,24,1,0,0,7,2,3.5e+07,3.5e+07,1.381e+07,1.535
2010,201,Owen Hargreaves,Man United,29.44,Midfield,Defensive Midfield,England  Canada,1,0,0,0,0,0,2,9e+06,1.3e+07,1.905e+06,3.724
2010,5285,Patrice Evra,Man United,29.13,Defender,Left-Back,France  Senegal,38,37,0,4,0,9,2,2.7e+07,2.3e+07,1.475e+07,0.8306
2010,3397,Paul Scholes,Man United,35.62,Midfield,Central Midfield,England,28,24,3,4,0,7,2,5e+06,7.5e+06,6.146e+06,-0.1865
2010,61892,Rafael,Man United,19.98,Defender,Right-Back,Brazil  Portugal,8,8,1,1,0,4,2,6e+06,4.2e+06,5.475e+06,0.09586
2010,3235,Rio Ferdinand,Man United,31.65,Defender,Centre-Back,England,13,12,0,0,0,6,2,2.3e+07,3.5e+07,1.072e+07,1.146
2010,55687,Ritchie De Laet,Man United,21.59,Defender,Right-Back,Belgium,2,2,0,0,0,0,2,1.25e+06,7.5e+05,5.57e+05,1.244
2010,3406,Ryan Giggs,Man United,36.59,Midfield,Left Midfield,Wales,25,20,5,9,0,3,2,6e+06,7.5e+06,2.783e+06,1.156
2010,1320,Tomasz Kuszczak,Man United,28.28,Goalkeeper,Goalkeeper,Poland  England,8,8,0,0,3,2,2,3.5e+06,3.5e+06,2.525e+06,0.3859
2010,3332,Wayne Rooney,Man United,24.68,Attack,Centre-Forward,England,32,32,26,4,0,7,2,5.5e+07,4.2e+07,4.067e+07,0.3522
2010,3405,Wes Brown,Man United,30.72,Defender,Centre-Back,England,19,18,0,0,0,4,2,7.5e+06,9e+06,6.524e+06,0.1496
2010,4756,Aaron Mokoena,Portsmouth,29.6,Defender,Centre-Back,South Africa,23,21,0,0,0,0,20,2e+06,1.8e+06,1.152e+06,0.7354
2010,9821,Angelos Basinas,Portsmouth,34.49,Midfield,Defensive Midfield,Greece,12,7,0,0,0,0,20,1e+06,2e+06,8.534e+05,0.1718
2010,9597,Aruna Dindane,Portsmouth,29.59,Attack,Second Striker,Cote d'Ivoire,19,18,8,2,0,0,20,3e+06,3e+06,2.662e+06,0.1271
2010,33873,Asmir Begovic,Portsmouth,23.03,Goalkeeper,Goalkeeper,Bosnia-Herzegovina  Canada,13,11,0,0,5,0,20,2e+06,4e+05,9.874e+05,1.026
2010,3551,Danny Webber,Portsmouth,28.51,Attack,Centre-Forward,England,17,4,1,1,0,0,20,1e+06,1.5e+06,8.448e+05,0.1837
2010,3646,David James,Portsmouth,39.92,Goalkeeper,Goalkeeper,England  Jamaica,25,25,0,0,3,0,20,3e+06,3.5e+06,1.672e+06,0.7947
2010,5683,Frédéric Piquionne,Portsmouth,31.56,Attack,Centre-Forward,Martinique  France,34,26,5,3,0,0,20,3e+06,5e+06,3.165e+06,-0.05204
2010,12351,Hassan Yebda,Portsmouth,26.13,Midfield,Central Midfield,Algeria  France,18,15,2,0,0,0,20,4.5e+06,5.3e+06,1.186e+06,2.793
2010,14052,Hayden Mullins,Portsmouth,31.26,Midfield,Defensive Midfield,England,18,15,0,0,0,0,20,2e+06,4.2e+06,1.412e+06,0.4166
2010,3860,Hermann Hreidarsson,Portsmouth,35.97,Defender,Left-Back,Iceland,17,17,1,0,0,0,20,1e+06,2.7e+06,6.278e+05,0.5928
2010,13397,Jamie Ashdown,Portsmouth,29.58,Goalkeeper,Goalkeeper,England,6,5,0,0,3,0,20,5e+05,6e+05,5.799e+05,-0.1379
2010,38090,Jamie Ohara,Portsmouth,23.76,Midfield,Central Midfield,England,28,25,2,5,0,0,20,5e+06,3.7e+06,2.153e+06,1.322
2010,92572,Joel Ward,Portsmouth,20.67,Defender,Right-Back,England,3,1,0,0,0,0,20,,5e+04,2.609e+05,
2010,5495,John Utaka,Portsmouth,28.48,Attack,Left Winger,Nigeria,18,10,1,2,0,0,20,2.5e+06,5.2e+06,1.842e+06,0.3571
2010,16922,Kevin-Prince Boateng,Portsmouth,23.32,Midfield,Attacking Midfield,Ghana  Germany,22,20,3,2,0,0,20,6e+06,3e+06,2.289e+06,1.622
2010,74124,Lennard Sowah,Portsmouth,17.85,Defender,Left-Back,Germany  Ghana,5,3,0,0,0,0,20,7.5e+04,,2.2e+05,-0.6591
2010,30456,Marc Wilson,Portsmouth,22.87,Defender,Centre-Back,Ireland  Northern Ireland,28,28,0,0,0,0,20,2.5e+06,3e+05,1.222e+06,1.046
2010,92469,Matt Ritchie,Portsmouth,20.8,Midfield,Right Midfield,Scotland  England,2,1,0,0,0,0,20,,5e+04,7.362e+05,
2010,13509,Michael Brown,Portsmouth,33.43,Midfield,Central Midfield,England,26,24,2,3,0,0,20,1.5e+06,2.2e+06,1.135e+06,0.3213
2010,23892,Nadir Belhadj,Portsmouth,28.04,Defender,Left-Back,Algeria  France,19,16,3,2,0,0,20,5.5e+06,5.3e+06,2.026e+06,1.715
2010,3133,Nwankwo Kanu,Portsmouth,33.91,Attack,Centre-Forward,Nigeria,23,6,2,2,0,0,20,1.5e+06,2e+06,9.966e+05,0.5051
2010,5485,Papa Bouba Diop,Portsmouth,32.42,Midfield,Central Midfield,Senegal,12,9,0,0,0,0,20,3e+06,4.4e+06,1.158e+06,1.59
2010,14551,Quincy Owusu-Abeyie,Portsmouth,24.21,Attack,Left Winger,Ghana  Netherlands,10,3,0,1,0,0,20,1.25e+06,1.5e+06,8.658e+05,0.4438
2010,13211,Ricardo Rocha,Portsmouth,31.74,Defender,Centre-Back,Portugal,10,10,0,0,0,4,20,,1e+06,5.583e+05,
2010,9207,Richard Hughes,Portsmouth,31.02,Midfield,Defensive Midfield,Scotland,10,9,0,0,0,0,20,1e+06,1.75e+06,1.403e+06,-0.2875
2010,4038,Steve Finnan,Portsmouth,34.18,Defender,Right-Back,Ireland,21,20,0,1,0,0,20,2.5e+06,2.8e+06,9.828e+05,1.544
2010,20714,Tal Ben Haim,Portsmouth,28.25,Defender,Centre-Back,Israel,22,21,0,0,0,0,20,3e+06,3.5e+06,1.241e+06,1.418
2010,12401,Tommy Smith,Portsmouth,30.11,Attack,Centre-Forward,England,16,12,1,1,0,0,20,1.5e+06,2e+06,1.55e+06,-0.03225
2010,27114,Younès Kaboul,Portsmouth,24.49,Defender,Centre-Back,France  Morocco,29,27,3,0,0,0,20,6e+06,5.7e+06,2.313e+06,1.594
2010,6107,Abdoulaye Faye,Stoke,32.34,Defender,Centre-Back,Senegal  France,31,30,2,0,0,0,11,3.5e+06,3.8e+06,3.496e+06,0.001089
2010,13616,Andy Wilkinson,Stoke,25.9,Defender,Right-Back,England,25,21,0,0,0,0,11,2.5e+06,1.2e+06,2.23e+06,0.1213
2010,26183,Danny Collins,Stoke,29.9,Defender,Centre-Back,Wales  England,28,25,0,0,0,0,11,3.5e+06,3.7e+06,3.624e+06,-0.03421
2010,3686,Danny Higginbotham,Stoke,31.5,Defender,Centre-Back,Gibraltar  England,24,23,1,2,0,0,11,3e+06,3e+06,3.619e+06,-0.171
2010,3546,Danny Pugh,Stoke,27.7,Defender,Left-Back,England,7,1,1,0,0,0,11,1.5e+06,1.6e+06,1.229e+06,0.2206
2010,15698,Dave Kitson,Stoke,30.44,Attack,Centre-Forward,England,18,10,3,1,0,0,11,2e+06,3.5e+06,3.034e+06,-0.3407
2010,13683,Dean Whitehead,Stoke,28.47,Midfield,Central Midfield,England,36,33,0,0,0,0,11,3.5e+06,3e+06,3.328e+06,0.05168
2010,12124,Glenn Whelan,Stoke,26.46,Midfield,Defensive Midfield,Ireland,33,25,2,3,0,0,11,3.5e+06,2.5e+06,4.685e+06,-0.253
2010,3112,James Beattie,Stoke,32.34,Attack,Centre-Forward,England,22,11,2,0,0,0,11,3e+06,4.2e+06,3.724e+06,-0.1944
2010,18870,Liam Lawrence,Stoke,28.54,Midfield,Attacking Midfield,Ireland  England,25,14,1,2,0,0,11,3e+06,3e+06,2.973e+06,0.009049
2010,125561,Louis Moult,Stoke,18.13,Attack,Centre-Forward,England,1,0,0,0,0,0,11,,,5.788e+05,
2010,14069,Mamady Sidibé,Stoke,30.54,Attack,Centre-Forward,Mali  France,24,19,2,1,0,0,11,2.5e+06,2e+06,2.893e+06,-0.1358
2010,3788,Matthew Etherington,Stoke,28.88,Midfield,Left Midfield,England,34,33,5,9,0,0,11,5.5e+06,3.8e+06,6.449e+06,-0.1471
2010,14002,Richard Cresswell,Stoke,32.78,Attack,Centre-Forward,England,2,1,0,0,0,0,11,,1.7e+06,1.369e+06,
2010,2998,Robert Huth,Stoke,25.87,Defender,Centre-Back,Germany,32,30,3,2,0,0,11,5e+06,4e+06,5.074e+06,-0.01465
2010,4112,Rory Delap,Stoke,33.98,Midfield,Central Midfield,Ireland  England,36,34,0,1,0,0,11,3e+06,3e+06,2.818e+06,0.06467
2010,45861,Ryan Shawcross,Stoke,22.74,Defender,Centre-Back,England  Wales,28,27,2,3,0,0,11,7e+06,3.7e+06,5.386e+06,0.2997
2010,3600,Salif Diao,Stoke,33.39,Midfield,Defensive Midfield,Senegal  France,16,11,1,0,0,0,11,1e+06,1.4e+06,1.323e+06,-0.2439
2010,3583,Steve Simonsen,Stoke,31.24,Goalkeeper,Goalkeeper,England  Denmark,3,2,0,0,1,0,11,7.5e+05,7.5e+05,8.611e+05,-0.129
2010,3473,Thomas Sörensen,Stoke,34.05,Goalkeeper,Goalkeeper,Denmark,33,33,0,0,12,0,11,4e+06,3e+06,3.325e+06,0.203
2010,6934,Tuncay Şanlı,Stoke,28.45,Attack,Left Winger,Türkiye,30,13,4,2,0,0,11,6.5e+06,9.8e+06,3.796e+06,0.7123
2010,9619,Alan Hutton,Sunderland,25.58,Defender,Right-Back,Scotland,19,12,0,1,0,0,13,5e+06,7.5e+06,2.128e+06,1.35
2010,10008,Andy Reid,Sunderland,27.92,Midfield,Left Midfield,Ireland,21,18,2,5,0,0,13,5e+06,,4.233e+06,0.1813
2010,3698,Anton Ferdinand,Sunderland,25.36,Defender,Centre-Back,England  St. Lucia,24,19,0,1,0,0,13,4.5e+06,6e+06,3.5e+06,0.2858
2010,12063,Benjani,Sunderland,31.88,Attack,Centre-Forward,Zimbabwe,10,2,0,3,0,0,13,5e+06,7e+06,2.07e+06,1.415
2010,12589,Craig Gordon,Sunderland,27.5,Goalkeeper,Goalkeeper,Scotland,25,25,0,0,5,0,13,5.5e+06,5.5e+06,3.486e+06,0.5776
2010,13239,Darren Bent,Sunderland,26.4,Attack,Centre-Forward,England  Jamaica,38,38,24,4,0,0,13,1.8e+07,1.2e+07,8.856e+06,1.033
2010,31312,Daryl Murphy,Sunderland,27.3,Attack,Centre-Forward,Ireland,3,2,0,0,0,0,13,1.5e+06,1.7e+06,1.524e+06,-0.0157
2010,14021,David Healy,Sunderland,30.9,Attack,Centre-Forward,Northern Ireland,3,0,0,0,0,0,13,1e+06,2e+06,9.756e+05,0.025
2010,68183,David Meyler,Sunderland,21.09,Midfield,Central Midfield,Ireland,10,9,0,0,0,0,13,1e+06,,4.698e+05,1.129
2010,42411,Fraizer Campbell,Sunderland,22.8,Attack,Centre-Forward,England  Jamaica,31,19,4,5,0,0,13,4e+06,2.8e+06,4.536e+06,-0.1182
2010,3775,George McCartney,Sunderland,29.17,Defender,Left-Back,Northern Ireland,25,20,0,0,0,0,13,3e+06,3.3e+06,2.269e+06,0.3223
2010,13796,Grant Leadbitter,Sunderland,24.48,Midfield,Central Midfield,England,1,0,0,0,0,0,13,,2e+06,1.69e+06,
2010,61644,Jack Colback,Sunderland,20.68,Midfield,Defensive Midfield,England,1,0,0,0,0,0,13,,,1.759e+05,
2010,61651,Jordan Henderson,Sunderland,20.04,Midfield,Defensive Midfield,England,33,23,1,5,0,0,13,4e+06,,4.004e+06,-0.001081
2010,28245,Kenwyne Jones,Sunderland,25.74,Attack,Centre-Forward,Trinidad and Tobago,32,24,9,3,0,0,13,1e+07,1e+07,7.17e+06,0.3947
2010,3548,Kieran Richardson,Sunderland,25.69,Defender,Left-Back,England,29,28,1,1,0,0,13,5.5e+06,5.6e+06,4.317e+06,0.2739
2010,12149,Lorik Cana,Sunderland,26.93,Midfield,Defensive Midfield,Albania  France,31,29,0,1,0,0,13,1e+07,1e+07,6.172e+06,0.6203
2010,4095,Matthew Kilgallon,Sunderland,26.48,Defender,Centre-Back,England,7,6,0,0,0,0,13,1.5e+06,1.5e+06,1.502e+06,-0.001178
2010,17879,Márton Fülöp,Sunderland,27.16,Goalkeeper,Goalkeeper,Hungary,17,16,0,0,2,0,13,3e+06,2.6e+06,2.204e+06,0.3611
2010,14054,Nyron Nosworthy,Sunderland,29.72,Defender,Centre-Back,Jamaica  England,10,7,0,0,0,0,13,2.5e+06,2.3e+06,2.045e+06,0.2227
2010,38800,Paulo da Silva,Sunderland,30.41,Defender,Centre-Back,Paraguay,16,12,0,1,0,0,13,2.5e+06,4e+06,1.521e+06,0.644
2010,15773,Phil Bardsley,Sunderland,25.01,Defender,Right-Back,Scotland  England,26,18,0,0,0,0,13,3e+06,3.2e+06,2.521e+06,0.19
2010,3569,Steed Malbranque,Sunderland,30.48,Midfield,Central Midfield,France  Belgium,31,30,0,5,0,0,13,7e+06,8.5e+06,5.375e+06,0.3024
2010,14221,Aaron Lennon,Tottenham,23.21,Attack,Right Winger,England  Ireland,22,20,3,10,0,0,4,2.1e+07,1.5e+07,8.992e+06,1.335
2010,27036,Ben Alnwick,Tottenham,23.5,Goalkeeper,Goalkeeper,England,1,1,0,0,0,0,4,7.5e+05,8e+05,5.753e+05,0.3036
2010,18310,Benoît Assou-Ekotto,Tottenham,26.27,Defender,Left-Back,Cameroon  France,30,29,1,2,0,0,4,7e+06,4.8e+06,5.516e+06,0.2691
2010,3151,Carlo Cudicini,Tottenham,36.82,Goalkeeper,Goalkeeper,Italy,7,6,0,0,1,0,4,1e+06,1e+06,1.159e+06,-0.1371
2010,50174,Danny Rose,Tottenham,20,Defender,Left-Back,England  Jamaica,1,1,1,0,0,0,4,,,6.614e+05,
2010,3205,David Bentley,Tottenham,25.84,Midfield,Right Midfield,England,15,11,1,2,0,0,4,8.5e+06,1.3e+07,4.504e+06,0.8871
2010,3176,Eidur Gudjohnsen,Tottenham,31.79,Attack,Centre-Forward,Iceland,11,3,1,0,0,0,4,3e+06,7e+06,3.307e+06,-0.09278
2010,39381,Gareth Bale,Tottenham,20.96,Attack,Right Winger,Wales,23,18,3,5,0,0,4,1e+07,8.5e+06,5.676e+06,0.7617
2010,44674,Giovani dos Santos,Tottenham,21.14,Attack,Second Striker,Mexico  Spain,1,0,0,0,0,2,4,4.5e+06,5.5e+06,1.685e+06,1.671
2010,19059,Heurelho Gomes,Tottenham,29.37,Goalkeeper,Goalkeeper,Brazil,31,31,0,0,13,0,4,1e+07,8.5e+06,5.588e+06,0.7895
2010,61832,Jake Livermore,Tottenham,20.63,Midfield,Defensive Midfield,England,1,0,0,0,0,0,4,3e+05,5e+04,3.484e+05,-0.139
2010,3875,Jermain Defoe,Tottenham,27.73,Attack,Centre-Forward,England  St. Lucia,34,31,18,3,0,0,4,1.8e+07,1.35e+07,1.301e+07,0.3835
2010,3461,Jermaine Jenas,Tottenham,27.36,Midfield,Central Midfield,England,19,9,1,2,0,0,4,9e+06,1.3e+07,6.434e+06,0.3987
2010,3224,Jonathan Woodgate,Tottenham,30.44,Defender,Centre-Back,England,3,3,0,0,0,0,4,6e+06,1e+07,4.852e+06,0.2367
2010,66219,Kyle Naughton,Tottenham,21.62,Defender,Right-Back,England  Ireland,1,0,0,0,0,0,4,2e+06,4e+05,9.09e+05,1.2
2010,95424,Kyle Walker,Tottenham,20.09,Defender,Right-Back,England,2,2,0,0,0,0,4,2e+06,5e+04,8.476e+05,1.36
2010,3360,Ledley King,Tottenham,29.72,Defender,Centre-Back,England  Antigua and Barbuda,20,19,2,0,0,0,4,8e+06,9.5e+06,4.132e+06,0.936
2010,27992,Luka Modrić,Tottenham,24.81,Midfield,Central Midfield,Croatia,25,21,3,4,0,0,4,2.2e+07,1.85e+07,7.883e+06,1.791
2010,9988,Michael Dawson,Tottenham,26.62,Defender,Centre-Back,England,29,25,2,0,0,0,4,1e+07,7e+06,7.669e+06,0.304
2010,16746,Niko Kranjcar,Tottenham,25.88,Midfield,Attacking Midfield,Croatia,28,23,6,5,0,0,4,1.3e+07,9.25e+06,7.471e+06,0.74
2010,4072,Peter Crouch,Tottenham,29.42,Attack,Centre-Forward,England  Ireland,38,21,8,8,0,0,4,1.2e+07,1e+07,9.589e+06,0.2514
2010,3144,Robbie Keane,Tottenham,29.98,Attack,Centre-Forward,Ireland,20,15,6,2,0,0,4,1e+07,1.9e+07,8.891e+06,0.1248
2010,15072,Roman Pavlyuchenko,Tottenham,28.54,Attack,Centre-Forward,Russia,16,8,5,3,0,0,4,8e+06,1.1e+07,4.355e+06,0.8371
2010,33951,Sébastien Bassong,Tottenham,23.98,Defender,Centre-Back,Cameroon  France,28,25,1,0,0,0,4,9e+06,5.2e+06,6.04e+06,0.4901
2010,13465,Tom Huddlestone,Tottenham,23.51,Midfield,Defensive Midfield,England,33,33,2,3,0,0,4,1.2e+07,6.5e+06,9.374e+06,0.2802
2010,34393,Vedran Corluka,Tottenham,24.4,Defender,Centre-Back,Croatia,29,29,1,2,0,0,4,1.5e+07,1.3e+07,7.018e+06,1.137
2010,58361,Wilson Palacios,Tottenham,25.92,Midfield,Defensive Midfield,Honduras,33,29,1,1,0,0,4,1.6e+07,1.35e+07,6.379e+06,1.508
2010,23197,Alessandro Diamanti,West Ham,27.16,Midfield,Attacking Midfield,Italy,27,18,7,5,0,0,17,4e+06,4.5e+06,5.507e+06,-0.2736
2010,3179,Carlton Cole,West Ham,26.72,Attack,Centre-Forward,England  Sierra Leone,30,26,10,4,0,0,17,8.5e+06,7e+06,8.073e+06,0.05286
2010,12709,Danny Gabbidon,West Ham,30.9,Defender,Centre-Back,Wales  Jamaica,10,8,0,0,0,0,17,1e+06,9e+05,8.222e+05,0.2163
2010,66109,Fabio Daprelà,West Ham,19.36,Defender,Centre-Back,Switzerland  Italy,7,4,0,0,0,0,17,7.5e+05,5e+05,1.022e+06,-0.266
2010,119123,Frank Nouble,West Ham,18.77,Attack,Centre-Forward,England  Cote d'Ivoire,8,3,0,0,0,0,17,1e+06,2.5e+05,4.273e+05,1.34
2010,70714,Freddie Sears,West Ham,20.59,Attack,Second Striker,England,1,0,0,0,0,0,17,1e+06,1.3e+06,5.784e+05,0.7289
2010,17432,Hérita Ilunga,West Ham,28.34,Defender,Left-Back,DR Congo  France,16,16,0,0,0,0,17,5e+06,5.5e+06,3.487e+06,0.434
2010,17244,Ilan,West Ham,29.78,Attack,Centre-Forward,Brazil  Italy,11,6,4,0,0,0,17,2e+06,3.8e+06,4.423e+06,-0.5479
2010,61568,Jack Collison,West Ham,21.74,Midfield,Central Midfield,Wales  England,22,19,2,3,0,0,17,4e+06,2.5e+06,2.536e+06,0.5772
2010,61592,James Tomkins,West Ham,21.26,Defender,Centre-Back,England,23,22,0,0,0,0,17,3.5e+06,3e+06,2.259e+06,0.5494
2010,24637,Jonathan Spector,West Ham,24.33,Defender,Centre-Back,United States  Germany,27,22,0,1,0,0,17,2e+06,2e+06,3.83e+06,-0.4779
2010,61588,Jordan Spence,West Ham,20.1,Defender,Right-Back,England,1,0,0,0,0,0,17,3e+05,5e+04,4.291e+05,-0.3009
2010,18093,Julien Faubert,West Ham,26.92,Defender,Right-Back,Martinique  France,33,32,1,3,0,0,17,5e+06,7e+06,3.556e+06,0.4062
2010,87672,Junior Stanislas,West Ham,20.59,Attack,Left Winger,England  St. Lucia,26,11,2,3,0,0,17,3e+06,1e+06,2.105e+06,0.4253
2010,3118,Kieron Dyer,West Ham,31.5,Midfield,Right Midfield,England  Antigua and Barbuda,10,4,0,1,0,0,17,3e+06,4.3e+06,2.421e+06,0.2392
2010,21821,Luis Jiménez,West Ham,26.04,Midfield,Attacking Midfield,Chile  Italy,11,6,1,3,0,0,17,4e+06,5e+06,2.546e+06,0.5713
2010,3422,Luís Boa Morte,West Ham,32.91,Midfield,Left Midfield,Portugal  Sao Tome and Principe,1,1,1,0,0,0,17,1.5e+06,3.2e+06,1.173e+06,0.2785
2010,37398,Manuel da Costa,West Ham,24.15,Defender,Centre-Back,Morocco  Portugal,15,12,2,0,0,0,17,3e+06,1.5e+06,1.171e+06,1.562
2010,31835,Mark Noble,West Ham,23.15,Midfield,Central Midfield,England  Ireland,27,25,2,5,0,0,17,7.5e+06,7.7e+06,6.109e+06,0.2277
2010,3273,Matthew Upson,West Ham,31.2,Defender,Centre-Back,England,33,33,3,0,0,0,17,8.5e+06,9e+06,3.761e+06,1.26
2010,4329,Mido,West Ham,27.35,Attack,Centre-Forward,Egypt,9,5,0,0,0,0,17,1.7e+06,4.2e+06,2.834e+06,-0.4001
2010,9702,Radoslav Kovac,West Ham,30.59,Defender,Centre-Back,Czech Republic,31,27,2,2,0,0,17,4e+06,4.5e+06,2.177e+06,0.8378
2010,11680,Rob Green,West Ham,30.45,Goalkeeper,Goalkeeper,England,38,38,0,1,8,0,17,7.5e+06,8e+06,5.118e+06,0.4653
2010,3785,Scott Parker,West Ham,29.71,Midfield,Central Midfield,England,31,30,2,3,0,0,17,1.2e+07,9.5e+06,3.657e+06,2.281
2010,21905,Valon Behrami,West Ham,25.2,Midfield,Central Midfield,Switzerland  Kosovo,27,24,1,1,0,0,17,8e+06,,4.002e+06,0.9988
2010,67081,Zavon Hines,West Ham,21.51,Attack,Right Winger,Jamaica  England,13,5,1,0,0,0,17,2e+06,2e+05,6.041e+05,2.311
2010,14081,Ben Watson,Wigan,24.98,Midfield,Central Midfield,England,5,4,1,1,0,0,16,1.5e+06,2.2e+06,1.428e+06,0.05009
2010,22165,Charles Nzogbia,Wigan,24.09,Attack,Right Winger,France  DR Congo,36,35,5,6,0,0,16,7.5e+06,5.5e+06,6.35e+06,0.1811
2010,3219,Chris Kirkland,Wigan,29.16,Goalkeeper,Goalkeeper,England,32,32,0,1,9,0,16,5.5e+06,5.5e+06,4.613e+06,0.1922
2010,19641,Emmerson Boyce,Wigan,30.77,Defender,Right-Back,Barbados  England,24,23,3,1,0,0,16,3.5e+06,2.8e+06,2.659e+06,0.3164
2010,4394,Erik Edman,Wigan,31.64,Defender,Left-Back,Sweden,3,2,0,0,0,0,16,1e+06,1.8e+06,7.367e+05,0.3573
2010,3791,Gary Caldwell,Wigan,28.22,Defender,Centre-Back,Scotland,16,16,2,0,0,5,16,4e+06,4.75e+06,3.329e+06,0.2016
2010,62275,Hendry Thomas,Wigan,25.35,Midfield,Defensive Midfield,Honduras,31,27,0,0,0,0,16,3e+06,7.5e+05,1.867e+06,0.607
2010,37934,Hugo Rodallega,Wigan,24.93,Attack,Centre-Forward,Colombia,38,38,10,7,0,0,16,7.5e+06,4.5e+06,6.325e+06,0.1857
2010,45333,James McCarthy,Wigan,19.63,Midfield,Central Midfield,Ireland  Scotland,20,19,1,1,0,0,16,2.5e+06,1.25e+06,3.26e+06,-0.2331
2010,3661,Jason Koumas,Wigan,30.77,Midfield,Attacking Midfield,Wales  Cyprus,8,6,1,1,0,0,16,2e+06,3e+06,2.005e+06,-0.00239
2010,12807,Jason Scotland,Wigan,31.36,Attack,Centre-Forward,Trinidad and Tobago,32,14,1,2,0,0,16,2e+06,1.5e+06,2.312e+06,-0.1351
2010,39010,Jordi Gómez,Wigan,25.1,Midfield,Central Midfield,Spain,23,11,1,1,0,0,16,1.5e+06,1.5e+06,2.126e+06,-0.2946
2010,54162,Marcelo Moreno Martins,Wigan,23.04,Attack,Centre-Forward,Bolivia  Brazil,12,9,0,1,0,2,16,3.5e+06,5e+06,1.328e+06,1.635
2010,3158,Mario Melchiot,Wigan,33.65,Defender,Right-Back,Netherlands  Suriname,32,32,0,1,0,0,16,1e+06,3.6e+06,2.712e+06,-0.6313
2010,14037,Marlon King,Wigan,30.18,Attack,Centre-Forward,Jamaica  England,3,0,0,0,0,0,16,,3.5e+06,2.062e+06,
2010,62240,Maynor Figueroa,Wigan,27.16,Defender,Left-Back,Honduras,35,35,1,1,0,0,16,5.5e+06,3.7e+06,3.74e+06,0.4704
2010,32217,Mike Pollitt,Wigan,38.34,Goalkeeper,Goalkeeper,England,4,2,0,0,0,0,16,2.5e+05,3e+05,4.186e+05,-0.4027
2010,70950,Mohamed Diamé,Wigan,23.05,Midfield,Central Midfield,Senegal  France,34,34,1,1,0,0,16,3e+06,2e+06,2.874e+06,0.04375
2010,5438,Olivier Kapo,Wigan,29.76,Midfield,Attacking Midfield,France  Cote d'Ivoire,1,0,0,0,0,0,16,1.8e+06,2.9e+06,1.885e+06,-0.04525
2010,2953,Paul Scharner,Wigan,30.31,Midfield,Defensive Midfield,Austria,38,30,4,4,0,0,16,,4.5e+06,3.343e+06,
2010,31552,Scott Sinclair,Wigan,21.27,Attack,Left Winger,England  Jamaica,18,1,1,0,0,0,16,1.5e+06,1e+06,9.483e+05,0.5818
2010,19857,Steve Gohouri,Wigan,29.39,Defender,Centre-Back,Cote d'Ivoire  France,5,4,1,0,0,0,16,7.5e+05,1e+06,1.716e+06,-0.5628
2010,59866,Victor Moses,Wigan,19.55,Attack,Right Winger,Nigeria  England,14,2,1,3,0,0,16,2e+06,1.25e+06,1.161e+06,0.7227
2010,35185,Won-hee Cho,Wigan,27.21,Midfield,Defensive Midfield,"Korea, South",4,1,0,0,0,0,16,,1.5e+06,3.051e+05,
2010,74768,Adlène Guédioura,Wolves,24.63,Midfield,Defensive Midfield,Algeria  France,14,7,1,1,0,0,15,1.5e+06,5e+05,2.05e+06,-0.2681
2010,29975,Andrew Surman,Wolves,23.86,Midfield,Central Midfield,England  South Africa,7,3,0,0,0,0,15,,1.5e+06,1.081e+06,
2010,29419,Andy Keogh,Wolves,24.13,Attack,Centre-Forward,Ireland  Australia,13,8,1,1,0,0,15,1.5e+06,1.25e+06,1.903e+06,-0.2118
2010,2999,Chris Iwelumo,Wolves,31.92,Attack,Centre-Forward,Scotland  Nigeria,15,2,0,0,0,0,15,2e+06,2.5e+06,1.166e+06,0.7154
2010,54949,David Edwards,Wolves,24.41,Midfield,Central Midfield,Wales  England,20,16,1,0,0,0,15,2.5e+06,1.25e+06,1.518e+06,0.6474
2010,24634,David Jones,Wolves,25.65,Midfield,Central Midfield,England  Wales,20,16,1,2,0,0,15,2e+06,2e+06,2.054e+06,-0.02631
2010,45455,Geoffrey Mujangi Bia,Wolves,20.88,Attack,Right Winger,Belgium  DR Congo,3,1,0,0,0,0,15,1e+06,1.5e+06,7.103e+05,0.4078
2010,42048,George Elokobi,Wolves,24.41,Defender,Centre-Back,Cameroon  England,22,17,0,0,0,0,15,2.5e+06,1e+06,1.472e+06,0.6979
2010,77544,George Friend,Wolves,22.7,Defender,Left-Back,England,1,1,0,0,0,0,15,2.5e+05,5e+04,4.232e+05,-0.4092
2010,42062,Greg Halford,Wolves,25.56,Defender,Centre-Back,England,15,12,0,0,0,0,15,2e+06,1.5e+06,2.1e+06,-0.04783
2010,4129,Jody Craddock,Wolves,34.93,Defender,Centre-Back,England,33,33,5,2,0,0,15,2e+06,1.25e+06,1.809e+06,0.1054
2010,13582,Karl Henry,Wolves,27.59,Midfield,Defensive Midfield,England  Jamaica,34,34,0,0,0,0,15,3.5e+06,2.25e+06,2.029e+06,0.7249
2010,35193,Kevin Doyle,Wolves,26.78,Attack,Centre-Forward,Ireland,34,33,9,1,0,0,15,6e+06,4e+06,4.753e+06,0.2624
2010,33491,Kevin Foley,Wolves,25.66,Defender,Right-Back,Ireland  England,25,23,0,1,0,0,15,2.5e+06,2e+06,1.997e+06,0.2519
2010,4140,Marcus Hahnemann,Wolves,38.04,Goalkeeper,Goalkeeper,United States  Germany,25,25,0,0,7,0,15,1.5e+06,1.75e+06,1.631e+06,-0.08029
2010,20969,Matt Hill,Wolves,29.26,Defender,Left-Back,England,2,2,0,0,0,0,15,5e+05,1e+06,3.732e+05,0.3397
2010,15921,Matt Jarvis,Wolves,24.11,Attack,Left Winger,England,34,30,3,6,0,0,15,3.5e+06,1.25e+06,4.547e+06,-0.2302
2010,25366,Michael Kightly,Wolves,24.43,Attack,Left Winger,England,9,3,0,1,0,0,15,2.5e+06,2.75e+06,2.005e+06,0.247
2010,38100,Michael Mancienne,Wolves,22.48,Defender,Centre-Back,Seychelles  England,30,22,0,0,0,0,15,3e+06,1.5e+06,1.698e+06,0.7671
2010,36123,Nenad Milijas,Wolves,27.17,Midfield,Central Midfield,Serbia,19,12,2,3,0,0,15,4e+06,4.5e+06,2.084e+06,0.9198
2010,34349,Richard Stearman,Wolves,22.87,Defender,Centre-Back,England  Ireland,16,12,1,0,0,0,15,2.5e+06,1.75e+06,1.578e+06,0.5841
2010,22645,Ronald Zubar,Wolves,24.78,Defender,Centre-Back,Guadeloupe  France,23,23,1,3,0,0,15,2.5e+06,2.4e+06,4.715e+06,-0.4698
2010,48078,Sam Vokes,Wolves,20.69,Attack,Centre-Forward,Wales  England,5,0,0,0,0,0,15,,7.5e+05,1.088e+06,
2010,38763,Segundo Castillo,Wolves,28.13,Midfield,Defensive Midfield,Ecuador,8,7,0,0,0,0,15,2e+06,2.2e+06,7.596e+05,1.633
2010,32660,Stefan Maierhofer,Wolves,27.87,Attack,Centre-Forward,Austria,8,1,1,0,0,0,15,1.25e+06,1.6e+06,1.212e+06,0.03112
2010,34691,Stephen Ward,Wolves,24.86,Defender,Left-Back,Ireland,22,18,0,1,0,0,15,1.5e+06,1.25e+06,1.73e+06,-0.1331
2010,27621,Sylvan Ebanks-Blake,Wolves,24.26,Attack,Centre-Forward,England  Jamaica,23,12,2,0,0,0,15,2.5e+06,3.5e+06,2.822e+06,-0.1141
2010,45494,Wayne Hennessey,Wolves,23.43,Goalkeeper,Goalkeeper,Wales,13,13,0,0,1,0,15,2e+06,1e+06,1.795e+06,0.1143
2011,50057,Aaron Ramsey,Arsenal,20.51,Midfield,Central Midfield,Wales,7,5,1,0,0,0,4,7e+06,6e+06,1.808e+06,2.871
2011,26763,Abou Diaby,Arsenal,25.14,Midfield,Central Midfield,France  Cote d'Ivoire,16,13,2,3,0,1,4,8.5e+06,9e+06,1.184e+07,-0.2821
2011,27394,Alex Song,Arsenal,23.81,Midfield,Defensive Midfield,Cameroon  France,31,30,4,2,0,5,4,1.9e+07,1.4e+07,1.966e+07,-0.03358
2011,15378,Andrey Arshavin,Arsenal,30.09,Attack,Left Winger,Russia,37,25,6,12,0,6,4,1.7e+07,2.5e+07,1.389e+07,0.2238
2011,26764,Bacary Sagna,Arsenal,28.38,Defender,Right-Back,France  Senegal,33,33,1,3,0,4,4,1.8e+07,1.5e+07,1.096e+07,0.6428
2011,8806,Cesc Fàbregas,Arsenal,24.16,Midfield,Central Midfield,Spain,25,22,3,12,0,5,4,5.4e+07,5.5e+07,3.983e+07,0.3556
2011,42352,Denílson,Arsenal,23.37,Midfield,Defensive Midfield,Brazil,16,6,0,0,0,5,4,6e+06,9e+06,7.549e+06,-0.2052
2011,13058,Emmanuel Eboué,Arsenal,28.07,Defender,Right-Back,Cote d'Ivoire  Belgium,13,8,1,0,0,6,4,5.5e+06,7e+06,5.697e+06,-0.03457
2011,7449,Gaël Clichy,Arsenal,25.93,Defender,Left-Back,France  Martinique,33,33,0,1,0,6,4,1.4e+07,1.5e+07,1.075e+07,0.3027
2011,74223,Jack Wilshere,Arsenal,19.5,Midfield,Central Midfield,England,35,31,1,3,0,7,4,2e+07,4e+06,1.422e+07,0.407
2011,27969,Jay Emmanuel-Thomas,Arsenal,20.51,Midfield,Attacking Midfield,England  St. Lucia,1,0,0,0,0,1,4,1e+06,3e+05,1.622e+06,-0.3836
2011,122,Jens Lehmann,Arsenal,41.64,Goalkeeper,Goalkeeper,Germany,1,1,0,0,0,0,4,,2e+06,1.486e+06,
2011,34561,Johan Djourou,Arsenal,24.45,Defender,Centre-Back,Switzerland  Cote d'Ivoire,22,20,1,0,0,6,4,8e+06,4.5e+06,9.223e+06,-0.1326
2011,44792,Kieran Gibbs,Arsenal,21.76,Defender,Left-Back,England,7,4,0,0,0,3,4,3.5e+06,3e+06,1.595e+06,1.194
2011,76277,Laurent Koscielny,Arsenal,25.8,Defender,Centre-Back,France  Poland,30,30,2,0,0,4,4,1.2e+07,1e+07,1.348e+07,-0.1096
2011,29692,Lukasz Fabianski,Arsenal,26.2,Goalkeeper,Goalkeeper,Poland,14,14,0,0,5,5,4,4e+06,2e+06,4.073e+06,-0.01796
2011,16621,Manuel Almunia,Arsenal,34.12,Goalkeeper,Goalkeeper,Spain,8,8,0,0,2,2,4,2e+06,6e+06,3.402e+06,-0.4122
2011,19085,Marouane Chamakh,Arsenal,27.47,Attack,Centre-Forward,Morocco  France,29,18,7,3,0,6,4,1.4e+07,1.5e+07,1.77e+07,-0.209
2011,34557,Nicklas Bendtner,Arsenal,23.46,Attack,Centre-Forward,Denmark,17,3,2,1,0,5,4,7e+06,1e+07,8.279e+06,-0.1545
2011,4380,Robin van Persie,Arsenal,27.9,Attack,Centre-Forward,Netherlands,25,19,18,7,0,3,4,3e+07,2.5e+07,1.479e+07,1.029
2011,18935,Samir Nasri,Arsenal,24.01,Midfield,Attacking Midfield,France  Algeria,30,28,10,1,0,8,4,2.6e+07,1.8e+07,1.924e+07,0.3513
2011,5293,Sébastien Squillaci,Arsenal,30.89,Defender,Centre-Back,France  Italy,22,20,1,0,0,6,4,4e+06,6e+06,9.362e+06,-0.5728
2011,33713,Theo Walcott,Arsenal,22.29,Attack,Right Winger,England,28,19,9,6,0,5,4,1.6e+07,1.2e+07,1.385e+07,0.1552
2011,15904,Thomas Vermaelen,Arsenal,25.63,Defender,Centre-Back,Belgium,5,5,0,1,0,0,4,1.8e+07,1.8e+07,9.109e+06,0.976
2011,132,Tomas Rosicky,Arsenal,30.74,Midfield,Attacking Midfield,Czech Republic,21,8,0,1,0,5,4,5e+06,9.5e+06,7.12e+06,-0.2978
2011,44058,Wojciech Szczesny,Arsenal,21.2,Goalkeeper,Goalkeeper,Poland,15,15,0,0,6,2,4,5.5e+06,4.75e+05,3.338e+06,0.6478
2011,597,Aleksandr Hleb,Birmingham,30.17,Midfield,Attacking Midfield,Belarus,19,13,1,2,0,0,18,3.5e+06,7e+06,4.68e+06,-0.2521
2011,10251,Barry Ferguson,Birmingham,33.41,Midfield,Defensive Midfield,Scotland,35,35,0,0,0,0,18,3e+06,5.5e+06,1.994e+06,0.5043
2011,13572,Ben Foster,Birmingham,28.24,Goalkeeper,Goalkeeper,England,38,38,0,0,9,0,18,5.5e+06,3.5e+06,4.231e+06,0.2999
2011,35855,Cameron Jerome,Birmingham,24.88,Attack,Centre-Forward,Grenada  England,34,30,3,8,0,0,18,4.5e+06,5e+06,7.665e+06,-0.4129
2011,28728,Colin Doyle,Birmingham,26.05,Goalkeeper,Goalkeeper,Ireland,1,0,0,0,0,0,18,5e+05,3e+05,4.212e+05,0.1872
2011,37171,Craig Gardner,Birmingham,24.6,Midfield,Central Midfield,England,29,25,8,0,0,0,18,5.5e+06,2.5e+06,6.304e+06,-0.1275
2011,18227,Curtis Davies,Birmingham,26.29,Defender,Centre-Back,Sierra Leone  England,6,2,0,0,0,0,18,3e+06,4.5e+06,1.424e+06,1.107
2011,3205,David Bentley,Birmingham,26.84,Midfield,Right Midfield,England,15,10,0,1,0,0,18,5.5e+06,8.5e+06,3.336e+06,0.6486
2011,3868,David Murphy,Birmingham,27.33,Defender,Left-Back,England,10,3,0,1,0,0,18,7.5e+05,7.5e+05,1.276e+06,-0.4122
2011,15708,Garry Oconnor,Birmingham,28.15,Attack,Centre-Forward,Scotland,3,2,0,0,0,0,18,,1.5e+06,9.011e+05,
2011,9956,James McFadden,Birmingham,28.21,Attack,Second Striker,Scotland,4,3,0,1,0,0,18,3.5e+06,4e+06,4.698e+06,-0.2551
2011,18871,Jean Beausejour,Birmingham,27.08,Defender,Left-Back,Chile  Haiti,17,9,2,0,0,0,18,2e+06,2.5e+06,1.726e+06,0.1584
2011,57207,Jordon Mutch,Birmingham,19.58,Midfield,Central Midfield,England,3,3,0,1,0,0,18,7.5e+05,,1.271e+06,-0.41
2011,3131,Kevin Phillips,Birmingham,37.93,Attack,Centre-Forward,England,14,5,1,1,0,0,18,5e+05,1e+06,8.48e+05,-0.4104
2011,4070,Liam Ridgewell,Birmingham,26.94,Defender,Centre-Back,England,36,36,4,0,0,0,18,4.5e+06,3.5e+06,6.574e+06,-0.3155
2011,6065,Martin Jiránek,Birmingham,32.1,Defender,Centre-Back,Czech Republic,10,10,0,1,0,0,18,1e+06,2.5e+06,1.928e+06,-0.4814
2011,15175,Matt Derbyshire,Birmingham,25.21,Attack,Centre-Forward,England,13,4,0,0,0,0,18,3e+06,4e+06,1.702e+06,0.7624
2011,19729,Nikola Zigic,Birmingham,30.76,Attack,Centre-Forward,Serbia,25,13,5,4,0,0,18,4.5e+06,7e+06,3.713e+06,0.2119
2011,5794,Obafemi Martins,Birmingham,26.67,Attack,Centre-Forward,Nigeria  Italy,4,3,0,0,0,5,18,5e+06,9e+06,3.591e+06,0.3923
2011,42751,Roger Johnson,Birmingham,28.18,Defender,Centre-Back,England,38,38,2,2,0,0,18,5e+06,5e+06,5.02e+06,-0.003888
2011,62688,Scott Dann,Birmingham,24.38,Defender,Centre-Back,England,20,20,2,1,0,0,18,5e+06,3.5e+06,4.117e+06,0.2146
2011,31720,Sebastian Larsson,Birmingham,26.07,Midfield,Central Midfield,Sweden,35,31,4,6,0,0,18,6.5e+06,5.5e+06,5.625e+06,0.1555
2011,3866,Stuart Parnaby,Birmingham,28.95,Defender,Right-Back,England,5,5,0,0,0,0,18,7.5e+05,1e+06,1.102e+06,-0.3195
2011,88596,Amine Linganzi,Blackburn,21.62,Midfield,Central Midfield,Congo  France,1,0,0,0,0,0,15,5e+05,,5.461e+05,-0.08445
2011,12063,Benjani,Blackburn,32.88,Attack,Centre-Forward,Zimbabwe,18,6,3,0,0,0,15,2e+06,5e+06,2.339e+06,-0.145
2011,4367,Brett Emerton,Blackburn,32.35,Midfield,Right Midfield,Australia,30,24,4,4,0,0,15,2.5e+06,3.5e+06,5.331e+06,-0.5311
2011,29016,Christopher Samba,Blackburn,27.26,Defender,Centre-Back,Congo  France,33,33,4,0,0,0,15,9e+06,7e+06,5.823e+06,0.5455
2011,4243,David Dunn,Blackburn,31.51,Midfield,Attacking Midfield,England,27,17,2,1,0,0,15,4e+06,5e+06,4.277e+06,-0.06487
2011,3604,El-Hadji Diouf,Blackburn,30.46,Attack,Centre-Forward,Senegal  France,20,18,0,4,0,4,15,2.5e+06,3.5e+06,5.639e+06,-0.5566
2011,5286,Gaël Givet,Blackburn,29.72,Defender,Centre-Back,France,29,29,1,0,0,0,15,4.5e+06,4e+06,5.776e+06,-0.221
2011,121385,Grant Hanley,Blackburn,19.61,Defender,Centre-Back,Scotland,7,5,1,0,0,0,15,1e+06,5e+04,9.351e+05,0.06935
2011,41978,Hérold Goulon,Blackburn,23.05,Defender,Centre-Back,France,4,1,0,0,0,0,15,7.5e+05,2e+06,2.493e+06,-0.6992
2011,117997,Jason Lowe,Blackburn,19.83,Midfield,Defensive Midfield,England,1,0,0,0,0,0,15,5e+04,,4.94e+05,-0.8988
2011,3666,Jason Roberts,Blackburn,33.43,Attack,Centre-Forward,Grenada  England,25,13,5,4,0,0,15,1.5e+06,2.5e+06,2.418e+06,-0.3795
2011,121391,Josh Morris,Blackburn,19.75,Midfield,Left Midfield,England,4,0,0,1,0,0,15,2.5e+05,,9.232e+05,-0.7292
2011,58993,Junior Hoilett,Blackburn,21.07,Attack,Left Winger,Canada  Jamaica,24,17,5,1,0,0,15,4.5e+06,2e+06,5.109e+06,-0.1192
2011,8035,Keith Andrews,Blackburn,30.8,Midfield,Central Midfield,Ireland  England,5,2,0,0,0,0,15,1.5e+06,2.5e+06,1.921e+06,-0.2191
2011,62049,Mame Diouf,Blackburn,23.54,Attack,Centre-Forward,Senegal,26,17,3,2,0,0,15,4e+06,3e+06,5.549e+06,-0.2791
2011,49319,Mark Bunn,Blackburn,26.62,Goalkeeper,Goalkeeper,England  Ireland,3,2,0,0,1,0,15,5e+05,2.5e+05,6.6e+05,-0.2424
2011,38073,Martin Olsson,Blackburn,23.12,Defender,Left-Back,Sweden,29,25,2,1,0,0,15,3e+06,1.5e+06,4.972e+06,-0.3967
2011,22741,Morten Gamst Pedersen,Blackburn,29.81,Midfield,Central Midfield,Norway,35,27,4,5,0,0,15,7e+06,7e+06,7.004e+06,-0.0006057
2011,7515,Míchel Salgado,Blackburn,35.69,Defender,Right-Back,Spain,36,36,0,2,0,0,15,7.5e+05,1e+06,2.163e+06,-0.6533
2011,36371,Nikola Kalinić,Blackburn,23.49,Attack,Centre-Forward,Croatia,18,15,5,1,0,0,15,4.5e+06,4.5e+06,5.158e+06,-0.1275
2011,18875,Pascal Chimbonda,Blackburn,32.36,Defender,Right-Back,Guadeloupe  France,6,3,0,0,0,0,15,1e+06,4e+06,2.543e+06,-0.6068
2011,3630,Paul Robinson,Blackburn,31.71,Goalkeeper,Goalkeeper,England,36,36,0,0,8,0,15,5e+06,5e+06,6.394e+06,-0.218
2011,117996,Phil Jones,Blackburn,19.36,Defender,Centre-Back,England,26,24,0,0,0,0,15,1e+07,1e+06,2.741e+06,2.649
2011,215,Roque Santa Cruz,Blackburn,29.87,Attack,Centre-Forward,Paraguay  Spain,10,7,0,0,0,0,15,4e+06,7e+06,1.967e+06,1.034
2011,67548,Rubén Rochina,Blackburn,20.27,Attack,Right Winger,Spain,4,1,0,0,0,0,15,7.5e+05,3e+05,4.827e+05,0.5537
2011,28878,Ryan Nelsen,Blackburn,33.7,Defender,Centre-Back,New Zealand,28,28,3,3,0,0,15,2.5e+06,3.5e+06,2.531e+06,-0.01224
2011,73734,Steven Nzonzi,Blackburn,22.54,Midfield,Defensive Midfield,France  DR Congo,21,13,1,0,0,0,15,5e+06,4e+06,3.94e+06,0.2692
2011,6021,Vincenzo Grella,Blackburn,31.74,Midfield,Central Midfield,Australia  Italy,5,4,0,0,0,0,15,1.5e+06,2.5e+06,2.083e+06,-0.2798
2011,16660,Alex Baptiste,Blackpool,25.41,Defender,Centre-Back,England,21,19,2,0,0,0,19,1e+06,5e+05,2.26e+06,-0.5574
2011,10008,Andy Reid,Blackpool,28.92,Midfield,Left Midfield,Ireland,7,2,0,0,0,0,19,3e+06,5e+06,2.177e+06,0.3778
2011,28990,Charlie Adam,Blackpool,25.56,Midfield,Central Midfield,Scotland,35,34,12,8,0,0,19,8e+06,,6.585e+06,0.2148
2011,52495,Chris Basham,Blackpool,22.95,Defender,Centre-Back,England,2,1,0,0,0,0,19,5e+05,1e+06,8.035e+05,-0.3777
2011,59606,Craig Cathcart,Blackpool,22.4,Defender,Centre-Back,Northern Ireland,30,28,1,0,0,0,19,2.5e+06,,2.467e+06,0.01328
2011,37896,DJ Campbell,Blackpool,29.63,Attack,Centre-Forward,England,31,30,13,1,0,0,19,3.5e+06,1.5e+06,4.964e+06,-0.2949
2011,10387,David Carney,Blackpool,27.58,Midfield,Left Midfield,Australia,11,5,0,0,0,0,19,1e+06,7.5e+05,1.083e+06,-0.07637
2011,14178,David Vaughan,Blackpool,28.36,Midfield,Defensive Midfield,Wales,35,35,2,2,0,0,19,3.5e+06,1e+06,3.592e+06,-0.02557
2011,24476,Dekel Keinan,Blackpool,26.79,Defender,Centre-Back,Israel,6,3,0,0,0,0,19,,1e+06,1.049e+06,
2011,49101,Gary Taylor-Fletcher,Blackpool,30.07,Attack,Right Winger,England,31,29,5,5,0,0,19,2e+06,,3.429e+06,-0.4168
2011,37127,Ian Evatt,Blackpool,29.61,Defender,Centre-Back,England,38,36,1,3,0,0,19,2.5e+06,1.5e+06,3.125e+06,-0.2
2011,42188,Ishmel Demontagnac,Blackpool,23.04,Attack,Left Winger,England  Jamaica,1,0,0,0,0,0,19,2.5e+05,5e+04,6.28e+05,-0.6019
2011,3112,James Beattie,Blackpool,33.34,Attack,Centre-Forward,England,9,5,0,3,0,2,19,7.5e+05,3e+06,2.107e+06,-0.644
2011,47995,Jason Puncheon,Blackpool,25.03,Midfield,Central Midfield,England  Jamaica,11,6,3,0,0,0,19,1e+06,4.5e+05,3.107e+06,-0.6781
2011,44986,Keith Southern,Blackpool,30.18,Midfield,Central Midfield,England,21,11,0,0,0,0,19,1e+06,,1.553e+06,-0.3559
2011,14177,Luke Varney,Blackpool,28.76,Attack,Centre-Forward,England,30,24,5,2,0,0,19,2.5e+06,1.5e+06,3.295e+06,-0.2412
2011,10011,Marlon Harewood,Blackpool,31.85,Attack,Centre-Forward,England  Barbados,16,7,5,1,0,0,19,2e+06,1.5e+06,2.912e+06,-0.3133
2011,48254,Matt Gilks,Blackpool,29.07,Goalkeeper,Goalkeeper,Scotland  England,18,18,0,0,4,0,19,1.5e+06,,1.26e+06,0.1903
2011,77274,Matt Phillips,Blackpool,20.3,Attack,Right Winger,Scotland  England,27,6,2,3,0,0,19,2e+06,2e+05,2.258e+06,-0.1141
2011,49428,Neal Eardley,Blackpool,22.65,Defender,Right-Back,Wales,31,30,1,0,0,0,19,1.5e+06,5e+05,2.776e+06,-0.4596
2011,4098,Paul Rachubka,Blackpool,30.11,Goalkeeper,Goalkeeper,England  United States,2,1,0,0,1,0,19,5e+05,,4.017e+05,0.2447
2011,7125,Richard Kingson,Blackpool,33.05,Goalkeeper,Goalkeeper,Ghana  Türkiye,20,19,0,0,3,0,19,1e+06,,1.198e+06,-0.1655
2011,4068,Rob Edwards,Blackpool,28.51,Defender,Centre-Back,Wales,2,1,0,0,0,0,19,1e+06,,5.196e+05,0.9245
2011,15881,Sergey Kornilenko,Blackpool,28.05,Attack,Centre-Forward,Belarus  Russia,6,3,0,0,0,5,19,2e+06,2e+06,2.176e+06,-0.08077
2011,9499,Stephen Crainey,Blackpool,30.02,Defender,Left-Back,Scotland,31,31,0,0,0,0,19,2e+06,,2.018e+06,-0.008902
2011,81801,Chung-yong Lee,Bolton,23,Attack,Right Winger,"Korea, South",31,25,3,6,0,0,12,7.5e+06,4e+06,7.567e+06,-0.008846
2011,29199,David Wheater,Bolton,24.38,Defender,Centre-Back,England,7,5,0,0,0,0,12,3.5e+06,5e+06,1.87e+06,0.8715
2011,35586,Fabrice Muamba,Bolton,23.23,Midfield,Central Midfield,England  DR Congo,36,32,1,1,0,0,12,7.5e+06,6e+06,8.091e+06,-0.073
2011,27511,Gary Cahill,Bolton,25.53,Defender,Centre-Back,England,36,36,3,0,0,0,12,1.3e+07,7.5e+06,8.263e+06,0.5734
2011,30304,Grétar Steinsson,Bolton,29.47,Defender,Right-Back,Iceland,23,23,1,0,0,0,12,3.5e+06,4e+06,3.654e+06,-0.04217
2011,690,Ivan Klasnic,Bolton,31.42,Attack,Centre-Forward,Croatia,22,0,4,1,0,0,12,2e+06,2.5e+06,2.966e+06,-0.3256
2011,3692,Jussi Jääskeläinen,Bolton,36.2,Goalkeeper,Goalkeeper,Finland,35,35,0,0,5,0,12,3e+06,4.5e+06,3.438e+06,-0.1275
2011,112515,Marcos Alonso,Bolton,20.51,Defender,Left-Back,Spain,4,4,0,0,0,0,12,2e+06,1.5e+06,8.336e+05,1.399
2011,670,Martin Petrov,Bolton,32.46,Attack,Left Winger,Bulgaria,28,18,3,5,0,0,12,4e+06,6.5e+06,5.026e+06,-0.2041
2011,9218,Matthew Taylor,Bolton,29.59,Midfield,Left Midfield,England,35,22,2,4,0,0,12,5.5e+06,6.5e+06,5.18e+06,0.0618
2011,14063,Paul Robinson,Bolton,32.54,Defender,Left-Back,England,35,35,0,0,0,0,12,2.5e+06,2.5e+06,3.567e+06,-0.2991
2011,3490,Robbie Blake,Bolton,35.32,Attack,Second Striker,England,7,0,1,0,0,0,12,5e+05,1e+06,1.422e+06,-0.6483
2011,131505,Rodrigo,Bolton,20.32,Attack,Centre-Forward,Spain  Brazil,17,4,1,1,0,0,12,3.5e+06,4.5e+06,1.282e+06,1.73
2011,30434,Sam Ricketts,Bolton,29.72,Defender,Right-Back,Wales  England,17,14,0,0,0,0,12,2.5e+06,2.5e+06,2.531e+06,-0.01233
2011,55247,Ádám Bogdán,Bolton,23.76,Goalkeeper,Goalkeeper,Hungary,4,3,0,0,0,0,12,5e+05,5e+04,6.618e+05,-0.2444
2011,15420,Alex,Chelsea,29.04,Defender,Centre-Back,Brazil,15,12,2,0,0,4,2,1.3e+07,1.6e+07,6.061e+06,1.145
2011,3182,Ashley Cole,Chelsea,30.53,Defender,Left-Back,England  Barbados,38,38,0,4,0,7,2,2.5e+07,2.7e+07,1.228e+07,1.035
2011,36827,Branislav Ivanovic,Chelsea,27.35,Defender,Right-Back,Serbia,34,32,4,5,0,10,2,2.3e+07,1.8e+07,1.555e+07,0.4795
2011,47082,Daniel Sturridge,Chelsea,21.83,Attack,Centre-Forward,England,25,11,8,0,0,5,2,8e+06,4e+06,7.8e+06,0.02563
2011,46741,David Luiz,Chelsea,24.19,Defender,Centre-Back,Brazil,12,11,2,0,0,6,2,2.3e+07,1.2e+07,1.289e+07,0.7837
2011,3924,Didier Drogba,Chelsea,33.31,Attack,Centre-Forward,Cote d'Ivoire  France,36,30,11,13,0,7,2,1.7e+07,3e+07,2.759e+07,-0.3838
2011,3163,Frank Lampard,Chelsea,33.03,Midfield,Central Midfield,England,24,23,10,4,0,4,2,1.6e+07,,2.426e+07,-0.3404
2011,30739,John Obi Mikel,Chelsea,24.19,Midfield,Defensive Midfield,Nigeria  England,28,28,0,1,0,6,2,2e+07,1.7e+07,1.41e+07,0.4189
2011,3160,John Terry,Chelsea,30.56,Defender,Centre-Back,England,33,33,3,1,0,8,2,3e+07,3.5e+07,2.263e+07,0.3254
2011,128905,Josh McEachran,Chelsea,18.33,Midfield,Central Midfield,England  Scotland,9,1,0,0,0,6,2,4.5e+06,,4.709e+06,-0.0443
2011,5588,Michael Essien,Chelsea,28.57,Midfield,Defensive Midfield,Ghana  France,33,32,3,3,0,8,2,3.4e+07,3.8e+07,1.616e+07,1.105
2011,3226,Nicolas Anelka,Chelsea,32.3,Attack,Centre-Forward,France  Martinique,32,27,6,4,0,9,2,1e+07,2.2e+07,1.654e+07,-0.3954
2011,9832,Paulo Ferreira,Chelsea,32.45,Defender,Right-Back,Portugal,21,12,0,2,0,5,2,1.5e+06,2e+06,4.028e+06,-0.6276
2011,5658,Petr Cech,Chelsea,29.11,Goalkeeper,Goalkeeper,Czech Republic,38,38,0,0,15,9,2,2.8e+07,2.6e+07,1.97e+07,0.421
2011,54170,Ramires,Chelsea,24.27,Midfield,Central Midfield,Brazil,29,22,2,0,0,8,2,1.9e+07,1.4e+07,1.049e+07,0.8116
2011,40611,Ryan Bertrand,Chelsea,21.9,Defender,Left-Back,England,1,0,0,1,0,0,2,,,1.473e+06,
2011,7971,Salomon Kalou,Chelsea,25.9,Attack,Left Winger,Cote d'Ivoire,31,16,10,3,0,6,2,1.4e+07,1.4e+07,1.295e+07,0.08114
2011,7858,Yossi Benayoun,Chelsea,31.15,Attack,Right Winger,Israel,7,1,1,0,0,1,2,8.5e+06,1.1e+07,7.878e+06,0.07898
2011,16760,Yuriy Zhirkov,Chelsea,27.86,Midfield,Left Midfield,Russia,12,6,0,2,0,7,2,9.5e+06,1.3e+07,7.265e+06,0.3076
2011,121257,Adam Forshaw,Everton,19.73,Midfield,Central Midfield,England,1,0,0,0,0,0,7,,,8.043e+05,
2011,124495,Apostolos Vellios,Everton,19.48,Attack,Centre-Forward,Greece,3,0,0,0,0,0,7,5e+05,3e+05,5.847e+05,-0.1448
2011,57079,Jack Rodwell,Everton,20.31,Defender,Centre-Back,England,24,14,0,1,0,0,7,1.3e+07,1.2e+07,3.743e+06,2.473
2011,30471,James Vaughan,Everton,22.96,Attack,Centre-Forward,England  Jamaica,1,0,0,0,0,0,7,1.5e+06,1.5e+06,1.204e+06,0.2457
2011,38874,Jermaine Beckford,Everton,27.56,Attack,Centre-Forward,Jamaica  England,32,14,8,2,0,0,7,4e+06,,4.185e+06,-0.04419
2011,4315,John Heitinga,Everton,27.62,Defender,Centre-Back,Netherlands,27,23,1,0,0,0,7,1e+07,1.2e+07,4.083e+06,1.449
2011,82734,Jose Baxter,Everton,19.39,Midfield,Attacking Midfield,England,1,0,0,0,0,0,7,,7.5e+05,7.296e+05,
2011,13507,Leighton Baines,Everton,26.55,Defender,Left-Back,England,38,38,5,10,0,0,7,1.7e+07,9e+06,1.345e+07,0.2637
2011,3620,Leon Osman,Everton,30.12,Midfield,Central Midfield,England,26,20,4,5,0,0,7,5.5e+06,6.5e+06,6.321e+06,-0.1299
2011,4015,Louis Saha,Everton,32.9,Attack,Centre-Forward,France  Guadeloupe,22,14,6,1,0,0,7,4e+06,8e+06,3.023e+06,0.3234
2011,91956,Magaye Gueye,Everton,20.99,Attack,Centre-Forward,Senegal  France,5,2,0,1,0,0,7,1.5e+06,9e+05,1.357e+06,0.1053
2011,39679,Marouane Fellaini,Everton,23.61,Midfield,Central Midfield,Belgium  Morocco,20,19,1,2,0,0,7,1.9e+07,1.9e+07,5.865e+06,2.24
2011,7451,Mikel Arteta,Everton,29.26,Midfield,Central Midfield,Spain,29,29,3,4,0,0,7,1.5e+07,1.8e+07,7.048e+06,1.128
2011,13520,Phil Jagielka,Everton,28.87,Defender,Centre-Back,England  Poland,33,31,1,0,0,0,7,1.2e+07,1.2e+07,4.35e+06,1.759
2011,3404,Phil Neville,Everton,34.44,Defender,Right-Back,England,31,31,1,1,0,0,7,2.5e+06,4e+06,2.909e+06,-0.1406
2011,4321,Steven Pienaar,Everton,29.29,Midfield,Left Midfield,South Africa,26,23,2,2,0,2,7,9.5e+06,9.5e+06,5.417e+06,0.7537
2011,3356,Sylvain Distin,Everton,33.54,Defender,Centre-Back,France  Guadeloupe,38,38,2,0,0,0,7,4e+06,6e+06,4.965e+06,-0.1943
2011,68390,Séamus Coleman,Everton,22.72,Defender,Right-Back,Ireland,34,25,4,2,0,0,7,7e+06,1e+06,3.447e+06,1.031
2011,13556,Tim Cahill,Everton,31.57,Midfield,Attacking Midfield,Australia  Samoa,27,22,9,4,0,0,7,1.3e+07,1.6e+07,6.476e+06,1.007
2011,4267,Tim Howard,Everton,32.32,Goalkeeper,Goalkeeper,United States  Hungary,38,38,0,0,9,0,7,1e+07,1e+07,5.786e+06,0.7283
2011,3614,Tony Hibbert,Everton,30.36,Defender,Right-Back,England,20,17,0,0,0,0,7,2.5e+06,3e+06,2.646e+06,-0.05506
2011,39532,Victor Anichebe,Everton,23.19,Attack,Centre-Forward,Nigeria  England,16,8,0,0,0,0,7,2.5e+06,2.5e+06,2.018e+06,0.2388
2011,8559,Yakubu Aiyegbeni,Everton,28.61,Attack,Centre-Forward,Nigeria,14,7,1,1,0,0,7,6e+06,1.2e+07,3.881e+06,0.546
2011,3580,Aaron Hughes,Fulham,31.64,Defender,Centre-Back,Northern Ireland,38,38,1,1,0,0,8,5.5e+06,5.5e+06,6.357e+06,-0.1349
2011,13485,Bjørn Helge Riise,Fulham,28.03,Midfield,Central Midfield,Norway,3,0,0,0,0,0,8,1e+06,1.5e+06,9.905e+05,0.009594
2011,4205,Bobby Zamora,Fulham,30.45,Attack,Centre-Forward,England  Trinidad and Tobago,14,9,5,6,0,0,8,8e+06,6.5e+06,7.629e+06,0.04859
2011,31434,Carlos Salcido,Fulham,31.24,Defender,Centre-Back,Mexico,23,22,0,2,0,0,8,3.5e+06,6e+06,2.508e+06,0.3957
2011,4115,Chris Baird,Fulham,29.34,Midfield,Defensive Midfield,Northern Ireland,29,25,2,1,0,0,8,4e+06,3e+06,4.982e+06,-0.1971
2011,27577,Clint Dempsey,Fulham,28.31,Attack,Second Striker,United States,37,35,12,3,0,0,8,1.1e+07,8e+06,9.115e+06,0.2067
2011,3259,Damien Duff,Fulham,32.33,Attack,Right Winger,Ireland,24,22,4,2,0,0,8,3.5e+06,6e+06,5.39e+06,-0.3507
2011,3221,Danny Murphy,Fulham,34.29,Midfield,Central Midfield,England,37,37,0,4,0,0,8,2.5e+06,4e+06,3.37e+06,-0.2583
2011,67339,David Stockdale,Fulham,25.78,Goalkeeper,Goalkeeper,England,7,7,0,0,3,0,8,2.5e+06,7.5e+05,9.777e+05,1.557
2011,14011,Dickson Etuhu,Fulham,29.06,Midfield,Defensive Midfield,Nigeria  England,28,23,2,2,0,0,8,3e+06,3e+06,4.436e+06,-0.3237
2011,6053,Diomansy Kamara,Fulham,30.64,Attack,Right Winger,Senegal  France,10,7,2,0,0,0,8,1.5e+06,2e+06,2.591e+06,-0.4212
2011,38773,Eddie Johnson,Fulham,27.25,Attack,Centre-Forward,United States,11,1,0,0,0,0,8,7.5e+05,1e+06,1.673e+06,-0.5518
2011,3176,Eidur Gudjohnsen,Fulham,32.79,Attack,Centre-Forward,Iceland,14,4,0,1,0,0,8,1.5e+06,3e+06,2.195e+06,-0.3167
2011,74297,Gaël Kakuta,Fulham,20.03,Midfield,Attacking Midfield,DR Congo  France,12,3,1,0,0,5,8,4.5e+06,1.5e+05,3.553e+06,0.2664
2011,3865,Jonathan Greening,Fulham,32.49,Midfield,Central Midfield,England,10,6,0,2,0,0,8,1.5e+06,3e+06,3.855e+06,-0.6108
2011,3357,Mark Schwarzer,Fulham,38.73,Goalkeeper,Goalkeeper,Australia  Germany,31,31,0,0,11,0,8,3e+06,4e+06,3.199e+06,-0.06213
2011,51318,Matthew Briggs,Fulham,20.32,Defender,Centre-Back,Guyana  England,3,3,0,0,0,0,8,1e+06,,1.079e+06,-0.0731
2011,19368,Mousa Dembélé,Fulham,23.96,Midfield,Central Midfield,Belgium  Mali,24,22,3,3,0,0,8,9e+06,7.5e+06,3.643e+06,1.471
2011,4277,Philippe Senderos,Fulham,26.37,Defender,Centre-Back,Switzerland  Spain,3,3,0,0,0,0,8,3e+06,3e+06,2.308e+06,0.3
2011,67815,Rafik Halliche,Fulham,24.83,Defender,Centre-Back,Algeria,1,0,0,0,0,0,8,1e+06,2e+06,4.257e+05,1.349
2011,4056,Simon Davies,Fulham,31.69,Midfield,Right Midfield,Wales,30,25,4,4,0,0,8,3.5e+06,4e+06,6.095e+06,-0.4258
2011,12125,Stephen Kelly,Fulham,27.82,Defender,Right-Back,Ireland,10,8,0,0,0,0,8,1.5e+06,1e+06,1.812e+06,-0.1722
2011,13427,Steve Sidwell,Fulham,28.54,Midfield,Central Midfield,England,16,11,2,1,0,0,8,4e+06,3.5e+06,3.198e+06,0.2507
2011,18324,Zoltán Gera,Fulham,32.19,Midfield,Attacking Midfield,Hungary,27,10,1,1,0,0,8,3e+06,4.5e+06,3.91e+06,-0.2327
2011,1443,Christian Poulsen,Liverpool,31.34,Midfield,Defensive Midfield,Denmark,12,9,0,0,0,7,6,3e+06,5.5e+06,3.702e+06,-0.1896
2011,28285,Dani Pacheco,Liverpool,20.48,Midfield,Defensive Midfield,Spain,1,0,0,0,0,3,6,6e+05,,1.091e+06,-0.4503
2011,22832,Daniel Agger,Liverpool,26.55,Defender,Centre-Back,Denmark,16,12,0,0,0,2,6,1e+07,1.2e+07,3.492e+06,1.864
2011,103819,Danny Wilson,Liverpool,19.51,Defender,Centre-Back,Scotland,2,1,0,0,0,5,6,2e+06,1.5e+06,1.875e+06,0.06676
2011,41242,David Ngog,Liverpool,22.25,Attack,Centre-Forward,France  Cameroon,25,9,2,1,0,7,6,4.5e+06,4.5e+06,4.644e+06,-0.03106
2011,4010,Dirk Kuyt,Liverpool,30.94,Attack,Right Winger,Netherlands,33,32,13,8,0,6,6,1.4e+07,1.7e+07,1.129e+07,0.2397
2011,7767,Fernando Torres,Liverpool,27.28,Attack,Centre-Forward,Spain,37,30,10,5,0,5,6,4.2e+07,5e+07,1.638e+07,1.564
2011,7570,Fábio Aurélio,Liverpool,31.77,Defender,Left-Back,Brazil  Italy,14,7,0,0,0,4,6,3.5e+06,6.5e+06,2.299e+06,0.5225
2011,3881,Glen Johnson,Liverpool,26.85,Defender,Right-Back,England,28,28,2,2,0,5,6,1.5e+07,1.6e+07,6.758e+06,1.22
2011,128909,Jack Robinson,Liverpool,17.83,Defender,Centre-Back,England,2,1,0,0,0,0,6,,,4.232e+05,
2011,3597,Jamie Carragher,Liverpool,33.42,Defender,Centre-Back,England  Malta,28,28,0,0,0,7,6,7e+06,1.4e+07,5.063e+06,0.3827
2011,19981,Javier Mascherano,Liverpool,27.06,Midfield,Defensive Midfield,Argentina  Italy,1,1,0,1,0,11,6,2.5e+07,2.6e+07,8.426e+06,1.967
2011,52111,Jay Spearing,Liverpool,22.6,Midfield,Defensive Midfield,England,11,10,0,1,0,6,6,2e+06,2.5e+05,2.613e+06,-0.2347
2011,3876,Joe Cole,Liverpool,29.64,Midfield,Attacking Midfield,England,20,9,2,1,0,9,6,8e+06,1.7e+07,5.356e+06,0.4938
2011,145922,Jon Flanagan,Liverpool,18.49,Defender,Right-Back,England  Ireland,7,7,0,0,0,0,6,1.5e+06,,1.058e+06,0.4177
2011,71292,Jonjo Shelvey,Liverpool,19.34,Midfield,Central Midfield,England  Ireland,15,0,0,1,0,4,6,2e+06,1e+06,1.874e+06,0.06701
2011,41414,Lucas Leiva,Liverpool,24.47,Midfield,Defensive Midfield,Brazil  Italy,33,32,0,1,0,8,6,1.2e+07,7e+06,7.926e+06,0.514
2011,44352,Luis Suárez,Liverpool,24.43,Attack,Centre-Forward,Uruguay,13,12,4,3,0,5,6,,2.5e+07,1.134e+07,
2011,78959,Martin Kelly,Liverpool,21.18,Defender,Right-Back,England,11,10,0,1,0,6,6,3.5e+06,,2.329e+06,0.5027
2011,24180,Martin Skrtel,Liverpool,26.54,Defender,Centre-Back,Slovakia,38,38,2,1,0,7,6,1.2e+07,1.3e+07,6.076e+06,0.9751
2011,7895,Maxi Rodríguez,Liverpool,30.49,Attack,Left Winger,Argentina  Spain,28,24,10,0,0,4,6,7.5e+06,1e+07,9.387e+06,-0.2011
2011,88983,Nathan Eccleston,Liverpool,20.5,Attack,Centre-Forward,England,1,0,0,0,0,4,6,,,1.338e+06,
2011,3296,Paul Konchesky,Liverpool,30.13,Defender,Left-Back,England,16,16,0,1,0,3,6,2.5e+06,4e+06,5.102e+06,-0.51
2011,7825,Pepe Reina,Liverpool,28.83,Goalkeeper,Goalkeeper,Spain,38,38,0,1,14,9,6,2.2e+07,2.2e+07,1.051e+07,1.093
2011,16135,Ryan Babel,Liverpool,24.53,Attack,Left Winger,Netherlands  Suriname,9,1,1,0,0,4,6,7e+06,6.5e+06,2.876e+06,1.434
2011,9706,Sotiris Kyrgiakos,Liverpool,31.94,Defender,Centre-Back,Greece,16,10,2,1,0,8,6,1.5e+06,3e+06,3.121e+06,-0.5194
2011,3109,Steven Gerrard,Liverpool,31.09,Midfield,Central Midfield,England,21,20,4,6,0,1,6,3e+07,4.2e+07,1.043e+07,1.875
2011,177321,Abdul Razak,Man City,18.63,Midfield,Central Midfield,Cote d'Ivoire,1,0,0,0,0,0,3,,,2.359e+05,
2011,31579,Adam Johnson,Man City,23.96,Attack,Right Winger,England,31,15,4,4,0,6,3,1e+07,8e+06,1.43e+07,-0.3008
2011,46156,Aleksandar Kolarov,Man City,25.64,Defender,Left-Back,Serbia,24,20,1,0,0,5,3,1.5e+07,1.5e+07,1.118e+07,0.342
2011,4276,Carlos Tevez,Man City,27.4,Attack,Centre-Forward,Argentina,31,30,20,6,0,6,3,4e+07,3.4e+07,3.831e+07,0.04403
2011,35518,David Silva,Man City,25.48,Midfield,Attacking Midfield,Spain,35,30,4,8,0,8,3,3.4e+07,3.2e+07,2.409e+07,0.4115
2011,88262,Dedryck Boyata,Man City,20.59,Defender,Centre-Back,Belgium  DR Congo,7,5,0,0,0,5,3,2.5e+06,5e+05,1.917e+06,0.3038
2011,28396,Edin Džeko,Man City,25.29,Attack,Centre-Forward,Bosnia-Herzegovina,15,8,2,1,0,4,3,2.8e+07,3e+07,1.205e+07,1.324
2011,8883,Emmanuel Adebayor,Man City,27.34,Attack,Centre-Forward,Togo  Nigeria,8,2,1,0,0,10,3,1.7e+07,2.3e+07,1.35e+07,0.2593
2011,3291,Gareth Barry,Man City,30.35,Midfield,Defensive Midfield,England,33,31,2,3,0,6,3,1.4e+07,1.7e+07,1.527e+07,-0.08325
2011,3333,James Milner,Man City,25.49,Midfield,Central Midfield,England,33,24,1,5,0,5,3,1.8e+07,2e+07,1.846e+07,-0.02469
2011,40204,Joe Hart,Man City,24.2,Goalkeeper,Goalkeeper,England,38,38,0,0,18,7,3,1.8e+07,9e+06,1.252e+07,0.4379
2011,4241,Joleon Lescott,Man City,28.87,Defender,Centre-Back,England,22,20,3,2,0,6,3,1.5e+07,1.4e+07,9.088e+06,0.6506
2011,26485,Jérôme Boateng,Man City,22.82,Defender,Centre-Back,Germany,16,14,0,0,0,5,3,1.35e+07,1.5e+07,9.378e+06,0.4396
2011,34156,Jô,Man City,24.28,Attack,Centre-Forward,Brazil,12,3,0,0,0,4,3,3.5e+06,7.5e+06,4.172e+06,-0.1611
2011,3202,Kolo Touré,Man City,30.28,Defender,Centre-Back,Cote d'Ivoire  England,22,21,1,0,0,4,3,1.5e+07,1.9e+07,9.676e+06,0.5502
2011,45146,Mario Balotelli,Man City,20.88,Attack,Centre-Forward,Italy  Ghana,17,12,6,1,0,5,3,2.4e+07,2.6e+07,1.224e+07,0.9613
2011,32617,Micah Richards,Man City,23.02,Defender,Right-Back,England  St. Kitts & Nevis,18,16,1,1,0,7,3,1.1e+07,1e+07,7.346e+06,0.4973
2011,4672,Nigel de Jong,Man City,26.58,Midfield,Defensive Midfield,Netherlands  Suriname,32,30,1,0,0,3,3,2.1e+07,1.8e+07,1.107e+07,0.8971
2011,20007,Pablo Zabaleta,Man City,26.45,Defender,Right-Back,Argentina  Spain,26,21,2,2,0,9,3,1.3e+07,1.1e+07,8.225e+06,0.5805
2011,3183,Patrick Vieira,Man City,35.02,Midfield,Defensive Midfield,France  Senegal,15,4,2,1,0,7,3,3.5e+06,5e+06,3.212e+06,0.0898
2011,121416,Reece Wabara,Man City,19.51,Defender,Right-Back,England  Nigeria,1,0,0,0,0,0,3,,5e+04,3.879e+05,
2011,61632,Ryan McGivern,Man City,21.48,Defender,Centre-Back,Northern Ireland,1,0,0,0,0,0,3,,,8.745e+05,
2011,3467,Shaun Wright-Phillips,Man City,29.68,Attack,Right Winger,England  Grenada,7,2,0,0,0,8,3,5.5e+06,1.2e+07,6.38e+06,-0.1379
2011,9594,Vincent Kompany,Man City,25.22,Defender,Centre-Back,Belgium  DR Congo,37,37,0,2,0,6,3,2.5e+07,1.5e+07,1.306e+07,0.9137
2011,13091,Yaya Touré,Man City,28.13,Midfield,Central Midfield,Cote d'Ivoire  England,35,35,6,3,0,7,3,2.9e+07,2.1e+07,1.16e+07,1.501
2011,31645,Anderson,Man United,23.21,Midfield,Central Midfield,Brazil,18,14,1,2,0,6,1,1.9e+07,2e+07,8.586e+06,1.213
2011,33544,Antonio Valencia,Man United,25.91,Defender,Right-Back,Ecuador,10,8,1,2,0,7,1,2.1e+07,1.9e+07,1.423e+07,0.4763
2011,153427,Bebé,Man United,20.97,Attack,Left Winger,Cape Verde  Portugal,2,0,0,0,0,1,1,1.5e+06,1.5e+06,4.402e+05,2.408
2011,50935,Chicharito,Man United,23.08,Attack,Centre-Forward,Mexico,27,15,13,1,0,9,1,1.9e+07,8e+06,1.76e+07,0.07966
2011,103427,Chris Smalling,Man United,21.6,Defender,Centre-Back,England  Jamaica,16,11,0,0,0,9,1,8e+06,3e+06,6.75e+06,0.1851
2011,3547,Darren Fletcher,Man United,27.41,Midfield,Central Midfield,Scotland,26,24,2,6,0,7,1,2e+07,2.2e+07,1.924e+07,0.03948
2011,42413,Darron Gibson,Man United,23.68,Midfield,Central Midfield,Ireland  Northern Ireland,12,6,0,1,0,3,1,3.5e+06,3.5e+06,3.925e+06,-0.1082
2011,65,Dimitar Berbatov,Man United,30.41,Attack,Centre-Forward,Bulgaria,32,24,20,4,0,7,1,2.4e+07,2.5e+07,2.8e+07,-0.143
2011,3516,Edwin van der Sar,Man United,40.67,Goalkeeper,Goalkeeper,Netherlands,33,33,0,0,14,10,1,3.5e+06,4e+06,5.145e+06,-0.3198
2011,61887,Federico Macheda,Man United,19.86,Attack,Centre-Forward,Italy,7,2,1,0,0,2,1,2.8e+06,,3.223e+06,-0.1313
2011,61891,Fábio,Man United,20.98,Defender,Right-Back,Brazil  Portugal,11,5,1,0,0,7,1,8e+06,2.5e+06,4.017e+06,0.9913
2011,43261,Gabriel Obertan,Man United,22.34,Attack,Right Winger,France  Guadeloupe,6,3,0,0,0,3,1,3e+06,3.5e+06,3.459e+06,-0.1327
2011,3403,Gary Neville,Man United,36.36,Defender,Right-Back,England,3,3,0,0,0,0,1,,2.5e+06,1.526e+06,
2011,4592,Ji-sung Park,Man United,30.34,Midfield,Attacking Midfield,"Korea, South",15,13,5,3,0,9,1,1.1e+07,1.2e+07,1.16e+07,-0.0515
2011,3540,John Oshea,Man United,30.17,Defender,Centre-Back,Ireland,21,18,0,3,0,6,1,5.5e+06,7e+06,7.711e+06,-0.2867
2011,42412,Jonny Evans,Man United,23.49,Defender,Centre-Back,Northern Ireland,13,11,0,0,0,3,1,7e+06,1e+07,6.073e+06,0.1527
2011,3878,Michael Carrick,Man United,29.92,Midfield,Defensive Midfield,England,28,23,0,0,0,11,1,1.6e+07,2.3e+07,1.587e+07,0.008494
2011,1397,Michael Owen,Man United,31.55,Attack,Centre-Forward,England,11,1,2,0,0,2,1,5e+06,8.5e+06,5.28e+06,-0.05301
2011,33706,Nani,Man United,24.62,Attack,Left Winger,Portugal  Cape Verde,33,31,9,17,0,12,1,2.9e+07,1.7e+07,2.553e+07,0.1357
2011,19726,Nemanja Vidic‎,Man United,29.69,Defender,Centre-Back,Serbia,35,35,5,1,0,9,1,3.7e+07,3.5e+07,1.414e+07,1.617
2011,201,Owen Hargreaves,Man United,30.44,Midfield,Defensive Midfield,England  Canada,1,1,0,0,0,0,1,2e+06,9e+06,1.907e+06,0.04856
2011,5285,Patrice Evra,Man United,30.13,Defender,Left-Back,France  Senegal,35,34,1,2,0,10,1,2.5e+07,2.7e+07,1.462e+07,0.7095
2011,3397,Paul Scholes,Man United,36.62,Midfield,Central Midfield,England,22,16,1,4,0,7,1,4.5e+06,5e+06,4.58e+06,-0.01739
2011,61892,Rafael,Man United,20.98,Defender,Right-Back,Brazil  Portugal,16,15,0,1,0,7,1,1e+07,6e+06,7.657e+06,0.306
2011,3235,Rio Ferdinand,Man United,32.65,Defender,Centre-Back,England,19,19,0,0,0,7,1,1.4e+07,2.3e+07,7.471e+06,0.8739
2011,3406,Ryan Giggs,Man United,37.59,Midfield,Left Midfield,Wales,25,19,2,7,0,8,1,3.5e+06,6e+06,5.724e+06,-0.3885
2011,1320,Tomasz Kuszczak,Man United,29.28,Goalkeeper,Goalkeeper,Poland  England,5,5,0,0,1,2,1,2.5e+06,3.5e+06,2.087e+06,0.1977
2011,3332,Wayne Rooney,Man United,25.68,Attack,Centre-Forward,England,28,25,11,11,0,9,1,5.4e+07,5.5e+07,4.821e+07,0.12
2011,3405,Wes Brown,Man United,31.72,Defender,Centre-Back,England,7,4,0,0,0,2,1,4.5e+06,7.5e+06,4.329e+06,0.03959
2011,3768,Alan Smith,Newcastle,30.67,Midfield,Central Midfield,England,11,7,0,0,0,0,14,2e+06,3.5e+06,2.393e+06,-0.1643
2011,48066,Andy Carroll,Newcastle,22.48,Attack,Centre-Forward,England,26,23,13,8,0,2,14,2e+07,2.5e+06,8.184e+06,1.444
2011,44983,Dan Gosling,Newcastle,21.41,Midfield,Central Midfield,England,1,0,0,0,0,0,14,2e+06,3e+06,5.714e+05,2.5
2011,16716,Danny Guthrie,Newcastle,24.2,Midfield,Central Midfield,England,14,11,0,1,0,0,14,3e+06,4.5e+06,3.657e+06,-0.1796
2011,37442,Danny Simpson,Newcastle,24.49,Defender,Right-Back,England  Jamaica,30,30,0,0,0,0,14,3.5e+06,1.5e+06,2.675e+06,0.3086
2011,6150,Fabricio Coloccini,Newcastle,29.44,Defender,Centre-Back,Argentina  Italy,35,35,2,0,0,0,14,6.5e+06,6e+06,4.977e+06,0.3061
2011,49409,James Perch,Newcastle,25.75,Defender,Centre-Back,England  Jamaica,13,9,0,0,0,0,14,1.5e+06,1e+06,1.384e+06,0.08411
2011,35571,José Enrique,Newcastle,25.43,Defender,Left-Back,Spain,36,36,0,3,0,0,14,7.5e+06,4.5e+06,3.947e+06,0.9002
2011,52576,Kazenga LuaLua,Newcastle,20.56,Attack,Left Winger,DR Congo  England,2,0,0,0,0,0,14,5e+05,5e+05,6.164e+05,-0.1888
2011,3950,Kevin Nolan,Newcastle,29.02,Midfield,Attacking Midfield,England,30,30,12,2,0,0,14,6.5e+06,6.5e+06,8.542e+06,-0.239
2011,28244,Leon Best,Newcastle,24.78,Attack,Centre-Forward,Ireland  England,11,9,6,1,0,0,14,2e+06,7.5e+05,3.73e+06,-0.4638
2011,10642,Mike Williamson,Newcastle,27.64,Defender,Centre-Back,England,29,28,0,3,0,0,14,4e+06,1.5e+06,3.088e+06,0.2952
2011,9620,Peter Løvenkrands,Newcastle,31.42,Attack,Centre-Forward,Denmark,25,18,6,4,0,0,14,2.5e+06,2e+06,4.206e+06,-0.4056
2011,33785,Ryan Taylor,Newcastle,26.86,Defender,Right-Back,England,5,3,0,1,0,0,14,1.5e+06,2e+06,2.065e+06,-0.2736
2011,92381,Sammy Ameobi,Newcastle,19.16,Attack,Left Winger,England  Nigeria,1,0,0,0,0,0,14,,,9.85e+04,
2011,62052,Shane Ferguson,Newcastle,19.97,Midfield,Left Midfield,Northern Ireland,7,3,0,0,0,0,14,5e+05,,4.539e+05,0.1015
2011,12398,Shefki Kuqi,Newcastle,34.64,Attack,Centre-Forward,Finland  Kosovo,6,0,0,0,0,0,14,5e+05,9e+05,1.181e+06,-0.5766
2011,3198,Sol Campbell,Newcastle,36.78,Defender,Centre-Back,England  Jamaica,7,4,0,0,0,0,14,1e+06,1.5e+06,8.493e+05,0.1774
2011,33027,Tim Krul,Newcastle,23.24,Goalkeeper,Goalkeeper,Netherlands,21,20,0,0,4,0,14,3e+06,1e+06,2.788e+06,0.07623
2011,14066,Wayne Routledge,Newcastle,26.48,Attack,Left Winger,England  Jamaica,17,10,0,1,0,0,14,3e+06,1.5e+06,5.364e+06,-0.4407
2011,34564,Xisco,Newcastle,25.01,Attack,Centre-Forward,Spain,2,0,0,1,0,0,14,1.5e+06,2e+06,1.561e+06,-0.03902
2011,6107,Abdoulaye Faye,Stoke,33.34,Defender,Centre-Back,Senegal  France,14,12,1,0,0,0,13,1.5e+06,3.5e+06,2.295e+06,-0.3463
2011,13616,Andy Wilkinson,Stoke,26.9,Defender,Right-Back,England,22,21,0,1,0,0,13,2.5e+06,2.5e+06,3.107e+06,-0.1953
2011,33873,Asmir Begovic,Stoke,24.03,Goalkeeper,Goalkeeper,Bosnia-Herzegovina  Canada,28,28,0,0,8,0,13,4e+06,2e+06,4.713e+06,-0.1513
2011,26183,Danny Collins,Stoke,30.9,Defender,Centre-Back,Wales  England,25,23,0,0,0,0,13,3.5e+06,3.5e+06,3.428e+06,0.02086
2011,3686,Danny Higginbotham,Stoke,32.5,Defender,Centre-Back,Gibraltar  England,10,9,2,0,0,0,13,1.5e+06,3e+06,3.58e+06,-0.581
2011,3546,Danny Pugh,Stoke,28.7,Defender,Left-Back,England,10,5,0,0,0,0,13,1.5e+06,1.5e+06,8.611e+05,0.7419
2011,13683,Dean Whitehead,Stoke,29.46,Midfield,Central Midfield,England,37,31,2,0,0,0,13,4e+06,3.5e+06,4.133e+06,-0.03224
2011,12124,Glenn Whelan,Stoke,27.46,Midfield,Defensive Midfield,Ireland,29,14,0,1,0,0,13,3.5e+06,3.5e+06,4.123e+06,-0.1511
2011,3195,Jermaine Pennant,Stoke,28.46,Attack,Right Winger,England  Jamaica,29,26,3,6,0,0,13,4e+06,2.5e+06,6.099e+06,-0.3441
2011,3306,Jonathan Walters,Stoke,27.78,Attack,Right Winger,Ireland  England,36,27,6,2,0,0,13,4e+06,,3.817e+06,0.04807
2011,28245,Kenwyne Jones,Stoke,26.74,Attack,Centre-Forward,Trinidad and Tobago,34,33,9,0,0,0,13,9e+06,1e+07,8.198e+06,0.09789
2011,14069,Mamady Sidibé,Stoke,31.53,Attack,Centre-Forward,Mali  France,2,0,0,0,0,0,13,1.5e+06,2.5e+06,2.386e+06,-0.3713
2011,30456,Marc Wilson,Stoke,23.87,Defender,Centre-Back,Ireland  Northern Ireland,28,21,1,1,0,0,13,3.5e+06,2.5e+06,5.025e+06,-0.3035
2011,3788,Matthew Etherington,Stoke,29.88,Midfield,Left Midfield,England,32,30,5,8,0,0,13,7e+06,5.5e+06,7.903e+06,-0.1142
2011,13544,Michael Tonge,Stoke,28.23,Midfield,Central Midfield,England,2,0,0,0,0,0,13,5e+05,5e+05,1.325e+06,-0.6226
2011,2998,Robert Huth,Stoke,26.87,Defender,Centre-Back,Germany,35,35,6,3,0,0,13,8e+06,5e+06,8.809e+06,-0.09186
2011,4112,Rory Delap,Stoke,34.98,Midfield,Central Midfield,Ireland  England,37,33,2,1,0,0,13,1.5e+06,3e+06,2.749e+06,-0.4543
2011,45861,Ryan Shawcross,Stoke,23.74,Defender,Centre-Back,England  Wales,36,36,1,0,0,0,13,8.5e+06,7e+06,8.074e+06,0.05276
2011,92109,Ryan Shotton,Stoke,22.75,Defender,Centre-Back,England,2,0,0,0,0,0,13,5e+04,,1.044e+06,-0.9521
2011,3600,Salif Diao,Stoke,34.38,Midfield,Defensive Midfield,Senegal  France,8,3,0,0,0,0,13,5e+05,1e+06,1.417e+06,-0.6471
2011,3473,Thomas Sörensen,Stoke,35.05,Goalkeeper,Goalkeeper,Denmark,10,10,0,0,1,0,13,2.5e+06,4e+06,1.81e+06,0.3812
2011,6934,Tuncay Şanlı,Stoke,29.45,Attack,Left Winger,Türkiye,14,5,1,2,0,0,13,3e+06,6.5e+06,3.61e+06,-0.1689
2011,66333,Ahmed El Mohamady,Sunderland,23.81,Defender,Right-Back,Egypt,36,26,0,2,0,0,11,5.5e+06,2e+06,3.741e+06,0.4702
2011,3698,Anton Ferdinand,Sunderland,26.36,Defender,Centre-Back,England  St. Lucia,27,23,0,0,0,0,11,4.5e+06,4.5e+06,4.589e+06,-0.01941
2011,26802,Asamoah Gyan,Sunderland,25.6,Attack,Centre-Forward,Ghana,31,20,10,4,0,0,11,1.2e+07,1.1e+07,9.37e+06,0.2806
2011,12589,Craig Gordon,Sunderland,28.5,Goalkeeper,Goalkeeper,Scotland,15,15,0,0,5,0,11,6.5e+06,5.5e+06,2.856e+06,1.276
2011,67063,Danny Welbeck,Sunderland,20.59,Attack,Centre-Forward,England  Ghana,26,21,6,1,0,0,11,6e+06,2.5e+06,4.567e+06,0.3137
2011,13239,Darren Bent,Sunderland,27.4,Attack,Centre-Forward,England  Jamaica,36,36,17,1,0,0,11,2.1e+07,1.8e+07,1.21e+07,0.7354
2011,68183,David Meyler,Sunderland,22.09,Midfield,Central Midfield,Ireland,5,4,0,0,0,0,11,1.5e+06,1e+06,1.041e+06,0.441
2011,42411,Fraizer Campbell,Sunderland,23.8,Attack,Centre-Forward,England  Jamaica,3,3,0,0,0,0,11,3e+06,4e+06,3.869e+06,-0.2247
2011,61644,Jack Colback,Sunderland,21.68,Midfield,Defensive Midfield,England,11,6,0,0,0,0,11,1.5e+06,6.5e+05,1.961e+06,-0.2353
2011,61646,Jordan Cook,Sunderland,21.28,Attack,Centre-Forward,England,3,0,0,0,0,0,11,2.5e+05,,6.669e+05,-0.6251
2011,61651,Jordan Henderson,Sunderland,21.04,Midfield,Defensive Midfield,England,37,37,3,3,0,0,11,1.3e+07,4e+06,6.032e+06,1.155
2011,3548,Kieran Richardson,Sunderland,26.69,Defender,Left-Back,England,26,23,4,3,0,0,11,6e+06,5.5e+06,5.194e+06,0.1552
2011,110865,Louis Laing,Sunderland,18.32,Defender,Centre-Back,England,1,0,0,0,0,0,11,,,9.034e+04,
2011,27448,Marcos Angeleri,Sunderland,28.23,Defender,Right-Back,Argentina  Italy,2,0,0,0,0,0,11,2e+06,3.5e+06,5.349e+05,2.739
2011,61674,Martyn Waghorn,Sunderland,21.43,Attack,Centre-Forward,England,2,0,0,0,0,0,11,,9e+05,1.298e+06,
2011,28810,Nedum Onuoha,Sunderland,24.63,Defender,Centre-Back,England  Nigeria,31,31,1,1,0,0,11,7.5e+06,4.5e+06,5.215e+06,0.4383
2011,38800,Paulo da Silva,Sunderland,31.41,Defender,Centre-Back,Paraguay,1,1,0,0,0,0,11,2e+06,2.5e+06,1.293e+06,0.5467
2011,15773,Phil Bardsley,Sunderland,26.01,Defender,Right-Back,Scotland  England,34,32,3,2,0,0,11,6e+06,3e+06,4.552e+06,0.3182
2011,121340,Ryan Noble,Sunderland,20.05,Attack,Centre-Forward,England,3,0,0,0,0,0,11,2.5e+05,5e+04,7.579e+05,-0.6701
2011,50219,Simon Mignolet,Sunderland,23.32,Goalkeeper,Goalkeeper,Belgium,23,23,0,0,8,0,11,5e+06,2.5e+06,2.943e+06,0.6991
2011,3569,Steed Malbranque,Sunderland,31.48,Midfield,Central Midfield,France  Belgium,35,24,0,3,0,0,11,3e+06,7e+06,5.203e+06,-0.4234
2011,37157,Stéphane Sessègnon,Sunderland,27.08,Midfield,Attacking Midfield,Benin,14,13,3,2,0,5,11,8.5e+06,1e+07,1.127e+07,-0.246
2011,17129,Sulley Muntari,Sunderland,26.84,Midfield,Central Midfield,Ghana,9,7,0,2,0,3,11,8e+06,1.25e+07,5.406e+06,0.4797
2011,14221,Aaron Lennon,Tottenham,24.21,Attack,Right Winger,England  Ireland,34,25,3,3,0,9,5,2.1e+07,2.1e+07,1.529e+07,0.373
2011,9619,Alan Hutton,Tottenham,26.58,Defender,Right-Back,Scotland,21,19,2,1,0,4,5,7.5e+06,5e+06,6.039e+06,0.2419
2011,18310,Benoît Assou-Ekotto,Tottenham,27.27,Defender,Left-Back,Cameroon  France,30,30,0,0,0,10,5,9.5e+06,7e+06,1.019e+07,-0.0675
2011,3151,Carlo Cudicini,Tottenham,37.82,Goalkeeper,Goalkeeper,Italy,8,8,0,0,1,3,5,7.5e+05,1e+06,1.35e+06,-0.4446
2011,50174,Danny Rose,Tottenham,21,Defender,Left-Back,England  Jamaica,4,4,0,1,0,0,5,1.5e+06,,1.301e+06,0.1531
2011,39381,Gareth Bale,Tottenham,21.96,Attack,Right Winger,Wales,30,29,7,2,0,9,5,2.5e+07,1e+07,1.608e+07,0.5549
2011,44674,Giovani dos Santos,Tottenham,22.14,Attack,Second Striker,Mexico  Spain,3,0,0,0,0,0,5,5e+06,4.5e+06,9.988e+05,4.006
2011,19059,Heurelho Gomes,Tottenham,30.37,Goalkeeper,Goalkeeper,Brazil,30,30,0,0,7,8,5,8e+06,1e+07,1.243e+07,-0.3562
2011,3875,Jermain Defoe,Tottenham,28.73,Attack,Centre-Forward,England  St. Lucia,22,16,4,2,0,4,5,1.5e+07,1.8e+07,1.785e+07,-0.1594
2011,3461,Jermaine Jenas,Tottenham,28.36,Midfield,Central Midfield,England,19,14,0,1,0,8,5,7e+06,9e+06,7.803e+06,-0.1029
2011,3360,Ledley King,Tottenham,30.72,Defender,Centre-Back,England  Antigua and Barbuda,6,6,0,0,0,2,5,5e+06,8e+06,3.969e+06,0.2598
2011,27992,Luka Modrić,Tottenham,25.81,Midfield,Central Midfield,Croatia,32,32,3,1,0,8,5,3.3e+07,2.2e+07,1.213e+07,1.721
2011,9988,Michael Dawson,Tottenham,27.62,Defender,Centre-Back,England,24,24,1,0,0,4,5,1.2e+07,1e+07,1.521e+07,-0.2109
2011,16746,Niko Kranjcar,Tottenham,26.88,Midfield,Attacking Midfield,Croatia,13,2,2,0,0,4,5,8e+06,1.3e+07,9.366e+06,-0.1458
2011,4072,Peter Crouch,Tottenham,30.41,Attack,Centre-Forward,England  Ireland,34,20,4,10,0,9,5,1e+07,1.2e+07,1.408e+07,-0.2897
2011,4192,Rafael van der Vaart,Tottenham,28.38,Midfield,Attacking Midfield,Netherlands  Spain,28,28,13,9,0,7,5,2.2e+07,1.5e+07,2.347e+07,-0.06252
2011,15072,Roman Pavlyuchenko,Tottenham,29.54,Attack,Centre-Forward,Russia,29,18,10,4,0,6,5,8.5e+06,8e+06,9.307e+06,-0.08673
2011,74590,Sandro,Tottenham,22.29,Midfield,Central Midfield,Brazil  Portugal,19,11,1,0,0,4,5,1.1e+07,9e+06,4.3e+06,1.558
2011,33951,Sébastien Bassong,Tottenham,24.98,Defender,Centre-Back,Cameroon  France,12,7,1,0,0,4,5,6.5e+06,9e+06,7.284e+06,-0.1077
2011,13465,Tom Huddlestone,Tottenham,24.51,Midfield,Defensive Midfield,England,14,13,2,2,0,5,5,1.2e+07,1.2e+07,1.585e+07,-0.2429
2011,34393,Vedran Corluka,Tottenham,25.4,Defender,Centre-Back,Croatia,15,13,0,1,0,6,5,1e+07,1.5e+07,9.733e+06,0.02741
2011,3156,William Gallas,Tottenham,33.87,Defender,Centre-Back,France  Guadeloupe,27,26,0,0,0,8,5,4.5e+06,9e+06,7.885e+06,-0.4293
2011,58361,Wilson Palacios,Tottenham,26.92,Midfield,Defensive Midfield,Honduras,21,16,0,0,0,6,5,1.1e+07,1.6e+07,9.348e+06,0.1767
2011,27114,Younès Kaboul,Tottenham,25.49,Defender,Centre-Back,France  Morocco,21,19,1,1,0,3,5,8e+06,6e+06,9.573e+06,-0.1643
2011,5315,Abdoulaye Méïté,West Brom,30.73,Defender,Centre-Back,Cote d'Ivoire  France,10,10,0,0,0,0,10,1.5e+06,3e+06,1.966e+06,-0.2369
2011,3838,Boaz Myhill,West Brom,28.64,Goalkeeper,Goalkeeper,Wales  United States,6,6,0,0,0,0,10,2e+06,3e+06,2.946e+06,-0.321
2011,35773,Carlos Vela,West Brom,22.33,Attack,Right Winger,Mexico  Spain,12,3,3,1,0,4,10,4.5e+06,5e+06,3.959e+06,0.1366
2011,36814,Chris Brunt,West Brom,26.54,Midfield,Central Midfield,Northern Ireland,34,34,4,10,0,0,10,7.5e+06,5e+06,6.601e+06,0.1363
2011,108725,Chris Wood,West Brom,19.56,Attack,Centre-Forward,New Zealand,1,0,0,0,0,0,10,7.5e+05,7.5e+05,7.047e+05,0.06422
2011,6893,Gabriel Tamaș,West Brom,27.64,Defender,Centre-Back,Romania,26,22,0,0,0,0,10,3e+06,3.5e+06,2.494e+06,0.203
2011,128910,George Thorne,West Brom,18.49,Midfield,Central Midfield,England,1,0,0,0,0,0,10,5e+04,5e+04,1.307e+05,-0.6173
2011,37236,Giles Barnes,West Brom,22.9,Attack,Centre-Forward,Jamaica  England,14,1,0,0,0,0,10,1e+06,1e+06,1.274e+06,-0.2149
2011,40429,Gonzalo Jara,West Brom,25.84,Defender,Centre-Back,Chile,29,24,1,1,0,0,10,3e+06,1.5e+06,3.329e+06,-0.09885
2011,36608,Graham Dorrans,West Brom,24.16,Midfield,Central Midfield,Scotland,21,16,1,1,0,0,10,3e+06,2e+06,2.879e+06,0.04203
2011,38776,Ishmael Miller,West Brom,24.32,Attack,Centre-Forward,England,6,0,0,0,0,0,10,2e+06,3e+06,1.324e+06,0.5105
2011,110863,James Hurst,West Brom,19.41,Defender,Centre-Back,England,1,1,0,0,0,0,10,5e+04,,8.247e+05,-0.9394
2011,27614,James Morrison,West Brom,25.1,Midfield,Central Midfield,Scotland  England,31,26,4,3,0,0,10,4e+06,3.5e+06,6.556e+06,-0.3899
2011,3560,Jerome Thomas,West Brom,28.27,Attack,Left Winger,England  Guyana,33,32,3,6,0,0,10,3.5e+06,1e+06,4.752e+06,-0.2634
2011,25248,Jonas Olsson,West Brom,28.31,Defender,Centre-Back,Sweden,24,24,1,3,0,0,10,2.5e+06,2e+06,3.125e+06,-0.2001
2011,5652,Marc-Antoine Fortuné,West Brom,30,Attack,Centre-Forward,French Guiana  France,25,14,2,1,0,0,10,3e+06,4.5e+06,3.022e+06,-0.007155
2011,21354,Marek Cech,West Brom,28.43,Defender,Left-Back,Slovakia,15,14,0,1,0,0,10,2e+06,2e+06,1.806e+06,0.1074
2011,13426,Nicky Shorey,West Brom,30.36,Defender,Left-Back,England,28,25,0,1,0,0,10,3e+06,3.5e+06,4.031e+06,-0.2558
2011,8116,Pablo Ibáñez,West Brom,29.91,Defender,Centre-Back,Spain,10,8,1,0,0,0,10,2e+06,3e+06,2.645e+06,-0.2438
2011,2953,Paul Scharner,West Brom,31.3,Midfield,Defensive Midfield,Austria,33,33,4,1,0,0,10,4e+06,,4.372e+06,-0.08511
2011,12516,Peter Odemwingie,West Brom,29.96,Attack,Centre-Forward,Nigeria  Russia,32,29,15,7,0,0,10,8e+06,5.5e+06,7.661e+06,0.04429
2011,26898,Roman Bednar,West Brom,28.27,Attack,Centre-Forward,Czech Republic,4,1,0,0,0,0,10,1e+06,2.5e+06,1.686e+06,-0.4069
2011,14555,Scott Carson,West Brom,25.82,Goalkeeper,Goalkeeper,England,32,32,0,1,2,0,10,3.1e+06,3.5e+06,4.795e+06,-0.3535
2011,37150,Simon Cox,West Brom,24.18,Attack,Centre-Forward,Ireland  England,19,8,1,1,0,0,10,1.5e+06,1.5e+06,2.319e+06,-0.3533
2011,37058,Somen Tchoyi,West Brom,28.26,Midfield,Attacking Midfield,Cameroon,23,7,6,1,0,0,10,4e+06,3.5e+06,3.613e+06,0.107
2011,7330,Steven Reid,West Brom,30.31,Defender,Right-Back,Ireland  England,23,13,1,6,0,0,10,2.5e+06,2.5e+06,2.581e+06,-0.03132
2011,45272,Youssouf Mulumbu,West Brom,24.43,Midfield,Defensive Midfield,DR Congo  France,34,34,6,0,0,0,10,5e+06,1e+06,4.553e+06,0.09814
2011,23197,Alessandro Diamanti,West Ham,28.16,Midfield,Attacking Midfield,Italy,1,0,0,0,0,0,20,4e+06,4e+06,2.283e+06,0.752
2011,3091,Benni McCarthy,West Ham,33.63,Attack,Centre-Forward,South Africa,6,0,0,0,0,0,20,1e+06,3.5e+06,1.247e+06,-0.198
2011,3179,Carlton Cole,West Ham,27.72,Attack,Centre-Forward,England  Sierra Leone,35,21,5,2,0,0,20,6e+06,8.5e+06,4.992e+06,0.2019
2011,12709,Danny Gabbidon,West Ham,31.9,Defender,Centre-Back,Wales  Jamaica,26,24,0,0,0,0,20,1e+06,1e+06,1.999e+06,-0.4998
2011,40205,Demba Ba,West Ham,26.1,Attack,Centre-Forward,Senegal  France,12,10,7,0,0,0,20,7.5e+06,7.5e+06,5.994e+06,0.2513
2011,119123,Frank Nouble,West Ham,19.77,Attack,Centre-Forward,England  Cote d'Ivoire,2,0,0,0,0,0,20,1e+06,1e+06,8.738e+05,0.1444
2011,70714,Freddie Sears,West Ham,21.59,Attack,Second Striker,England,11,9,1,0,0,0,20,2e+06,1e+06,2.368e+06,-0.1553
2011,5683,Frédéric Piquionne,West Ham,32.56,Attack,Centre-Forward,Martinique  France,34,26,6,4,0,0,20,3e+06,3e+06,4.887e+06,-0.3862
2011,3995,Gary Oneil,West Ham,28.12,Midfield,Central Midfield,England,8,7,0,1,0,0,20,2.5e+06,4e+06,1.894e+06,0.3198
2011,17432,Hérita Ilunga,West Ham,29.34,Defender,Left-Back,DR Congo  France,11,10,0,0,0,0,20,2.5e+06,5e+06,2.35e+06,0.06379
2011,61568,Jack Collison,West Ham,22.74,Midfield,Central Midfield,Wales  England,3,2,0,0,0,0,20,4e+06,4e+06,1.442e+06,1.774
2011,61592,James Tomkins,West Ham,22.26,Defender,Centre-Back,England,19,18,1,1,0,0,20,4e+06,3.5e+06,4.254e+06,-0.05962
2011,24637,Jonathan Spector,West Ham,25.33,Defender,Centre-Back,United States  Germany,14,10,1,1,0,0,20,2.5e+06,2e+06,3.192e+06,-0.2169
2011,61588,Jordan Spence,West Ham,21.1,Defender,Right-Back,England,2,2,0,0,0,0,20,5e+05,3e+05,6.584e+05,-0.2406
2011,18093,Julien Faubert,West Ham,27.92,Defender,Right-Back,Martinique  France,9,7,0,0,0,0,20,2.5e+06,5e+06,2.122e+06,0.1782
2011,87672,Junior Stanislas,West Ham,21.59,Attack,Left Winger,England  St. Lucia,6,4,1,1,0,0,20,2.5e+06,3e+06,2.517e+06,-0.00674
2011,3118,Kieron Dyer,West Ham,32.5,Midfield,Right Midfield,England  Antigua and Barbuda,11,8,0,0,0,0,20,1.5e+06,3e+06,2.077e+06,-0.278
2011,1423,Lars Jacobsen,West Ham,31.78,Defender,Right-Back,Denmark,24,22,0,0,0,0,20,1.5e+06,2e+06,2.033e+06,-0.2621
2011,3422,Luís Boa Morte,West Ham,33.91,Midfield,Left Midfield,Portugal  Sao Tome and Principe,22,19,0,2,0,0,20,1e+06,1.5e+06,2.18e+06,-0.5413
2011,37398,Manuel da Costa,West Ham,25.15,Defender,Centre-Back,Morocco  Portugal,16,14,1,0,0,0,20,3e+06,3e+06,3.357e+06,-0.1063
2011,31835,Mark Noble,West Ham,24.15,Midfield,Central Midfield,England  Ireland,26,25,4,3,0,0,20,7e+06,7.5e+06,8.266e+06,-0.1531
2011,3273,Matthew Upson,West Ham,32.2,Defender,Centre-Back,England,30,30,0,0,0,0,20,5e+06,8.5e+06,3.542e+06,0.4115
2011,51079,Pablo Barrera,West Ham,24.03,Attack,Right Winger,Mexico,14,6,0,0,0,0,20,2.5e+06,3.5e+06,1.418e+06,0.7632
2011,9702,Radoslav Kovac,West Ham,31.59,Defender,Centre-Back,Czech Republic,13,7,0,1,0,0,20,1.5e+06,4e+06,2.631e+06,-0.43
2011,11680,Rob Green,West Ham,31.45,Goalkeeper,Goalkeeper,England,37,37,0,1,5,0,20,6.5e+06,7.5e+06,5.701e+06,0.1401
2011,3144,Robbie Keane,West Ham,30.98,Attack,Centre-Forward,Ireland,16,7,2,1,0,4,20,5.5e+06,1e+07,4.977e+06,0.1051
2011,31336,Ruud Boffin,West Ham,23.65,Goalkeeper,Goalkeeper,Belgium,1,1,0,0,0,0,20,5e+05,,4.806e+05,0.0403
2011,3785,Scott Parker,West Ham,30.71,Midfield,Central Midfield,England,32,30,5,2,0,0,20,1.4e+07,1.2e+07,5.009e+06,1.795
2011,20714,Tal Ben Haim,West Ham,29.25,Defender,Centre-Back,Israel,8,8,0,1,0,0,20,,3e+06,2.336e+06,
2011,1573,Thomas Hitzlsperger,West Ham,29.24,Midfield,Central Midfield,Germany,11,11,2,4,0,0,20,4e+06,5.5e+06,4.381e+06,-0.08693
2011,21905,Valon Behrami,West Ham,26.2,Midfield,Central Midfield,Switzerland  Kosovo,7,6,2,0,0,0,20,8e+06,8e+06,3.074e+06,1.602
2011,35852,Victor Obinna,West Ham,24.27,Attack,Second Striker,Nigeria  Italy,25,17,3,4,0,0,20,4e+06,4e+06,5.838e+06,-0.3148
2011,3682,Wayne Bridge,West Ham,30.9,Defender,Left-Back,England,18,16,0,2,0,4,20,4e+06,6e+06,2.761e+06,0.4486
2011,37526,Winston Reid,West Ham,22.99,Defender,Centre-Back,New Zealand  Denmark,7,3,0,0,0,0,20,1.5e+06,1.5e+06,1.013e+06,0.4805
2011,67081,Zavon Hines,West Ham,22.51,Attack,Right Winger,Jamaica  England,9,4,0,0,0,0,20,1.5e+06,2e+06,8.36e+05,0.7943
2011,44966,Adrián López,Wigan,24.34,Defender,Centre-Back,Spain,1,1,0,0,0,0,16,5e+05,5e+05,8.519e+05,-0.4131
2011,26633,Ali Al-Habsi,Wigan,29.5,Goalkeeper,Goalkeeper,Oman,34,34,0,0,7,0,16,3.5e+06,7.5e+05,2.915e+06,0.2007
2011,14259,Antolín Alcaraz,Wigan,28.92,Defender,Centre-Back,Paraguay  Italy,34,34,1,0,0,0,16,4.5e+06,3.5e+06,2.729e+06,0.6489
2011,14081,Ben Watson,Wigan,25.98,Midfield,Central Midfield,England,29,23,3,1,0,0,16,4e+06,1.5e+06,3.552e+06,0.126
2011,61711,Callum McManaman,Wigan,20.18,Attack,Right Winger,England  Ireland,3,0,0,0,0,0,16,,,8.146e+05,
2011,22165,Charles Nzogbia,Wigan,25.09,Attack,Right Winger,France  DR Congo,34,32,9,9,0,0,16,1.2e+07,7.5e+06,1.061e+07,0.1308
2011,3219,Chris Kirkland,Wigan,30.16,Goalkeeper,Goalkeeper,England,4,4,0,0,0,0,16,3e+06,5.5e+06,2.827e+06,0.06121
2011,68331,Conor Sammon,Wigan,24.65,Attack,Centre-Forward,Ireland,7,1,1,0,0,0,16,7.5e+05,3e+05,1.618e+06,-0.5365
2011,19641,Emmerson Boyce,Wigan,31.77,Defender,Right-Back,Barbados  England,22,20,0,1,0,0,16,2e+06,3.5e+06,2.812e+06,-0.2887
2011,59783,Franco Di Santo,Wigan,22.23,Attack,Centre-Forward,Argentina  Italy,25,9,1,3,0,0,16,2.5e+06,2.5e+06,2.781e+06,-0.1012
2011,3791,Gary Caldwell,Wigan,29.22,Defender,Centre-Back,Scotland,23,23,0,1,0,0,16,3.5e+06,4e+06,2.747e+06,0.2743
2011,62275,Hendry Thomas,Wigan,26.35,Midfield,Defensive Midfield,Honduras,24,22,0,0,0,0,16,3e+06,3e+06,3.705e+06,-0.1903
2011,37934,Hugo Rodallega,Wigan,25.93,Attack,Centre-Forward,Colombia,36,34,9,1,0,0,16,8e+06,7.5e+06,6.868e+06,0.1648
2011,41416,James McArthur,Wigan,23.73,Midfield,Central Midfield,Scotland,18,3,0,0,0,0,16,2e+06,1.5e+06,1.069e+06,0.8717
2011,45333,James McCarthy,Wigan,20.63,Midfield,Central Midfield,Ireland  Scotland,24,24,3,1,0,0,16,5e+06,2.5e+06,4.706e+06,0.06257
2011,39010,Jordi Gómez,Wigan,26.1,Midfield,Central Midfield,Spain,13,9,1,0,0,0,16,2e+06,1.5e+06,2.001e+06,-0.0003966
2011,40822,Mauro Boselli,Wigan,26.11,Attack,Centre-Forward,Argentina  Mexico,8,5,0,0,0,0,16,5.5e+06,7.5e+06,7.656e+05,6.184
2011,62240,Maynor Figueroa,Wigan,28.16,Defender,Left-Back,Honduras,33,32,1,1,0,0,16,5.5e+06,5.5e+06,4.139e+06,0.3289
2011,32217,Mike Pollitt,Wigan,39.33,Goalkeeper,Goalkeeper,England,1,0,0,0,1,0,16,2.5e+05,2.5e+05,4.303e+05,-0.419
2011,70950,Mohamed Diamé,Wigan,24.05,Midfield,Central Midfield,Senegal  France,36,30,1,1,0,0,16,4e+06,3e+06,4.452e+06,-0.1016
2011,24877,Ronnie Stam,Wigan,27.03,Defender,Right-Back,Netherlands,25,17,1,0,0,0,16,4e+06,4e+06,2.035e+06,0.9657
2011,19857,Steve Gohouri,Wigan,30.39,Defender,Centre-Back,Cote d'Ivoire  France,27,26,1,1,0,0,16,1.5e+06,7.5e+05,2.705e+06,-0.4455
2011,3462,Steven Caldwell,Wigan,30.8,Defender,Centre-Back,Scotland,10,8,0,0,0,0,16,2e+06,2.5e+06,1.764e+06,0.1337
2011,73484,Tom Cleverley,Wigan,21.88,Midfield,Central Midfield,England,25,19,4,2,0,0,16,4.5e+06,7.5e+05,3.072e+06,0.465
2011,59866,Victor Moses,Wigan,20.55,Attack,Right Winger,Nigeria  England,21,8,1,3,0,0,16,3e+06,2e+06,2.365e+06,0.2683
2011,38091,Adam Hammill,Wolves,23.43,Attack,Right Winger,England  Ireland,10,7,0,1,0,0,17,1e+06,,2.364e+06,-0.577
2011,74768,Adlène Guédioura,Wolves,25.63,Midfield,Defensive Midfield,Algeria  France,10,4,1,1,0,0,17,1.5e+06,1.5e+06,1.877e+06,-0.2008
2011,29419,Andy Keogh,Wolves,25.13,Attack,Centre-Forward,Ireland  Australia,1,0,0,0,0,0,17,1.5e+06,1.5e+06,8.582e+05,0.7478
2011,54949,David Edwards,Wolves,25.4,Midfield,Central Midfield,Wales  England,15,12,1,0,0,0,17,2.5e+06,2.5e+06,1.769e+06,0.4132
2011,24634,David Jones,Wolves,26.65,Midfield,Central Midfield,England  Wales,12,11,1,0,0,0,17,2e+06,2e+06,2.513e+06,-0.2042
2011,45455,Geoffrey Mujangi Bia,Wolves,21.88,Attack,Right Winger,Belgium  DR Congo,1,0,0,1,0,0,17,7.5e+05,1e+06,9.325e+05,-0.1957
2011,42048,George Elokobi,Wolves,25.41,Defender,Centre-Back,Cameroon  England,28,23,2,1,0,0,17,3e+06,2.5e+06,3.361e+06,-0.1075
2011,42062,Greg Halford,Wolves,26.56,Defender,Centre-Back,England,2,0,0,0,0,0,17,,2e+06,1.452e+06,
2011,38090,Jamie Ohara,Wolves,24.76,Midfield,Central Midfield,England,14,13,3,1,0,0,17,5.5e+06,5e+06,7.098e+06,-0.2251
2011,4129,Jody Craddock,Wolves,35.93,Defender,Centre-Back,England,15,14,1,0,0,0,17,1e+06,2e+06,1.034e+06,-0.0327
2011,13582,Karl Henry,Wolves,28.59,Midfield,Defensive Midfield,England  Jamaica,29,28,0,1,0,0,17,3.5e+06,3.5e+06,3.158e+06,0.1082
2011,35193,Kevin Doyle,Wolves,27.78,Attack,Centre-Forward,Ireland,26,25,5,4,0,0,17,6e+06,6e+06,6.237e+06,-0.03796
2011,33491,Kevin Foley,Wolves,26.66,Defender,Right-Back,Ireland  England,33,30,2,2,0,0,17,3.5e+06,2.5e+06,4.156e+06,-0.1579
2011,4140,Marcus Hahnemann,Wolves,39.04,Goalkeeper,Goalkeeper,United States  Germany,14,14,0,0,0,0,17,7.5e+05,1.5e+06,8.14e+05,-0.07859
2011,15921,Matt Jarvis,Wolves,25.11,Attack,Left Winger,England,37,34,4,6,0,0,17,7e+06,3.5e+06,7.369e+06,-0.05004
2011,25366,Michael Kightly,Wolves,25.43,Attack,Left Winger,England,4,1,0,0,0,0,17,1.5e+06,2.5e+06,7.194e+05,1.085
2011,38100,Michael Mancienne,Wolves,23.48,Defender,Centre-Back,Seychelles  England,16,13,0,0,0,0,17,3e+06,3e+06,2.403e+06,0.2484
2011,36123,Nenad Milijas,Wolves,28.17,Midfield,Central Midfield,Serbia,23,20,2,4,0,0,17,3.5e+06,4e+06,4.049e+06,-0.1356
2011,34349,Richard Stearman,Wolves,23.87,Defender,Centre-Back,England  Ireland,31,27,0,0,0,0,17,3.5e+06,2.5e+06,3.999e+06,-0.1248
2011,22645,Ronald Zubar,Wolves,25.78,Defender,Centre-Back,Guadeloupe  France,15,14,1,0,0,0,17,2.5e+06,2.5e+06,4.182e+06,-0.4023
2011,48078,Sam Vokes,Wolves,21.69,Attack,Centre-Forward,Wales  England,2,0,0,0,0,0,17,7.5e+05,,8.54e+05,-0.1218
2011,36799,Stephen Hunt,Wolves,29.91,Midfield,Left Midfield,Ireland,20,14,3,2,0,0,17,4e+06,5e+06,4.03e+06,-0.007496
2011,34691,Stephen Ward,Wolves,25.86,Defender,Left-Back,Ireland,34,27,1,2,0,0,17,3.5e+06,1.5e+06,3.569e+06,-0.01923
2011,35099,Steven Fletcher,Wolves,24.27,Attack,Centre-Forward,Scotland  England,28,15,10,3,0,0,17,5e+06,5e+06,6.852e+06,-0.2703
2011,27621,Sylvan Ebanks-Blake,Wolves,25.26,Attack,Centre-Forward,England  Jamaica,30,11,7,2,0,0,17,3.5e+06,2.5e+06,3.654e+06,-0.04217
2011,45494,Wayne Hennessey,Wolves,24.43,Goalkeeper,Goalkeeper,Wales,24,24,0,0,5,0,17,2.5e+06,2e+06,4.053e+06,-0.3831
2012,50057,Aaron Ramsey,Arsenal,21.51,Midfield,Central Midfield,Wales,34,27,2,4,0,5,3,1.15e+07,7e+06,8.306e+06,0.3845
2012,26763,Abou Diaby,Arsenal,26.14,Midfield,Central Midfield,France  Cote d'Ivoire,4,0,0,0,0,1,3,5e+06,8.5e+06,6.2e+06,-0.1936
2012,143424,Alex Oxlade-Chamberlain,Arsenal,18.88,Midfield,Central Midfield,England,16,6,2,1,0,4,3,1.35e+07,2.5e+06,6.974e+06,0.9358
2012,27394,Alex Song,Arsenal,24.81,Midfield,Defensive Midfield,Cameroon  France,34,34,1,11,0,7,3,2.5e+07,1.9e+07,1.911e+07,0.308
2012,15378,Andrey Arshavin,Arsenal,31.09,Attack,Left Winger,Russia,19,8,1,3,0,4,3,9e+06,1.7e+07,1.017e+07,-0.1152
2012,26764,Bacary Sagna,Arsenal,29.38,Defender,Right-Back,France  Senegal,21,20,1,2,0,4,3,1.9e+07,1.8e+07,9.541e+06,0.9915
2012,126321,Carl Jenkinson,Arsenal,20.39,Defender,Right-Back,England  Finland,9,5,0,1,0,2,3,1e+06,7.5e+05,1.973e+06,-0.4932
2012,30982,Chu-young Park,Arsenal,26.98,Attack,Centre-Forward,"Korea, South",1,0,0,0,0,2,3,4e+06,7e+06,5.798e+06,-0.3101
2012,93056,Emmanuel Frimpong,Arsenal,20.47,Midfield,Defensive Midfield,Ghana  England,11,8,0,1,0,3,3,1.5e+06,7.5e+05,2.247e+06,-0.3325
2012,74869,Francis Coquelin,Arsenal,21.14,Midfield,Defensive Midfield,France  Réunion,10,6,0,1,0,1,3,3e+06,1.3e+06,3.507e+06,-0.1446
2012,33481,Gervinho,Arsenal,25.1,Attack,Left Winger,Cote d'Ivoire,28,19,4,6,0,5,3,1.4e+07,1.5e+07,1.693e+07,-0.1731
2012,44794,Henri Lansbury,Arsenal,21.72,Midfield,Central Midfield,England,2,0,0,0,0,0,3,1.5e+06,7.5e+05,8.944e+05,0.6772
2012,70245,Ignasi Miquel,Arsenal,19.76,Defender,Centre-Back,Spain,4,1,0,0,0,1,3,,1e+05,1.388e+06,
2012,34561,Johan Djourou,Arsenal,25.45,Defender,Centre-Back,Switzerland  Cote d'Ivoire,18,14,0,1,0,4,3,6e+06,8e+06,9.244e+06,-0.3509
2012,44792,Kieran Gibbs,Arsenal,22.76,Defender,Left-Back,England,16,15,1,0,0,4,3,5e+06,3.5e+06,4.978e+06,0.004402
2012,76277,Laurent Koscielny,Arsenal,26.81,Defender,Centre-Back,France  Poland,33,33,2,1,0,5,3,1.8e+07,1.2e+07,1.695e+07,0.06224
2012,19085,Marouane Chamakh,Arsenal,28.47,Attack,Centre-Forward,Morocco  France,11,1,1,0,0,4,3,5.5e+06,1.4e+07,9.359e+06,-0.4123
2012,7451,Mikel Arteta,Arsenal,30.27,Midfield,Central Midfield,Spain,31,30,7,2,0,6,3,1.45e+07,1.5e+07,1.659e+07,-0.1259
2012,122721,Nico Yennaris,Arsenal,19.1,Midfield,Defensive Midfield,China  England,1,0,0,0,0,0,3,,,2.685e+05,
2012,6710,Per Mertesacker,Arsenal,27.75,Defender,Centre-Back,Germany,21,21,0,0,0,5,3,1.4e+07,1.3e+07,1.413e+07,-0.0093
2012,4380,Robin van Persie,Arsenal,28.9,Attack,Centre-Forward,Netherlands,38,37,30,11,0,7,3,4.75e+07,3e+07,3.164e+07,0.5015
2012,5293,Sébastien Squillaci,Arsenal,31.89,Defender,Centre-Back,France  Italy,1,0,0,0,0,1,3,1.5e+06,4e+06,3.841e+06,-0.6095
2012,33713,Theo Walcott,Arsenal,23.29,Attack,Right Winger,England,35,32,8,8,0,6,3,1.9e+07,1.6e+07,1.654e+07,0.149
2012,3207,Thierry Henry,Arsenal,34.87,Attack,Centre-Forward,France  Guadeloupe,4,0,1,0,0,1,3,3e+06,3e+06,1.41e+06,1.127
2012,15904,Thomas Vermaelen,Arsenal,26.63,Defender,Centre-Back,Belgium,29,28,6,1,0,5,3,1.85e+07,1.8e+07,1.336e+07,0.3843
2012,132,Tomas Rosicky,Arsenal,31.74,Midfield,Attacking Midfield,Czech Republic,28,19,1,4,0,6,3,3.5e+06,5e+06,6.809e+06,-0.486
2012,44058,Wojciech Szczesny,Arsenal,22.2,Goalkeeper,Goalkeeper,Poland,38,38,0,0,13,7,3,1.4e+07,5.5e+06,1.309e+07,0.06954
2012,7858,Yossi Benayoun,Arsenal,32.16,Attack,Right Winger,Israel,20,10,4,1,0,3,3,4.5e+06,8.5e+06,4.374e+06,0.02877
2012,173585,Adam Henley,Blackburn,18.05,Defender,Right-Back,Wales  United States,7,4,0,0,0,0,19,7.5e+05,,5.609e+05,0.3371
2012,50512,Anthony Modeste,Blackburn,24.21,Attack,Centre-Forward,France  Martinique,9,3,0,0,0,0,19,3.5e+06,5.5e+06,2.741e+06,0.277
2012,16091,Bradley Orr,Blackburn,29.66,Defender,Right-Back,England,18,12,0,2,0,0,19,1.5e+06,1.25e+06,9.367e+05,0.6013
2012,4367,Brett Emerton,Blackburn,33.36,Midfield,Right Midfield,Australia,2,2,0,0,0,0,19,1.5e+06,2.5e+06,1.155e+06,0.2985
2012,29016,Christopher Samba,Blackburn,28.26,Defender,Centre-Back,Congo  France,16,16,2,2,0,0,19,1.3e+07,9e+06,4.422e+06,1.94
2012,4243,David Dunn,Blackburn,32.51,Midfield,Attacking Midfield,England,26,21,2,1,0,0,19,1.5e+06,4e+06,2.13e+06,-0.2958
2012,37677,David Goodwillie,Blackburn,23.26,Attack,Centre-Forward,Scotland,20,4,2,0,0,0,19,2.5e+06,2.5e+06,1.818e+06,0.3748
2012,5286,Gaël Givet,Blackburn,30.73,Defender,Centre-Back,France,22,21,0,1,0,0,19,1.5e+06,4.5e+06,3.105e+06,-0.5169
2012,121385,Grant Hanley,Blackburn,20.61,Defender,Centre-Back,Scotland,23,19,1,0,0,0,19,2e+06,1e+06,1.941e+06,0.03023
2012,121388,Jake Kean,Blackburn,21.4,Goalkeeper,Goalkeeper,England,1,1,0,0,0,0,19,,,3.361e+05,
2012,117997,Jason Lowe,Blackburn,20.83,Midfield,Defensive Midfield,England,32,30,0,1,0,0,19,1.5e+06,5e+04,2.319e+06,-0.3532
2012,3666,Jason Roberts,Blackburn,34.43,Attack,Centre-Forward,Grenada  England,10,5,0,1,0,0,19,2.5e+05,1.5e+06,8.37e+05,-0.7013
2012,164785,Jordan Slew,Blackburn,19.81,Attack,Centre-Forward,England  Jamaica,1,0,0,0,0,0,19,1e+06,,2.634e+05,2.796
2012,121391,Josh Morris,Blackburn,20.75,Midfield,Left Midfield,England,2,0,0,0,0,0,19,5e+05,2.5e+05,5.065e+05,-0.01278
2012,58993,Junior Hoilett,Blackburn,22.07,Attack,Left Winger,Canada  Jamaica,34,34,7,5,0,0,19,9e+06,4.5e+06,5.377e+06,0.6737
2012,72264,Marcus Olsson,Blackburn,24.12,Defender,Left-Back,Sweden,12,10,0,1,0,0,19,1.5e+06,8e+05,7.245e+05,1.07
2012,49319,Mark Bunn,Blackburn,27.62,Goalkeeper,Goalkeeper,England  Ireland,3,3,0,0,0,0,19,7.5e+05,5e+05,4.925e+05,0.5229
2012,38073,Martin Olsson,Blackburn,24.12,Defender,Left-Back,Sweden,27,23,0,2,0,0,19,4.5e+06,3e+06,2.855e+06,0.5759
2012,55870,Mauro Formica,Blackburn,24.24,Midfield,Attacking Midfield,Argentina  Italy,34,25,4,1,0,0,19,3e+06,2.5e+06,3.028e+06,-0.009192
2012,22741,Morten Gamst Pedersen,Blackburn,30.81,Midfield,Central Midfield,Norway,33,33,3,5,0,0,19,4.5e+06,7e+06,4.281e+06,0.0512
2012,7515,Míchel Salgado,Blackburn,36.69,Defender,Right-Back,Spain,9,9,0,0,0,0,19,5e+05,7.5e+05,6.915e+05,-0.277
2012,67369,Nick Blackman,Blackburn,22.64,Attack,Centre-Forward,Barbados  England,1,0,0,0,0,0,19,5e+05,4e+05,5.903e+05,-0.153
2012,3630,Paul Robinson,Blackburn,32.71,Goalkeeper,Goalkeeper,England,34,34,0,0,3,0,19,2e+06,5e+06,3.749e+06,-0.4665
2012,75296,Radosav Petrovic,Blackburn,23.32,Defender,Centre-Back,Serbia,19,10,0,0,0,0,19,2e+06,2.5e+06,1.864e+06,0.073
2012,67548,Rubén Rochina,Blackburn,21.28,Attack,Right Winger,Spain,18,9,2,0,0,0,19,1e+06,7.5e+05,1.776e+06,-0.4368
2012,62688,Scott Dann,Blackburn,25.38,Defender,Centre-Back,England,27,27,1,1,0,0,19,4e+06,5e+06,4.579e+06,-0.1265
2012,27239,Simon Vukcevic,Blackburn,26.42,Attack,Right Winger,Montenegro,7,4,1,1,0,0,19,2.5e+06,5.5e+06,1.417e+06,0.7637
2012,73734,Steven Nzonzi,Blackburn,23.54,Midfield,Defensive Midfield,France  DR Congo,32,31,2,5,0,0,19,4.5e+06,5e+06,5.266e+06,-0.1455
2012,6021,Vincenzo Grella,Blackburn,32.74,Midfield,Central Midfield,Australia  Italy,1,0,0,0,0,0,19,5e+05,1.5e+06,1.048e+06,-0.5231
2012,8559,Yakubu Aiyegbeni,Blackburn,29.61,Attack,Centre-Forward,Nigeria,30,29,17,2,0,0,19,7.5e+06,6e+06,6.772e+06,0.1075
2012,24635,Chris Eagles,Bolton,26.61,Attack,Right Winger,England,34,26,4,5,0,0,18,5.5e+06,,3.609e+06,0.5238
2012,81801,Chung-yong Lee,Bolton,24,Attack,Right Winger,"Korea, South",2,0,0,0,0,0,18,7.5e+06,7.5e+06,2.698e+06,1.78
2012,28957,Darren Pratley,Bolton,27.19,Midfield,Central Midfield,England  Jamaica,24,14,1,0,0,0,18,7.5e+05,,2.167e+06,-0.654
2012,41242,David Ngog,Bolton,23.25,Attack,Centre-Forward,France  Cameroon,33,24,3,5,0,0,18,3e+06,4.5e+06,3.774e+06,-0.2051
2012,29199,David Wheater,Bolton,25.38,Defender,Centre-Back,England,24,24,2,2,0,0,18,2.5e+06,3.5e+06,3.756e+06,-0.3344
2012,88262,Dedryck Boyata,Bolton,21.59,Defender,Centre-Back,Belgium  DR Congo,14,13,1,0,0,0,18,2e+06,2.5e+06,1.176e+06,0.7013
2012,35586,Fabrice Muamba,Bolton,24.24,Midfield,Central Midfield,England  DR Congo,20,18,1,1,0,0,18,5e+06,7.5e+06,4.285e+06,0.1668
2012,27511,Gary Cahill,Bolton,26.53,Defender,Centre-Back,England,29,28,3,0,0,5,18,1.65e+07,1.3e+07,7.239e+06,1.279
2012,74297,Gaël Kakuta,Bolton,21.03,Midfield,Attacking Midfield,DR Congo  France,4,0,0,0,0,0,18,4e+06,4.5e+06,6.74e+05,4.935
2012,30304,Grétar Steinsson,Bolton,30.48,Defender,Right-Back,Iceland,23,20,1,0,0,0,18,2e+06,3.5e+06,2.395e+06,-0.1648
2012,690,Ivan Klasnic,Bolton,32.42,Attack,Centre-Forward,Croatia,29,16,8,5,0,0,18,1.25e+06,2e+06,2.742e+06,-0.5441
2012,125117,Joe Riley,Bolton,20.72,Defender,Right-Back,England,3,2,0,0,0,0,18,,,4.065e+05,
2012,173804,Josh Vela,Bolton,18.55,Midfield,Central Midfield,England,3,0,0,0,0,0,18,,,4.8e+05,
2012,3692,Jussi Jääskeläinen,Bolton,37.2,Goalkeeper,Goalkeeper,Finland,18,18,0,0,2,0,18,1e+06,3e+06,1.465e+06,-0.3174
2012,112515,Marcos Alonso,Bolton,21.51,Defender,Left-Back,Spain,5,4,1,0,0,0,18,1.5e+06,2e+06,5.9e+05,1.542
2012,670,Martin Petrov,Bolton,33.46,Attack,Left Winger,Bulgaria,32,30,4,7,0,0,18,1e+06,4e+06,2.844e+06,-0.6484
2012,120599,Marvin Sordell,Bolton,21.37,Attack,Centre-Forward,England,3,0,0,0,0,0,18,2.5e+06,4e+05,6.84e+05,2.655
2012,14060,Nigel Reo-Coker,Bolton,28.13,Midfield,Central Midfield,England  Sierra Leone,37,37,3,0,0,0,18,5e+06,5.5e+06,4.281e+06,0.1679
2012,14063,Paul Robinson,Bolton,33.55,Defender,Left-Back,England,17,15,0,1,0,0,18,5e+05,2.5e+06,1.55e+06,-0.6775
2012,3490,Robbie Blake,Bolton,36.33,Attack,Second Striker,England,1,0,0,0,0,0,18,5e+05,5e+05,3.996e+05,0.2512
2012,129688,Ryo Miyaichi,Bolton,19.55,Attack,Right Winger,Japan,12,8,0,2,0,0,18,3e+06,2e+06,1.67e+06,0.7963
2012,30434,Sam Ricketts,Bolton,30.72,Defender,Right-Back,Wales  England,20,20,1,1,0,0,18,2.5e+06,2.5e+06,1.914e+06,0.3064
2012,145466,Tim Ream,Bolton,24.74,Defender,Centre-Back,United States,13,13,0,1,0,0,18,2e+06,2.5e+05,1.029e+06,0.943
2012,6934,Tuncay Şanlı,Bolton,30.46,Attack,Left Winger,Türkiye,16,3,0,0,0,0,18,1.25e+06,3e+06,1.498e+06,-0.1656
2012,55247,Ádám Bogdán,Bolton,24.76,Goalkeeper,Goalkeeper,Hungary,20,20,0,0,1,0,18,2e+06,5e+05,2.031e+06,-0.01516
2012,15420,Alex,Chelsea,30.04,Defender,Centre-Back,Brazil,3,3,0,0,0,3,6,8.5e+06,1.3e+07,2.819e+06,2.016
2012,3182,Ashley Cole,Chelsea,31.53,Defender,Left-Back,England  Barbados,32,31,0,6,0,12,6,1.25e+07,2.5e+07,1.058e+07,0.1815
2012,36827,Branislav Ivanovic,Chelsea,28.36,Defender,Right-Back,Serbia,29,26,3,1,0,10,6,2.1e+07,2.3e+07,1.05e+07,0.9993
2012,47082,Daniel Sturridge,Chelsea,22.83,Attack,Centre-Forward,England,30,28,11,3,0,7,6,1.6e+07,8e+06,1.244e+07,0.2858
2012,46741,David Luiz,Chelsea,25.19,Defender,Centre-Back,Brazil,20,18,2,1,0,11,6,2.3e+07,2.3e+07,9.887e+06,1.326
2012,3924,Didier Drogba,Chelsea,34.31,Attack,Centre-Forward,Cote d'Ivoire  France,24,16,5,1,0,8,6,3.5e+06,1.7e+07,5.953e+06,-0.4121
2012,7767,Fernando Torres,Chelsea,28.28,Attack,Centre-Forward,Spain,32,20,6,4,0,10,6,3.5e+07,4.2e+07,1.317e+07,1.657
2012,3163,Frank Lampard,Chelsea,34.03,Midfield,Central Midfield,England,30,26,11,5,0,12,6,5.5e+06,1.6e+07,9.186e+06,-0.4013
2012,13886,Hilário,Chelsea,36.7,Goalkeeper,Goalkeeper,Portugal,2,2,0,0,0,0,6,5e+05,5e+05,3.225e+05,0.5506
2012,30739,John Obi Mikel,Chelsea,25.19,Midfield,Defensive Midfield,Nigeria  England,22,15,0,0,0,9,6,1.9e+07,2e+07,9.552e+06,0.989
2012,3160,John Terry,Chelsea,31.56,Defender,Centre-Back,England,31,31,6,1,0,8,6,1.75e+07,3e+07,1.392e+07,0.2574
2012,44068,Juan Mata,Chelsea,24.18,Midfield,Attacking Midfield,Spain,34,29,6,13,0,12,6,3.8e+07,2.6e+07,2.53e+07,0.5018
2012,5588,Michael Essien,Chelsea,29.58,Midfield,Defensive Midfield,Ghana  France,14,10,0,1,0,2,6,2.4e+07,3.4e+07,7.79e+06,2.081
2012,3226,Nicolas Anelka,Chelsea,33.3,Attack,Centre-Forward,France  Martinique,9,3,1,1,0,4,6,3e+06,1e+07,6.616e+06,-0.5466
2012,66100,Oriol Romeu,Chelsea,20.77,Midfield,Defensive Midfield,Spain,16,11,0,0,0,3,6,8e+06,5e+06,2.279e+06,2.51
2012,9832,Paulo Ferreira,Chelsea,33.45,Defender,Right-Back,Portugal,6,3,0,0,0,2,6,1e+06,1.5e+06,1.539e+06,-0.35
2012,5658,Petr Cech,Chelsea,30.12,Goalkeeper,Goalkeeper,Czech Republic,34,34,0,0,10,13,6,2.5e+07,2.8e+07,1.471e+07,0.6999
2012,54170,Ramires,Chelsea,25.27,Midfield,Central Midfield,Brazil,30,28,5,2,0,10,6,3e+07,1.9e+07,9.752e+06,2.076
2012,96341,Romelu Lukaku,Chelsea,19.13,Attack,Centre-Forward,Belgium  DR Congo,8,1,0,1,0,0,6,1.4e+07,1.5e+07,1.968e+06,6.113
2012,29159,Ross Turnbull,Chelsea,27.49,Goalkeeper,Goalkeeper,England,2,2,0,0,0,0,6,1.5e+06,1.5e+06,8.125e+05,0.8462
2012,40611,Ryan Bertrand,Chelsea,22.9,Defender,Left-Back,England,7,6,0,0,0,1,6,2.5e+06,1e+06,1.519e+06,0.6456
2012,7971,Salomon Kalou,Chelsea,26.9,Attack,Left Winger,Cote d'Ivoire,12,7,1,1,0,7,6,8e+06,1.4e+07,7.157e+06,0.1177
2012,40617,Sam Hutchinson,Chelsea,22.91,Midfield,Defensive Midfield,England,2,1,0,0,0,0,6,,,3.393e+05,
2012,124495,Apostolos Vellios,Everton,20.48,Attack,Centre-Forward,Greece,13,2,3,0,0,0,7,2e+06,5e+05,1.814e+06,0.1025
2012,121260,Conor McAleny,Everton,19.89,Attack,Centre-Forward,England,2,0,0,0,0,0,7,,,2.647e+05,
2012,42413,Darron Gibson,Everton,24.68,Midfield,Central Midfield,Ireland  Northern Ireland,12,12,1,2,0,0,7,3.5e+06,3.5e+06,2.636e+06,0.3275
2012,57079,Jack Rodwell,Everton,21.31,Defender,Centre-Back,England,14,11,2,1,0,0,7,1.5e+07,1.3e+07,2.971e+06,4.049
2012,9956,James McFadden,Everton,29.22,Attack,Second Striker,Scotland,7,2,0,0,0,0,7,1.5e+06,3.5e+06,1.635e+06,-0.08261
2012,38874,Jermaine Beckford,Everton,28.56,Attack,Centre-Forward,Jamaica  England,2,1,0,0,0,0,7,2.5e+06,4e+06,2.42e+06,0.03314
2012,4315,John Heitinga,Everton,28.63,Defender,Centre-Back,Netherlands,30,29,1,0,0,0,7,9e+06,1e+07,3.832e+06,1.349
2012,82734,Jose Baxter,Everton,20.4,Midfield,Attacking Midfield,England,1,0,0,0,0,0,7,,,6.197e+05,
2012,68,Landon Donovan,Everton,30.33,Attack,Centre-Forward,United States  Canada,7,7,0,3,0,0,7,3.5e+06,,1.113e+06,2.144
2012,13507,Leighton Baines,Everton,27.55,Defender,Left-Back,England,33,33,4,2,0,0,7,1.9e+07,1.7e+07,8.416e+06,1.258
2012,3620,Leon Osman,Everton,31.12,Midfield,Central Midfield,England,30,28,4,2,0,0,7,4.5e+06,5.5e+06,4.9e+06,-0.08166
2012,4015,Louis Saha,Everton,33.9,Attack,Centre-Forward,France  Guadeloupe,28,20,4,1,0,0,7,1.25e+06,4e+06,2.003e+06,-0.3758
2012,91956,Magaye Gueye,Everton,21.99,Attack,Centre-Forward,Senegal  France,17,3,1,2,0,0,7,2.5e+06,1.5e+06,1.609e+06,0.5536
2012,39679,Marouane Fellaini,Everton,24.61,Midfield,Central Midfield,Belgium  Morocco,34,31,3,5,0,0,7,2e+07,1.9e+07,6.715e+06,1.979
2012,25742,Nikica Jelavic,Everton,26.84,Attack,Centre-Forward,Croatia,13,10,9,0,0,0,7,9e+06,5e+06,4.935e+06,0.8237
2012,13520,Phil Jagielka,Everton,29.87,Defender,Centre-Back,England  Poland,30,29,2,1,0,0,7,1.2e+07,1.2e+07,4.028e+06,1.979
2012,3404,Phil Neville,Everton,35.44,Defender,Right-Back,England,27,24,0,0,0,0,7,1.5e+06,2.5e+06,1.373e+06,0.09266
2012,131978,Ross Barkley,Everton,18.57,Midfield,Central Midfield,England,6,2,0,0,0,0,7,4.5e+06,3e+05,7.352e+05,5.121
2012,35631,Royston Drenthe,Everton,25.23,Midfield,Left Midfield,Netherlands  Suriname,21,10,3,5,0,0,7,2.5e+06,3.5e+06,3.343e+06,-0.2522
2012,119269,Shane Duffy,Everton,20.5,Defender,Centre-Back,Ireland  Northern Ireland,4,2,0,0,0,0,7,,,8.599e+05,
2012,4321,Steven Pienaar,Everton,30.29,Midfield,Left Midfield,South Africa,16,14,4,7,0,3,7,7e+06,9.5e+06,4.738e+06,0.4774
2012,3356,Sylvain Distin,Everton,34.54,Defender,Centre-Back,France  Guadeloupe,27,24,0,1,0,0,7,2e+06,4e+06,2.513e+06,-0.2042
2012,68390,Séamus Coleman,Everton,23.72,Defender,Right-Back,Ireland,18,14,0,0,0,0,7,5e+06,7e+06,3.194e+06,0.5652
2012,13556,Tim Cahill,Everton,32.57,Midfield,Attacking Midfield,Australia  Samoa,35,27,2,2,0,0,7,5e+06,1.3e+07,2.867e+06,0.7442
2012,4267,Tim Howard,Everton,33.32,Goalkeeper,Goalkeeper,United States  Hungary,38,38,0,0,12,0,7,4e+06,1e+07,3.959e+06,0.01036
2012,3614,Tony Hibbert,Everton,31.36,Defender,Right-Back,England,32,31,0,3,0,0,7,2e+06,2.5e+06,2.912e+06,-0.3131
2012,39532,Victor Anichebe,Everton,24.19,Attack,Centre-Forward,Nigeria  England,12,5,5,0,0,0,7,3.5e+06,2.5e+06,2.596e+06,0.348
2012,3580,Aaron Hughes,Fulham,32.65,Defender,Centre-Back,Northern Ireland,19,18,0,0,0,3,8,2e+06,5.5e+06,3.459e+06,-0.4218
2012,51040,Alexander Kacaniklic,Fulham,20.88,Attack,Right Winger,Sweden  North Macedonia,4,2,0,0,0,0,8,1e+06,,4.365e+05,1.291
2012,4205,Bobby Zamora,Fulham,31.46,Attack,Centre-Forward,England  Trinidad and Tobago,29,28,7,5,0,4,8,5e+06,8e+06,7.958e+06,-0.3717
2012,39642,Bryan Ruiz,Fulham,26.87,Midfield,Attacking Midfield,Costa Rica,27,17,2,3,0,0,8,1e+07,,4.44e+06,1.252
2012,4115,Chris Baird,Fulham,30.35,Midfield,Defensive Midfield,Northern Ireland,19,13,0,0,0,3,8,2e+06,4e+06,2.774e+06,-0.2789
2012,27577,Clint Dempsey,Fulham,29.31,Attack,Second Striker,United States,37,37,17,6,0,4,8,1.5e+07,1.1e+07,1.304e+07,0.1505
2012,3259,Damien Duff,Fulham,33.33,Attack,Right Winger,Ireland,28,23,2,3,0,6,8,1.5e+06,3.5e+06,3.188e+06,-0.5295
2012,3221,Danny Murphy,Fulham,35.29,Midfield,Central Midfield,England,36,33,2,5,0,4,8,1e+06,2.5e+06,2.604e+06,-0.616
2012,67339,David Stockdale,Fulham,26.78,Goalkeeper,Goalkeeper,England,8,8,0,0,1,0,8,3.5e+06,2.5e+06,1.117e+06,2.134
2012,14011,Dickson Etuhu,Fulham,30.06,Midfield,Defensive Midfield,Nigeria  England,22,9,0,0,0,4,8,2e+06,3e+06,3.002e+06,-0.3337
2012,3220,John Arne Riise,Fulham,31.77,Defender,Left-Back,Norway,36,35,0,4,0,2,8,4e+06,8.5e+06,5.226e+06,-0.2346
2012,146844,Kerim Frei,Fulham,18.61,Attack,Left Winger,Türkiye  Switzerland,16,6,0,0,0,4,8,3e+06,2.5e+05,7.885e+05,2.805
2012,34534,Marcel Gecov,Fulham,24.5,Midfield,Central Midfield,Czech Republic,2,0,0,0,0,2,8,5e+05,1e+06,6.635e+05,-0.2465
2012,129505,Marcello Trotta,Fulham,19.75,Attack,Centre-Forward,Italy,1,0,0,0,0,0,8,2.5e+05,,1.936e+05,0.291
2012,3357,Mark Schwarzer,Fulham,39.73,Goalkeeper,Goalkeeper,Australia  Germany,30,30,0,0,10,5,8,1.5e+06,3e+06,2.652e+06,-0.4344
2012,51318,Matthew Briggs,Fulham,21.32,Defender,Centre-Back,Guyana  England,2,1,0,0,0,4,8,1.5e+06,1e+06,8.549e+05,0.7546
2012,19368,Mousa Dembélé,Fulham,24.96,Midfield,Central Midfield,Belgium  Mali,36,33,2,2,0,4,8,1.3e+07,9e+06,5.625e+06,1.311
2012,64535,Orlando Sá,Fulham,24.1,Attack,Centre-Forward,Portugal,7,3,1,0,0,4,8,1e+06,1e+06,1.575e+06,-0.365
2012,130108,Pajtim Kasami,Fulham,20.08,Midfield,Central Midfield,Switzerland  North Macedonia,7,3,0,0,0,5,8,2.5e+06,2.5e+06,1.28e+06,0.9531
2012,4277,Philippe Senderos,Fulham,27.38,Defender,Centre-Back,Switzerland  Spain,21,21,1,1,0,2,8,3e+06,3e+06,3.488e+06,-0.14
2012,4056,Simon Davies,Fulham,32.69,Midfield,Right Midfield,Wales,6,3,0,0,0,0,8,1e+06,3.5e+06,2.255e+06,-0.5565
2012,12125,Stephen Kelly,Fulham,28.82,Defender,Right-Back,Ireland,24,21,0,0,0,5,8,2e+06,1.5e+06,2.144e+06,-0.06712
2012,13427,Steve Sidwell,Fulham,29.55,Midfield,Central Midfield,England,14,12,1,1,0,4,8,2.5e+06,4e+06,2.741e+06,-0.08791
2012,6833,Zdenek Grygera,Fulham,32.13,Defender,Right-Back,Czech Republic,5,5,0,0,0,1,8,1.25e+06,2e+06,1.238e+06,0.01001
2012,48066,Andy Carroll,Liverpool,23.48,Attack,Centre-Forward,England,35,21,4,3,0,0,9,1.55e+07,2e+07,5.691e+06,1.724
2012,4042,Brad Jones,Liverpool,30.29,Goalkeeper,Goalkeeper,Australia  England,1,0,0,0,0,0,9,1.5e+06,1.5e+06,6.973e+05,1.151
2012,28990,Charlie Adam,Liverpool,26.56,Midfield,Central Midfield,Scotland,28,27,2,6,0,0,9,8e+06,8e+06,5.738e+06,0.3943
2012,3297,Craig Bellamy,Liverpool,32.97,Attack,Left Winger,Wales,27,12,6,3,0,0,9,3e+06,4e+06,2.926e+06,0.02514
2012,22832,Daniel Agger,Liverpool,27.55,Defender,Centre-Back,Denmark,27,24,1,3,0,0,9,1.5e+07,1e+07,3.774e+06,2.975
2012,4010,Dirk Kuyt,Liverpool,31.94,Attack,Right Winger,Netherlands,34,22,2,1,0,0,9,4.5e+06,1.4e+07,3.367e+06,0.3364
2012,20392,Doni,Liverpool,32.69,Goalkeeper,Goalkeeper,Brazil  Italy,4,4,0,0,1,0,9,5e+05,1.5e+06,1.332e+06,-0.6246
2012,7570,Fábio Aurélio,Liverpool,32.77,Defender,Left-Back,Brazil  Italy,2,1,0,0,0,0,9,6e+05,3.5e+06,1.081e+06,-0.445
2012,3881,Glen Johnson,Liverpool,27.85,Defender,Right-Back,England,23,22,1,0,0,0,9,1.2e+07,1.5e+07,4.545e+06,1.64
2012,3597,Jamie Carragher,Liverpool,34.42,Defender,Centre-Back,England  Malta,21,19,0,0,0,0,9,2e+06,7e+06,2.408e+06,-0.1695
2012,52111,Jay Spearing,Liverpool,23.6,Midfield,Defensive Midfield,England,16,15,0,1,0,0,9,3e+06,2e+06,2.611e+06,0.1488
2012,145922,Jon Flanagan,Liverpool,19.5,Defender,Right-Back,England  Ireland,5,5,0,0,0,0,9,1.5e+06,1.5e+06,7.73e+05,0.9404
2012,71292,Jonjo Shelvey,Liverpool,20.34,Midfield,Central Midfield,England  Ireland,13,8,1,0,0,0,9,3e+06,2e+06,1.719e+06,0.7455
2012,61651,Jordan Henderson,Liverpool,22.04,Midfield,Defensive Midfield,England,37,31,2,1,0,0,9,1.5e+07,1.3e+07,5.746e+06,1.611
2012,35571,José Enrique,Liverpool,26.44,Defender,Left-Back,Spain,35,33,0,2,0,0,9,1.3e+07,7.5e+06,4.847e+06,1.682
2012,41414,Lucas Leiva,Liverpool,25.48,Midfield,Defensive Midfield,Brazil  Italy,12,12,0,0,0,0,9,1.5e+07,1.2e+07,5.022e+06,1.987
2012,44352,Luis Suárez,Liverpool,25.43,Attack,Centre-Forward,Uruguay,31,29,11,3,0,0,9,2.9e+07,,8.341e+06,2.477
2012,78959,Martin Kelly,Liverpool,22.18,Defender,Right-Back,England,12,12,0,0,0,0,9,5e+06,3.5e+06,1.717e+06,1.912
2012,24180,Martin Skrtel,Liverpool,27.54,Defender,Centre-Back,Slovakia,34,33,2,1,0,0,9,1.8e+07,1.2e+07,6.216e+06,1.896
2012,7895,Maxi Rodríguez,Liverpool,31.49,Attack,Left Winger,Argentina  Spain,12,10,4,1,0,0,9,2e+06,7.5e+06,4.314e+06,-0.5364
2012,7825,Pepe Reina,Liverpool,29.83,Goalkeeper,Goalkeeper,Spain,34,34,0,0,12,0,9,1.6e+07,2.2e+07,8.261e+06,0.9367
2012,134425,Raheem Sterling,Liverpool,17.56,Attack,Right Winger,England  Jamaica,3,0,0,0,0,0,9,,,2.778e+05,
2012,102427,Sebastián Coates,Liverpool,21.73,Defender,Centre-Back,Uruguay  Spain,7,4,1,0,0,0,9,5e+06,2.5e+06,6.465e+05,6.734
2012,3109,Steven Gerrard,Liverpool,32.09,Midfield,Central Midfield,England,18,12,5,2,0,0,9,1.55e+07,3e+07,4.515e+06,2.433
2012,4063,Stewart Downing,Liverpool,27.94,Midfield,Left Midfield,England,36,28,0,0,0,0,9,1.2e+07,1.6e+07,6.074e+06,0.9756
2012,177321,Abdul Razak,Man City,19.64,Midfield,Central Midfield,Cote d'Ivoire,1,0,0,0,0,0,2,,,2.383e+05,
2012,31579,Adam Johnson,Man City,24.97,Attack,Right Winger,England,26,10,6,4,0,6,2,1.05e+07,1e+07,9.593e+06,0.09459
2012,46156,Aleksandar Kolarov,Man City,26.64,Defender,Left-Back,Serbia,12,9,2,4,0,8,2,1.4e+07,1.5e+07,9.459e+06,0.48
2012,4276,Carlos Tevez,Man City,28.4,Attack,Centre-Forward,Argentina,13,7,4,3,0,1,2,2.25e+07,4e+07,1.399e+07,0.6079
2012,5896,David Pizarro,Man City,32.8,Midfield,Central Midfield,Chile,5,1,0,1,0,2,2,3e+06,8e+06,2.771e+06,0.08254
2012,35518,David Silva,Man City,26.48,Midfield,Attacking Midfield,Spain,36,33,6,15,0,10,2,5e+07,3.4e+07,2.922e+07,0.7114
2012,28396,Edin Džeko,Man City,26.29,Attack,Centre-Forward,Bosnia-Herzegovina,30,16,14,3,0,8,2,2.9e+07,2.8e+07,1.613e+07,0.7983
2012,3291,Gareth Barry,Man City,31.35,Midfield,Defensive Midfield,England,34,31,1,3,0,7,2,1e+07,1.4e+07,1.265e+07,-0.2097
2012,7449,Gaël Clichy,Man City,26.93,Defender,Left-Back,France  Martinique,28,28,0,4,0,7,2,1.5e+07,1.4e+07,1.254e+07,0.1962
2012,3333,James Milner,Man City,26.49,Midfield,Central Midfield,England,26,17,3,5,0,6,2,2.1e+07,1.8e+07,1.501e+07,0.3987
2012,40204,Joe Hart,Man City,25.2,Goalkeeper,Goalkeeper,England,38,38,0,0,17,10,2,2.35e+07,1.8e+07,1.533e+07,0.5326
2012,4241,Joleon Lescott,Man City,29.88,Defender,Centre-Back,England,31,30,2,1,0,7,2,1.5e+07,1.5e+07,1.378e+07,0.0888
2012,3202,Kolo Touré,Man City,31.29,Defender,Centre-Back,Cote d'Ivoire  England,14,8,0,0,0,3,2,8e+06,1.5e+07,4.576e+06,0.7482
2012,45146,Mario Balotelli,Man City,21.89,Attack,Centre-Forward,Italy  Ghana,23,14,13,1,0,6,2,3.2e+07,2.4e+07,1.46e+07,1.192
2012,32617,Micah Richards,Man City,24.02,Defender,Right-Back,England  St. Kitts & Nevis,29,23,1,5,0,4,2,1.85e+07,1.1e+07,9.554e+06,0.9364
2012,4672,Nigel de Jong,Man City,27.58,Midfield,Defensive Midfield,Netherlands  Suriname,21,11,0,0,0,9,2,1.3e+07,2.1e+07,1.236e+07,0.05206
2012,201,Owen Hargreaves,Man City,31.44,Midfield,Defensive Midfield,England  Canada,1,0,0,0,0,0,2,1e+06,2e+06,2.061e+06,-0.5149
2012,20007,Pablo Zabaleta,Man City,27.46,Defender,Right-Back,Argentina  Spain,21,18,1,0,0,5,2,1.45e+07,1.3e+07,9.502e+06,0.526
2012,18935,Samir Nasri,Man City,25.02,Midfield,Attacking Midfield,France  Algeria,31,27,5,9,0,10,2,2.5e+07,2.6e+07,1.867e+07,0.3389
2012,26399,Sergio Agüero,Man City,24.08,Attack,Centre-Forward,Argentina  Spain,34,31,23,8,0,10,2,5.1e+07,4e+07,3.824e+07,0.3338
2012,107010,Stefan Savic,Man City,21.48,Defender,Centre-Back,Montenegro  Serbia,11,5,1,0,0,3,2,8e+06,6e+06,2.935e+06,1.725
2012,9594,Vincent Kompany,Man City,26.23,Defender,Centre-Back,Belgium  DR Congo,31,31,3,1,0,9,2,3.5e+07,2.5e+07,1.971e+07,0.7754
2012,13091,Yaya Touré,Man City,29.14,Midfield,Central Midfield,Cote d'Ivoire  England,32,31,6,6,0,9,2,3.65e+07,2.9e+07,2.043e+07,0.7868
2012,22491,Anders Lindegaard,Man United,28.22,Goalkeeper,Goalkeeper,Denmark,8,8,0,0,6,2,1,5e+06,3.5e+06,1.752e+06,1.854
2012,31645,Anderson,Man United,24.22,Midfield,Central Midfield,Brazil,10,8,2,1,0,4,1,1.2e+07,1.9e+07,9.304e+06,0.2898
2012,33544,Antonio Valencia,Man United,26.91,Defender,Right-Back,Ecuador,27,22,4,13,0,6,1,2.75e+07,2.1e+07,1.745e+07,0.5756
2012,14086,Ashley Young,Man United,26.98,Defender,Right-Back,England  Jamaica,25,19,6,7,0,7,1,2.7e+07,2e+07,1.84e+07,0.4674
2012,73472,Ben Amos,Man United,22.23,Goalkeeper,Goalkeeper,England,1,1,0,0,1,0,1,7.5e+05,,7.258e+05,0.03333
2012,50935,Chicharito,Man United,24.08,Attack,Centre-Forward,Mexico,28,18,10,2,0,7,1,1.8e+07,1.9e+07,1.252e+07,0.4378
2012,103427,Chris Smalling,Man United,22.61,Defender,Centre-Back,England  Jamaica,19,14,1,0,0,7,1,1.5e+07,8e+06,7.835e+06,0.9145
2012,67063,Danny Welbeck,Man United,21.6,Attack,Centre-Forward,England  Ghana,30,23,9,4,0,5,1,1.7e+07,6e+06,1.185e+07,0.4346
2012,3547,Darren Fletcher,Man United,28.41,Midfield,Central Midfield,Scotland,8,7,1,1,0,2,1,1e+07,2e+07,1.023e+07,-0.0221
2012,59377,David de Gea,Man United,21.65,Goalkeeper,Goalkeeper,Spain,29,29,0,0,13,8,1,1.75e+07,1.8e+07,1.317e+07,0.3286
2012,65,Dimitar Berbatov,Man United,31.42,Attack,Centre-Forward,Bulgaria,12,5,7,0,0,4,1,1.15e+07,2.4e+07,1.364e+07,-0.157
2012,61887,Federico Macheda,Man United,20.86,Attack,Centre-Forward,Italy,6,0,0,0,0,1,1,2.5e+06,2.8e+06,2.63e+06,-0.04928
2012,61891,Fábio,Man United,21.98,Defender,Right-Back,Brazil  Portugal,5,2,0,0,0,7,1,7.5e+06,8e+06,3.083e+06,1.433
2012,4592,Ji-sung Park,Man United,31.35,Midfield,Attacking Midfield,"Korea, South",17,10,2,1,0,7,1,6.5e+06,1.1e+07,6.95e+06,-0.06481
2012,42412,Jonny Evans,Man United,24.49,Defender,Centre-Back,Northern Ireland,29,28,1,3,0,8,1,9.5e+06,7e+06,1.335e+07,-0.2883
2012,3878,Michael Carrick,Man United,30.93,Midfield,Defensive Midfield,England,30,27,2,3,0,7,1,1.4e+07,1.6e+07,1.516e+07,-0.0767
2012,1397,Michael Owen,Man United,32.55,Attack,Centre-Forward,England,1,0,0,0,0,1,1,1.5e+06,5e+06,5.292e+06,-0.7166
2012,33706,Nani,Man United,25.62,Attack,Left Winger,Portugal  Cape Verde,29,24,8,10,0,9,1,3.65e+07,2.9e+07,2.461e+07,0.4832
2012,19726,Nemanja Vidic‎,Man United,30.69,Defender,Centre-Back,Serbia,6,6,0,0,0,2,1,2.55e+07,3.7e+07,9.689e+06,1.632
2012,5285,Patrice Evra,Man United,31.13,Defender,Left-Back,France  Senegal,37,37,0,4,0,7,1,1.55e+07,2.5e+07,1.527e+07,0.0153
2012,122153,Paul Pogba,Man United,19.3,Midfield,Central Midfield,France  Guinea,3,0,0,0,0,1,1,3.5e+06,,1.358e+06,1.578
2012,3397,Paul Scholes,Man United,37.62,Midfield,Central Midfield,England,17,14,4,0,0,2,1,1e+06,4.5e+06,1.658e+06,-0.3969
2012,117996,Phil Jones,Man United,20.36,Defender,Centre-Back,England,29,25,1,2,0,9,1,1.8e+07,1e+07,1.269e+07,0.4184
2012,61892,Rafael,Man United,21.98,Defender,Right-Back,Brazil  Portugal,12,10,0,4,0,3,1,9e+06,1e+07,5.445e+06,0.6529
2012,3235,Rio Ferdinand,Man United,33.65,Defender,Centre-Back,England,30,29,0,0,0,6,1,6e+06,1.4e+07,9.158e+06,-0.3448
2012,3406,Ryan Giggs,Man United,38.59,Midfield,Left Midfield,Wales,25,14,2,8,0,5,1,1e+06,3.5e+06,3.986e+06,-0.7491
2012,73484,Tom Cleverley,Man United,22.89,Midfield,Central Midfield,England,10,5,0,1,0,3,1,8.5e+06,4.5e+06,3.619e+06,1.349
2012,3332,Wayne Rooney,Man United,26.69,Attack,Centre-Forward,England,34,32,27,6,0,7,1,6.5e+07,5.4e+07,4.346e+07,0.4957
2012,118535,Will Keane,Man United,19.47,Attack,Centre-Forward,Ireland  England,1,0,0,0,0,0,1,,,5.527e+05,
2012,141655,Zeki Fryers,Man United,19.81,Defender,Left-Back,England,2,0,0,0,0,1,1,,,3.49e+05,
2012,3768,Alan Smith,Newcastle,31.67,Midfield,Central Midfield,England,2,0,0,0,0,0,5,5e+05,2e+06,1.829e+06,-0.7266
2012,44983,Dan Gosling,Newcastle,22.41,Midfield,Central Midfield,England,12,1,1,0,0,0,5,1.5e+06,2e+06,1.517e+06,-0.01125
2012,16716,Danny Guthrie,Newcastle,25.2,Midfield,Central Midfield,England,16,13,1,0,0,0,5,4e+06,3e+06,4.334e+06,-0.07717
2012,37442,Danny Simpson,Newcastle,25.49,Defender,Right-Back,England  Jamaica,35,35,0,1,0,0,5,5.5e+06,3.5e+06,7.256e+06,-0.242
2012,84344,Davide Santon,Newcastle,21.49,Defender,Left-Back,Italy,24,19,0,1,0,0,5,8e+06,7.5e+06,4.264e+06,0.8762
2012,40205,Demba Ba,Newcastle,27.1,Attack,Centre-Forward,Senegal  France,34,32,16,4,0,0,5,1.5e+07,7.5e+06,1.571e+07,-0.04492
2012,6150,Fabricio Coloccini,Newcastle,30.44,Defender,Centre-Back,Argentina  Italy,35,35,0,0,0,0,5,8e+06,6.5e+06,7.471e+06,0.07085
2012,43261,Gabriel Obertan,Newcastle,23.34,Attack,Right Winger,France  Guadeloupe,23,18,1,3,0,0,5,3e+06,3e+06,6.16e+06,-0.513
2012,76560,Haris Vuckic,Newcastle,19.86,Attack,Second Striker,Slovenia,4,2,0,0,0,0,5,7.5e+05,2.5e+05,8.089e+05,-0.07279
2012,49409,James Perch,Newcastle,26.76,Defender,Centre-Back,England  Jamaica,25,13,0,0,0,0,5,2e+06,1.5e+06,2.384e+06,-0.1611
2012,28244,Leon Best,Newcastle,25.78,Attack,Centre-Forward,Ireland  England,18,16,4,2,0,0,5,3e+06,2e+06,5.26e+06,-0.4296
2012,10642,Mike Williamson,Newcastle,28.65,Defender,Centre-Back,England,22,21,0,1,0,0,5,3.5e+06,4e+06,4.889e+06,-0.2842
2012,33952,Papiss Demba Cissé,Newcastle,27.08,Attack,Centre-Forward,Senegal  France,14,13,13,2,0,0,5,1.9e+07,1.35e+07,1.376e+07,0.3805
2012,9620,Peter Løvenkrands,Newcastle,32.42,Attack,Centre-Forward,Denmark,9,2,0,1,0,0,5,1e+06,2.5e+06,2.29e+06,-0.5633
2012,33785,Ryan Taylor,Newcastle,27.87,Defender,Right-Back,England,31,23,2,5,0,0,5,4.5e+06,1.5e+06,5.593e+06,-0.1954
2012,92381,Sammy Ameobi,Newcastle,20.17,Attack,Left Winger,England  Nigeria,9,1,0,0,0,0,5,2e+06,,1.295e+06,0.5441
2012,62052,Shane Ferguson,Newcastle,20.97,Midfield,Left Midfield,Northern Ireland,7,0,0,0,0,0,5,1e+06,5e+05,1.1e+06,-0.09087
2012,39909,Sylvain Marveaux,Newcastle,26.21,Midfield,Attacking Midfield,France  Martinique,7,1,0,1,0,0,5,3e+06,7.5e+06,4.081e+06,-0.2649
2012,33027,Tim Krul,Newcastle,24.24,Goalkeeper,Goalkeeper,Netherlands,38,38,0,0,15,0,5,8.5e+06,3e+06,9.275e+06,-0.08355
2012,29434,Yohan Cabaye,Newcastle,26.46,Midfield,Central Midfield,France,34,34,4,6,0,0,5,1.65e+07,1.1e+07,1.479e+07,0.1156
2012,67202,Aaron Wilbraham,Norwich,32.7,Attack,Centre-Forward,England,11,2,1,2,0,0,10,5e+05,,1.287e+06,-0.6116
2012,11663,Adam Drury,Norwich,33.84,Defender,Left-Back,England,12,12,0,0,0,0,10,5e+05,7.5e+05,1.27e+06,-0.6062
2012,14003,Andrew Crofts,Norwich,28.09,Midfield,Central Midfield,Wales  England,24,13,0,1,0,0,10,2e+06,5e+05,2.067e+06,-0.03258
2012,29975,Andrew Surman,Norwich,25.86,Midfield,Central Midfield,England  South Africa,25,21,4,0,0,0,10,2.5e+06,,2.984e+06,-0.1622
2012,67322,Anthony Pilkington,Norwich,24.07,Attack,Left Winger,Ireland  England,30,23,8,1,0,0,10,3.5e+06,5e+05,4.482e+06,-0.2192
2012,49327,Bradley Johnson,Norwich,25.18,Midfield,Central Midfield,England,28,25,2,5,0,0,10,2e+06,7.5e+05,3.518e+06,-0.4315
2012,46154,Chris Martin,Norwich,23.66,Attack,Centre-Forward,Scotland  England,4,3,0,0,0,0,10,5e+05,5e+05,9.449e+05,-0.4708
2012,78966,Daniel Ayala,Norwich,21.65,Defender,Centre-Back,Spain,7,6,0,0,0,0,10,5e+05,7.5e+05,1.224e+06,-0.5914
2012,4219,David Fox,Norwich,28.55,Midfield,Central Midfield,England,28,23,0,3,0,0,10,2e+06,5e+05,2.572e+06,-0.2223
2012,74088,Declan Rudd,Norwich,21.46,Goalkeeper,Goalkeeper,England,3,2,0,0,0,0,10,5e+05,2.5e+05,3.711e+05,0.3473
2012,43193,Elliott Bennett,Norwich,23.53,Midfield,Right Midfield,Jamaica  England,33,22,1,4,0,0,10,3e+06,2.5e+05,3.826e+06,-0.2158
2012,15838,Elliott Ward,Norwich,27.45,Defender,Centre-Back,England,12,12,0,1,0,0,10,2e+06,,1.477e+06,0.3542
2012,13412,Grant Holt,Norwich,31.22,Attack,Centre-Forward,England,36,24,15,2,0,0,10,4e+06,1.5e+06,4.683e+06,-0.1459
2012,30471,James Vaughan,Norwich,23.96,Attack,Centre-Forward,England  Jamaica,5,1,0,0,0,0,10,1.5e+06,1.5e+06,1.133e+06,0.3234
2012,29712,John Ruddy,Norwich,25.69,Goalkeeper,Goalkeeper,England,36,36,0,0,3,0,10,4.5e+06,1e+06,3.005e+06,0.4976
2012,45395,Jonathan Howson,Norwich,24.11,Midfield,Central Midfield,England,11,11,1,1,0,0,10,3e+06,1e+06,3.83e+06,-0.2167
2012,66219,Kyle Naughton,Norwich,23.62,Defender,Right-Back,England  Ireland,32,29,0,1,0,0,10,4e+06,2.5e+06,3.411e+06,0.1726
2012,33484,Leon Barnett,Norwich,26.58,Defender,Centre-Back,England  Jamaica,17,13,1,1,0,0,10,2.5e+06,,1.476e+06,0.6932
2012,67346,Marc Tierney,Norwich,26.86,Defender,Left-Back,England  Ireland,17,17,0,1,0,0,10,1e+06,,1.69e+06,-0.4082
2012,55687,Ritchie De Laet,Norwich,23.59,Defender,Right-Back,Belgium,6,6,1,0,0,0,10,1.25e+06,1e+06,8.557e+05,0.4609
2012,67303,Russell Martin,Norwich,26.49,Defender,Centre-Back,Scotland  England,33,30,2,1,0,0,10,3e+06,2.5e+05,3.218e+06,-0.06784
2012,67252,Ryan Bennett,Norwich,22.32,Defender,Centre-Back,England,8,8,0,0,0,0,10,3.5e+06,2.5e+05,2.389e+06,0.4648
2012,44913,Simeon Jackson,Norwich,25.26,Attack,Centre-Forward,Canada  Jamaica,22,10,3,2,0,0,10,1.5e+06,5e+05,2.671e+06,-0.4384
2012,14792,Simon Lappin,Norwich,29.43,Midfield,Central Midfield,Scotland,4,4,0,0,0,0,10,7.5e+05,7.5e+05,7.805e+05,-0.03906
2012,104725,Steve Morison,Norwich,28.84,Attack,Centre-Forward,Wales  England,34,22,9,4,0,0,10,3e+06,7.5e+05,4.446e+06,-0.3252
2012,24589,Wes Hoolahan,Norwich,30.12,Midfield,Attacking Midfield,Ireland,33,25,4,7,0,0,10,3e+06,1.5e+06,3.222e+06,-0.06894
2012,22230,Zak Whitbread,Norwich,28.47,Defender,Centre-Back,United States  England,18,18,0,1,0,0,10,1.5e+06,7.5e+05,1.424e+06,0.05346
2012,45287,Adel Taarabt,QPR,23.1,Midfield,Central Midfield,Morocco  France,27,24,2,5,0,0,17,7.5e+06,2.75e+06,4.786e+06,0.5671
2012,3698,Anton Ferdinand,QPR,27.36,Defender,Centre-Back,England  St. Lucia,34,34,0,2,0,0,17,3.5e+06,4.5e+06,4.411e+06,-0.2066
2012,33783,Armand Traoré,QPR,22.73,Defender,Left-Back,Senegal  France,24,19,0,3,0,0,17,2.5e+06,1.5e+06,1.91e+06,0.3087
2012,169633,Bruno Andrade,QPR,18.75,Midfield,Left Midfield,Portugal  Cape Verde,1,0,0,0,0,0,17,,5e+04,1.554e+05,
2012,37896,DJ Campbell,QPR,30.63,Attack,Centre-Forward,England,11,2,1,0,0,0,17,1.5e+06,3.5e+06,2.173e+06,-0.3096
2012,12709,Danny Gabbidon,QPR,32.9,Defender,Centre-Back,Wales  Jamaica,17,15,0,0,0,0,17,5e+05,1e+06,1.194e+06,-0.5814
2012,3966,Djibril Cissé,QPR,30.89,Attack,Centre-Forward,France  Cote d'Ivoire,8,7,6,0,0,6,17,6e+06,8e+06,7.512e+06,-0.2013
2012,6580,Fitz Hall,QPR,31.53,Defender,Centre-Back,England,14,11,0,0,0,0,17,7.5e+05,1.5e+06,1.227e+06,-0.3889
2012,31883,Hogan Ephraim,QPR,24.25,Midfield,Left Midfield,England,2,0,0,0,0,0,17,5e+05,1e+06,6.36e+05,-0.2138
2012,15929,Jamie Mackie,QPR,26.77,Attack,Centre-Forward,Scotland  England,31,24,7,2,0,0,17,3.5e+06,1.5e+06,3.399e+06,0.02961
2012,47995,Jason Puncheon,QPR,26.04,Midfield,Central Midfield,England  Jamaica,2,0,0,0,0,0,17,7.5e+05,1e+06,8.601e+05,-0.1281
2012,3118,Kieron Dyer,QPR,33.51,Midfield,Right Midfield,England  Antigua and Barbuda,1,1,0,0,0,0,17,5e+05,1.5e+06,9.816e+05,-0.4906
2012,34559,Matthew Connolly,QPR,24.77,Defender,Centre-Back,England,6,5,0,0,0,0,17,1.5e+06,,8.598e+05,0.7446
2012,28810,Nedum Onuoha,QPR,25.63,Defender,Centre-Back,England  Nigeria,17,16,0,1,0,0,17,4e+06,7.5e+06,3.342e+06,0.1969
2012,13524,Paddy Kenny,QPR,34.12,Goalkeeper,Goalkeeper,Ireland  England,33,33,0,0,7,0,17,1e+06,,1.88e+06,-0.468
2012,21010,Radek Cerny,QPR,38.37,Goalkeeper,Goalkeeper,Czech Republic,5,5,0,0,0,0,17,5e+05,1e+06,3.768e+05,0.3269
2012,9980,Rob Hulse,QPR,32.68,Attack,Centre-Forward,England,2,1,0,0,0,0,17,5e+05,,8.454e+05,-0.4086
2012,136589,Samba Diakité,QPR,23.43,Midfield,Defensive Midfield,Mali  France,9,9,1,0,0,0,17,4.5e+06,3.5e+06,2.562e+06,0.7566
2012,14007,Shaun Derry,QPR,34.57,Midfield,Defensive Midfield,England,29,28,1,0,0,0,17,5e+05,7.5e+05,1.548e+06,-0.677
2012,3467,Shaun Wright-Phillips,QPR,30.68,Attack,Right Winger,England  Grenada,32,24,0,4,0,0,17,3.5e+06,5.5e+06,2.591e+06,0.3511
2012,12401,Tommy Smith,QPR,32.11,Attack,Centre-Forward,England,17,4,2,0,0,0,17,7.5e+05,,1.427e+06,-0.4743
2012,13878,Ákos Buzsáky,QPR,30.15,Midfield,Central Midfield,Hungary,18,10,2,2,0,0,17,1e+06,1e+06,1.312e+06,-0.2378
2012,13616,Andy Wilkinson,Stoke,27.9,Defender,Right-Back,England,25,20,0,0,0,5,14,3.5e+06,2.5e+06,3.423e+06,0.02244
2012,33873,Asmir Begovic,Stoke,25.03,Goalkeeper,Goalkeeper,Bosnia-Herzegovina  Canada,23,22,0,0,7,3,14,3.5e+06,4e+06,3.993e+06,-0.1235
2012,35855,Cameron Jerome,Stoke,25.88,Attack,Centre-Forward,Grenada  England,23,7,4,1,0,7,14,4e+06,4.5e+06,4.955e+06,-0.1927
2012,3686,Danny Higginbotham,Stoke,33.51,Defender,Centre-Back,Gibraltar  England,2,1,0,0,0,3,14,5e+05,1.5e+06,9.526e+05,-0.4751
2012,3546,Danny Pugh,Stoke,29.7,Defender,Left-Back,England,3,0,0,0,0,0,14,5e+05,1.5e+06,7.429e+05,-0.327
2012,13683,Dean Whitehead,Stoke,30.47,Midfield,Central Midfield,England,33,24,0,2,0,6,14,3e+06,4e+06,4.184e+06,-0.2831
2012,12124,Glenn Whelan,Stoke,28.47,Midfield,Defensive Midfield,Ireland,30,27,1,1,0,3,14,4e+06,3.5e+06,3.506e+06,0.1408
2012,3195,Jermaine Pennant,Stoke,29.46,Attack,Right Winger,England  Jamaica,27,18,0,6,0,6,14,3.5e+06,4e+06,4.936e+06,-0.2909
2012,3306,Jonathan Walters,Stoke,28.78,Attack,Right Winger,Ireland  England,38,38,7,5,0,6,14,5e+06,4e+06,5.877e+06,-0.1493
2012,3224,Jonathan Woodgate,Stoke,32.44,Defender,Centre-Back,England,17,16,0,0,0,1,14,1.5e+06,3e+06,1.774e+06,-0.1542
2012,28245,Kenwyne Jones,Stoke,27.74,Attack,Centre-Forward,Trinidad and Tobago,21,10,1,0,0,6,14,5e+06,9e+06,4.102e+06,0.2189
2012,30456,Marc Wilson,Stoke,24.87,Defender,Centre-Back,Ireland  Northern Ireland,35,35,0,1,0,2,14,5e+06,3.5e+06,6.028e+06,-0.1705
2012,3788,Matthew Etherington,Stoke,30.88,Midfield,Left Midfield,England,30,30,3,8,0,3,14,4e+06,7e+06,7.531e+06,-0.4689
2012,3273,Matthew Upson,Stoke,33.2,Defender,Centre-Back,England,14,10,1,0,0,6,14,1.25e+06,5e+06,2.102e+06,-0.4053
2012,4072,Peter Crouch,Stoke,31.42,Attack,Centre-Forward,England  Ireland,33,32,10,2,0,3,14,6.5e+06,1e+07,7.373e+06,-0.1184
2012,2998,Robert Huth,Stoke,27.87,Defender,Centre-Back,Germany,34,31,3,1,0,7,14,8e+06,8e+06,7.386e+06,0.0832
2012,4112,Rory Delap,Stoke,35.99,Midfield,Central Midfield,Ireland  England,26,18,2,0,0,5,14,5e+05,1.5e+06,1.701e+06,-0.706
2012,45861,Ryan Shawcross,Stoke,24.74,Defender,Centre-Back,England  Wales,36,36,2,1,0,4,14,8e+06,8.5e+06,7.731e+06,0.03474
2012,92109,Ryan Shotton,Stoke,23.75,Defender,Centre-Back,England,23,14,1,1,0,7,14,2.5e+06,5e+04,3.618e+06,-0.3091
2012,3600,Salif Diao,Stoke,35.39,Midfield,Defensive Midfield,Senegal  France,6,2,0,0,0,6,14,5e+05,5e+05,9.205e+05,-0.4568
2012,3473,Thomas Sörensen,Stoke,36.05,Goalkeeper,Goalkeeper,Denmark,16,16,0,1,3,5,14,1e+06,2.5e+06,1.595e+06,-0.3732
2012,58361,Wilson Palacios,Stoke,27.92,Midfield,Defensive Midfield,Honduras,18,9,0,0,0,8,14,5.5e+06,1.1e+07,2.957e+06,0.8599
2012,66333,Ahmed El Mohamady,Sunderland,24.81,Defender,Right-Back,Egypt,18,7,1,1,0,0,13,3e+06,5.5e+06,2.335e+06,0.285
2012,26802,Asamoah Gyan,Sunderland,26.61,Attack,Centre-Forward,Ghana,3,3,0,0,0,0,13,5e+06,1.2e+07,3.012e+06,0.6601
2012,95435,Connor Wickham,Sunderland,19.25,Attack,Centre-Forward,England  Northern Ireland,16,5,1,0,0,0,13,6e+06,9e+06,1.669e+06,2.594
2012,37171,Craig Gardner,Sunderland,25.6,Midfield,Central Midfield,England,30,22,3,0,0,0,13,6e+06,5.5e+06,4.095e+06,0.4654
2012,12589,Craig Gordon,Sunderland,29.5,Goalkeeper,Goalkeeper,Scotland,1,1,0,0,0,0,13,3e+06,6.5e+06,1.44e+06,1.083
2012,68183,David Meyler,Sunderland,23.09,Midfield,Central Midfield,Ireland,7,1,0,0,0,0,13,7.5e+05,1.5e+06,9.237e+05,-0.188
2012,14178,David Vaughan,Sunderland,29.37,Midfield,Defensive Midfield,Wales,22,17,2,1,0,0,13,3e+06,3.5e+06,3.435e+06,-0.1267
2012,164265,Dong-won Ji,Sunderland,21.1,Attack,Centre-Forward,"Korea, South",19,2,2,2,0,0,13,2.5e+06,9e+05,1.251e+06,0.9989
2012,42411,Fraizer Campbell,Sunderland,24.8,Attack,Centre-Forward,England  Jamaica,12,6,1,1,0,0,13,3.5e+06,3e+06,1.958e+06,0.7879
2012,61644,Jack Colback,Sunderland,22.69,Midfield,Defensive Midfield,England,34,29,1,1,0,0,13,4.5e+06,1.5e+06,3.524e+06,0.277
2012,85935,James McClean,Sunderland,23.19,Midfield,Left Midfield,Ireland  Northern Ireland,23,20,5,2,0,0,13,4e+06,,3.88e+06,0.03101
2012,3540,John Oshea,Sunderland,31.17,Defender,Centre-Back,Ireland,29,29,0,1,0,0,13,3.5e+06,5.5e+06,4.908e+06,-0.2869
2012,15164,Keiren Westwood,Sunderland,27.69,Goalkeeper,Goalkeeper,Ireland  England,9,8,0,0,1,0,13,1.5e+06,,1.078e+06,0.3909
2012,3548,Kieran Richardson,Sunderland,27.69,Defender,Left-Back,England,29,26,2,2,0,0,13,5e+06,6e+06,4.059e+06,0.2318
2012,4095,Matthew Kilgallon,Sunderland,28.48,Defender,Centre-Back,England,10,9,0,0,0,0,13,2e+06,1.5e+06,1.048e+06,0.9076
2012,34557,Nicklas Bendtner,Sunderland,24.46,Attack,Centre-Forward,Denmark,29,25,8,5,0,0,13,8.5e+06,7e+06,6.469e+06,0.3139
2012,15773,Phil Bardsley,Sunderland,27.01,Defender,Right-Back,Scotland  England,31,29,1,0,0,0,13,6e+06,6e+06,4.455e+06,0.3467
2012,121340,Ryan Noble,Sunderland,21.06,Attack,Centre-Forward,England,2,0,0,0,0,0,13,,2.5e+05,6.58e+05,
2012,31720,Sebastian Larsson,Sunderland,27.07,Midfield,Central Midfield,Sweden,32,32,7,2,0,0,13,7.5e+06,6.5e+06,6.902e+06,0.08665
2012,50219,Simon Mignolet,Sunderland,24.32,Goalkeeper,Goalkeeper,Belgium,29,29,0,0,11,0,13,5.5e+06,5e+06,4.508e+06,0.2201
2012,9706,Sotiris Kyrgiakos,Sunderland,32.94,Defender,Centre-Back,Greece,3,2,0,0,0,0,13,5e+05,1.5e+06,1.341e+06,-0.6272
2012,37157,Stéphane Sessègnon,Sunderland,28.08,Midfield,Attacking Midfield,Benin,36,36,7,10,0,0,13,1.45e+07,8.5e+06,8.338e+06,0.739
2012,3682,Wayne Bridge,Sunderland,31.9,Defender,Left-Back,England,8,3,0,0,0,0,13,2e+06,4e+06,1.543e+06,0.2958
2012,3405,Wes Brown,Sunderland,32.72,Defender,Centre-Back,England,20,20,1,0,0,0,13,2e+06,4.5e+06,1.935e+06,0.03378
2012,7337,Alan Tate,Swansea,29.83,Defender,Centre-Back,England,5,1,0,0,0,0,12,5e+05,,7.308e+05,-0.3159
2012,29117,Andrea Orlandi,Swansea,27.91,Midfield,Central Midfield,Spain  Italy,3,2,1,1,0,0,12,5e+05,,6.493e+05,-0.2299
2012,67355,Ashley Williams,Swansea,27.85,Defender,Centre-Back,Wales  England,37,37,1,0,0,0,12,4e+06,,2.646e+06,0.5117
2012,29152,Danny Graham,Swansea,26.89,Attack,Centre-Forward,England,36,32,12,2,0,0,12,4e+06,1.5e+06,6.118e+06,-0.3462
2012,57973,Fede Bessone,Swansea,28.44,Defender,Left-Back,Argentina  Spain,1,0,0,0,0,0,12,5e+05,,4.404e+05,0.1353
2012,4111,Garry Monk,Swansea,33.32,Defender,Centre-Back,England,16,14,0,0,0,0,12,5e+05,7.5e+05,1.285e+06,-0.6109
2012,488,Gerhard Tremmel,Swansea,33.62,Goalkeeper,Goalkeeper,Germany,1,1,0,0,0,0,12,5e+05,1e+06,7.146e+05,-0.3003
2012,90466,Gylfi Sigurdsson,Swansea,22.81,Midfield,Attacking Midfield,Iceland,18,17,7,3,0,0,12,8.5e+06,7.5e+06,5.94e+06,0.4309
2012,120241,Jazz Richards,Swansea,21.22,Defender,Right-Back,Wales,8,6,0,0,0,0,12,1e+06,,1.106e+06,-0.09584
2012,51452,Joe Allen,Swansea,22.3,Midfield,Central Midfield,Wales,36,31,4,2,0,0,12,4e+06,,4.581e+06,-0.1268
2012,128905,Josh McEachran,Swansea,19.33,Midfield,Central Midfield,England  Scotland,6,1,0,0,0,0,12,4.5e+06,4.5e+06,8.421e+05,4.344
2012,24862,Kemy Agustien,Swansea,25.86,Midfield,Central Midfield,Curacao  Netherlands,13,7,0,0,0,0,12,1e+06,,1.337e+06,-0.2518
2012,40043,Leon Britton,Swansea,29.79,Midfield,Central Midfield,England,36,35,0,0,0,0,12,3.5e+06,,2.191e+06,0.5973
2012,20975,Leroy Lita,Swansea,27.51,Attack,Centre-Forward,England  DR Congo,16,4,2,1,0,0,12,1.5e+06,1.25e+06,2.184e+06,-0.3131
2012,4075,Luke Moore,Swansea,26.38,Attack,Centre-Forward,England  Jamaica,20,3,2,0,0,0,12,1e+06,1.5e+06,1.935e+06,-0.4833
2012,39700,Mark Gower,Swansea,33.74,Midfield,Central Midfield,England,20,14,0,5,0,0,12,5e+05,,1.558e+06,-0.6792
2012,26276,Michel Vorm,Swansea,28.7,Goalkeeper,Goalkeeper,Netherlands  Suriname,37,37,0,0,14,0,12,8.5e+06,5e+06,2.648e+06,2.21
2012,37011,Nathan Dyer,Swansea,24.59,Attack,Right Winger,England  Jamaica,34,29,5,2,0,0,12,4.5e+06,1e+06,3.767e+06,0.1947
2012,67416,Neil Taylor,Swansea,23.39,Defender,Left-Back,Wales  India,36,35,0,1,0,0,12,3e+06,2.5e+05,2.983e+06,0.005733
2012,31552,Scott Sinclair,Swansea,23.27,Attack,Left Winger,England  Jamaica,38,35,8,4,0,0,12,8e+06,1.25e+06,5.324e+06,0.5026
2012,12693,Stephen Dobbie,Swansea,29.57,Attack,Centre-Forward,Scotland,8,2,0,0,0,0,12,1.25e+06,,1.135e+06,0.1013
2012,121280,Steven Caulker,Swansea,20.51,Defender,Centre-Back,Sierra Leone  England,26,26,0,1,0,0,12,4e+06,5e+04,4.39e+06,-0.08887
2012,9850,Vangelis Moras,Swansea,30.85,Defender,Centre-Back,Greece,1,0,0,0,0,0,12,6e+05,2.1e+06,1.543e+06,-0.6111
2012,14066,Wayne Routledge,Swansea,27.48,Attack,Left Winger,England  Jamaica,28,17,1,4,0,0,12,3.5e+06,3e+06,4.647e+06,-0.2469
2012,66550,Ángel Rangel,Swansea,29.59,Defender,Right-Back,Spain,34,32,0,2,0,0,12,3.5e+06,7.5e+05,2.975e+06,0.1764
2012,14221,Aaron Lennon,Tottenham,25.21,Attack,Right Winger,England  Ireland,23,19,3,5,0,3,4,1.6e+07,2.1e+07,1.231e+07,0.2995
2012,61841,Adam Smith,Tottenham,21.17,Defender,Right-Back,England,1,0,0,0,0,0,4,,,1.125e+06,
2012,18310,Benoît Assou-Ekotto,Tottenham,28.27,Defender,Left-Back,Cameroon  France,34,34,2,4,0,2,4,1.3e+07,9.5e+06,9.042e+06,0.4377
2012,3476,Brad Friedel,Tottenham,41.12,Goalkeeper,Goalkeeper,United States  England,38,38,0,0,14,0,4,1e+06,2e+06,4.241e+06,-0.7642
2012,182660,Cameron Lancaster,Tottenham,19.65,Attack,Centre-Forward,England,1,0,0,0,0,0,4,,,1.342e+05,
2012,50174,Danny Rose,Tottenham,22,Defender,Left-Back,England  Jamaica,11,3,0,0,0,4,4,3e+06,1.5e+06,2.694e+06,0.1137
2012,8883,Emmanuel Adebayor,Tottenham,28.34,Attack,Centre-Forward,Togo  Nigeria,33,32,17,10,0,0,4,2.5e+07,1.7e+07,1.6e+07,0.5626
2012,39381,Gareth Bale,Tottenham,22.96,Attack,Right Winger,Wales,36,36,9,13,0,1,4,4e+07,2.5e+07,2.363e+07,0.6926
2012,44674,Giovani dos Santos,Tottenham,23.14,Attack,Second Striker,Mexico  Spain,7,0,0,0,0,4,4,4e+06,5e+06,3.967e+06,0.008441
2012,61832,Jake Livermore,Tottenham,22.63,Midfield,Defensive Midfield,England,24,7,0,1,0,6,4,3e+06,,3.565e+06,-0.1586
2012,3875,Jermain Defoe,Tottenham,29.73,Attack,Centre-Forward,England  St. Lucia,25,11,11,1,0,5,4,1e+07,1.5e+07,1.001e+07,-0.001353
2012,95424,Kyle Walker,Tottenham,22.09,Defender,Right-Back,England,37,37,2,1,0,4,4,1.6e+07,5.5e+06,1.238e+07,0.2927
2012,3360,Ledley King,Tottenham,31.72,Defender,Centre-Back,England  Antigua and Barbuda,21,21,0,0,0,0,4,2e+06,5e+06,3.462e+06,-0.4224
2012,27992,Luka Modrić,Tottenham,26.81,Midfield,Central Midfield,Croatia,36,36,4,4,0,2,4,4e+07,3.3e+07,1.1e+07,2.637
2012,9988,Michael Dawson,Tottenham,28.62,Defender,Centre-Back,England,7,6,0,0,0,0,4,1.1e+07,1.2e+07,6.28e+06,0.7516
2012,16746,Niko Kranjcar,Tottenham,27.88,Midfield,Attacking Midfield,Croatia,12,9,1,1,0,1,4,7.5e+06,8e+06,4.084e+06,0.8364
2012,4192,Rafael van der Vaart,Tottenham,29.39,Midfield,Attacking Midfield,Netherlands  Spain,33,28,11,7,0,0,4,2.45e+07,2.2e+07,1.424e+07,0.7206
2012,15072,Roman Pavlyuchenko,Tottenham,30.54,Attack,Centre-Forward,Russia,5,0,1,0,0,4,4,8e+06,8.5e+06,5.233e+06,0.5288
2012,28878,Ryan Nelsen,Tottenham,34.7,Defender,Centre-Back,New Zealand,6,1,0,0,0,0,4,7.5e+05,2.5e+06,1.835e+06,-0.5914
2012,74590,Sandro,Tottenham,23.3,Midfield,Central Midfield,Brazil  Portugal,23,17,0,0,0,2,4,1.15e+07,1.1e+07,4.699e+06,1.447
2012,3785,Scott Parker,Tottenham,31.72,Midfield,Central Midfield,England,29,28,0,2,0,0,4,1.1e+07,1.4e+07,6.82e+06,0.6128
2012,13465,Tom Huddlestone,Tottenham,25.51,Midfield,Defensive Midfield,England,2,0,0,0,0,0,4,6e+06,1.2e+07,6.189e+06,-0.0305
2012,34393,Vedran Corluka,Tottenham,26.4,Defender,Centre-Back,Croatia,3,1,0,0,0,4,4,7.5e+06,1e+07,5.603e+06,0.3385
2012,3156,William Gallas,Tottenham,34.87,Defender,Centre-Back,France  Guadeloupe,15,15,0,0,0,2,4,2.5e+06,4.5e+06,2.929e+06,-0.1465
2012,27114,Younès Kaboul,Tottenham,26.49,Defender,Centre-Back,France  Morocco,33,33,1,0,0,2,4,1.5e+07,8e+06,8.663e+06,0.7316
2012,13572,Ben Foster,West Brom,29.25,Goalkeeper,Goalkeeper,England,37,37,0,0,10,0,11,5e+06,5.5e+06,5.005e+06,-0.0009896
2012,36866,Billy Jones,West Brom,25.27,Defender,Right-Back,England,18,17,0,1,0,0,11,1.5e+06,1e+06,2.235e+06,-0.3288
2012,36814,Chris Brunt,West Brom,27.55,Midfield,Central Midfield,Northern Ireland,29,25,2,7,0,0,11,6.5e+06,7.5e+06,6.531e+06,-0.004794
2012,121477,Craig Dawson,West Brom,22.15,Defender,Centre-Back,England,8,6,0,0,0,0,11,1.5e+06,,1.341e+06,0.1182
2012,6893,Gabriel Tamaș,West Brom,28.64,Defender,Centre-Back,Romania,8,7,0,0,0,0,11,2e+06,3e+06,2.269e+06,-0.1184
2012,40567,Gareth McAuley,West Brom,32.57,Defender,Centre-Back,Northern Ireland,32,32,2,0,0,0,11,1.5e+06,1.5e+06,2.737e+06,-0.4519
2012,128910,George Thorne,West Brom,19.49,Midfield,Central Midfield,England,3,1,0,0,0,0,11,,5e+04,7.324e+05,
2012,40429,Gonzalo Jara,West Brom,26.84,Defender,Centre-Back,Chile,4,1,0,0,0,0,11,1.75e+06,3e+06,1.672e+06,0.04674
2012,36608,Graham Dorrans,West Brom,25.16,Midfield,Central Midfield,Scotland,31,16,3,2,0,0,11,2.5e+06,3e+06,2.909e+06,-0.1405
2012,27614,James Morrison,West Brom,26.1,Midfield,Central Midfield,Scotland  England,30,23,5,5,0,0,11,4.5e+06,4e+06,6.386e+06,-0.2954
2012,3560,Jerome Thomas,West Brom,29.28,Attack,Left Winger,England  Guyana,29,26,1,1,0,0,11,3e+06,3.5e+06,4.135e+06,-0.2744
2012,25248,Jonas Olsson,West Brom,29.31,Defender,Centre-Back,Sweden,33,33,2,1,0,0,11,3.5e+06,2.5e+06,4.625e+06,-0.2432
2012,8035,Keith Andrews,West Brom,31.8,Midfield,Central Midfield,Ireland  England,14,8,2,1,0,0,11,1e+06,1.5e+06,2.155e+06,-0.536
2012,4070,Liam Ridgewell,West Brom,27.95,Defender,Centre-Back,England,13,13,1,1,0,3,11,2.5e+06,4.5e+06,6.055e+06,-0.5871
2012,5652,Marc-Antoine Fortuné,West Brom,31,Attack,Centre-Forward,French Guiana  France,17,12,2,1,0,0,11,1.5e+06,3e+06,2.732e+06,-0.4509
2012,17879,Márton Fülöp,West Brom,29.16,Goalkeeper,Goalkeeper,Hungary,1,1,0,0,0,0,11,1e+06,2e+06,9.684e+05,0.03266
2012,13426,Nicky Shorey,West Brom,31.36,Defender,Left-Back,England,25,22,0,1,0,0,11,2e+06,3e+06,3.123e+06,-0.3597
2012,2953,Paul Scharner,West Brom,32.31,Midfield,Defensive Midfield,Austria,29,18,3,2,0,0,11,2e+06,4e+06,2.595e+06,-0.2293
2012,12516,Peter Odemwingie,West Brom,30.96,Attack,Centre-Forward,Nigeria  Russia,30,25,10,2,0,0,11,5.5e+06,8e+06,6.101e+06,-0.09847
2012,37304,Shane Long,West Brom,25.44,Attack,Centre-Forward,Ireland,32,24,8,1,0,0,11,4.5e+06,2e+06,5.105e+06,-0.1185
2012,37150,Simon Cox,West Brom,25.18,Attack,Centre-Forward,Ireland  England,18,7,0,1,0,0,11,2e+06,1.5e+06,2.052e+06,-0.02541
2012,37058,Somen Tchoyi,West Brom,29.26,Midfield,Attacking Midfield,Cameroon,18,6,1,0,0,0,11,2.5e+06,4e+06,1.76e+06,0.4202
2012,7330,Steven Reid,West Brom,31.31,Defender,Right-Back,Ireland  England,22,21,1,2,0,0,11,1.5e+06,2.5e+06,2.607e+06,-0.4246
2012,45272,Youssouf Mulumbu,West Brom,25.43,Midfield,Defensive Midfield,DR Congo  France,35,34,1,5,0,0,11,3.5e+06,5e+06,5.249e+06,-0.3332
2012,18324,Zoltán Gera,West Brom,33.19,Midfield,Attacking Midfield,Hungary,3,3,0,1,0,0,11,1e+06,3e+06,2.479e+06,-0.5965
2012,44966,Adrián López,Wigan,25.35,Defender,Centre-Back,Spain,5,5,0,0,0,0,15,5e+05,5e+05,9.179e+05,-0.4553
2012,51536,Albert Crusat,Wigan,30.14,Attack,Left Winger,Spain,15,4,1,0,0,0,15,1.5e+06,3e+06,2.418e+06,-0.3796
2012,26633,Ali Al-Habsi,Wigan,30.5,Goalkeeper,Goalkeeper,Oman,38,38,0,0,8,0,15,5e+06,3.5e+06,4.452e+06,0.1231
2012,14259,Antolín Alcaraz,Wigan,29.92,Defender,Centre-Back,Paraguay  Italy,25,25,2,0,0,0,15,4e+06,4.5e+06,3.288e+06,0.2164
2012,14081,Ben Watson,Wigan,26.98,Midfield,Central Midfield,England,21,14,3,1,0,0,15,3e+06,4e+06,3.793e+06,-0.2091
2012,61711,Callum McManaman,Wigan,21.19,Attack,Right Winger,England  Ireland,2,0,0,0,0,0,15,7.5e+05,,6.654e+05,0.1272
2012,68331,Conor Sammon,Wigan,25.65,Attack,Centre-Forward,Ireland,25,8,0,1,0,0,15,7.5e+05,7.5e+05,2.286e+06,-0.672
2012,24634,David Jones,Wigan,27.66,Midfield,Central Midfield,England  Wales,16,13,0,1,0,0,15,1.5e+06,2e+06,2.428e+06,-0.3822
2012,19641,Emmerson Boyce,Wigan,32.77,Defender,Right-Back,Barbados  England,26,26,3,1,0,0,15,1.5e+06,2e+06,2.302e+06,-0.3484
2012,59783,Franco Di Santo,Wigan,23.23,Attack,Centre-Forward,Argentina  Italy,32,24,7,1,0,0,15,3.5e+06,2.5e+06,4.37e+06,-0.1991
2012,3791,Gary Caldwell,Wigan,30.22,Defender,Centre-Back,Scotland,36,36,3,0,0,0,15,3e+06,3.5e+06,3.528e+06,-0.1496
2012,37934,Hugo Rodallega,Wigan,26.93,Attack,Centre-Forward,Colombia,23,11,2,4,0,0,15,4.5e+06,8e+06,4.444e+06,0.01265
2012,41416,James McArthur,Wigan,24.73,Midfield,Central Midfield,Scotland,31,18,3,2,0,0,15,2.5e+06,2e+06,2.203e+06,0.1348
2012,45333,James McCarthy,Wigan,21.63,Midfield,Central Midfield,Ireland  Scotland,33,33,0,3,0,0,15,5.5e+06,5e+06,5.168e+06,0.06421
2012,18871,Jean Beausejour,Wigan,28.08,Defender,Left-Back,Chile  Haiti,16,16,0,6,0,4,15,6e+06,2e+06,4.136e+06,0.4508
2012,39010,Jordi Gómez,Wigan,27.1,Midfield,Central Midfield,Spain,28,24,5,1,0,0,15,3e+06,2e+06,3.258e+06,-0.07921
2012,62240,Maynor Figueroa,Wigan,29.17,Defender,Left-Back,Honduras,38,37,0,0,0,0,15,5.5e+06,5.5e+06,4.103e+06,0.3406
2012,70950,Mohamed Diamé,Wigan,25.05,Midfield,Central Midfield,Senegal  France,26,18,3,0,0,0,15,5e+06,4e+06,3.652e+06,0.3692
2012,52119,Patrick van Aanholt,Wigan,21.84,Defender,Left-Back,Netherlands  Curacao,3,3,0,0,0,0,15,2e+06,1.5e+06,7.12e+05,1.809
2012,24877,Ronnie Stam,Wigan,28.04,Defender,Right-Back,Netherlands,20,13,0,1,0,0,15,3e+06,4e+06,1.519e+06,0.975
2012,9508,Shaun Maloney,Wigan,29.43,Midfield,Attacking Midfield,Scotland  England,13,8,3,2,0,0,15,2.5e+06,1.75e+06,2.781e+06,-0.1012
2012,19857,Steve Gohouri,Wigan,31.39,Defender,Centre-Back,Cote d'Ivoire  France,10,8,0,0,0,0,15,1e+06,1.5e+06,1.866e+06,-0.464
2012,59866,Victor Moses,Wigan,21.55,Attack,Right Winger,Nigeria  England,38,36,6,2,0,0,15,6.5e+06,3e+06,4.101e+06,0.585
2012,38091,Adam Hammill,Wolves,24.43,Attack,Right Winger,England  Ireland,9,3,0,1,0,0,20,1e+06,1e+06,1.111e+06,-0.1003
2012,74768,Adlène Guédioura,Wolves,26.63,Midfield,Defensive Midfield,Algeria  France,10,2,0,0,0,0,20,1e+06,1.5e+06,1.007e+06,-0.007121
2012,146494,Anthony Forde,Wolves,18.62,Midfield,Right Midfield,Ireland,6,3,0,0,0,0,20,,,4.511e+05,
2012,26412,Carl Ikeme,Wolves,26.06,Goalkeeper,Goalkeeper,Nigeria  England,1,0,0,0,0,0,20,5e+05,5e+05,3.322e+05,0.5053
2012,129054,David Davis,Wolves,21.36,Midfield,Central Midfield,England,7,6,0,0,0,0,20,2.5e+05,5e+04,7.295e+05,-0.6573
2012,54949,David Edwards,Wolves,26.41,Midfield,Central Midfield,Wales  England,26,24,3,1,0,0,20,2e+06,2.5e+06,2.106e+06,-0.0503
2012,6404,Dorus de Vries,Wolves,31.5,Goalkeeper,Goalkeeper,Netherlands,4,4,0,0,1,0,20,7.5e+05,,4.688e+05,0.5999
2012,45298,Eggert Gunnthór Jónsson,Wolves,23.87,Midfield,Defensive Midfield,Iceland,3,2,0,0,0,0,20,1e+06,1.5e+06,6.041e+05,0.6555
2012,42048,George Elokobi,Wolves,26.41,Defender,Centre-Back,Cameroon  England,9,3,0,0,0,0,20,1.5e+06,3e+06,1.954e+06,-0.2324
2012,38090,Jamie Ohara,Wolves,25.77,Midfield,Central Midfield,England,19,19,2,1,0,0,20,5e+06,5.5e+06,2.839e+06,0.7609
2012,4129,Jody Craddock,Wolves,36.94,Defender,Centre-Back,England,1,1,0,0,0,0,20,2.5e+05,1e+06,4.753e+05,-0.474
2012,145488,Johnny Gorman,Wolves,19.68,Attack,Left Winger,Northern Ireland  England,1,0,0,0,0,0,20,,,8.184e+04,
2012,13582,Karl Henry,Wolves,29.6,Midfield,Defensive Midfield,England  Jamaica,31,30,0,0,0,0,20,2.5e+06,3.5e+06,2.504e+06,-0.001745
2012,35193,Kevin Doyle,Wolves,28.79,Attack,Centre-Forward,Ireland,33,26,4,8,0,0,20,4.5e+06,6e+06,4.426e+06,0.01672
2012,33491,Kevin Foley,Wolves,27.66,Defender,Right-Back,Ireland  England,16,11,0,0,0,0,20,3e+06,3.5e+06,1.922e+06,0.5611
2012,171679,Matt Doherty,Wolves,20.46,Defender,Right-Back,Ireland,1,0,0,0,0,0,20,1.5e+05,,3.977e+05,-0.6229
2012,15921,Matt Jarvis,Wolves,26.11,Attack,Left Winger,England,37,31,8,4,0,0,20,8e+06,7e+06,4.526e+06,0.7675
2012,25366,Michael Kightly,Wolves,26.43,Attack,Left Winger,England,18,14,3,1,0,0,20,2e+06,1.5e+06,1.632e+06,0.2258
2012,36123,Nenad Milijas,Wolves,29.17,Midfield,Central Midfield,Serbia,20,6,0,1,0,0,20,2e+06,3.5e+06,2.016e+06,-0.00811
2012,34349,Richard Stearman,Wolves,24.87,Defender,Centre-Back,England  Ireland,30,28,0,0,0,0,20,2.5e+06,3.5e+06,3.177e+06,-0.2131
2012,42751,Roger Johnson,Wolves,29.18,Defender,Centre-Back,England,27,26,0,1,0,0,20,5e+06,5e+06,2.759e+06,0.8121
2012,22645,Ronald Zubar,Wolves,26.78,Defender,Centre-Back,Guadeloupe  France,15,14,1,0,0,0,20,2e+06,2.5e+06,2.784e+06,-0.2815
2012,48078,Sam Vokes,Wolves,22.69,Attack,Centre-Forward,Wales  England,4,0,0,0,0,0,20,7.5e+05,7.5e+05,4.507e+05,0.6642
2012,32660,Stefan Maierhofer,Wolves,29.88,Attack,Centre-Forward,Austria,1,0,0,0,0,7,20,1.3e+06,1.75e+06,1.344e+06,-0.0325
2012,36799,Stephen Hunt,Wolves,30.92,Midfield,Left Midfield,Ireland,24,16,3,1,0,0,20,2.5e+06,4e+06,2.23e+06,0.1212
2012,34691,Stephen Ward,Wolves,26.86,Defender,Left-Back,Ireland,38,38,3,0,0,0,20,4e+06,3.5e+06,2.737e+06,0.4613
2012,35099,Steven Fletcher,Wolves,25.27,Attack,Centre-Forward,Scotland  England,32,26,12,2,0,0,20,6e+06,5e+06,5.703e+06,0.05202
2012,27621,Sylvan Ebanks-Blake,Wolves,26.26,Attack,Centre-Forward,England  Jamaica,23,8,1,3,0,0,20,1.5e+06,3.5e+06,2.123e+06,-0.2933
2012,33951,Sébastien Bassong,Wolves,25.98,Defender,Centre-Back,Cameroon  France,14,10,0,0,0,5,20,4.5e+06,6.5e+06,2.049e+06,1.196
2012,45494,Wayne Hennessey,Wolves,25.43,Goalkeeper,Goalkeeper,Wales,34,34,0,0,3,0,20,5.5e+06,2.5e+06,3.611e+06,0.5233
2013,50057,Aaron Ramsey,Arsenal,22.51,Midfield,Central Midfield,Wales,36,21,1,2,0,7,4,1.3e+07,1.15e+07,1.19e+07,0.09274
2013,26763,Abou Diaby,Arsenal,27.14,Midfield,Central Midfield,France  Cote d'Ivoire,11,10,0,0,0,1,4,3e+06,5e+06,4.934e+06,-0.3919
2013,143424,Alex Oxlade-Chamberlain,Arsenal,19.88,Midfield,Central Midfield,England,25,11,1,3,0,4,4,1.7e+07,1.35e+07,5.152e+06,2.3
2013,15378,Andrey Arshavin,Arsenal,32.09,Attack,Left Winger,Russia,7,0,0,0,0,2,4,3e+06,9e+06,2.718e+06,0.1037
2013,26764,Bacary Sagna,Arsenal,30.38,Defender,Right-Back,France  Senegal,25,25,0,0,0,3,4,1.2e+07,1.9e+07,6.273e+06,0.913
2013,126321,Carl Jenkinson,Arsenal,21.39,Defender,Right-Back,England  Finland,14,14,0,0,0,5,4,6e+06,1e+06,5.567e+06,0.07773
2013,74869,Francis Coquelin,Arsenal,22.14,Midfield,Defensive Midfield,France  Réunion,11,3,0,0,0,6,4,4e+06,3e+06,4.191e+06,-0.04555
2013,33481,Gervinho,Arsenal,26.1,Attack,Left Winger,Cote d'Ivoire,18,12,5,3,0,6,4,1e+07,1.4e+07,1.178e+07,-0.1511
2013,70245,Ignasi Miquel,Arsenal,20.76,Defender,Centre-Back,Spain,1,0,0,0,0,0,4,4e+05,,5.267e+05,-0.2406
2013,74223,Jack Wilshere,Arsenal,21.5,Midfield,Central Midfield,England,25,20,0,3,0,3,4,3.3e+07,2.2e+07,8.742e+06,2.775
2013,44792,Kieran Gibbs,Arsenal,23.76,Defender,Left-Back,England,27,23,0,3,0,3,4,1.1e+07,5e+06,5.531e+06,0.9888
2013,76277,Laurent Koscielny,Arsenal,27.81,Defender,Centre-Back,France  Poland,25,20,2,1,0,5,4,1.7e+07,1.8e+07,1.135e+07,0.4977
2013,15185,Lukas Podolski,Arsenal,28.07,Attack,Centre-Forward,Germany  Poland,33,25,11,10,0,6,4,2.3e+07,2e+07,2.894e+07,-0.2052
2013,29692,Lukasz Fabianski,Arsenal,28.2,Goalkeeper,Goalkeeper,Poland,4,4,0,0,1,1,4,2e+06,2.5e+06,1.643e+06,0.2173
2013,7451,Mikel Arteta,Arsenal,31.27,Midfield,Central Midfield,Spain,34,34,6,3,0,7,4,9e+06,1.45e+07,1.65e+07,-0.4544
2013,43003,Nacho Monreal,Arsenal,27.34,Defender,Left-Back,Spain,10,9,1,1,0,2,4,1.1e+07,6e+06,6.722e+06,0.6364
2013,82442,Olivier Giroud,Arsenal,26.75,Attack,Centre-Forward,France,34,24,11,4,0,7,4,1.6e+07,1.3e+07,2.195e+07,-0.2712
2013,6710,Per Mertesacker,Arsenal,28.75,Defender,Centre-Back,Germany,34,33,3,0,0,6,4,1.6e+07,1.4e+07,1.95e+07,-0.1796
2013,15799,Santi Cazorla,Arsenal,28.55,Midfield,Central Midfield,Spain,38,37,12,11,0,7,4,3e+07,2e+07,4.001e+07,-0.2501
2013,159471,Serge Gnabry,Arsenal,17.97,Attack,Left Winger,Germany  Cote d'Ivoire,1,0,0,0,0,1,4,5e+05,,9.078e+05,-0.4492
2013,33713,Theo Walcott,Arsenal,24.29,Attack,Right Winger,England,32,24,14,10,0,5,4,2.7e+07,1.9e+07,3.143e+07,-0.141
2013,15904,Thomas Vermaelen,Arsenal,27.63,Defender,Centre-Back,Belgium,29,25,0,0,0,7,4,1.6e+07,1.85e+07,1.109e+07,0.4434
2013,132,Tomas Rosicky,Arsenal,32.74,Midfield,Attacking Midfield,Czech Republic,10,7,2,1,0,3,4,2e+06,3.5e+06,3.7e+06,-0.4595
2013,33781,Vito Mannone,Arsenal,25.33,Goalkeeper,Goalkeeper,Italy,9,9,0,0,3,4,4,1e+06,7.5e+05,3.068e+06,-0.6741
2013,44058,Wojciech Szczesny,Arsenal,23.2,Goalkeeper,Goalkeeper,Poland,25,25,0,0,10,3,4,1.4e+07,1.4e+07,9.274e+06,0.5096
2013,3182,Ashley Cole,Chelsea,32.53,Defender,Left-Back,England  Barbados,31,31,1,2,0,8,3,8e+06,1.25e+07,8.918e+06,-0.103
2013,36827,Branislav Ivanovic,Chelsea,29.36,Defender,Right-Back,Serbia,34,33,5,1,0,12,3,2.2e+07,2.1e+07,1.29e+07,0.7051
2013,57500,César Azpilicueta,Chelsea,23.84,Defender,Centre-Back,Spain,27,24,0,4,0,9,3,1.8e+07,7.5e+06,1.359e+07,0.3247
2013,46741,David Luiz,Chelsea,26.19,Defender,Centre-Back,Brazil,30,29,2,2,0,13,3,2.9e+07,2.3e+07,1.63e+07,0.7792
2013,50202,Eden Hazard,Chelsea,22.48,Attack,Left Winger,Belgium,34,31,9,13,0,13,3,4.2e+07,4e+07,3.846e+07,0.0921
2013,7767,Fernando Torres,Chelsea,29.28,Attack,Centre-Forward,Spain,36,28,8,7,0,15,3,2.3e+07,3.5e+07,2.447e+07,-0.06017
2013,3163,Frank Lampard,Chelsea,35.03,Midfield,Central Midfield,England,29,21,15,1,0,10,3,3.5e+06,5.5e+06,7.74e+06,-0.5478
2013,27511,Gary Cahill,Chelsea,27.53,Defender,Centre-Back,England,26,24,2,2,0,8,3,1.9e+07,1.65e+07,1.563e+07,0.2155
2013,30739,John Obi Mikel,Chelsea,26.19,Midfield,Defensive Midfield,Nigeria  England,22,19,0,0,0,9,3,2.2e+07,1.9e+07,9.67e+06,1.275
2013,3160,John Terry,Chelsea,32.56,Defender,Centre-Back,England,14,11,4,0,0,8,3,1e+07,1.75e+07,8.333e+06,0.2
2013,44068,Juan Mata,Chelsea,25.17,Midfield,Attacking Midfield,Spain,35,31,12,12,0,14,3,4.5e+07,3.8e+07,4.662e+07,-0.03474
2013,176485,Lucas Piazón,Chelsea,19.44,Midfield,Attacking Midfield,Brazil  Italy,1,0,0,1,0,2,3,5e+06,7.5e+06,1.051e+06,3.757
2013,177476,Nathan Aké,Chelsea,18.37,Defender,Centre-Back,Netherlands  Cote d'Ivoire,3,1,0,0,0,2,3,1.5e+06,,1.274e+06,0.1776
2013,66100,Oriol Romeu,Chelsea,21.77,Midfield,Defensive Midfield,Spain,6,4,0,0,0,1,3,7e+06,8e+06,2.978e+06,1.35
2013,85314,Oscar,Chelsea,21.81,Midfield,Attacking Midfield,Brazil  Italy,34,24,4,5,0,15,3,3e+07,2e+07,1.353e+07,1.217
2013,9832,Paulo Ferreira,Chelsea,34.45,Defender,Right-Back,Portugal,2,0,0,0,0,2,3,7.5e+05,1e+06,1.227e+06,-0.3888
2013,5658,Petr Cech,Chelsea,31.12,Goalkeeper,Goalkeeper,Czech Republic,36,36,0,0,14,15,3,2.5e+07,2.5e+07,1.806e+07,0.3846
2013,54170,Ramires,Chelsea,26.27,Midfield,Central Midfield,Brazil,35,28,5,1,0,14,3,2.7e+07,3e+07,1.623e+07,0.6637
2013,29159,Ross Turnbull,Chelsea,28.49,Goalkeeper,Goalkeeper,England,3,2,0,0,1,0,3,1.5e+06,1.5e+06,1.371e+06,0.09427
2013,40611,Ryan Bertrand,Chelsea,23.9,Defender,Left-Back,England,19,14,0,0,0,8,3,7.5e+06,2.5e+06,4.886e+06,0.5351
2013,59866,Victor Moses,Chelsea,22.55,Attack,Right Winger,Nigeria  England,24,13,1,1,0,10,3,1.5e+07,6.5e+06,8.944e+06,0.6772
2013,124495,Apostolos Vellios,Everton,21.48,Attack,Centre-Forward,Greece,6,0,0,1,0,0,6,2.5e+06,2e+06,2.205e+06,0.1337
2013,124983,Bryan Oviedo,Everton,23.36,Defender,Left-Back,Costa Rica,15,1,0,1,0,0,6,3.5e+06,8e+05,1.74e+06,1.012
2013,42413,Darron Gibson,Everton,25.68,Midfield,Central Midfield,Ireland  Northern Ireland,23,22,1,2,0,0,6,4e+06,3.5e+06,4.832e+06,-0.1722
2013,33195,Jan Mucha,Everton,30.57,Goalkeeper,Goalkeeper,Slovakia,2,2,0,0,1,0,6,1.5e+06,1.5e+06,5.91e+05,1.538
2013,4315,John Heitinga,Everton,29.63,Defender,Centre-Back,Netherlands,26,17,0,0,0,0,6,6e+06,9e+06,4.864e+06,0.2334
2013,33639,Kevin Mirallas,Everton,25.74,Attack,Right Winger,Belgium  Spain,27,23,6,4,0,0,6,1.1e+07,8e+06,8.577e+06,0.2825
2013,13507,Leighton Baines,Everton,28.55,Defender,Left-Back,England,38,38,5,5,0,0,6,2.2e+07,1.9e+07,1.332e+07,0.6513
2013,3620,Leon Osman,Everton,32.12,Midfield,Central Midfield,England,36,36,5,2,0,0,6,4e+06,4.5e+06,6.164e+06,-0.3511
2013,91956,Magaye Gueye,Everton,22.99,Attack,Centre-Forward,Senegal  France,2,0,0,0,0,0,6,2e+06,2.5e+06,1.285e+06,0.5559
2013,39679,Marouane Fellaini,Everton,25.61,Midfield,Central Midfield,Belgium  Morocco,31,31,11,5,0,0,6,2.8e+07,2e+07,1.898e+07,0.4749
2013,25742,Nikica Jelavic,Everton,27.84,Attack,Centre-Forward,Croatia,37,26,7,1,0,0,6,7.5e+06,9e+06,7.873e+06,-0.04737
2013,13520,Phil Jagielka,Everton,30.87,Defender,Centre-Back,England  Poland,36,36,2,1,0,0,6,8.5e+06,1.2e+07,6.472e+06,0.3133
2013,3404,Phil Neville,Everton,36.44,Defender,Right-Back,England,18,18,0,1,0,0,6,1e+06,1.5e+06,1.338e+06,-0.2527
2013,131978,Ross Barkley,Everton,19.57,Midfield,Central Midfield,England,7,2,0,0,0,0,6,4.5e+06,4.5e+06,1.923e+06,1.341
2013,119269,Shane Duffy,Everton,21.5,Defender,Centre-Back,Ireland  Northern Ireland,1,0,0,0,0,0,6,7.5e+05,,1.01e+06,-0.2576
2013,12763,Steven Naismith,Everton,26.8,Attack,Second Striker,Scotland,31,13,4,1,0,0,6,4e+06,4e+06,3.61e+06,0.108
2013,4321,Steven Pienaar,Everton,31.29,Midfield,Left Midfield,South Africa,35,35,6,6,0,0,6,4.5e+06,7e+06,7.066e+06,-0.3631
2013,3356,Sylvain Distin,Everton,35.54,Defender,Centre-Back,France  Guadeloupe,34,31,0,2,0,0,6,1e+06,2e+06,2.266e+06,-0.5586
2013,68390,Séamus Coleman,Everton,24.72,Defender,Right-Back,Ireland,26,24,0,5,0,0,6,6e+06,5e+06,5.149e+06,0.1654
2013,1573,Thomas Hitzlsperger,Everton,31.24,Midfield,Central Midfield,Germany,7,4,0,0,0,0,6,1e+06,1.25e+06,1.695e+06,-0.4102
2013,4267,Tim Howard,Everton,34.32,Goalkeeper,Goalkeeper,United States  Hungary,36,36,0,0,10,0,6,2.5e+06,4e+06,3.982e+06,-0.3722
2013,3614,Tony Hibbert,Everton,32.36,Defender,Right-Back,England,6,4,0,0,0,0,6,1e+06,2e+06,2.139e+06,-0.5325
2013,39532,Victor Anichebe,Everton,25.19,Attack,Centre-Forward,Nigeria  England,26,19,6,4,0,0,6,5e+06,3.5e+06,7.359e+06,-0.3205
2013,3580,Aaron Hughes,Fulham,33.65,Defender,Centre-Back,Northern Ireland,24,23,0,0,0,0,12,1e+06,2e+06,2.112e+06,-0.5264
2013,116655,Alex Smith,Fulham,21.67,Midfield,Central Midfield,England,1,0,0,0,0,0,12,,,4.187e+05,
2013,51040,Alexander Kacaniklic,Fulham,21.88,Attack,Right Winger,Sweden  North Macedonia,20,16,4,3,0,0,12,3.5e+06,1e+06,4.48e+06,-0.2188
2013,39642,Bryan Ruiz,Fulham,27.87,Midfield,Attacking Midfield,Costa Rica,29,26,5,7,0,0,12,1.2e+07,1e+07,5.984e+06,1.005
2013,4115,Chris Baird,Fulham,31.35,Midfield,Defensive Midfield,Northern Ireland,19,14,2,0,0,0,12,1.5e+06,2e+06,1.985e+06,-0.2445
2013,3259,Damien Duff,Fulham,34.33,Attack,Right Winger,Ireland,31,27,3,7,0,0,12,1e+06,1.5e+06,2.19e+06,-0.5433
2013,67339,David Stockdale,Fulham,27.78,Goalkeeper,Goalkeeper,England,2,2,0,0,0,0,12,2.5e+06,3.5e+06,8.681e+05,1.88
2013,65,Dimitar Berbatov,Fulham,32.42,Attack,Centre-Forward,Bulgaria,33,32,15,3,0,0,12,5e+06,1.15e+07,4.94e+06,0.01224
2013,93056,Emmanuel Frimpong,Fulham,21.47,Midfield,Defensive Midfield,Ghana  England,6,2,0,1,0,0,12,2e+06,1.5e+06,1.235e+06,0.6195
2013,47344,Eyong Enoh,Fulham,27.27,Midfield,Defensive Midfield,Cameroon,9,8,0,0,0,4,12,2.5e+06,2e+06,2.115e+06,0.1819
2013,6106,Georgios Karagounis,Fulham,36.32,Midfield,Central Midfield,Greece,25,20,1,0,0,0,12,1e+06,2e+06,8.191e+05,0.2208
2013,37934,Hugo Rodallega,Fulham,27.93,Attack,Centre-Forward,Colombia,29,14,3,2,0,0,12,3.5e+06,4.5e+06,3.66e+06,-0.04375
2013,3220,John Arne Riise,Fulham,32.77,Defender,Left-Back,Norway,31,29,0,2,0,0,12,2e+06,4e+06,2.781e+06,-0.2807
2013,146844,Kerim Frei,Fulham,19.61,Attack,Left Winger,Türkiye  Switzerland,7,2,0,0,0,0,12,3e+06,3e+06,1.385e+06,1.167
2013,3548,Kieran Richardson,Fulham,28.69,Defender,Left-Back,England,15,13,1,0,0,0,12,3e+06,5e+06,3.338e+06,-0.1012
2013,3357,Mark Schwarzer,Fulham,40.73,Goalkeeper,Goalkeeper,Australia  Germany,36,36,0,0,8,0,12,1e+06,1.5e+06,2.39e+06,-0.5815
2013,51318,Matthew Briggs,Fulham,22.32,Defender,Centre-Back,Guyana  England,5,3,0,0,0,0,12,1.5e+06,1.5e+06,9.221e+05,0.6267
2013,2874,Mladen Petric,Fulham,32.5,Attack,Centre-Forward,Croatia  Switzerland,23,9,5,1,0,0,12,2e+06,5e+06,2.039e+06,-0.01929
2013,130108,Pajtim Kasami,Fulham,21.08,Midfield,Central Midfield,Switzerland  North Macedonia,2,0,0,0,0,0,12,2e+06,2.5e+06,8.001e+05,1.5
2013,4277,Philippe Senderos,Fulham,28.38,Defender,Centre-Back,Switzerland  Spain,21,18,0,0,0,0,12,2.5e+06,3e+06,3.491e+06,-0.2838
2013,13427,Steve Sidwell,Fulham,30.55,Midfield,Central Midfield,England,28,24,4,2,0,0,12,2.5e+06,2.5e+06,3.06e+06,-0.1831
2013,20586,Urby Emanuelson,Fulham,27.04,Midfield,Central Midfield,Netherlands  Suriname,13,5,1,0,0,6,12,6.5e+06,7.5e+06,3.766e+06,0.726
2013,128912,Andre Wisdom,Liverpool,20.15,Defender,Right-Back,England  Jamaica,12,12,0,1,0,4,7,2.5e+06,,3.346e+06,-0.2529
2013,4042,Brad Jones,Liverpool,31.29,Goalkeeper,Goalkeeper,Australia  England,7,7,0,0,2,3,7,1.5e+06,1.5e+06,1.293e+06,0.1597
2013,128901,Conor Coady,Liverpool,20.34,Defender,Centre-Back,England,1,0,0,0,0,1,7,3e+05,,5.233e+05,-0.4268
2013,22832,Daniel Agger,Liverpool,28.55,Defender,Centre-Back,Denmark,35,35,3,0,0,2,7,1.8e+07,1.5e+07,1.021e+07,0.7631
2013,47082,Daniel Sturridge,Liverpool,23.83,Attack,Centre-Forward,England,21,12,11,3,0,2,7,1.8e+07,1.6e+07,1.764e+07,0.02029
2013,96754,Fabio Borini,Liverpool,22.26,Attack,Left Winger,Italy,13,5,1,0,0,2,7,1e+07,9e+06,3.898e+06,1.565
2013,3881,Glen Johnson,Liverpool,28.85,Defender,Right-Back,England,36,36,1,4,0,5,7,1.3e+07,1.2e+07,8.238e+06,0.5781
2013,3597,Jamie Carragher,Liverpool,35.42,Defender,Centre-Back,England  Malta,24,16,0,1,0,7,7,1e+06,2e+06,1.891e+06,-0.4711
2013,51452,Joe Allen,Liverpool,23.3,Midfield,Central Midfield,Wales,27,21,0,0,0,5,7,1.4e+07,4e+06,7.306e+06,0.9161
2013,71292,Jonjo Shelvey,Liverpool,21.34,Midfield,Central Midfield,England  Ireland,19,9,1,0,0,7,7,5.5e+06,3e+06,4.22e+06,0.3033
2013,61651,Jordan Henderson,Liverpool,23.04,Midfield,Defensive Midfield,England,30,16,5,4,0,7,7,1.3e+07,1.5e+07,1.154e+07,0.127
2013,195652,Jordon Ibe,Liverpool,17.56,Attack,Right Winger,England  Nigeria,1,1,0,1,0,0,7,5e+05,2.5e+05,5.029e+05,-0.005671
2013,35571,José Enrique,Liverpool,27.44,Defender,Left-Back,Spain,29,25,2,4,0,4,7,1.4e+07,1.3e+07,8.498e+06,0.6475
2013,41414,Lucas Leiva,Liverpool,26.48,Midfield,Defensive Midfield,Brazil  Italy,26,24,0,1,0,2,7,1.7e+07,1.5e+07,7.888e+06,1.155
2013,44352,Luis Suárez,Liverpool,26.43,Attack,Centre-Forward,Uruguay,33,33,23,6,0,6,7,4.2e+07,2.9e+07,2.464e+07,0.7047
2013,78959,Martin Kelly,Liverpool,23.18,Defender,Right-Back,England,4,4,0,0,0,0,7,5e+06,5e+06,2.273e+06,1.2
2013,24180,Martin Skrtel,Liverpool,28.54,Defender,Centre-Back,Slovakia,25,23,2,0,0,4,7,1.25e+07,1.8e+07,9.357e+06,0.3359
2013,31095,Nuri Şahin,Liverpool,24.82,Midfield,Defensive Midfield,Türkiye  Germany,7,7,1,2,0,7,7,8e+06,1.2e+07,6.419e+06,0.2462
2013,7825,Pepe Reina,Liverpool,30.83,Goalkeeper,Goalkeeper,Spain,31,31,0,0,14,5,7,1e+07,1.6e+07,1.282e+07,-0.2198
2013,80444,Philippe Coutinho,Liverpool,21.05,Midfield,Attacking Midfield,Brazil  Portugal,13,12,3,5,0,5,7,1.4e+07,8.5e+06,1.447e+07,-0.03266
2013,134425,Raheem Sterling,Liverpool,18.56,Attack,Right Winger,England  Jamaica,24,19,2,2,0,7,7,1.25e+07,,7.842e+06,0.594
2013,102427,Sebastián Coates,Liverpool,22.73,Defender,Centre-Back,Uruguay  Spain,5,2,0,0,0,3,7,3.5e+06,5e+06,1.089e+06,2.214
2013,3109,Steven Gerrard,Liverpool,33.09,Midfield,Central Midfield,England,36,36,10,8,0,5,7,9e+06,1.55e+07,8.648e+06,0.04067
2013,4063,Stewart Downing,Liverpool,28.94,Midfield,Left Midfield,England,29,25,3,5,0,8,7,8.5e+06,1.2e+07,1.159e+07,-0.2665
2013,111961,Suso,Liverpool,19.61,Attack,Right Winger,Spain,14,8,0,0,0,4,7,5e+06,,3.223e+06,0.5513
2013,177321,Abdul Razak,Man City,20.64,Midfield,Central Midfield,Cote d'Ivoire,3,0,0,0,0,0,2,1e+06,,7.312e+05,0.3676
2013,46156,Aleksandar Kolarov,Man City,27.64,Defender,Left-Back,Serbia,20,11,1,2,0,5,2,1.1e+07,1.4e+07,8.306e+06,0.3243
2013,4276,Carlos Tevez,Man City,29.4,Attack,Centre-Forward,Argentina,34,28,11,10,0,5,2,2e+07,2.25e+07,2.571e+07,-0.2221
2013,35518,David Silva,Man City,27.48,Midfield,Attacking Midfield,Spain,32,29,4,9,0,3,2,4e+07,5e+07,2.463e+07,0.6241
2013,28396,Edin Džeko,Man City,27.29,Attack,Centre-Forward,Bosnia-Herzegovina,32,16,14,4,0,6,2,2.7e+07,2.9e+07,1.88e+07,0.4361
2013,3291,Gareth Barry,Man City,32.35,Midfield,Defensive Midfield,England,31,27,1,2,0,4,2,6e+06,1e+07,8.208e+06,-0.269
2013,7449,Gaël Clichy,Man City,27.93,Defender,Left-Back,France  Martinique,28,26,0,3,0,4,2,1.6e+07,1.5e+07,1.292e+07,0.2382
2013,57079,Jack Rodwell,Man City,22.31,Defender,Centre-Back,England,11,6,2,0,0,1,2,1.5e+07,1.5e+07,5.363e+06,1.797
2013,3333,James Milner,Man City,27.49,Midfield,Central Midfield,England,26,19,4,3,0,2,2,1.8e+07,2.1e+07,1.064e+07,0.691
2013,36350,Javi García,Man City,26.39,Midfield,Defensive Midfield,Spain,24,17,2,0,0,5,2,1.9e+07,1.5e+07,9.581e+06,0.9831
2013,40204,Joe Hart,Man City,26.2,Goalkeeper,Goalkeeper,England,38,38,0,0,18,6,2,2.4e+07,2.35e+07,1.858e+07,0.2917
2013,4241,Joleon Lescott,Man City,30.87,Defender,Centre-Back,England,26,17,1,0,0,2,2,9e+06,1.5e+07,7.252e+06,0.241
2013,182579,Karim Rekik,Man City,18.58,Defender,Centre-Back,Netherlands  Tunisia,1,1,0,0,0,0,2,2e+06,,5.953e+05,2.36
2013,3202,Kolo Touré,Man City,32.28,Defender,Centre-Back,Cote d'Ivoire  England,15,10,0,0,0,0,2,4.5e+06,8e+06,2.207e+06,1.039
2013,18301,Maicon,Man City,31.93,Defender,Right-Back,Brazil,9,4,0,0,0,3,2,4e+06,1.45e+07,3.53e+06,0.133
2013,45146,Mario Balotelli,Man City,22.89,Attack,Centre-Forward,Italy  Ghana,14,7,1,0,0,4,2,3e+07,3.2e+07,8.205e+06,2.656
2013,143559,Matija Nastasić,Man City,20.26,Defender,Centre-Back,Serbia,21,21,0,0,0,5,2,2.1e+07,5.5e+06,1.033e+07,1.033
2013,32617,Micah Richards,Man City,25.02,Defender,Right-Back,England  St. Kitts & Nevis,7,7,0,0,0,1,2,1.6e+07,1.85e+07,8.822e+06,0.8137
2013,4672,Nigel de Jong,Man City,28.58,Midfield,Defensive Midfield,Netherlands  Suriname,1,1,0,0,0,4,2,7e+06,1.3e+07,8.857e+06,-0.2096
2013,20007,Pablo Zabaleta,Man City,28.45,Defender,Right-Back,Argentina  Spain,30,29,2,2,0,5,2,1.8e+07,1.45e+07,1.048e+07,0.7177
2013,18935,Samir Nasri,Man City,26.02,Midfield,Attacking Midfield,France  Algeria,28,22,2,7,0,6,2,1.9e+07,2.5e+07,1.87e+07,0.01627
2013,31552,Scott Sinclair,Man City,24.27,Attack,Left Winger,England  Jamaica,12,2,1,0,0,1,2,7.5e+06,8e+06,5.474e+06,0.3701
2013,26399,Sergio Agüero,Man City,25.08,Attack,Centre-Forward,Argentina  Spain,30,22,12,2,0,5,2,4e+07,5.1e+07,2.421e+07,0.6525
2013,9594,Vincent Kompany,Man City,27.23,Defender,Centre-Back,Belgium  DR Congo,26,26,1,0,0,6,2,3.5e+07,3.5e+07,1.716e+07,1.04
2013,13091,Yaya Touré,Man City,30.14,Midfield,Central Midfield,Cote d'Ivoire  England,32,32,7,5,0,5,2,3e+07,3.65e+07,2.413e+07,0.2433
2013,38003,Alexander Büttner,Man United,24.38,Defender,Left-Back,Netherlands,5,4,2,1,0,3,1,5e+06,3e+06,4.134e+06,0.2094
2013,22491,Anders Lindegaard,Man United,29.22,Goalkeeper,Goalkeeper,Denmark,10,10,0,0,2,1,1,4e+06,5e+06,2.733e+06,0.4638
2013,31645,Anderson,Man United,25.22,Midfield,Central Midfield,Brazil,17,9,1,1,0,4,1,9e+06,1.2e+07,6.614e+06,0.3607
2013,33544,Antonio Valencia,Man United,27.91,Defender,Right-Back,Ecuador,30,24,1,5,0,4,1,1.9e+07,2.75e+07,1.4e+07,0.3569
2013,14086,Ashley Young,Man United,27.98,Defender,Right-Back,England  Jamaica,19,17,0,3,0,2,1,2e+07,2.7e+07,8.952e+06,1.234
2013,50935,Chicharito,Man United,25.08,Attack,Centre-Forward,Mexico,22,9,10,3,0,6,1,2.2e+07,1.8e+07,1.368e+07,0.6083
2013,103427,Chris Smalling,Man United,23.61,Defender,Centre-Back,England  Jamaica,15,10,0,0,0,2,1,1.2e+07,1.5e+07,6.22e+06,0.9294
2013,67063,Danny Welbeck,Man United,22.6,Attack,Centre-Forward,England  Ghana,27,13,1,4,0,7,1,1.4e+07,1.7e+07,1.012e+07,0.3838
2013,3547,Darren Fletcher,Man United,29.41,Midfield,Central Midfield,Scotland,3,2,1,0,0,5,1,5e+06,1e+07,4.614e+06,0.08365
2013,59377,David de Gea,Man United,22.65,Goalkeeper,Goalkeeper,Spain,28,28,0,0,11,7,1,1.7e+07,1.75e+07,1.586e+07,0.07182
2013,42412,Jonny Evans,Man United,25.49,Defender,Centre-Back,Northern Ireland,23,21,3,1,0,5,1,1.3e+07,9.5e+06,1.419e+07,-0.0839
2013,3878,Michael Carrick,Man United,31.93,Midfield,Defensive Midfield,England,36,34,1,4,0,5,1,1.1e+07,1.4e+07,1.183e+07,-0.07014
2013,33706,Nani,Man United,26.62,Attack,Left Winger,Portugal  Cape Verde,11,7,1,3,0,4,1,2e+07,3.65e+07,1.417e+07,0.4116
2013,19726,Nemanja Vidic‎,Man United,31.69,Defender,Centre-Back,Serbia,19,18,1,0,0,2,1,1.5e+07,2.55e+07,3.569e+06,3.203
2013,134424,Nick Powell,Man United,19.27,Midfield,Attacking Midfield,England,2,0,1,0,0,2,1,5e+06,3e+06,4.546e+06,0.09979
2013,5285,Patrice Evra,Man United,32.13,Defender,Left-Back,France  Senegal,34,34,4,5,0,5,1,1.1e+07,1.55e+07,1.459e+07,-0.246
2013,3397,Paul Scholes,Man United,38.62,Midfield,Central Midfield,England,16,8,1,1,0,2,1,1e+06,1e+06,1.355e+06,-0.2618
2013,117996,Phil Jones,Man United,21.36,Defender,Centre-Back,England,17,13,0,1,0,3,1,1.7e+07,1.8e+07,8.889e+06,0.9125
2013,61892,Rafael,Man United,22.98,Defender,Right-Back,Brazil  Portugal,28,27,3,3,0,7,1,1.5e+07,9e+06,2.18e+07,-0.3119
2013,3235,Rio Ferdinand,Man United,34.65,Defender,Centre-Back,England,28,26,1,1,0,4,1,3e+06,6e+06,6.101e+06,-0.5083
2013,4380,Robin van Persie,Man United,29.9,Attack,Centre-Forward,Netherlands,38,35,26,10,0,6,1,4.5e+07,4.75e+07,4.227e+07,0.06462
2013,3406,Ryan Giggs,Man United,39.59,Midfield,Left Midfield,Wales,22,12,2,3,0,5,1,1e+06,1e+06,1.58e+06,-0.3672
2013,81785,Shinji Kagawa,Man United,24.29,Midfield,Attacking Midfield,Japan,20,17,6,3,0,3,1,2e+07,2.2e+07,1.867e+07,0.07112
2013,73484,Tom Cleverley,Man United,23.89,Midfield,Central Midfield,England,22,18,2,2,0,5,1,1.3e+07,8.5e+06,1.014e+07,0.2817
2013,3332,Wayne Rooney,Man United,27.69,Attack,Centre-Forward,England,27,22,12,10,0,6,1,5e+07,6.5e+07,4.127e+07,0.2116
2013,204354,Adam Campbell,Newcastle,18.5,Attack,Left Winger,England,3,0,0,0,0,1,14,2.5e+05,,4.304e+05,-0.4191
2013,44983,Dan Gosling,Newcastle,23.41,Midfield,Central Midfield,England,3,0,0,0,0,3,14,1.5e+06,1.5e+06,1.214e+06,0.2359
2013,37442,Danny Simpson,Newcastle,26.49,Defender,Right-Back,England  Jamaica,19,18,0,1,0,6,14,3e+06,5.5e+06,3.716e+06,-0.1928
2013,84344,Davide Santon,Newcastle,22.49,Defender,Left-Back,Italy,31,31,1,3,0,6,14,1e+07,8e+06,5.978e+06,0.6729
2013,40205,Demba Ba,Newcastle,28.1,Attack,Centre-Forward,Senegal  France,34,30,15,2,0,1,14,1.9e+07,1.5e+07,1.089e+07,0.7447
2013,6150,Fabricio Coloccini,Newcastle,31.44,Defender,Centre-Back,Argentina  Italy,22,22,0,1,0,6,14,6e+06,8e+06,4.167e+06,0.4399
2013,43261,Gabriel Obertan,Newcastle,24.34,Attack,Right Winger,France  Guadeloupe,14,4,0,2,0,6,14,2.5e+06,3e+06,3.689e+06,-0.3223
2013,49409,James Perch,Newcastle,27.76,Defender,Centre-Back,England  Jamaica,27,19,1,0,0,7,14,3e+06,2e+06,2.677e+06,0.1208
2013,62094,James Tavernier,Newcastle,21.67,Defender,Right-Back,England,2,0,0,0,0,2,14,,7.5e+04,7.383e+05,
2013,57480,Mapou Yanga-Mbiwa,Newcastle,24.13,Defender,Centre-Back,France  Central African Republic,14,11,0,0,0,12,14,9e+06,9e+06,5.394e+06,0.6684
2013,170929,Massadio Haïdara,Newcastle,20.58,Defender,Left-Back,Mali  France,4,2,0,0,0,4,14,2.5e+06,1e+06,2.473e+06,0.01082
2013,27306,Mathieu Debuchy,Newcastle,27.93,Defender,Right-Back,France,14,14,0,0,0,3,14,1e+07,1.5e+07,4.374e+06,1.286
2013,10642,Mike Williamson,Newcastle,29.65,Defender,Centre-Back,England,19,19,0,0,0,5,14,3e+06,3.5e+06,3.297e+06,-0.09007
2013,46001,Moussa Sissoko,Newcastle,23.87,Midfield,Central Midfield,France  Mali,12,12,3,2,0,6,14,1.2e+07,9.5e+06,1.032e+07,0.1628
2013,33952,Papiss Demba Cissé,Newcastle,28.08,Attack,Centre-Forward,Senegal  France,36,35,8,2,0,9,14,1.45e+07,1.9e+07,9.366e+06,0.5482
2013,39037,Rob Elliot,Newcastle,27.17,Goalkeeper,Goalkeeper,Ireland  England,10,9,0,0,1,5,14,5e+05,2.5e+05,1.135e+06,-0.5594
2013,33785,Ryan Taylor,Newcastle,28.87,Defender,Right-Back,England,1,0,0,0,0,0,14,3e+06,4.5e+06,2.605e+06,0.1514
2013,92381,Sammy Ameobi,Newcastle,21.17,Attack,Left Winger,England  Nigeria,8,1,0,1,0,5,14,3e+06,2e+06,2.072e+06,0.4479
2013,62052,Shane Ferguson,Newcastle,21.97,Midfield,Left Midfield,Northern Ireland,9,4,0,1,0,4,14,1.5e+06,1e+06,2.265e+06,-0.3377
2013,39909,Sylvain Marveaux,Newcastle,27.21,Midfield,Attacking Midfield,France  Martinique,22,10,1,4,0,10,14,3e+06,3e+06,4.522e+06,-0.3366
2013,33027,Tim Krul,Newcastle,25.24,Goalkeeper,Goalkeeper,Netherlands,24,24,0,0,4,6,14,8.5e+06,8.5e+06,5.129e+06,0.6572
2013,30670,Vurnon Anita,Newcastle,24.24,Midfield,Defensive Midfield,Curacao  Netherlands,25,17,0,1,0,10,14,6.5e+06,6e+06,3.703e+06,0.7552
2013,29434,Yohan Cabaye,Newcastle,27.46,Midfield,Central Midfield,France,26,25,6,2,0,9,14,1.6e+07,1.65e+07,8.827e+06,0.8127
2013,12384,Alexander Tettey,Norwich,27.24,Midfield,Defensive Midfield,Norway,27,21,0,1,0,0,11,3.5e+06,2.25e+06,2.709e+06,0.2919
2013,29975,Andrew Surman,Norwich,26.86,Midfield,Central Midfield,England  South Africa,4,4,0,0,0,0,11,1e+06,2.5e+06,2.557e+06,-0.6089
2013,67322,Anthony Pilkington,Norwich,25.07,Attack,Left Winger,Ireland  England,30,25,5,3,0,0,11,5e+06,3.5e+06,5.203e+06,-0.03896
2013,49327,Bradley Johnson,Norwich,26.18,Midfield,Central Midfield,England,37,37,1,2,0,0,11,3e+06,2e+06,4.813e+06,-0.3767
2013,46154,Chris Martin,Norwich,24.65,Attack,Centre-Forward,Scotland  England,1,0,0,0,0,0,11,5e+05,5e+05,8.832e+05,-0.4339
2013,4219,David Fox,Norwich,29.55,Midfield,Central Midfield,England,2,0,0,0,0,0,11,1e+06,2e+06,1.506e+06,-0.3361
2013,43193,Elliott Bennett,Norwich,24.53,Midfield,Right Midfield,Jamaica  England,24,9,1,3,0,0,11,2e+06,3e+06,2.938e+06,-0.3192
2013,13412,Grant Holt,Norwich,32.22,Attack,Centre-Forward,England,34,28,8,3,0,0,11,3e+06,4e+06,3.278e+06,-0.08483
2013,132098,Harry Kane,Norwich,19.93,Attack,Centre-Forward,England  Ireland,4,1,0,0,0,0,11,5e+05,,1.159e+06,-0.5685
2013,23218,Javier Garrido,Norwich,28.3,Defender,Left-Back,Spain,34,34,0,2,0,0,11,2.5e+06,9e+05,4.97e+06,-0.497
2013,29712,John Ruddy,Norwich,26.69,Goalkeeper,Goalkeeper,England,15,15,0,0,6,0,11,4e+06,4.5e+06,2.958e+06,0.3521
2013,45395,Jonathan Howson,Norwich,25.11,Midfield,Central Midfield,England,30,22,2,1,0,0,11,3e+06,3e+06,3.503e+06,-0.1436
2013,39049,Kei Kamara,Norwich,28.83,Attack,Centre-Forward,Sierra Leone  United States,11,7,1,1,0,0,11,,5e+05,1.311e+06,
2013,13443,Lee Camp,Norwich,28.86,Goalkeeper,Goalkeeper,Northern Ireland  England,3,1,0,0,0,0,11,1e+06,1.25e+06,6.384e+05,0.5665
2013,33484,Leon Barnett,Norwich,27.58,Defender,Centre-Back,England  Jamaica,8,6,0,1,0,0,11,1e+06,2.5e+06,2.001e+06,-0.5002
2013,71020,Luciano Becchio,Norwich,29.51,Attack,Centre-Forward,Argentina  Italy,8,2,0,1,0,0,11,2e+06,1.25e+06,1.475e+06,0.356
2013,67346,Marc Tierney,Norwich,27.85,Defender,Left-Back,England  Ireland,1,1,0,0,0,0,11,1e+06,1e+06,1.15e+06,-0.1303
2013,49319,Mark Bunn,Norwich,28.62,Goalkeeper,Goalkeeper,England  Ireland,23,22,0,1,7,0,11,2e+06,7.5e+05,2.603e+06,-0.2316
2013,22614,Robert Snodgrass,Norwich,25.82,Attack,Right Winger,Scotland,37,35,6,6,0,0,11,6e+06,3e+06,5.212e+06,0.1513
2013,67303,Russell Martin,Norwich,27.49,Defender,Centre-Back,Scotland  England,31,30,3,0,0,0,11,3e+06,3e+06,3.9e+06,-0.2307
2013,67252,Ryan Bennett,Norwich,23.32,Defender,Centre-Back,England,15,10,1,0,0,0,11,2.5e+06,3.5e+06,2.54e+06,-0.01591
2013,44913,Simeon Jackson,Norwich,26.26,Attack,Centre-Forward,Canada  Jamaica,13,5,1,0,0,0,11,1e+06,1.5e+06,2.073e+06,-0.5175
2013,104725,Steve Morison,Norwich,29.84,Attack,Centre-Forward,Wales  England,19,4,1,0,0,0,11,1.3e+06,3e+06,2.272e+06,-0.4278
2013,12704,Steven Whittaker,Norwich,29.04,Defender,Right-Back,Scotland,13,12,1,0,0,0,11,1.5e+06,2.5e+06,1.556e+06,-0.03604
2013,33951,Sébastien Bassong,Norwich,26.98,Defender,Centre-Back,Cameroon  France,34,34,3,2,0,0,11,4.5e+06,4.5e+06,5.26e+06,-0.1444
2013,24589,Wes Hoolahan,Norwich,31.12,Midfield,Attacking Midfield,Ireland,33,28,3,3,0,0,11,2e+06,3e+06,4.118e+06,-0.5143
2013,45287,Adel Taarabt,QPR,24.1,Midfield,Central Midfield,Morocco  France,31,25,5,4,0,0,20,9e+06,7.5e+06,4.241e+06,1.122
2013,61842,Andros Townsend,QPR,21.96,Attack,Right Winger,England,17,12,2,2,0,3,20,1e+06,5e+05,2.421e+06,-0.587
2013,3698,Anton Ferdinand,QPR,28.36,Defender,Centre-Back,England  St. Lucia,13,10,0,0,0,0,20,2e+06,3.5e+06,2.821e+06,-0.2911
2013,33783,Armand Traoré,QPR,23.73,Defender,Left-Back,Senegal  France,26,24,0,0,0,0,20,3.5e+06,2.5e+06,2.741e+06,0.2771
2013,4205,Bobby Zamora,QPR,32.45,Attack,Centre-Forward,England  Trinidad and Tobago,21,16,4,1,0,0,20,2.5e+06,5e+06,2.54e+06,-0.0157
2013,29016,Christopher Samba,QPR,29.26,Defender,Centre-Back,Congo  France,10,10,0,0,0,6,20,1.1e+07,1.3e+07,3.099e+06,2.55
2013,3966,Djibril Cissé,QPR,31.89,Attack,Centre-Forward,France  Cote d'Ivoire,18,12,3,0,0,0,20,2.5e+06,6e+06,3.11e+06,-0.196
2013,44065,Esteban Granero,QPR,26,Midfield,Central Midfield,Spain,24,19,1,1,0,0,20,6e+06,7e+06,2.511e+06,1.39
2013,61891,Fábio,QPR,22.98,Defender,Right-Back,Brazil  Portugal,21,13,0,0,0,0,20,6e+06,7.5e+06,1.194e+06,4.025
2013,15929,Jamie Mackie,QPR,27.77,Attack,Centre-Forward,Scotland  England,29,17,2,0,0,0,20,3e+06,3.5e+06,2.33e+06,0.2878
2013,3461,Jermaine Jenas,QPR,30.37,Midfield,Central Midfield,England,13,8,2,0,0,0,20,2.5e+06,6.5e+06,1.823e+06,0.3714
2013,4592,Ji-sung Park,QPR,32.34,Midfield,Attacking Midfield,"Korea, South",20,15,0,3,0,0,20,2.5e+06,6.5e+06,1.988e+06,0.2575
2013,58993,Junior Hoilett,QPR,23.07,Attack,Left Winger,Canada  Jamaica,26,15,1,2,0,0,20,5.5e+06,9e+06,3.547e+06,0.5507
2013,22412,Júlio César,QPR,33.83,Goalkeeper,Goalkeeper,Brazil,24,24,0,1,6,0,20,3e+06,1.5e+07,2.084e+06,0.4397
2013,3118,Kieron Dyer,QPR,34.51,Midfield,Right Midfield,England  Antigua and Barbuda,4,1,0,0,0,0,20,5e+05,5e+05,4.574e+05,0.09312
2013,45121,Loïc Rémy,QPR,26.49,Attack,Centre-Forward,France  Martinique,14,13,6,0,0,5,20,1e+07,1.9e+07,8.68e+06,0.1521
2013,28810,Nedum Onuoha,QPR,26.63,Defender,Centre-Back,England  Nigeria,23,15,0,0,0,0,20,3e+06,4e+06,2.418e+06,0.2405
2013,11680,Rob Green,QPR,33.45,Goalkeeper,Goalkeeper,England,16,14,0,1,3,0,20,1.5e+06,3e+06,1.064e+06,0.4092
2013,28878,Ryan Nelsen,QPR,35.7,Defender,Centre-Back,New Zealand,21,21,1,0,0,0,20,,7.5e+05,7.814e+05,
2013,136589,Samba Diakité,QPR,24.43,Midfield,Defensive Midfield,Mali  France,14,11,0,1,0,0,20,3e+06,4.5e+06,2.534e+06,0.1838
2013,14007,Shaun Derry,QPR,35.57,Midfield,Defensive Midfield,England,18,10,0,0,0,0,20,5e+05,5e+05,6.848e+05,-0.2698
2013,3467,Shaun Wright-Phillips,QPR,31.68,Attack,Right Winger,England  Grenada,20,14,1,1,0,0,20,2e+06,3.5e+06,2.043e+06,-0.02124
2013,27470,Stéphane Mbia,QPR,27.12,Midfield,Defensive Midfield,Cameroon  France,29,29,0,3,0,0,20,9e+06,9e+06,4.344e+06,1.072
2013,20714,Tal Ben Haim,QPR,31.25,Defender,Centre-Back,Israel,3,2,0,0,0,0,20,1e+06,1.25e+06,9.174e+05,0.09001
2013,4233,Adam Federici,Reading,28.41,Goalkeeper,Goalkeeper,Australia  Italy,21,21,0,0,3,0,19,2e+06,1e+06,1.35e+06,0.4812
2013,46106,Adam Le Fondre,Reading,26.58,Attack,Centre-Forward,England  France,34,11,12,1,0,0,19,4e+06,1e+06,2.953e+06,0.3543
2013,38145,Adrian Mariappa,Reading,26.74,Defender,Centre-Back,Jamaica  England,29,29,1,0,0,0,19,2.5e+06,2e+06,1.593e+06,0.5695
2013,95976,Alex McCarthy,Reading,23.58,Goalkeeper,Goalkeeper,England,13,13,0,0,2,0,19,1e+06,5e+05,8.725e+05,0.1461
2013,47768,Alex Pearce,Reading,24.64,Defender,Centre-Back,Ireland  Scotland,19,18,0,1,0,0,19,1.5e+06,1.75e+06,1.734e+06,-0.1349
2013,43853,Chris Gunter,Reading,23.95,Defender,Right-Back,Wales,20,20,0,0,0,0,19,2.5e+06,1.75e+06,1.343e+06,0.8608
2013,16716,Danny Guthrie,Reading,26.2,Midfield,Central Midfield,England,21,19,1,1,0,0,19,2.5e+06,4e+06,2.528e+06,-0.01107
2013,203784,Dominic Samuel,Reading,19.22,Attack,Centre-Forward,England  Antigua and Barbuda,1,0,0,0,0,0,19,,,6.305e+04,
2013,69653,Garath McCleary,Reading,26.13,Attack,Right Winger,Jamaica  England,31,15,3,2,0,0,19,1e+06,1e+06,2.636e+06,-0.6207
2013,65976,Hal Robson-Kanu,Reading,24.11,Attack,Centre-Forward,Wales  England,25,13,7,1,0,0,19,3e+06,7.5e+05,2.27e+06,0.3217
2013,61559,Hope Akpan,Reading,21.88,Midfield,Central Midfield,Nigeria  England,9,6,0,3,0,0,19,5e+05,,1.243e+06,-0.5977
2013,3666,Jason Roberts,Reading,35.43,Attack,Centre-Forward,Grenada  England,11,8,0,1,0,0,19,2.5e+05,2.5e+05,7.879e+05,-0.6827
2013,14047,Jobi McAnuff,Reading,31.64,Attack,Left Winger,Jamaica  England,38,38,0,8,0,0,19,1.5e+06,1.5e+06,2.057e+06,-0.2709
2013,14041,Mikele Leigertwood,Reading,30.63,Midfield,Defensive Midfield,Antigua and Barbuda  England,30,29,1,0,0,0,19,1e+06,1.25e+06,1.811e+06,-0.4477
2013,67369,Nick Blackman,Reading,23.64,Attack,Centre-Forward,Barbados  England,11,3,0,1,0,0,19,1.5e+06,5e+05,1.21e+06,0.2397
2013,13426,Nicky Shorey,Reading,32.36,Defender,Left-Back,England,17,16,0,4,0,0,19,1e+06,2e+06,1.904e+06,-0.4749
2013,79723,Sean Morrison,Reading,22.48,Defender,Centre-Back,England  Ireland,16,15,2,0,0,0,19,1e+06,,1.834e+06,-0.4548
2013,40614,Shaun Cummings,Reading,24.34,Defender,Right-Back,Jamaica  England,9,9,0,0,0,0,19,1e+06,7.5e+05,6.414e+05,0.559
2013,12125,Stephen Kelly,Reading,29.82,Defender,Right-Back,Ireland,18,16,0,0,0,0,19,1e+06,2e+06,1.905e+06,-0.4749
2013,3190,Stuart Taylor,Reading,32.59,Goalkeeper,Goalkeeper,England,4,4,0,0,0,0,19,7.5e+05,7.5e+05,3.874e+05,0.9359
2013,43530,Adam Lallana,Southampton,25.14,Midfield,Attacking Midfield,England,30,26,3,5,0,0,16,5.5e+06,3e+06,4.922e+06,0.1173
2013,15220,Artur Boruc,Southampton,33.36,Goalkeeper,Goalkeeper,Poland,20,20,0,0,5,0,16,1.5e+06,4e+06,1.325e+06,0.1325
2013,171234,Ben Reeves,Southampton,21.62,Midfield,Attacking Midfield,Northern Ireland  England,3,0,0,0,0,0,16,,1.5e+05,7.111e+05,
2013,49542,Billy Sharp,Southampton,27.4,Attack,Centre-Forward,England,2,0,0,0,0,0,16,3e+06,4.5e+06,9.436e+05,2.179
2013,31553,Danny Fox,Southampton,27.09,Defender,Left-Back,Scotland  England,20,14,1,1,0,0,16,2.5e+06,3e+06,2.017e+06,0.2396
2013,55709,Emmanuel Mayuka,Southampton,22.61,Attack,Centre-Forward,Zambia,11,1,0,0,0,0,16,2.5e+06,6e+06,1.156e+06,1.162
2013,4094,Frazer Richardson,Southampton,30.67,Defender,Right-Back,England,5,2,0,0,0,0,16,5e+05,1e+06,6.767e+05,-0.2612
2013,123742,Gastón Ramírez,Southampton,22.58,Midfield,Central Midfield,Uruguay,26,20,5,3,0,0,16,1e+07,1.35e+07,5.181e+06,0.9301
2013,22801,Guly,Southampton,31.5,Midfield,Attacking Midfield,Brazil  Italy,18,8,0,2,0,0,16,1.5e+06,2e+06,1.576e+06,-0.04836
2013,40613,Jack Cork,Southampton,24.02,Midfield,Defensive Midfield,England,28,28,0,0,0,0,16,3e+06,1.5e+06,2.707e+06,0.1082
2013,181579,James Ward-Prowse,Southampton,18.66,Midfield,Central Midfield,England,15,4,0,0,0,0,16,2e+06,,8.921e+05,1.242
2013,47995,Jason Puncheon,Southampton,27.04,Midfield,Central Midfield,England  Jamaica,32,25,6,1,0,0,16,3.5e+06,7.5e+05,3.045e+06,0.1492
2013,53360,Jay Rodríguez,Southampton,23.92,Attack,Centre-Forward,England  Spain,35,24,6,5,0,0,16,6.5e+06,5e+06,5.282e+06,0.2305
2013,33829,José Fonte,Southampton,29.52,Defender,Centre-Back,Portugal,27,25,2,1,0,0,16,2.5e+06,2.5e+06,2.737e+06,-0.08675
2013,13640,Kelvin Davis,Southampton,36.75,Goalkeeper,Goalkeeper,England,10,9,0,0,2,0,16,2.5e+05,2.5e+05,6.332e+05,-0.6052
2013,183288,Luke Shaw,Southampton,17.97,Defender,Left-Back,England,25,22,0,0,0,0,16,7e+06,,1.62e+06,3.32
2013,81789,Maya Yoshida,Southampton,24.85,Defender,Centre-Back,Japan,32,31,0,0,0,0,16,5e+06,1.25e+06,2.734e+06,0.829
2013,56818,Morgan Schneiderlin,Southampton,23.64,Midfield,Defensive Midfield,France,36,36,5,0,0,0,16,5.5e+06,1.75e+06,3.857e+06,0.4259
2013,85177,Nathaniel Clyne,Southampton,22.24,Defender,Right-Back,England  Grenada,34,34,1,3,0,0,16,5.5e+06,2e+06,2.657e+06,1.07
2013,195488,Paulo Gazzaniga,Southampton,21.49,Goalkeeper,Goalkeeper,Argentina  Italy,9,9,0,0,1,0,16,2e+06,,7.815e+05,1.559
2013,9975,Richard Chaplow,Southampton,28.41,Midfield,Central Midfield,England,3,0,0,0,0,0,16,5e+05,7.5e+05,6.478e+05,-0.2281
2013,49655,Rickie Lambert,Southampton,31.37,Attack,Centre-Forward,England,38,35,15,4,0,0,16,5e+06,3.5e+06,4.616e+06,0.08317
2013,41818,Steve De Ridder,Southampton,26.35,Midfield,Central Midfield,Belgium,4,0,0,0,0,0,16,5e+05,7.5e+05,5.813e+05,-0.1399
2013,28973,Steven Davis,Southampton,28.5,Midfield,Central Midfield,Northern Ireland,32,22,2,1,0,0,16,5.5e+06,5e+06,3.615e+06,0.5214
2013,13616,Andy Wilkinson,Stoke,28.9,Defender,Right-Back,England,24,19,0,0,0,0,13,3e+06,3.5e+06,2.483e+06,0.2083
2013,33873,Asmir Begovic,Stoke,26.03,Goalkeeper,Goalkeeper,Bosnia-Herzegovina  Canada,38,38,0,0,12,0,13,7e+06,3.5e+06,6.475e+06,0.08102
2013,71107,Brek Shea,Stoke,23.34,Midfield,Left Midfield,United States  Norway,2,0,0,0,0,0,13,1.5e+06,2.5e+06,3.135e+05,3.785
2013,35855,Cameron Jerome,Stoke,26.88,Attack,Centre-Forward,Grenada  England,26,8,3,3,0,0,13,2.5e+06,4e+06,3.195e+06,-0.2176
2013,28990,Charlie Adam,Stoke,27.56,Midfield,Central Midfield,Scotland,27,22,3,3,0,0,13,5e+06,8e+06,4.512e+06,0.1082
2013,13683,Dean Whitehead,Stoke,31.47,Midfield,Central Midfield,England,26,12,1,0,0,0,13,2e+06,3e+06,2.462e+06,-0.1876
2013,31642,Geoff Cameron,Stoke,27.97,Defender,Centre-Back,United States,35,29,0,1,0,0,13,4.5e+06,1.5e+06,3.442e+06,0.3074
2013,12124,Glenn Whelan,Stoke,29.46,Midfield,Defensive Midfield,Ireland,32,31,0,4,0,0,13,4e+06,4e+06,4.367e+06,-0.08398
2013,3195,Jermaine Pennant,Stoke,30.46,Attack,Right Winger,England  Jamaica,1,1,0,0,0,0,13,2.5e+06,3.5e+06,2.301e+06,0.08637
2013,3306,Jonathan Walters,Stoke,29.78,Attack,Right Winger,Ireland  England,38,38,8,2,0,0,13,5e+06,5e+06,5.492e+06,-0.08959
2013,28245,Kenwyne Jones,Stoke,28.74,Attack,Centre-Forward,Trinidad and Tobago,26,10,3,2,0,0,13,4e+06,5e+06,3.288e+06,0.2165
2013,30456,Marc Wilson,Stoke,25.87,Defender,Centre-Back,Ireland  Northern Ireland,19,19,0,0,0,0,13,4e+06,5e+06,4.003e+06,-0.0008732
2013,3788,Matthew Etherington,Stoke,31.88,Midfield,Left Midfield,England,31,21,0,0,0,0,13,2e+06,4e+06,3.004e+06,-0.3343
2013,3273,Matthew Upson,Stoke,34.2,Defender,Centre-Back,England,1,1,1,0,0,0,13,5e+05,1.25e+06,9.459e+05,-0.4714
2013,50987,Maurice Edu,Stoke,27.2,Midfield,Defensive Midfield,United States  Nigeria,1,0,0,0,0,0,13,2.3e+06,2.5e+06,7.617e+05,2.02
2013,25366,Michael Kightly,Stoke,27.43,Attack,Left Winger,England,22,14,3,1,0,0,13,3e+06,2e+06,2.966e+06,0.01162
2013,1397,Michael Owen,Stoke,33.55,Attack,Centre-Forward,England,8,0,1,0,0,0,13,1e+06,1.5e+06,1.564e+06,-0.3607
2013,4072,Peter Crouch,Stoke,32.42,Attack,Centre-Forward,England  Ireland,34,28,7,4,0,0,13,4e+06,6.5e+06,3.499e+06,0.1431
2013,2998,Robert Huth,Stoke,28.87,Defender,Centre-Back,Germany,35,35,1,0,0,0,13,8e+06,8e+06,6.234e+06,0.2833
2013,4112,Rory Delap,Stoke,36.99,Midfield,Central Midfield,Ireland  England,1,0,0,0,0,0,13,2.5e+05,5e+05,4.628e+05,-0.4599
2013,45861,Ryan Shawcross,Stoke,25.74,Defender,Centre-Back,England  Wales,37,37,1,2,0,0,13,1e+07,8e+06,6.778e+06,0.4754
2013,92109,Ryan Shotton,Stoke,24.75,Defender,Centre-Back,England,23,20,0,1,0,0,13,3e+06,2.5e+06,3.502e+06,-0.1433
2013,73734,Steven Nzonzi,Stoke,24.54,Midfield,Defensive Midfield,France  DR Congo,35,35,1,1,0,0,13,6e+06,4.5e+06,7.388e+06,-0.1878
2013,58361,Wilson Palacios,Stoke,28.92,Midfield,Defensive Midfield,Honduras,4,0,0,0,0,0,13,1.5e+06,5.5e+06,1.761e+06,-0.1482
2013,31579,Adam Johnson,Sunderland,25.97,Attack,Right Winger,England,35,35,5,7,0,0,17,1.1e+07,1.05e+07,5.468e+06,1.012
2013,66333,Ahmed El Mohamady,Sunderland,25.81,Defender,Right-Back,Egypt,2,0,0,0,0,0,17,2.5e+06,3e+06,1.358e+06,0.8412
2013,77737,Alfred Ndiaye,Sunderland,23.32,Midfield,Defensive Midfield,Senegal  France,16,15,0,0,0,0,17,4.5e+06,3.5e+06,3.231e+06,0.3926
2013,16576,Carlos Cuéllar,Sunderland,31.85,Defender,Centre-Back,Spain,26,26,1,2,0,0,17,2e+06,4.5e+06,2.732e+06,-0.2679
2013,95435,Connor Wickham,Sunderland,20.25,Attack,Centre-Forward,England  Northern Ireland,12,3,0,0,0,0,17,5e+06,6e+06,1.548e+06,2.23
2013,37171,Craig Gardner,Sunderland,26.6,Midfield,Central Midfield,England,33,32,6,2,0,0,17,7e+06,6e+06,5.575e+06,0.2556
2013,50174,Danny Rose,Sunderland,23,Defender,Left-Back,England  Jamaica,27,25,1,1,0,0,17,7e+06,3e+06,2.837e+06,1.468
2013,68183,David Meyler,Sunderland,24.09,Midfield,Central Midfield,Ireland,3,0,0,0,0,0,17,2.5e+06,7.5e+05,8.216e+05,2.043
2013,14178,David Vaughan,Sunderland,30.37,Midfield,Defensive Midfield,Wales,24,6,1,0,0,0,17,2.5e+06,3e+06,1.842e+06,0.3574
2013,42411,Fraizer Campbell,Sunderland,25.8,Attack,Centre-Forward,England  Jamaica,12,1,1,0,0,0,17,4e+06,3.5e+06,1.896e+06,1.109
2013,61644,Jack Colback,Sunderland,23.69,Midfield,Defensive Midfield,England,35,30,0,0,0,0,17,5e+06,4.5e+06,4.109e+06,0.2169
2013,85935,James McClean,Sunderland,24.19,Midfield,Left Midfield,Ireland  Northern Ireland,36,24,2,3,0,0,17,6e+06,4e+06,4.049e+06,0.482
2013,9956,James McFadden,Sunderland,30.21,Attack,Second Striker,Scotland,3,0,0,0,0,0,17,1.5e+06,1.5e+06,1.021e+06,0.4694
2013,3540,John Oshea,Sunderland,32.17,Defender,Centre-Back,Ireland,34,34,2,1,0,0,17,2e+06,3.5e+06,3.793e+06,-0.4727
2013,4796,Kader Mangane,Sunderland,30.28,Defender,Centre-Back,Senegal  France,2,0,0,0,0,0,17,1.5e+06,5.5e+06,1.607e+06,-0.0663
2013,4015,Louis Saha,Sunderland,34.9,Attack,Centre-Forward,France  Guadeloupe,11,0,0,0,0,0,17,4e+05,1.25e+06,7.553e+05,-0.4704
2013,4095,Matthew Kilgallon,Sunderland,29.48,Defender,Centre-Back,England,6,6,0,0,0,0,17,1.5e+06,2e+06,1.183e+06,0.2683
2013,218144,Mikael Mandron,Sunderland,18.72,Attack,Centre-Forward,France  Scotland,2,0,0,0,0,0,17,,,3.322e+05,
2013,15773,Phil Bardsley,Sunderland,28.01,Defender,Right-Back,Scotland  England,18,11,1,0,0,0,17,3e+06,6e+06,2.885e+06,0.03993
2013,31720,Sebastian Larsson,Sunderland,28.07,Midfield,Central Midfield,Sweden,38,36,1,4,0,0,17,6e+06,7.5e+06,4.928e+06,0.2175
2013,50219,Simon Mignolet,Sunderland,25.32,Goalkeeper,Goalkeeper,Belgium,38,38,0,0,11,0,17,1e+07,5.5e+06,5.724e+06,0.7469
2013,35099,Steven Fletcher,Sunderland,26.27,Attack,Centre-Forward,Scotland  England,28,28,11,1,0,0,17,1.3e+07,6e+06,6.65e+06,0.9549
2013,37157,Stéphane Sessègnon,Sunderland,29.08,Midfield,Attacking Midfield,Benin,35,34,7,4,0,0,17,9e+06,1.45e+07,9.06e+06,-0.006571
2013,7337,Alan Tate,Swansea,30.83,Defender,Centre-Back,England,3,2,0,0,0,0,9,1e+06,5e+05,5.448e+05,0.8357
2013,67355,Ashley Williams,Swansea,28.85,Defender,Centre-Back,Wales  England,37,37,0,0,0,0,9,8.5e+06,4e+06,4.151e+06,1.048
2013,192765,Ben Davies,Swansea,20.19,Defender,Centre-Back,Wales,37,33,1,2,0,0,9,3e+06,,3.51e+06,-0.1454
2013,51681,Chico Flores,Swansea,26.32,Defender,Centre-Back,Spain,26,26,0,0,0,0,9,6.5e+06,3.5e+06,5.079e+06,0.2799
2013,29152,Danny Graham,Swansea,27.89,Attack,Centre-Forward,England,31,21,3,2,0,0,9,3.5e+06,4e+06,4.049e+06,-0.1355
2013,29356,Dwight Tiendalli,Swansea,27.69,Defender,Right-Back,Netherlands  Suriname,14,11,1,0,0,0,9,2e+06,1.25e+06,1.694e+06,0.1803
2013,4111,Garry Monk,Swansea,34.32,Defender,Centre-Back,England,12,10,0,0,0,0,9,5e+05,5e+05,7.893e+05,-0.3665
2013,488,Gerhard Tremmel,Swansea,34.62,Goalkeeper,Goalkeeper,Germany,14,12,0,0,5,0,9,1e+06,5e+05,9.463e+05,0.05672
2013,31067,Jonathan de Guzmán,Swansea,25.8,Midfield,Central Midfield,Netherlands  Canada,37,33,5,6,0,0,9,9e+06,6e+06,5.688e+06,0.5824
2013,24862,Kemy Agustien,Swansea,26.86,Midfield,Central Midfield,Curacao  Netherlands,18,4,0,1,0,0,9,1.5e+06,1e+06,1.412e+06,0.0622
2013,67421,Kyle Bartley,Swansea,22.11,Defender,Centre-Back,England  Jamaica,2,1,0,0,0,0,9,1e+06,,6.617e+05,0.5113
2013,40043,Leon Britton,Swansea,30.79,Midfield,Central Midfield,England,33,30,0,0,0,0,9,3.5e+06,3.5e+06,3.26e+06,0.07373
2013,4075,Luke Moore,Swansea,27.38,Attack,Centre-Forward,England  Jamaica,16,4,3,2,0,0,9,1.5e+06,1e+06,2.419e+06,-0.38
2013,39700,Mark Gower,Swansea,34.74,Midfield,Central Midfield,England,1,0,0,0,0,0,9,2.5e+05,5e+05,4.871e+05,-0.4868
2013,26276,Michel Vorm,Swansea,29.7,Goalkeeper,Goalkeeper,Netherlands  Suriname,26,26,0,0,7,0,9,8.5e+06,8.5e+06,3.574e+06,1.378
2013,70789,Michu,Swansea,27.28,Attack,Second Striker,Spain,35,35,18,3,0,0,9,1.4e+07,6e+06,1.108e+07,0.2635
2013,37011,Nathan Dyer,Swansea,25.59,Attack,Right Winger,England  Jamaica,37,25,3,3,0,0,9,4.5e+06,4.5e+06,4.794e+06,-0.06136
2013,67416,Neil Taylor,Swansea,24.39,Defender,Left-Back,Wales  India,6,4,0,0,0,0,9,2.5e+06,3e+06,3.043e+06,-0.1784
2013,46220,Pablo Hernández,Swansea,28.22,Attack,Right Winger,Spain,30,27,3,6,0,0,9,9e+06,9e+06,7.126e+06,0.263
2013,81796,Sung-yueng Ki,Swansea,24.43,Midfield,Defensive Midfield,"Korea, South",29,20,0,2,0,0,9,8e+06,3.5e+06,3.837e+06,1.085
2013,14066,Wayne Routledge,Swansea,28.48,Attack,Left Winger,England  Jamaica,36,30,5,6,0,0,9,5e+06,3.5e+06,5.768e+06,-0.1331
2013,66550,Ángel Rangel,Swansea,30.59,Defender,Right-Back,Spain,33,30,3,1,0,0,9,3e+06,3.5e+06,3.534e+06,-0.151
2013,14221,Aaron Lennon,Tottenham,26.21,Attack,Right Winger,England  Ireland,34,33,4,8,0,11,5,1.7e+07,1.6e+07,1.755e+07,-0.03147
2013,18310,Benoît Assou-Ekotto,Tottenham,29.27,Defender,Left-Back,Cameroon  France,15,12,1,0,0,5,5,1e+07,1.3e+07,1.004e+07,-0.003791
2013,3476,Brad Friedel,Tottenham,42.12,Goalkeeper,Goalkeeper,United States  England,11,11,0,0,0,7,5,1e+06,1e+06,1.495e+06,-0.331
2013,27577,Clint Dempsey,Tottenham,30.31,Attack,Second Striker,United States,29,22,7,4,0,10,5,1e+07,1.5e+07,1.731e+07,-0.4224
2013,8883,Emmanuel Adebayor,Tottenham,29.34,Attack,Centre-Forward,Togo  Nigeria,25,18,5,1,0,8,5,1e+07,2.5e+07,1.586e+07,-0.3695
2013,39381,Gareth Bale,Tottenham,23.96,Attack,Right Winger,Wales,33,33,21,4,0,8,5,6.5e+07,4e+07,4.552e+07,0.428
2013,90466,Gylfi Sigurdsson,Tottenham,23.81,Midfield,Attacking Midfield,Iceland,33,12,3,4,0,11,5,8e+06,8.5e+06,1.118e+07,-0.2846
2013,17965,Hugo Lloris,Tottenham,26.51,Goalkeeper,Goalkeeper,France,27,27,0,0,9,5,5,1.75e+07,1.9e+07,1.48e+07,0.1821
2013,59340,Iago Falque,Tottenham,23.49,Attack,Right Winger,Spain,1,0,0,0,0,2,5,2e+06,,1.143e+06,0.7505
2013,61832,Jake Livermore,Tottenham,23.63,Midfield,Defensive Midfield,England,11,4,0,0,0,6,5,1.5e+06,3e+06,4.214e+06,-0.644
2013,43250,Jan Vertonghen,Tottenham,26.19,Defender,Centre-Back,Belgium,34,34,5,3,0,12,5,2.2e+07,1.5e+07,1.324e+07,0.661
2013,3875,Jermain Defoe,Tottenham,30.73,Attack,Centre-Forward,England  St. Lucia,34,27,11,4,0,8,5,8e+06,1e+07,1.404e+07,-0.4302
2013,66219,Kyle Naughton,Tottenham,24.62,Defender,Right-Back,England  Ireland,14,13,0,1,0,9,5,5.5e+06,4e+06,5.817e+06,-0.05457
2013,95424,Kyle Walker,Tottenham,23.09,Defender,Right-Back,England,36,36,0,4,0,11,5,1.7e+07,1.6e+07,1.219e+07,0.3946
2013,55508,Lewis Holtby,Tottenham,22.78,Midfield,Central Midfield,Germany  England,11,4,0,2,0,12,5,9e+06,8e+06,9.205e+06,-0.02226
2013,9988,Michael Dawson,Tottenham,29.62,Defender,Centre-Back,England,27,23,1,0,0,4,5,8e+06,1.1e+07,7.726e+06,0.03547
2013,19368,Mousa Dembélé,Tottenham,25.96,Midfield,Central Midfield,Belgium  Mali,32,28,1,3,0,10,5,2e+07,1.3e+07,1.134e+07,0.7633
2013,4192,Rafael van der Vaart,Tottenham,30.38,Midfield,Attacking Midfield,Netherlands  Spain,2,1,0,0,0,0,5,1.3e+07,2.45e+07,5.687e+06,1.286
2013,74590,Sandro,Tottenham,24.3,Midfield,Central Midfield,Brazil  Portugal,22,22,1,2,0,5,5,1.7e+07,1.15e+07,7.909e+06,1.15
2013,3785,Scott Parker,Tottenham,32.71,Midfield,Central Midfield,England,21,15,0,1,0,6,5,6e+06,1.1e+07,5.629e+06,0.06585
2013,121280,Steven Caulker,Tottenham,21.51,Defender,Centre-Back,Sierra Leone  England,18,17,2,1,0,6,5,8e+06,4e+06,8.414e+06,-0.04916
2013,121279,Tom Carroll,Tottenham,21.09,Midfield,Central Midfield,England,7,0,0,1,0,4,5,2e+06,,2.661e+06,-0.2484
2013,13465,Tom Huddlestone,Tottenham,26.51,Midfield,Defensive Midfield,England,20,11,0,4,0,4,5,4.5e+06,6e+06,8.393e+06,-0.4639
2013,3156,William Gallas,Tottenham,35.87,Defender,Centre-Back,France  Guadeloupe,19,16,1,0,0,5,5,5e+05,2.5e+06,1.863e+06,-0.7317
2013,27114,Younès Kaboul,Tottenham,27.49,Defender,Centre-Back,France  Morocco,1,1,0,0,0,0,5,1.15e+07,1.5e+07,5.41e+06,1.126
2013,13572,Ben Foster,West Brom,30.25,Goalkeeper,Goalkeeper,England,30,30,0,0,7,0,8,5e+06,5e+06,4.806e+06,0.04042
2013,36866,Billy Jones,West Brom,26.27,Defender,Right-Back,England,27,24,1,2,0,0,8,2.5e+06,1.5e+06,3.367e+06,-0.2574
2013,3838,Boaz Myhill,West Brom,30.64,Goalkeeper,Goalkeeper,Wales  United States,8,8,0,0,1,0,8,2e+06,2e+06,1.521e+06,0.3147
2013,36814,Chris Brunt,West Brom,28.54,Midfield,Central Midfield,Northern Ireland,31,23,2,3,0,0,8,6e+06,6.5e+06,5.42e+06,0.107
2013,45330,Claudio Yacob,West Brom,25.95,Midfield,Defensive Midfield,Argentina  Italy,30,29,0,0,0,0,8,6.5e+06,3e+06,4.037e+06,0.6103
2013,121477,Craig Dawson,West Brom,23.15,Defender,Centre-Back,England,1,1,0,0,0,0,8,3e+06,1.5e+06,1.025e+06,1.927
2013,6893,Gabriel Tamaș,West Brom,29.64,Defender,Centre-Back,Romania,11,7,0,0,0,0,8,1.5e+06,2e+06,1.707e+06,-0.1214
2013,40567,Gareth McAuley,West Brom,33.57,Defender,Centre-Back,Northern Ireland,36,36,3,3,0,0,8,1.5e+06,1.5e+06,2.053e+06,-0.2692
2013,128910,George Thorne,West Brom,20.49,Midfield,Central Midfield,England,5,3,0,0,0,0,8,1e+06,,1.063e+06,-0.05885
2013,40429,Gonzalo Jara,West Brom,27.84,Defender,Centre-Back,Chile,1,0,0,1,0,0,8,1.5e+06,1.75e+06,1.034e+06,0.4513
2013,19721,Goran Popov,West Brom,28.74,Defender,Left-Back,North Macedonia,12,10,0,1,0,0,8,2.5e+06,4e+06,1.839e+06,0.3594
2013,36608,Graham Dorrans,West Brom,26.16,Midfield,Central Midfield,Scotland,26,21,1,3,0,0,8,2.5e+06,2.5e+06,3.298e+06,-0.242
2013,245805,Izzy Brown,West Brom,16.48,Attack,Left Winger,England  Jamaica,1,0,0,0,0,0,8,,,8.488e+04,
2013,27614,James Morrison,West Brom,27.1,Midfield,Central Midfield,Scotland  England,35,33,5,5,0,0,8,7.5e+06,4.5e+06,6.794e+06,0.104
2013,3560,Jerome Thomas,West Brom,30.28,Attack,Left Winger,England  Guyana,10,4,0,0,0,0,8,2e+06,3e+06,2.732e+06,-0.268
2013,25248,Jonas Olsson,West Brom,30.31,Defender,Centre-Back,Sweden,36,36,0,1,0,0,8,4.5e+06,3.5e+06,4.837e+06,-0.0696
2013,4070,Liam Ridgewell,West Brom,28.94,Defender,Centre-Back,England,30,28,0,1,0,0,8,3e+06,2.5e+06,5.659e+06,-0.4699
2013,5652,Marc-Antoine Fortuné,West Brom,32,Attack,Centre-Forward,French Guiana  France,21,9,2,2,0,0,8,1e+06,1.5e+06,2.517e+06,-0.6027
2013,27505,Markus Rosenberg,West Brom,30.76,Attack,Centre-Forward,Sweden,24,5,0,2,0,0,8,2e+06,3e+06,2.73e+06,-0.2674
2013,12516,Peter Odemwingie,West Brom,31.96,Attack,Centre-Forward,Nigeria  Russia,25,13,5,3,0,0,8,3.5e+06,5.5e+06,3.39e+06,0.03241
2013,96341,Romelu Lukaku,West Brom,20.13,Attack,Centre-Forward,Belgium  DR Congo,35,20,17,4,0,0,8,2.4e+07,1.4e+07,6.377e+06,2.763
2013,37304,Shane Long,West Brom,26.44,Attack,Centre-Forward,Ireland,34,25,8,4,0,0,8,6.5e+06,4.5e+06,6.243e+06,0.04117
2013,7330,Steven Reid,West Brom,32.31,Defender,Right-Back,Ireland  England,11,11,0,0,0,0,8,1e+06,1.5e+06,1.627e+06,-0.3855
2013,45272,Youssouf Mulumbu,West Brom,26.43,Midfield,Defensive Midfield,DR Congo  France,28,28,2,2,0,0,8,6e+06,3.5e+06,6.01e+06,-0.001713
2013,18324,Zoltán Gera,West Brom,34.19,Midfield,Attacking Midfield,Hungary,16,14,4,1,0,0,8,1e+06,1e+06,1.898e+06,-0.4733
2013,1327,Alou Diarra,West Ham,31.96,Midfield,Defensive Midfield,France  Mali,3,1,0,0,0,0,10,1.25e+06,5e+06,2.791e+06,-0.5522
2013,48066,Andy Carroll,West Ham,24.48,Attack,Centre-Forward,England,26,22,7,4,0,0,10,1.6e+07,1.55e+07,7.669e+06,1.086
2013,3179,Carlton Cole,West Ham,29.72,Attack,Centre-Forward,England  Sierra Leone,27,14,2,1,0,0,10,3e+06,5e+06,2.788e+06,0.07622
2013,207037,Dan Potts,West Ham,19.22,Defender,Centre-Back,England,2,1,0,0,0,0,10,,2.5e+05,4.214e+05,
2013,1094,Emanuel Pogatetz,West Ham,30.46,Defender,Centre-Back,Austria,6,1,0,0,0,0,10,2.5e+06,3.5e+06,2.656e+06,-0.05862
2013,3995,Gary Oneil,West Ham,30.12,Midfield,Central Midfield,England,24,17,1,3,0,0,10,2.5e+06,2.5e+06,2.743e+06,-0.08873
2013,3775,George McCartney,West Ham,32.17,Defender,Left-Back,Northern Ireland,12,9,0,2,0,0,10,1.5e+06,1.5e+06,1.618e+06,-0.07275
2013,1368,Guy Demel,West Ham,32.05,Defender,Right-Back,Cote d'Ivoire  France,31,28,0,2,0,0,10,1.5e+06,1e+06,2.731e+06,-0.4508
2013,61568,Jack Collison,West Ham,24.74,Midfield,Central Midfield,Wales  England,17,5,2,0,0,0,10,3e+06,3.5e+06,1.729e+06,0.7347
2013,12691,James Collins,West Ham,29.86,Defender,Centre-Back,Wales,29,29,0,2,0,0,10,3.5e+06,5e+06,4.264e+06,-0.1791
2013,61592,James Tomkins,West Ham,24.26,Defender,Centre-Back,England,26,18,1,1,0,0,10,5.5e+06,5.5e+06,3.636e+06,0.5127
2013,3876,Joe Cole,West Ham,31.64,Midfield,Attacking Midfield,England,17,7,3,0,0,2,10,3e+06,7.5e+06,4.281e+06,-0.2993
2013,34672,Joey Obrien,West Ham,27.37,Defender,Right-Back,Ireland,33,32,2,4,0,0,10,3e+06,1e+06,3.23e+06,-0.07106
2013,61588,Jordan Spence,West Ham,23.1,Defender,Right-Back,England,4,0,0,0,0,0,10,5e+05,5e+05,6.499e+05,-0.2306
2013,3692,Jussi Jääskeläinen,West Ham,38.2,Goalkeeper,Goalkeeper,Finland,38,38,0,0,11,0,10,1e+06,1e+06,2.375e+06,-0.5789
2013,3950,Kevin Nolan,West Ham,31.02,Midfield,Attacking Midfield,England,35,35,10,2,0,0,10,5e+06,6e+06,4.955e+06,0.009162
2013,31835,Mark Noble,West Ham,26.15,Midfield,Central Midfield,England  Ireland,28,25,4,3,0,0,10,7e+06,7e+06,4.707e+06,0.4871
2013,19085,Marouane Chamakh,West Ham,29.47,Attack,Centre-Forward,Morocco  France,3,2,0,0,0,1,10,2.5e+06,5.5e+06,2.1e+06,0.1902
2013,15921,Matt Jarvis,West Ham,27.11,Attack,Left Winger,England,32,29,2,0,0,0,10,6.5e+06,8e+06,5.442e+06,0.1945
2013,9218,Matthew Taylor,West Ham,31.59,Midfield,Left Midfield,England,28,14,1,2,0,0,10,2e+06,3e+06,2.06e+06,-0.02929
2013,46831,Modibo Maïga,West Ham,25.83,Attack,Centre-Forward,Mali,17,2,2,2,0,0,10,3e+06,5e+06,2.875e+06,0.04345
2013,70950,Mohamed Diamé,West Ham,26.05,Midfield,Central Midfield,Senegal  France,33,31,3,0,0,0,10,7.5e+06,5e+06,4.546e+06,0.6498
2013,9413,Ricardo Vaz Tê,West Ham,26.75,Attack,Right Winger,Portugal  Guinea-Bissau,24,18,3,4,0,0,10,3e+06,2e+06,3.651e+06,-0.1784
2013,121236,Rob Hall,West Ham,19.7,Attack,Right Winger,England,1,0,0,0,0,0,10,7.5e+05,2.5e+05,6.458e+05,0.1614
2013,37526,Winston Reid,West Ham,24.99,Defender,Centre-Back,New Zealand  Denmark,36,36,1,0,0,0,10,6.5e+06,3.5e+06,3.394e+06,0.9149
2013,7858,Yossi Benayoun,West Ham,33.16,Attack,Right Winger,Israel,12,4,0,1,0,5,10,1.5e+06,4.5e+06,2.065e+06,-0.2735
2013,44966,Adrián López,Wigan,26.35,Defender,Centre-Back,Spain,5,3,0,0,0,0,18,5e+05,5e+05,9.745e+05,-0.4869
2013,26633,Ali Al-Habsi,Wigan,31.5,Goalkeeper,Goalkeeper,Oman,29,29,0,1,4,0,18,4e+06,5e+06,3.195e+06,0.252
2013,14259,Antolín Alcaraz,Wigan,30.92,Defender,Centre-Back,Paraguay  Italy,10,8,0,0,0,0,18,2.5e+06,4e+06,1.763e+06,0.4182
2013,8552,Arouna Koné,Wigan,29.64,Attack,Centre-Forward,Cote d'Ivoire,34,32,11,5,0,0,18,5e+06,7e+06,6.746e+06,-0.2589
2013,14081,Ben Watson,Wigan,27.98,Midfield,Central Midfield,England,12,7,1,0,0,0,18,2e+06,3e+06,2.397e+06,-0.1657
2013,61711,Callum McManaman,Wigan,22.18,Attack,Right Winger,England  Ireland,20,8,2,0,0,0,18,3e+06,7.5e+05,1.725e+06,0.7387
2013,24634,David Jones,Wigan,28.65,Midfield,Central Midfield,England  Wales,13,8,0,0,0,0,18,1.5e+06,1.5e+06,2.023e+06,-0.2587
2013,126722,Edu Campabadal,Wigan,20.43,Defender,Right-Back,Spain,1,0,0,0,0,0,18,,,9.187e+04,
2013,19641,Emmerson Boyce,Wigan,33.77,Defender,Right-Back,Barbados  England,36,36,4,0,0,0,18,1e+06,1.5e+06,1.807e+06,-0.4466
2013,59783,Franco Di Santo,Wigan,24.23,Attack,Centre-Forward,Argentina  Italy,35,24,5,3,0,0,18,3e+06,3.5e+06,5.448e+06,-0.4493
2013,107350,Fraser Fyvie,Wigan,20.26,Midfield,Central Midfield,Scotland,1,0,0,0,0,0,18,1e+06,,3.961e+05,1.525
2013,3791,Gary Caldwell,Wigan,31.22,Defender,Centre-Back,Scotland,25,25,1,1,0,0,18,2e+06,3e+06,2.678e+06,-0.2532
2013,26066,Iván Ramis,Wigan,28.68,Defender,Centre-Back,Spain,16,16,2,0,0,0,18,5e+06,6e+06,3.821e+06,0.3086
2013,41416,James McArthur,Wigan,25.73,Midfield,Central Midfield,Scotland,34,24,3,2,0,0,18,3e+06,2.5e+06,3.165e+06,-0.05203
2013,45333,James McCarthy,Wigan,22.63,Midfield,Central Midfield,Ireland  Scotland,38,38,3,2,0,0,18,7.5e+06,5.5e+06,5.906e+06,0.27
2013,18871,Jean Beausejour,Wigan,29.08,Defender,Left-Back,Chile  Haiti,34,32,1,7,0,0,18,5e+06,6e+06,3.564e+06,0.4028
2013,101118,Joel Robles,Wigan,23.04,Goalkeeper,Goalkeeper,Spain,9,9,0,0,1,0,18,3e+06,2e+06,1.408e+06,1.13
2013,39010,Jordi Gómez,Wigan,28.1,Midfield,Central Midfield,Spain,32,17,3,1,0,0,18,3.5e+06,3e+06,3.638e+06,-0.03794
2013,40822,Mauro Boselli,Wigan,28.11,Attack,Centre-Forward,Argentina  Mexico,7,1,0,0,0,0,18,2.8e+06,3.5e+06,1.291e+06,1.17
2013,62240,Maynor Figueroa,Wigan,30.17,Defender,Left-Back,Honduras,33,33,1,1,0,0,18,4e+06,5.5e+06,4.316e+06,-0.07317
2013,2953,Paul Scharner,Wigan,33.31,Midfield,Defensive Midfield,Austria,14,14,0,1,0,0,18,1.5e+06,2e+06,1.432e+06,0.04755
2013,90273,Román Golobart,Wigan,21.28,Defender,Centre-Back,Spain,3,2,0,0,0,0,18,,2.5e+05,5.753e+05,
2013,24877,Ronnie Stam,Wigan,29.03,Defender,Right-Back,Netherlands,17,11,0,0,0,0,18,1.5e+06,3e+06,1.615e+06,-0.07136
2013,129688,Ryo Miyaichi,Wigan,20.54,Attack,Right Winger,Japan,4,0,0,0,0,0,18,2e+06,3e+06,9.483e+05,1.109
2013,71096,Róger Espinoza,Wigan,26.68,Midfield,Central Midfield,Honduras  United States,12,6,1,2,0,0,18,1.5e+06,,1.109e+06,0.3526
2013,9508,Shaun Maloney,Wigan,30.43,Midfield,Attacking Midfield,Scotland  England,36,34,6,8,0,0,18,3e+06,2.5e+06,5.082e+06,-0.4097
2013,189740,Ángelo Henríquez,Wigan,19.22,Attack,Centre-Forward,Chile,4,0,1,0,0,0,18,3e+06,1.5e+05,9.994e+05,2.002
2014,50057,Aaron Ramsey,Arsenal,23.51,Midfield,Central Midfield,Wales,23,20,10,8,0,6,4,2.4e+07,1.3e+07,2.672e+07,-0.1018
2014,26763,Abou Diaby,Arsenal,28.14,Midfield,Central Midfield,France  Cote d'Ivoire,1,0,0,0,0,0,4,1e+06,3e+06,6.109e+06,-0.8363
2014,143424,Alex Oxlade-Chamberlain,Arsenal,20.88,Midfield,Central Midfield,England,14,6,2,2,0,2,4,1.7e+07,1.7e+07,6.678e+06,1.545
2014,26764,Bacary Sagna,Arsenal,31.38,Defender,Right-Back,France  Senegal,35,34,1,2,0,7,4,1e+07,1.2e+07,1.111e+07,-0.09954
2014,126321,Carl Jenkinson,Arsenal,22.39,Defender,Right-Back,England  Finland,14,7,1,2,0,1,4,5e+06,6e+06,5.03e+06,-0.005962
2014,197642,Chuba Akpom,Arsenal,18.73,Attack,Centre-Forward,England  Nigeria,1,0,0,0,0,0,4,,2.5e+05,1.486e+06,
2014,74223,Jack Wilshere,Arsenal,22.5,Midfield,Central Midfield,England,24,19,3,4,0,5,4,3e+07,3.3e+07,1.985e+07,0.5111
2014,44792,Kieran Gibbs,Arsenal,24.76,Defender,Left-Back,England,28,24,0,1,0,6,4,1.3e+07,1.1e+07,1.077e+07,0.2066
2014,76277,Laurent Koscielny,Arsenal,28.8,Defender,Centre-Back,France  Poland,32,32,2,0,0,8,4,2e+07,1.7e+07,1.635e+07,0.2233
2014,15185,Lukas Podolski,Arsenal,29.07,Attack,Centre-Forward,Germany  Poland,20,14,8,2,0,1,4,2e+07,2.3e+07,1.753e+07,0.1411
2014,29692,Lukasz Fabianski,Arsenal,29.2,Goalkeeper,Goalkeeper,Poland,1,1,0,0,1,2,4,2.5e+06,2e+06,1.737e+06,0.4396
2014,17396,Mathieu Flamini,Arsenal,30.32,Midfield,Defensive Midfield,France,27,18,2,0,0,6,4,8e+06,5e+06,1.037e+07,-0.2288
2014,35664,Mesut Özil,Arsenal,25.71,Midfield,Attacking Midfield,Germany,26,25,5,10,0,8,4,4.5e+07,4e+07,3.678e+07,0.2235
2014,7451,Mikel Arteta,Arsenal,32.27,Midfield,Central Midfield,Spain,31,27,2,0,0,6,4,6e+06,9e+06,1.019e+07,-0.4113
2014,43003,Nacho Monreal,Arsenal,28.34,Defender,Left-Back,Spain,23,13,0,1,0,6,4,1e+07,1.1e+07,1.008e+07,-0.007529
2014,34557,Nicklas Bendtner,Arsenal,26.46,Attack,Centre-Forward,Denmark,9,1,2,0,0,2,4,4e+06,5.5e+06,3.467e+06,0.1538
2014,82442,Olivier Giroud,Arsenal,27.75,Attack,Centre-Forward,France,36,36,16,8,0,7,4,2e+07,1.6e+07,4.274e+07,-0.532
2014,6710,Per Mertesacker,Arsenal,29.75,Defender,Centre-Back,Germany,35,35,2,1,0,8,4,2e+07,1.6e+07,2.247e+07,-0.1098
2014,129688,Ryo Miyaichi,Arsenal,21.54,Attack,Right Winger,Japan,1,0,0,0,0,1,4,2e+06,2e+06,1.22e+06,0.639
2014,15799,Santi Cazorla,Arsenal,29.55,Midfield,Central Midfield,Spain,31,30,4,8,0,6,4,2.6e+07,3e+07,3.221e+07,-0.1928
2014,159471,Serge Gnabry,Arsenal,18.97,Attack,Left Winger,Germany  Cote d'Ivoire,9,5,1,0,0,2,4,4e+06,5e+05,4.989e+06,-0.1982
2014,33713,Theo Walcott,Arsenal,25.29,Attack,Right Winger,England,13,9,5,4,0,2,4,2.8e+07,2.7e+07,2.905e+07,-0.03614
2014,15904,Thomas Vermaelen,Arsenal,28.63,Defender,Centre-Back,Belgium,14,7,0,1,0,2,4,1.5e+07,1.6e+07,6.806e+06,1.204
2014,132,Tomas Rosicky,Arsenal,33.74,Midfield,Attacking Midfield,Czech Republic,27,17,2,1,0,7,4,2e+06,2e+06,7.428e+06,-0.7308
2014,44058,Wojciech Szczesny,Arsenal,24.2,Goalkeeper,Goalkeeper,Poland,37,37,0,0,16,7,4,1.6e+07,1.4e+07,2.152e+07,-0.2565
2014,127194,Yaya Sanogo,Arsenal,21.42,Attack,Centre-Forward,France  Cote d'Ivoire,8,0,0,0,0,1,4,2e+06,1e+06,2.25e+06,-0.111
2014,203412,Andreas Cornelius,Cardiff,21.29,Attack,Centre-Forward,Denmark,8,0,0,0,0,0,20,3e+06,4.5e+06,1.371e+06,1.188
2014,29158,Andrew Taylor,Cardiff,27.92,Defender,Left-Back,England,18,18,0,0,0,0,20,2e+06,2e+06,2.025e+06,-0.01223
2014,63821,Aron Gunnarsson,Cardiff,25.19,Midfield,Defensive Midfield,Iceland,23,17,1,2,0,0,20,3e+06,3e+06,1.993e+06,0.5051
2014,39518,Ben Turner,Cardiff,25.86,Defender,Centre-Back,England  Wales,31,30,0,1,0,0,20,2e+06,1.5e+06,2.528e+06,-0.2088
2014,128375,Bo-kyung Kim,Cardiff,24.73,Midfield,Attacking Midfield,"Korea, South",28,21,1,0,0,0,20,2e+06,2e+06,1.773e+06,0.1281
2014,3297,Craig Bellamy,Cardiff,34.97,Attack,Left Winger,Wales,22,13,1,1,0,0,20,1e+06,2e+06,1.211e+06,-0.1746
2014,81202,Craig Noone,Cardiff,26.62,Attack,Right Winger,England,17,13,1,1,0,0,20,2e+06,2.5e+06,1.992e+06,0.004048
2014,9500,David Marshall,Cardiff,29.32,Goalkeeper,Goalkeeper,Scotland,37,37,0,0,7,0,20,2.5e+06,1.5e+06,3.021e+06,-0.1723
2014,238585,Declan John,Cardiff,19,Defender,Left-Back,Wales,20,16,0,0,0,0,20,5e+05,,1.085e+06,-0.5392
2014,14746,Don Cowie,Cardiff,31.37,Midfield,Right Midfield,Scotland,18,10,0,2,0,0,20,1e+06,1e+06,1.168e+06,-0.1438
2014,42411,Fraizer Campbell,Cardiff,26.8,Attack,Centre-Forward,England  Jamaica,37,32,6,3,0,0,20,4e+06,4e+06,4.804e+06,-0.1673
2014,61891,Fábio,Cardiff,23.98,Defender,Right-Back,Brazil  Portugal,14,14,0,0,0,0,20,4e+06,6e+06,2.576e+06,0.5526
2014,60889,Gary Medel,Cardiff,26.91,Defender,Centre-Back,Chile  Spain,34,34,0,1,0,0,20,1.1e+07,1e+07,5.169e+06,1.128
2014,73323,Jo Inge Berget,Cardiff,23.8,Attack,Centre-Forward,Norway,1,0,0,0,0,0,20,2e+06,1.7e+06,4.682e+05,3.272
2014,25834,Joe Lewis,Cardiff,26.74,Goalkeeper,Goalkeeper,England,1,1,0,0,0,0,20,5e+05,2.5e+05,3.474e+05,0.4391
2014,57207,Jordon Mutch,Cardiff,22.58,Midfield,Central Midfield,England,35,26,7,5,0,0,20,3e+06,1.5e+06,3.677e+06,-0.184
2014,67089,Juan Cala,Cardiff,24.59,Defender,Centre-Back,Spain,7,7,2,0,0,6,20,1e+06,1.2e+06,3.28e+06,-0.6951
2014,28245,Kenwyne Jones,Cardiff,29.74,Attack,Centre-Forward,Trinidad and Tobago,18,10,1,1,0,0,20,3e+06,4e+06,2.78e+06,0.07908
2014,11365,Kevin McNaughton,Cardiff,31.84,Defender,Right-Back,Scotland,5,3,0,0,0,0,20,1e+06,1e+06,5.631e+05,0.7759
2014,60603,Kévin Théophile-Catherine,Cardiff,24.67,Defender,Centre-Back,Martinique  France,28,26,0,0,0,0,20,3.5e+06,5e+06,4.766e+06,-0.2656
2014,54775,Magnus Wolff Eikrem,Cardiff,23.9,Attack,Second Striker,Norway,6,1,0,1,0,0,20,2.5e+06,2.2e+06,1.157e+06,1.161
2014,3640,Mark Hudson,Cardiff,32.25,Defender,Centre-Back,England,2,2,0,0,0,0,20,5e+05,1e+06,6.696e+05,-0.2532
2014,190831,Mats Møller Dæhli,Cardiff,19.33,Midfield,Central Midfield,Norway,13,5,1,0,0,0,20,1.5e+06,,5.605e+05,1.676
2014,34559,Matthew Connolly,Cardiff,26.77,Defender,Centre-Back,England,3,3,0,0,0,0,20,1e+06,2e+06,9.199e+05,0.08706
2014,39705,Nicky Maynard,Cardiff,27.55,Attack,Centre-Forward,England,8,0,0,0,0,0,20,2e+06,2.5e+06,1.031e+06,0.9395
2014,12516,Peter Odemwingie,Cardiff,32.96,Attack,Centre-Forward,Nigeria  Russia,30,26,7,1,0,0,20,2e+06,3.5e+06,2.369e+06,-0.1557
2014,3762,Peter Whittingham,Cardiff,29.81,Midfield,Central Midfield,England,32,30,3,5,0,0,20,2.5e+06,2.5e+06,2.66e+06,-0.06029
2014,238185,Rhys Healey,Cardiff,19.57,Attack,Centre-Forward,England,1,0,0,0,0,0,20,,,4.964e+05,
2014,39908,Rudy Gestede,Cardiff,25.72,Attack,Centre-Forward,Benin  France,3,0,0,0,0,0,20,1.5e+06,1e+06,1.16e+06,0.2934
2014,121280,Steven Caulker,Cardiff,22.51,Defender,Centre-Back,Sierra Leone  England,38,38,5,0,0,0,20,7.5e+06,8e+06,6.158e+06,0.2178
2014,325105,Tom James,Cardiff,18.21,Defender,Right-Back,Wales,1,0,0,0,0,0,20,,,4.112e+04,
2014,145988,Wilfried Zaha,Cardiff,21.64,Attack,Left Winger,Cote d'Ivoire  England,14,5,0,1,0,0,20,8e+06,1.2e+07,1.54e+06,4.196
2014,58205,André Schürrle,Chelsea,23.65,Attack,Left Winger,Germany,30,15,8,2,0,10,3,2.3e+07,2.5e+07,1.724e+07,0.3344
2014,3182,Ashley Cole,Chelsea,33.53,Defender,Left-Back,England  Barbados,17,15,0,2,0,5,3,5e+06,8e+06,5.758e+06,-0.1317
2014,36827,Branislav Ivanovic,Chelsea,30.35,Defender,Right-Back,Serbia,36,36,3,1,0,11,3,1.7e+07,2.2e+07,1.511e+07,0.1248
2014,57500,César Azpilicueta,Chelsea,24.84,Defender,Centre-Back,Spain,29,26,0,0,0,10,3,2e+07,1.8e+07,1.651e+07,0.2116
2014,46741,David Luiz,Chelsea,27.19,Defender,Centre-Back,Brazil,19,15,0,1,0,8,3,3e+07,2.9e+07,1.461e+07,1.054
2014,40205,Demba Ba,Chelsea,29.1,Attack,Centre-Forward,Senegal  France,19,5,5,1,0,6,3,9.5e+06,1.9e+07,1.461e+07,-0.3497
2014,50202,Eden Hazard,Chelsea,23.48,Attack,Left Winger,Belgium,35,32,14,7,0,9,3,4.8e+07,4.2e+07,4.573e+07,0.04964
2014,7767,Fernando Torres,Chelsea,30.28,Attack,Centre-Forward,Spain,28,16,5,5,0,9,3,1.2e+07,2.3e+07,2.098e+07,-0.428
2014,3163,Frank Lampard,Chelsea,36.03,Midfield,Central Midfield,England,26,20,6,3,0,11,3,1.5e+06,3.5e+06,3.709e+06,-0.5955
2014,27511,Gary Cahill,Chelsea,28.53,Defender,Centre-Back,England,30,29,1,1,0,10,3,2e+07,1.9e+07,2.346e+07,-0.1477
2014,30739,John Obi Mikel,Chelsea,27.19,Midfield,Defensive Midfield,Nigeria  England,24,11,1,1,0,7,3,1.5e+07,2.2e+07,1.206e+07,0.2433
2014,197693,John Swift,Chelsea,19.02,Midfield,Attacking Midfield,England,1,0,0,0,0,0,3,,2.5e+05,1.115e+06,
2014,3160,John Terry,Chelsea,33.56,Defender,Centre-Back,England,34,34,2,1,0,11,3,6e+06,1e+07,9.466e+06,-0.3662
2014,88755,Kevin De Bruyne,Chelsea,23.01,Midfield,Attacking Midfield,Belgium,3,2,0,1,0,3,3,2e+07,1.5e+07,9.402e+06,1.127
2014,147034,Marco van Ginkel,Chelsea,21.58,Midfield,Central Midfield,Netherlands,2,0,0,0,0,1,3,9e+06,8e+06,4.565e+06,0.9714
2014,3357,Mark Schwarzer,Chelsea,41.73,Goalkeeper,Goalkeeper,Australia  Germany,4,4,0,0,2,3,3,1e+06,1e+06,1.32e+06,-0.2422
2014,5588,Michael Essien,Chelsea,31.58,Midfield,Defensive Midfield,Ghana  France,5,2,0,0,0,2,3,2.5e+06,1e+07,5.863e+06,-0.5736
2014,148455,Mohamed Salah,Chelsea,22.04,Attack,Right Winger,Egypt,10,6,2,1,0,6,3,1.3e+07,6.5e+06,8.313e+06,0.5639
2014,177476,Nathan Aké,Chelsea,19.36,Defender,Centre-Back,Netherlands  Cote d'Ivoire,1,0,0,0,0,0,3,,1.5e+06,7.346e+05,
2014,74683,Nemanja Matic,Chelsea,25.91,Midfield,Defensive Midfield,Serbia  Slovakia,17,15,0,4,0,6,3,2.6e+07,2.2e+07,1.257e+07,1.068
2014,85314,Oscar,Chelsea,22.81,Midfield,Attacking Midfield,Brazil  Italy,33,24,8,2,0,10,3,3.6e+07,3e+07,2.061e+07,0.747
2014,5658,Petr Cech,Chelsea,32.11,Goalkeeper,Goalkeeper,Czech Republic,34,34,0,0,16,10,3,1.7e+07,2.5e+07,1.386e+07,0.2269
2014,54170,Ramires,Chelsea,27.27,Midfield,Central Midfield,Brazil,30,29,1,3,0,10,3,2.8e+07,2.7e+07,1.832e+07,0.5283
2014,4257,Samuel Etoo,Chelsea,33.31,Attack,Centre-Forward,Cameroon  Spain,21,16,9,2,0,9,3,9e+06,2.2e+07,1.266e+07,-0.2894
2014,148657,Tomas Kalas,Chelsea,21.13,Defender,Centre-Back,Czech Republic,2,2,0,0,0,1,3,4e+06,6e+06,2.401e+06,0.6661
2014,52769,Willian,Chelsea,25.89,Attack,Left Winger,Brazil,25,18,4,2,0,11,3,3e+07,3e+07,1.324e+07,1.266
2014,21333,Aiden McGeady,Everton,28.24,Attack,Left Winger,Ireland  Scotland,16,4,0,1,0,0,5,4.5e+06,7.5e+06,2.772e+06,0.6232
2014,14259,Antolín Alcaraz,Everton,31.92,Defender,Centre-Back,Paraguay  Italy,6,5,0,0,0,0,5,2e+06,2.5e+06,1.709e+06,0.1706
2014,8552,Arouna Koné,Everton,30.64,Attack,Centre-Forward,Cote d'Ivoire,5,0,0,0,0,0,5,2e+06,5e+06,7.074e+06,-0.7173
2014,124983,Bryan Oviedo,Everton,24.36,Defender,Left-Back,Costa Rica,9,8,2,1,0,0,5,4.5e+06,3.5e+06,3.271e+06,0.3758
2014,42413,Darron Gibson,Everton,26.68,Midfield,Central Midfield,Ireland  Northern Ireland,1,0,0,0,0,0,5,4e+06,4e+06,5.726e+06,-0.3015
2014,3291,Gareth Barry,Everton,33.35,Midfield,Defensive Midfield,England,32,32,3,4,0,0,5,3.5e+06,6e+06,6.119e+06,-0.428
2014,129476,Gerard Deulofeu,Everton,20.3,Attack,Centre-Forward,Spain,25,9,3,3,0,0,5,1.2e+07,1.5e+07,4.311e+06,1.783
2014,45333,James McCarthy,Everton,23.63,Midfield,Central Midfield,Ireland  Scotland,34,31,1,3,0,0,5,1.3e+07,7.5e+06,1.36e+07,-0.04378
2014,101118,Joel Robles,Everton,24.04,Goalkeeper,Goalkeeper,Spain,2,1,0,0,0,0,5,3e+06,3e+06,1.52e+06,0.9731
2014,186590,John Stones,Everton,20.09,Defender,Centre-Back,England,21,15,0,0,0,0,5,7e+06,3.5e+06,5.336e+06,0.3119
2014,33639,Kevin Mirallas,Everton,26.74,Attack,Right Winger,Belgium  Spain,32,28,8,8,0,0,5,1.2e+07,1.1e+07,1.755e+07,-0.3163
2014,69006,Lacina Traoré,Everton,24.11,Attack,Centre-Forward,Cote d'Ivoire,1,0,0,0,0,2,5,1e+07,1.6e+07,2.267e+06,3.41
2014,13507,Leighton Baines,Everton,29.55,Defender,Left-Back,England,32,32,5,4,0,0,5,1.9e+07,2.2e+07,1.704e+07,0.1149
2014,3620,Leon Osman,Everton,33.12,Midfield,Central Midfield,England,38,27,3,4,0,0,5,2e+06,4e+06,5.621e+06,-0.6442
2014,110860,Luke Garbutt,Everton,21.11,Defender,Left-Back,England,1,0,0,0,0,0,5,,2.5e+05,1.329e+06,
2014,13520,Phil Jagielka,Everton,31.87,Defender,Centre-Back,England  Poland,26,26,0,1,0,0,5,6e+06,8.5e+06,7.283e+06,-0.1762
2014,96341,Romelu Lukaku,Everton,21.13,Attack,Centre-Forward,Belgium  DR Congo,33,29,15,7,0,0,5,3e+07,2.4e+07,2.164e+07,0.3864
2014,131978,Ross Barkley,Everton,20.57,Midfield,Central Midfield,England,34,25,6,0,0,0,5,1.5e+07,4.5e+06,1.046e+07,0.4346
2014,12763,Steven Naismith,Everton,27.79,Attack,Second Striker,Scotland,31,13,5,2,0,0,5,4e+06,4e+06,5.946e+06,-0.3272
2014,4321,Steven Pienaar,Everton,32.29,Midfield,Left Midfield,South Africa,23,19,1,3,0,0,5,3e+06,4.5e+06,5.349e+06,-0.4392
2014,3356,Sylvain Distin,Everton,36.54,Defender,Centre-Back,France  Guadeloupe,33,33,0,0,0,0,5,1e+06,1e+06,2.349e+06,-0.5742
2014,68390,Séamus Coleman,Everton,25.72,Defender,Right-Back,Ireland,36,36,6,2,0,0,5,1.3e+07,6e+06,1.14e+07,0.1401
2014,4267,Tim Howard,Everton,35.32,Goalkeeper,Goalkeeper,United States  Hungary,37,37,0,1,16,0,5,2e+06,2.5e+06,3.844e+06,-0.4797
2014,3614,Tony Hibbert,Everton,33.36,Defender,Right-Back,England,1,0,0,0,0,0,5,7.5e+05,1e+06,1.309e+06,-0.427
2014,3580,Aaron Hughes,Fulham,34.64,Defender,Centre-Back,Northern Ireland,13,11,0,0,0,0,19,5e+05,1e+06,1.558e+06,-0.6791
2014,45287,Adel Taarabt,Fulham,25.1,Midfield,Central Midfield,Morocco  France,12,7,0,1,0,2,19,7e+06,9e+06,4.35e+06,0.6091
2014,51040,Alexander Kacaniklic,Fulham,22.88,Attack,Right Winger,Sweden  North Macedonia,23,15,1,0,0,0,19,2.5e+06,3.5e+06,3.003e+06,-0.1674
2014,39642,Bryan Ruiz,Fulham,28.87,Midfield,Attacking Midfield,Costa Rica,12,8,1,3,0,0,19,8e+06,1.2e+07,4.149e+06,0.928
2014,169801,Cauley Woodrow,Fulham,19.58,Attack,Centre-Forward,England,6,5,1,0,0,0,19,2.5e+05,,1.329e+06,-0.8119
2014,187285,Chris David,Fulham,21.32,Midfield,Attacking Midfield,Netherlands  Türkiye,1,0,1,0,0,0,19,1e+05,,5.918e+05,-0.831
2014,27577,Clint Dempsey,Fulham,31.31,Attack,Second Striker,United States,5,4,0,0,0,0,19,7e+06,1e+07,2.822e+06,1.48
2014,3259,Damien Duff,Fulham,35.33,Attack,Right Winger,Ireland,15,9,0,3,0,0,19,1e+06,1e+06,1.19e+06,-0.1594
2014,134270,Dan Burn,Fulham,22.14,Defender,Centre-Back,England,9,6,0,0,0,0,19,5e+05,3e+05,1.266e+06,-0.6051
2014,13239,Darren Bent,Fulham,30.4,Attack,Centre-Forward,England  Jamaica,24,11,3,2,0,0,19,3.5e+06,9e+06,2.685e+06,0.3034
2014,67339,David Stockdale,Fulham,28.78,Goalkeeper,Goalkeeper,England,21,19,0,1,4,0,19,1.5e+06,2.5e+06,2.152e+06,-0.303
2014,18091,Derek Boateng,Fulham,31.16,Midfield,Defensive Midfield,Ghana,3,2,0,0,0,0,19,1.5e+06,2e+06,8.012e+05,0.8722
2014,65,Dimitar Berbatov,Fulham,33.42,Attack,Centre-Forward,Bulgaria,18,18,4,1,0,0,19,3e+06,5e+06,3.256e+06,-0.07868
2014,35548,Fernando Amorebieta,Fulham,29.26,Defender,Centre-Back,Venezuela  Spain,23,20,1,0,0,0,19,5e+06,6e+06,4.055e+06,0.2331
2014,6106,Georgios Karagounis,Fulham,37.32,Midfield,Central Midfield,Greece,14,6,0,0,0,0,19,1e+06,1e+06,5.111e+05,0.9564
2014,37934,Hugo Rodallega,Fulham,28.93,Attack,Centre-Forward,Colombia,13,6,2,2,0,0,19,2e+06,3.5e+06,2.959e+06,-0.3241
2014,3220,John Arne Riise,Fulham,33.77,Defender,Left-Back,Norway,20,17,0,0,0,0,19,1e+06,2e+06,1.872e+06,-0.4659
2014,4315,John Heitinga,Fulham,30.63,Defender,Centre-Back,Netherlands,15,14,1,1,0,0,19,3e+06,6e+06,2.257e+06,0.3289
2014,3548,Kieran Richardson,Fulham,29.69,Defender,Left-Back,England,31,28,4,3,0,0,19,2e+06,3e+06,4.368e+06,-0.5421
2014,34944,Konstantinos Mitroglou,Fulham,26.3,Attack,Centre-Forward,Greece,3,1,0,0,0,5,19,7e+06,4.5e+06,2.641e+06,1.651
2014,141650,Larnell Cole,Fulham,21.31,Midfield,Right Midfield,England,1,0,0,0,0,0,19,2.5e+05,2e+05,3.87e+05,-0.354
2014,55508,Lewis Holtby,Fulham,23.78,Midfield,Central Midfield,Germany  England,26,17,2,3,0,6,19,7.5e+06,9e+06,6.665e+06,0.1252
2014,4311,Maarten Stekelenburg,Fulham,31.77,Goalkeeper,Goalkeeper,Netherlands,19,19,0,0,2,0,19,5e+06,5.5e+06,2.007e+06,1.491
2014,51318,Matthew Briggs,Fulham,23.32,Defender,Centre-Back,Guyana  England,2,0,0,0,0,0,19,1e+06,1.5e+06,7.36e+05,0.3588
2014,160348,Mesca,Fulham,21.15,Midfield,Right Midfield,Guinea-Bissau  Portugal,1,0,0,0,0,0,19,,,2.257e+05,
2014,229004,Moussa Dembélé,Fulham,17.97,Attack,Centre-Forward,France  Mali,2,1,0,0,0,0,19,2.5e+05,,1.873e+05,0.335
2014,130108,Pajtim Kasami,Fulham,22.08,Midfield,Central Midfield,Switzerland  North Macedonia,29,20,3,0,0,0,19,3.5e+06,2e+06,3.183e+06,0.09952
2014,225452,Patrick Roberts,Fulham,17.4,Attack,Right Winger,England,2,0,0,0,0,0,19,2.5e+06,,1.372e+05,17.22
2014,4277,Philippe Senderos,Fulham,29.37,Defender,Centre-Back,Switzerland  Spain,12,12,1,1,0,3,19,2e+06,2.5e+06,3.418e+06,-0.4148
2014,110868,Ryan Tunnicliffe,Fulham,21.5,Midfield,Central Midfield,England,3,2,0,1,0,0,19,7.5e+05,,6.65e+05,0.1278
2014,3785,Scott Parker,Fulham,33.71,Midfield,Central Midfield,England,29,27,2,1,0,0,19,2e+06,6e+06,2.23e+06,-0.1031
2014,13427,Steve Sidwell,Fulham,31.55,Midfield,Central Midfield,England,38,36,7,2,0,0,19,2e+06,2.5e+06,3.869e+06,-0.483
2014,6107,Abdoulaye Faye,Hull,36.34,Defender,Centre-Back,Senegal  France,3,3,0,0,0,0,16,2.5e+05,5e+05,5.013e+05,-0.5013
2014,66333,Ahmed El Mohamady,Hull,26.81,Defender,Right-Back,Egypt,38,38,2,2,0,0,16,3.5e+06,2.5e+06,4.085e+06,-0.1431
2014,37957,Alex Bruce,Hull,29.75,Defender,Centre-Back,Northern Ireland  Ireland,20,19,0,0,0,0,16,1.5e+06,1.5e+06,1.476e+06,0.01604
2014,9422,Allan McGregor,Hull,32.41,Goalkeeper,Goalkeeper,Scotland,26,26,0,0,8,0,16,2e+06,4e+06,1.923e+06,0.04022
2014,18227,Curtis Davies,Hull,29.3,Defender,Centre-Back,Sierra Leone  England,37,37,2,1,0,0,16,4e+06,4.5e+06,4.428e+06,-0.09672
2014,29152,Danny Graham,Hull,28.88,Attack,Centre-Forward,England,18,12,1,2,0,0,16,2e+06,3.5e+06,3.529e+06,-0.4332
2014,68183,David Meyler,Hull,25.09,Midfield,Central Midfield,Ireland,30,27,2,1,0,0,16,3e+06,2.5e+06,4.047e+06,-0.2588
2014,2857,Eldin Jakupović,Hull,29.74,Goalkeeper,Goalkeeper,Switzerland  Bosnia-Herzegovina,1,1,0,0,0,0,16,5e+05,5e+05,6.015e+05,-0.1687
2014,61832,Jake Livermore,Hull,24.63,Midfield,Defensive Midfield,England,36,34,3,4,0,0,16,7e+06,1.5e+06,3.959e+06,0.7683
2014,73482,James Chester,Hull,25.43,Defender,Centre-Back,Wales  England,24,22,1,0,0,0,16,2.5e+06,2.5e+06,2.455e+06,0.01827
2014,14013,Matty Fryatt,Hull,28.32,Attack,Centre-Forward,England,10,0,2,0,0,0,16,1.5e+06,2e+06,1.317e+06,0.1389
2014,62240,Maynor Figueroa,Hull,31.16,Defender,Left-Back,Honduras,32,31,0,0,0,0,16,3e+06,4e+06,4.16e+06,-0.2789
2014,31535,Nick Proschwitz,Hull,27.59,Attack,Centre-Forward,Germany,2,0,0,0,0,0,16,1e+06,1.5e+06,8.244e+05,0.213
2014,25742,Nikica Jelavic,Hull,28.84,Attack,Centre-Forward,Croatia,25,21,5,2,0,0,16,6.5e+06,7.5e+06,4.442e+06,0.4632
2014,24636,Paul McShane,Hull,28.48,Defender,Centre-Back,Ireland,10,9,0,0,0,0,16,1.5e+06,2e+06,1.418e+06,0.0578
2014,128229,Robbie Brady,Hull,22.46,Midfield,Left Midfield,Ireland,16,11,3,1,0,0,16,2e+06,3e+06,2.411e+06,-0.1703
2014,42198,Sone Aluko,Hull,25.36,Attack,Right Winger,Nigeria  England,17,10,1,3,0,0,16,3.5e+06,3e+06,2.371e+06,0.476
2014,43266,Stephen Quinn,Hull,28.25,Midfield,Central Midfield,Ireland,15,4,0,0,0,0,16,1.5e+06,2.5e+06,1.166e+06,0.2868
2014,13465,Tom Huddlestone,Hull,27.51,Midfield,Defensive Midfield,England,36,35,2,3,0,0,16,6e+06,4.5e+06,7.005e+06,-0.1435
2014,60591,Yannick Sagbo,Hull,26.22,Attack,Centre-Forward,Cote d'Ivoire  France,28,16,2,1,0,0,16,2e+06,2.5e+06,4.398e+06,-0.5453
2014,57515,Aly Cissokho,Liverpool,26.79,Defender,Centre-Back,France  Senegal,15,12,0,1,0,0,2,5e+06,6e+06,9.152e+06,-0.4537
2014,128912,Andre Wisdom,Liverpool,21.14,Defender,Right-Back,England  Jamaica,2,1,0,0,0,0,2,4e+06,2.5e+06,3.567e+06,0.1214
2014,175745,Brad Smith,Liverpool,20.23,Defender,Left-Back,Australia  England,1,0,0,0,0,0,2,,,5.68e+05,
2014,22832,Daniel Agger,Liverpool,29.55,Defender,Centre-Back,Denmark,20,16,2,1,0,0,2,6e+06,1.8e+07,9.539e+06,-0.371
2014,47082,Daniel Sturridge,Liverpool,24.83,Attack,Centre-Forward,England,29,26,22,7,0,0,2,2.5e+07,1.8e+07,2.348e+07,0.06452
2014,3881,Glen Johnson,Liverpool,29.85,Defender,Right-Back,England,29,29,0,2,0,0,2,1e+07,1.3e+07,9.309e+06,0.07428
2014,72047,Iago Aspas,Liverpool,26.92,Attack,Centre-Forward,Spain,14,5,0,1,0,0,2,6e+06,9e+06,7.655e+06,-0.2162
2014,51452,Joe Allen,Liverpool,24.3,Midfield,Central Midfield,Wales,24,15,1,0,0,0,2,1.2e+07,1.4e+07,7.396e+06,0.6225
2014,145922,Jon Flanagan,Liverpool,21.49,Defender,Right-Back,England  Ireland,23,23,1,1,0,0,2,8e+06,3e+05,5.267e+06,0.5189
2014,61651,Jordan Henderson,Liverpool,24.04,Midfield,Defensive Midfield,England,35,35,4,7,0,0,2,1.8e+07,1.3e+07,1.535e+07,0.1727
2014,195652,Jordon Ibe,Liverpool,18.56,Attack,Right Winger,England  Nigeria,1,0,0,0,0,0,2,,5e+05,1.413e+06,
2014,35571,José Enrique,Liverpool,28.44,Defender,Left-Back,Spain,8,6,0,2,0,0,2,9e+06,1.4e+07,9.136e+06,-0.01492
2014,132214,João Carlos Teixeira,Liverpool,21.45,Midfield,Attacking Midfield,Portugal,1,0,0,0,0,0,2,,,1.086e+06,
2014,3202,Kolo Touré,Liverpool,33.28,Defender,Centre-Back,Cote d'Ivoire  England,20,15,0,2,0,0,2,3e+06,4.5e+06,2.699e+06,0.1116
2014,41414,Lucas Leiva,Liverpool,27.47,Midfield,Defensive Midfield,Brazil  Italy,27,20,0,0,0,0,2,1.4e+07,1.7e+07,9.174e+06,0.526
2014,128220,Luis Alberto,Liverpool,21.75,Midfield,Attacking Midfield,Spain,9,0,0,1,0,0,2,5e+06,5e+06,2.677e+06,0.8678
2014,44352,Luis Suárez,Liverpool,27.43,Attack,Centre-Forward,Uruguay,33,33,31,13,0,0,2,6e+07,4.2e+07,3.019e+07,0.9874
2014,47713,Mamadou Sakho,Liverpool,24.38,Defender,Centre-Back,France  Senegal,18,17,1,0,0,0,2,1.8e+07,1.5e+07,8.966e+06,1.008
2014,78959,Martin Kelly,Liverpool,24.18,Defender,Right-Back,England,5,0,0,0,0,0,2,3.5e+06,5e+06,1.915e+06,0.8274
2014,24180,Martin Skrtel,Liverpool,29.54,Defender,Centre-Back,Slovakia,36,36,7,1,0,0,2,1.4e+07,1.25e+07,1.441e+07,-0.02855
2014,80444,Philippe Coutinho,Liverpool,22.05,Midfield,Attacking Midfield,Brazil  Portugal,33,28,5,7,0,0,2,2e+07,1.4e+07,1.445e+07,0.3844
2014,134425,Raheem Sterling,Liverpool,19.56,Attack,Right Winger,England  Jamaica,33,24,9,5,0,0,2,2e+07,1.25e+07,1.363e+07,0.4677
2014,50219,Simon Mignolet,Liverpool,26.32,Goalkeeper,Goalkeeper,Belgium,38,38,0,0,10,0,2,1.4e+07,1e+07,1.28e+07,0.09338
2014,3109,Steven Gerrard,Liverpool,34.09,Midfield,Central Midfield,England,34,33,13,13,0,0,2,6e+06,9e+06,8.95e+06,-0.3296
2014,59866,Victor Moses,Liverpool,23.55,Attack,Right Winger,Nigeria  England,19,6,1,0,0,0,2,8e+06,1.5e+07,6.083e+06,0.3152
2014,46156,Aleksandar Kolarov,Man City,28.64,Defender,Left-Back,Serbia,30,21,1,7,0,7,1,1.2e+07,1.1e+07,1.34e+07,-0.1046
2014,47659,Costel Pantilimon,Man City,27.41,Goalkeeper,Goalkeeper,Romania,7,7,0,1,3,1,1,2e+06,2.5e+06,2.586e+06,-0.2266
2014,35518,David Silva,Man City,28.48,Midfield,Attacking Midfield,Spain,27,26,7,10,0,6,1,4e+07,4e+07,5.607e+07,-0.2867
2014,88262,Dedryck Boyata,Man City,23.59,Defender,Centre-Back,Belgium  DR Congo,1,1,0,0,0,0,1,1.5e+06,1.75e+06,1.657e+06,-0.0948
2014,28396,Edin Džeko,Man City,28.29,Attack,Centre-Forward,Bosnia-Herzegovina,31,23,16,3,0,7,1,2.7e+07,2.7e+07,3.029e+07,-0.1086
2014,26267,Fernandinho,Man City,29.16,Midfield,Defensive Midfield,Brazil,33,29,5,3,0,8,1,3.2e+07,3.2e+07,1.651e+07,0.9385
2014,7449,Gaël Clichy,Man City,28.93,Defender,Left-Back,France  Martinique,20,18,0,0,0,4,1,1.1e+07,1.6e+07,1.012e+07,0.08672
2014,57079,Jack Rodwell,Man City,23.31,Defender,Centre-Back,England,5,1,0,0,0,1,1,1e+07,1.5e+07,4.216e+06,1.372
2014,3333,James Milner,Man City,28.49,Midfield,Central Midfield,England,31,12,1,4,0,6,1,1.4e+07,1.8e+07,1.278e+07,0.09564
2014,36350,Javi García,Man City,27.39,Midfield,Defensive Midfield,Spain,29,14,0,0,0,4,1,1.2e+07,1.9e+07,1.121e+07,0.07063
2014,15956,Jesús Navas,Man City,28.61,Defender,Right-Back,Spain,30,18,4,7,0,8,1,2e+07,2e+07,1.758e+07,0.1379
2014,40204,Joe Hart,Man City,27.2,Goalkeeper,Goalkeeper,England,31,31,0,0,13,7,1,1.6e+07,2.4e+07,2.223e+07,-0.2804
2014,4241,Joleon Lescott,Man City,31.87,Defender,Centre-Back,England,10,8,0,0,0,4,1,5e+06,9e+06,4.117e+06,0.2146
2014,2963,Martín Demichelis,Man City,33.53,Defender,Centre-Back,Argentina  Italy,27,27,2,1,0,4,1,2e+06,3e+06,1.02e+07,-0.8038
2014,143559,Matija Nastasić,Man City,21.26,Defender,Centre-Back,Serbia,13,11,0,0,0,4,1,2.1e+07,2.1e+07,1.451e+07,0.4469
2014,32617,Micah Richards,Man City,26.02,Defender,Right-Back,England  St. Kitts & Nevis,2,2,0,0,0,3,1,9e+06,1.6e+07,5.239e+06,0.7177
2014,20007,Pablo Zabaleta,Man City,29.45,Defender,Right-Back,Argentina  Spain,35,34,1,6,0,6,1,1.9e+07,1.8e+07,1.816e+07,0.04606
2014,18935,Samir Nasri,Man City,27.01,Midfield,Attacking Midfield,France  Algeria,34,29,7,7,0,7,1,2.3e+07,1.9e+07,2.54e+07,-0.09439
2014,26399,Sergio Agüero,Man City,26.08,Attack,Centre-Forward,Argentina  Spain,23,20,17,6,0,6,1,4.5e+07,4e+07,4.394e+07,0.02424
2014,46104,Stevan Jovetić,Man City,24.66,Attack,Second Striker,Montenegro  Serbia,13,2,3,1,0,0,1,2.4e+07,2.8e+07,8.196e+06,1.928
2014,9594,Vincent Kompany,Man City,28.22,Defender,Centre-Back,Belgium  DR Congo,28,28,4,1,0,4,1,3.3e+07,3.5e+07,2.729e+07,0.209
2014,13091,Yaya Touré,Man City,31.13,Midfield,Central Midfield,Cote d'Ivoire  England,35,35,20,9,0,7,1,3e+07,3e+07,4.095e+07,-0.2674
2014,18644,Álvaro Negredo,Man City,28.86,Attack,Centre-Forward,Spain,32,21,9,4,0,8,1,2.4e+07,2e+07,2.317e+07,0.03563
2014,177847,Adnan Januzaj,Man United,19.4,Attack,Right Winger,Belgium  Kosovo,27,15,4,3,0,2,7,1e+07,,1.129e+07,-0.1141
2014,38003,Alexander Büttner,Man United,25.38,Defender,Left-Back,Netherlands,8,5,0,0,0,3,7,3.5e+06,5e+06,2.54e+06,0.3779
2014,22491,Anders Lindegaard,Man United,30.21,Goalkeeper,Goalkeeper,Denmark,1,1,0,0,1,0,7,2e+06,4e+06,1.529e+06,0.3081
2014,31645,Anderson,Man United,26.21,Midfield,Central Midfield,Brazil,4,2,0,0,0,1,7,5e+06,9e+06,3.125e+06,0.6002
2014,33544,Antonio Valencia,Man United,28.91,Defender,Right-Back,Ecuador,29,20,2,3,0,10,7,1.3e+07,1.9e+07,1.247e+07,0.04269
2014,14086,Ashley Young,Man United,28.98,Defender,Right-Back,England  Jamaica,20,13,2,2,0,8,7,1.1e+07,2e+07,7.78e+06,0.4138
2014,50935,Chicharito,Man United,26.08,Attack,Centre-Forward,Mexico,24,6,4,3,0,5,7,1.4e+07,2.2e+07,8.17e+06,0.7136
2014,103427,Chris Smalling,Man United,24.61,Defender,Centre-Back,England  Jamaica,25,21,1,0,0,7,7,1.2e+07,1.2e+07,1.018e+07,0.1785
2014,67063,Danny Welbeck,Man United,23.59,Attack,Centre-Forward,England  Ghana,25,15,9,1,0,5,7,1.7e+07,1.4e+07,1.4e+07,0.2139
2014,3547,Darren Fletcher,Man United,30.41,Midfield,Central Midfield,Scotland,12,9,0,0,0,2,7,3e+06,5e+06,4.126e+06,-0.2729
2014,59377,David de Gea,Man United,23.65,Goalkeeper,Goalkeeper,Spain,37,37,0,0,12,10,7,1.8e+07,1.7e+07,1.957e+07,-0.08024
2014,214104,James Wilson,Man United,18.58,Attack,Centre-Forward,England,1,1,2,0,0,0,7,,,1.682e+05,
2014,42412,Jonny Evans,Man United,26.49,Defender,Centre-Back,Northern Ireland,17,17,0,0,0,3,7,1e+07,1.3e+07,1.002e+07,-0.001867
2014,44068,Juan Mata,Man United,26.17,Midfield,Attacking Midfield,Spain,28,25,6,6,0,2,7,4e+07,4.5e+07,2.653e+07,0.5079
2014,39679,Marouane Fellaini,Man United,26.61,Midfield,Central Midfield,Belgium  Morocco,19,15,0,1,0,5,7,2e+07,2.8e+07,1.514e+07,0.3211
2014,3878,Michael Carrick,Man United,32.93,Midfield,Defensive Midfield,England,29,26,1,0,0,7,7,6e+06,1.1e+07,9.574e+06,-0.3733
2014,33706,Nani,Man United,27.62,Attack,Left Winger,Portugal  Cape Verde,11,7,0,0,0,1,7,1.2e+07,2e+07,4.212e+06,1.849
2014,19726,Nemanja Vidic‎,Man United,32.69,Defender,Centre-Back,Serbia,25,23,0,0,0,6,7,1e+07,1.5e+07,6.206e+06,0.6114
2014,5285,Patrice Evra,Man United,33.13,Defender,Left-Back,France  Senegal,33,33,1,3,0,8,7,7.5e+06,1.1e+07,9.817e+06,-0.236
2014,117996,Phil Jones,Man United,22.36,Defender,Centre-Back,England,26,26,1,2,0,8,7,1.6e+07,1.7e+07,1.334e+07,0.1991
2014,61892,Rafael,Man United,23.98,Defender,Right-Back,Brazil  Portugal,19,18,0,1,0,4,7,1.4e+07,1.5e+07,1.331e+07,0.05148
2014,3235,Rio Ferdinand,Man United,35.65,Defender,Centre-Back,England,14,12,0,0,0,7,7,1e+06,3e+06,2.211e+06,-0.5477
2014,4380,Robin van Persie,Man United,30.9,Attack,Centre-Forward,Netherlands,21,18,12,3,0,6,7,3.3e+07,4.5e+07,2.477e+07,0.332
2014,3406,Ryan Giggs,Man United,40.59,Midfield,Left Midfield,Wales,12,6,0,1,0,7,7,1e+06,1e+06,1.364e+06,-0.2668
2014,81785,Shinji Kagawa,Man United,25.29,Midfield,Attacking Midfield,Japan,18,14,0,3,0,8,7,1.5e+07,2e+07,9.36e+06,0.6026
2014,73484,Tom Cleverley,Man United,24.88,Midfield,Central Midfield,England,22,18,1,0,0,4,7,1.1e+07,1.3e+07,9.146e+06,0.2027
2014,229970,Tom Lawrence,Man United,20.46,Midfield,Attacking Midfield,Wales,1,1,0,0,0,0,7,,,8.872e+05,
2014,3332,Wayne Rooney,Man United,28.68,Attack,Centre-Forward,England,29,27,17,10,0,9,7,4.5e+07,5e+07,4.896e+07,-0.08096
2014,250426,Adam Armstrong,Newcastle,17.39,Attack,Centre-Forward,England,4,0,0,0,0,0,10,,,3.956e+05,
2014,44983,Dan Gosling,Newcastle,24.41,Midfield,Central Midfield,England,8,4,0,0,0,0,10,1.5e+06,1.5e+06,1.835e+06,-0.1825
2014,84344,Davide Santon,Newcastle,23.49,Defender,Left-Back,Italy,27,26,0,0,0,0,10,8e+06,1e+07,6.793e+06,0.1776
2014,6150,Fabricio Coloccini,Newcastle,32.44,Defender,Centre-Back,Argentina  Italy,27,27,0,0,0,0,10,3e+06,6e+06,3.819e+06,-0.2144
2014,43261,Gabriel Obertan,Newcastle,25.34,Attack,Right Winger,France  Guadeloupe,3,0,0,0,0,0,10,1e+06,2.5e+06,1.713e+06,-0.4161
2014,45121,Loïc Rémy,Newcastle,27.49,Attack,Centre-Forward,France  Martinique,26,24,14,3,0,0,10,1.2e+07,1e+07,1.069e+07,0.1225
2014,72522,Luuk de Jong,Newcastle,23.84,Attack,Centre-Forward,Netherlands,12,8,0,1,0,0,10,5e+06,1e+07,3.343e+06,0.4955
2014,57480,Mapou Yanga-Mbiwa,Newcastle,25.13,Defender,Centre-Back,France  Central African Republic,23,17,0,0,0,0,10,5e+06,9e+06,4.243e+06,0.1784
2014,170929,Massadio Haïdara,Newcastle,21.58,Defender,Left-Back,Mali  France,11,3,0,0,0,0,10,2e+06,2.5e+06,2.816e+06,-0.2897
2014,27306,Mathieu Debuchy,Newcastle,28.93,Defender,Right-Back,France,29,28,1,4,0,0,10,1.3e+07,1e+07,5.453e+06,1.384
2014,10642,Mike Williamson,Newcastle,30.64,Defender,Centre-Back,England,33,32,0,0,0,0,10,3e+06,3e+06,3.733e+06,-0.1963
2014,46001,Moussa Sissoko,Newcastle,24.87,Midfield,Central Midfield,France  Mali,35,35,3,6,0,0,10,1.1e+07,1.2e+07,1.172e+07,-0.06178
2014,33952,Papiss Demba Cissé,Newcastle,29.08,Attack,Centre-Forward,Senegal  France,24,15,2,3,0,0,10,7e+06,1.45e+07,4.515e+06,0.5504
2014,170321,Paul Dummett,Newcastle,22.76,Defender,Left-Back,Wales  England,18,11,1,0,0,0,10,1.5e+06,2e+05,2.058e+06,-0.271
2014,39037,Rob Elliot,Newcastle,28.17,Goalkeeper,Goalkeeper,Ireland  England,2,2,0,0,0,0,10,1e+06,5e+05,9.822e+05,0.01808
2014,92381,Sammy Ameobi,Newcastle,22.17,Attack,Left Winger,England  Nigeria,10,4,0,0,0,0,10,2e+06,3e+06,1.634e+06,0.2242
2014,39909,Sylvain Marveaux,Newcastle,28.21,Midfield,Attacking Midfield,France  Martinique,9,2,0,0,0,0,10,2e+06,3e+06,2.59e+06,-0.2278
2014,33027,Tim Krul,Newcastle,26.24,Goalkeeper,Goalkeeper,Netherlands,36,36,0,0,10,0,10,9e+06,8.5e+06,6.61e+06,0.3617
2014,30670,Vurnon Anita,Newcastle,25.24,Midfield,Defensive Midfield,Curacao  Netherlands,34,28,1,1,0,0,10,6e+06,6.5e+06,5.492e+06,0.09255
2014,29434,Yohan Cabaye,Newcastle,28.46,Midfield,Central Midfield,France,19,17,7,3,0,4,10,2.3e+07,1.6e+07,1.262e+07,0.8223
2014,12384,Alexander Tettey,Norwich,28.24,Midfield,Defensive Midfield,Norway,21,17,1,0,0,0,18,3.5e+06,3.5e+06,3.239e+06,0.08067
2014,67322,Anthony Pilkington,Norwich,26.07,Attack,Left Winger,Ireland  England,15,10,1,1,0,0,18,2.5e+06,5e+06,4.219e+06,-0.4074
2014,49327,Bradley Johnson,Norwich,27.18,Midfield,Central Midfield,England,32,28,3,1,0,0,18,3e+06,3e+06,4.99e+06,-0.3988
2014,43193,Elliott Bennett,Norwich,25.53,Midfield,Right Midfield,Jamaica  England,2,1,0,0,0,0,18,1.5e+06,2e+06,1.746e+06,-0.1411
2014,23218,Javier Garrido,Norwich,29.3,Defender,Left-Back,Spain,6,6,0,0,0,0,18,2e+06,2.5e+06,3.199e+06,-0.3747
2014,29712,John Ruddy,Norwich,27.69,Goalkeeper,Goalkeeper,England,38,38,0,0,12,0,18,4.5e+06,4e+06,5.107e+06,-0.1189
2014,45395,Jonathan Howson,Norwich,26.11,Midfield,Central Midfield,England,27,23,2,0,0,0,18,3.5e+06,3e+06,4.112e+06,-0.1489
2014,3270,Joseph Yobo,Norwich,33.82,Defender,Centre-Back,Nigeria  England,8,8,0,0,0,0,18,1.5e+06,3.5e+06,1.149e+06,0.3059
2014,199528,Josh Murphy,Norwich,19.35,Attack,Left Winger,England  Ireland,9,0,0,0,0,0,18,1e+06,1.5e+05,2.089e+06,-0.5213
2014,63342,Leroy Fer,Norwich,24.48,Midfield,Defensive Midfield,Netherlands  Curacao,29,28,3,2,0,0,18,8.5e+06,7.5e+06,4.136e+06,1.055
2014,71020,Luciano Becchio,Norwich,30.51,Attack,Centre-Forward,Argentina  Italy,5,0,0,0,0,0,18,1.5e+06,2e+06,9.278e+05,0.6166
2014,38073,Martin Olsson,Norwich,26.12,Defender,Left-Back,Sweden,34,33,0,1,0,0,18,4e+06,4e+06,3.292e+06,0.2152
2014,129078,Nathan Redmond,Norwich,20.32,Attack,Right Winger,England  Jamaica,34,23,1,3,0,0,18,3.5e+06,2.5e+06,3.537e+06,-0.01044
2014,22614,Robert Snodgrass,Norwich,26.81,Attack,Right Winger,Scotland,30,29,6,2,0,0,18,7e+06,6e+06,6.437e+06,0.0874
2014,67303,Russell Martin,Norwich,28.49,Defender,Centre-Back,Scotland  England,31,29,0,0,0,0,18,3e+06,3e+06,4.117e+06,-0.2713
2014,67252,Ryan Bennett,Norwich,24.32,Defender,Centre-Back,England,16,14,1,0,0,0,18,2.5e+06,2.5e+06,2.333e+06,0.07152
2014,12704,Steven Whittaker,Norwich,30.04,Defender,Right-Back,Scotland,20,16,1,1,0,0,18,2e+06,1.5e+06,1.88e+06,0.06407
2014,33951,Sébastien Bassong,Norwich,27.98,Defender,Centre-Back,Cameroon  France,27,27,0,0,0,0,18,4.5e+06,4.5e+06,5.785e+06,-0.2221
2014,24589,Wes Hoolahan,Norwich,32.11,Midfield,Attacking Midfield,Ireland,16,10,1,1,0,0,18,2e+06,2e+06,2.085e+06,-0.04098
2014,43530,Adam Lallana,Southampton,26.14,Midfield,Attacking Midfield,England,38,37,9,6,0,0,8,2.2e+07,5.5e+06,1.044e+07,1.108
2014,15220,Artur Boruc,Southampton,34.36,Goalkeeper,Goalkeeper,Poland,29,29,0,0,14,0,8,1e+06,1.5e+06,1.805e+06,-0.4461
2014,215118,Calum Chambers,Southampton,19.44,Defender,Centre-Back,England,22,18,0,0,0,0,8,1.2e+07,,2.846e+06,3.216
2014,37389,Daniel Osvaldo,Southampton,28.47,Attack,Centre-Forward,Italy  Argentina,13,9,3,0,0,7,8,1.1e+07,1.7e+07,7.033e+06,0.564
2014,31553,Danny Fox,Southampton,28.09,Defender,Left-Back,Scotland  England,3,3,0,1,0,0,8,2e+06,2.5e+06,2.79e+06,-0.2831
2014,37838,Dejan Lovren,Southampton,24.99,Defender,Centre-Back,Croatia,31,31,2,1,0,0,8,2e+07,7e+06,6.769e+06,1.955
2014,123742,Gastón Ramírez,Southampton,23.58,Midfield,Central Midfield,Uruguay,18,3,1,3,0,0,8,7.5e+06,1e+07,4.241e+06,0.7686
2014,22801,Guly,Southampton,32.5,Midfield,Attacking Midfield,Brazil  Italy,9,0,0,0,0,0,8,1e+06,1.5e+06,1.396e+06,-0.2837
2014,226973,Harrison Reed,Southampton,19.43,Midfield,Central Midfield,England,4,0,0,0,0,0,8,,,6.384e+05,
2014,40613,Jack Cork,Southampton,25.02,Midfield,Defensive Midfield,England,28,21,0,1,0,0,8,3.5e+06,3e+06,4.814e+06,-0.2729
2014,181579,James Ward-Prowse,Southampton,19.66,Midfield,Central Midfield,England,34,16,0,2,0,0,8,5e+06,2e+06,3.076e+06,0.6254
2014,53360,Jay Rodríguez,Southampton,24.92,Attack,Centre-Forward,England  Spain,33,30,15,3,0,0,8,1.25e+07,6.5e+06,1.105e+07,0.131
2014,33829,José Fonte,Southampton,30.52,Defender,Centre-Back,Portugal,36,35,3,0,0,0,8,3.5e+06,2.5e+06,4.396e+06,-0.2039
2014,13640,Kelvin Davis,Southampton,37.75,Goalkeeper,Goalkeeper,England,2,2,0,0,0,0,8,2.5e+05,2.5e+05,4.862e+05,-0.4858
2014,183288,Luke Shaw,Southampton,18.97,Defender,Left-Back,England,35,35,0,1,0,0,8,2.2e+07,7e+06,7.176e+06,2.066
2014,81789,Maya Yoshida,Southampton,25.85,Defender,Centre-Back,Japan,8,7,1,0,0,0,8,4.5e+06,5e+06,3.624e+06,0.2418
2014,56818,Morgan Schneiderlin,Southampton,24.64,Midfield,Defensive Midfield,France,33,31,2,1,0,0,8,2e+07,5.5e+06,7.128e+06,1.806
2014,85177,Nathaniel Clyne,Southampton,23.24,Defender,Right-Back,England  Grenada,25,20,0,4,0,0,8,7e+06,5.5e+06,5.121e+06,0.3669
2014,195488,Paulo Gazzaniga,Southampton,22.49,Goalkeeper,Goalkeeper,Argentina  Italy,8,7,0,0,1,0,8,2e+06,2e+06,1.606e+06,0.2449
2014,49655,Rickie Lambert,Southampton,32.37,Attack,Centre-Forward,England,37,31,13,10,0,0,8,5e+06,5e+06,5.626e+06,-0.1112
2014,227183,Sam Gallagher,Southampton,18.79,Attack,Centre-Forward,England  Scotland,18,3,1,0,0,0,8,5e+05,,1.104e+06,-0.547
2014,28973,Steven Davis,Southampton,29.49,Midfield,Central Midfield,Northern Ireland,34,28,2,7,0,0,8,5.5e+06,5.5e+06,7.44e+06,-0.2608
2014,77760,Victor Wanyama,Southampton,23.02,Midfield,Defensive Midfield,Kenya,23,19,0,0,0,0,8,1.4e+07,5e+06,3.132e+06,3.47
2014,13616,Andy Wilkinson,Stoke,29.9,Defender,Right-Back,England,5,2,0,0,0,0,9,1e+06,3e+06,2.167e+06,-0.5386
2014,33873,Asmir Begovic,Stoke,27.03,Goalkeeper,Goalkeeper,Bosnia-Herzegovina  Canada,32,32,0,0,9,0,9,1.2e+07,7e+06,8.372e+06,0.4334
2014,71107,Brek Shea,Stoke,24.34,Midfield,Left Midfield,United States  Norway,1,0,0,0,0,0,9,1e+06,1.5e+06,5.256e+05,0.9027
2014,28990,Charlie Adam,Stoke,28.56,Midfield,Central Midfield,Scotland,31,20,8,4,0,0,9,5e+06,5e+06,6.847e+06,-0.2698
2014,43763,Erik Pieters,Stoke,25.9,Defender,Left-Back,Netherlands,36,34,1,2,0,0,9,3.5e+06,3.5e+06,4.189e+06,-0.1645
2014,31642,Geoff Cameron,Stoke,28.97,Defender,Centre-Back,United States,37,37,2,2,0,0,9,4e+06,4.5e+06,5.596e+06,-0.2852
2014,12124,Glenn Whelan,Stoke,30.46,Midfield,Defensive Midfield,Ireland,32,28,0,1,0,0,9,2.5e+06,4e+06,5.045e+06,-0.5044
2014,128899,Jack Butland,Stoke,21.31,Goalkeeper,Goalkeeper,England,3,2,0,0,0,0,9,5e+06,5e+06,1.313e+06,2.808
2014,3195,Jermaine Pennant,Stoke,31.46,Attack,Right Winger,England  Jamaica,8,0,1,0,0,0,9,1.5e+06,2.5e+06,2.152e+06,-0.3031
2014,98596,John Guidetti,Stoke,22.21,Attack,Centre-Forward,Sweden,6,0,0,0,0,0,9,3.5e+06,6e+06,1.17e+06,1.991
2014,3306,Jonathan Walters,Stoke,30.78,Attack,Right Winger,Ireland  England,32,27,5,2,0,0,9,3.5e+06,5e+06,5.128e+06,-0.3175
2014,74228,Marc Muniesa,Stoke,22.26,Defender,Centre-Back,Spain,13,7,0,0,0,0,9,2e+06,2e+06,1.276e+06,0.5672
2014,30456,Marc Wilson,Stoke,26.87,Defender,Centre-Back,Ireland  Northern Ireland,33,30,0,0,0,0,9,4e+06,4e+06,6.056e+06,-0.3395
2014,41384,Marko Arnautovic,Stoke,25.2,Attack,Centre-Forward,Austria  Serbia,30,27,4,7,0,0,9,6e+06,7e+06,1.024e+07,-0.4142
2014,3788,Matthew Etherington,Stoke,32.88,Midfield,Left Midfield,England,11,5,0,0,0,0,9,1.5e+06,2e+06,1.629e+06,-0.07894
2014,4072,Peter Crouch,Stoke,33.42,Attack,Centre-Forward,England  Ireland,34,30,7,5,0,0,9,2e+06,4e+06,3.533e+06,-0.4339
2014,2998,Robert Huth,Stoke,29.87,Defender,Centre-Back,Germany,12,12,0,1,0,0,9,7e+06,8e+06,6.006e+06,0.1654
2014,45861,Ryan Shawcross,Stoke,26.74,Defender,Centre-Back,England  Wales,37,37,1,0,0,0,9,9e+06,1e+07,1.1e+07,-0.1818
2014,34838,Stephen Ireland,Stoke,27.86,Midfield,Attacking Midfield,Ireland,25,14,2,2,0,0,9,2.5e+06,3e+06,5.225e+06,-0.5216
2014,73734,Steven Nzonzi,Stoke,25.54,Midfield,Defensive Midfield,France  DR Congo,36,34,2,1,0,0,9,6e+06,6e+06,1.056e+07,-0.432
2014,3473,Thomas Sörensen,Stoke,38.05,Goalkeeper,Goalkeeper,Denmark,4,4,0,0,1,0,9,1e+06,1e+06,7.664e+05,0.3048
2014,58361,Wilson Palacios,Stoke,29.92,Midfield,Defensive Midfield,Honduras,16,5,0,0,0,0,9,1.5e+06,1.5e+06,2.118e+06,-0.2916
2014,31579,Adam Johnson,Sunderland,26.97,Attack,Right Winger,England,36,28,8,5,0,0,15,7.5e+06,1.1e+07,8.17e+06,-0.08206
2014,21863,Andrea Dossena,Sunderland,32.8,Midfield,Left Midfield,Italy,7,6,0,0,0,0,15,1.5e+06,1.8e+06,1.499e+06,0.0009134
2014,16576,Carlos Cuéllar,Sunderland,32.85,Defender,Centre-Back,Spain,4,4,0,0,0,0,15,1.5e+06,2e+06,1.522e+06,-0.01457
2014,136647,Charalampos Mavrias,Sunderland,20.36,Defender,Right-Back,Greece,4,1,0,0,0,0,15,1.5e+06,2e+06,9.18e+05,0.634
2014,95435,Connor Wickham,Sunderland,21.25,Attack,Centre-Forward,England  Northern Ireland,15,10,5,1,0,0,15,5e+06,5e+06,4.365e+06,0.1455
2014,37171,Craig Gardner,Sunderland,27.6,Midfield,Central Midfield,England,18,7,2,2,0,0,15,3e+06,7e+06,4.216e+06,-0.2885
2014,14178,David Vaughan,Sunderland,31.36,Midfield,Defensive Midfield,Wales,3,2,0,0,0,0,15,1.7e+06,2.5e+06,1.336e+06,0.272
2014,164265,Dong-won Ji,Sunderland,23.09,Attack,Centre-Forward,"Korea, South",5,2,0,0,0,0,15,2e+06,2.5e+06,1.957e+06,0.02209
2014,169090,El-Hadji Ba,Sunderland,21.32,Midfield,Central Midfield,Mauritania  France,1,0,0,0,0,0,15,2.5e+05,,5.159e+05,-0.5154
2014,84835,Emanuele Giaccherini,Sunderland,29.16,Midfield,Left Midfield,Italy,24,16,4,4,0,0,15,7e+06,7.5e+06,3.879e+06,0.8046
2014,96754,Fabio Borini,Sunderland,23.26,Attack,Left Winger,Italy,32,25,7,2,0,0,15,8.5e+06,1e+07,5.572e+06,0.5254
2014,51088,Ignacio Scocco,Sunderland,29.09,Attack,Centre-Forward,Argentina  Italy,6,0,0,0,0,0,15,4.5e+06,6e+06,6.943e+05,5.481
2014,61644,Jack Colback,Sunderland,24.68,Midfield,Defensive Midfield,England,33,28,3,2,0,0,15,4.5e+06,5e+06,5.624e+06,-0.1999
2014,3540,John Oshea,Sunderland,33.17,Defender,Centre-Back,Ireland,33,33,1,0,0,0,15,1.5e+06,2e+06,3.336e+06,-0.5504
2014,39378,Jozy Altidore,Sunderland,24.65,Attack,Centre-Forward,United States  Haiti,31,19,1,1,0,0,15,3.5e+06,5e+06,3.993e+06,-0.1235
2014,15164,Keiren Westwood,Sunderland,29.69,Goalkeeper,Goalkeeper,Ireland  England,10,10,0,0,0,0,15,1.5e+06,1.5e+06,1.176e+06,0.276
2014,40612,Liam Bridcutt,Sunderland,25.15,Midfield,Defensive Midfield,Scotland  England,12,9,0,0,0,0,15,3e+06,2.5e+06,2.156e+06,0.3913
2014,112515,Marcos Alonso,Sunderland,23.51,Defender,Left-Back,Spain,16,16,0,1,0,5,15,2e+06,2e+06,3.824e+06,-0.477
2014,41749,Modibo Diakité,Sunderland,27.33,Defender,Centre-Back,France  Mali,7,7,0,0,0,0,15,2e+06,3.5e+06,1.605e+06,0.2459
2014,15773,Phil Bardsley,Sunderland,29.01,Defender,Right-Back,Scotland  England,26,26,2,0,0,0,15,2.5e+06,3e+06,4.216e+06,-0.407
2014,31720,Sebastian Larsson,Sunderland,29.07,Midfield,Central Midfield,Sweden,31,24,1,3,0,0,15,4e+06,6e+06,4.993e+06,-0.1989
2014,35099,Steven Fletcher,Sunderland,27.27,Attack,Centre-Forward,Scotland  England,20,13,3,0,0,0,15,5e+06,1.3e+07,4.493e+06,0.1128
2014,81796,Sung-yueng Ki,Sunderland,25.43,Midfield,Defensive Midfield,"Korea, South",28,25,3,1,0,0,15,6e+06,8e+06,5.092e+06,0.1783
2014,33781,Vito Mannone,Sunderland,26.33,Goalkeeper,Goalkeeper,Italy,29,28,0,0,12,0,15,3.5e+06,1e+06,3.316e+06,0.05559
2014,3405,Wes Brown,Sunderland,34.72,Defender,Centre-Back,England,25,24,0,1,0,0,15,5e+05,5e+05,2.22e+06,-0.7748
2014,67355,Ashley Williams,Swansea,29.85,Defender,Centre-Back,Wales  England,34,34,1,1,0,4,12,7e+06,8.5e+06,5.482e+06,0.2769
2014,192765,Ben Davies,Swansea,21.19,Defender,Centre-Back,Wales,34,32,2,1,0,5,12,1e+07,3e+06,7.171e+06,0.3945
2014,51681,Chico Flores,Swansea,27.32,Defender,Centre-Back,Spain,31,30,3,0,0,7,12,6.5e+06,6.5e+06,7.818e+06,-0.1686
2014,41242,David Ngog,Swansea,25.25,Attack,Centre-Forward,France  Cameroon,3,0,0,0,0,0,12,1.5e+06,2.5e+06,1.607e+06,-0.06658
2014,29356,Dwight Tiendalli,Swansea,28.69,Defender,Right-Back,Netherlands  Suriname,10,9,0,0,0,6,12,1.5e+06,2e+06,2.105e+06,-0.2875
2014,488,Gerhard Tremmel,Swansea,35.62,Goalkeeper,Goalkeeper,Germany,12,12,0,0,1,4,12,1e+06,1e+06,8.144e+05,0.2279
2014,171260,Jay Fulton,Swansea,20.25,Midfield,Central Midfield,Scotland  England,2,1,0,0,0,0,12,,,9.806e+05,
2014,31067,Jonathan de Guzmán,Swansea,26.8,Midfield,Central Midfield,Netherlands  Canada,34,26,4,4,0,7,12,1e+07,9e+06,8.432e+06,0.186
2014,71292,Jonjo Shelvey,Swansea,22.34,Midfield,Central Midfield,England  Ireland,32,29,6,6,0,6,12,1e+07,5.5e+06,8.141e+06,0.2283
2014,85289,Jordi Amat,Swansea,22.28,Defender,Centre-Back,Indonesia  Spain,17,13,0,0,0,6,12,3e+06,3e+06,3.651e+06,-0.1783
2014,69609,José Alberto Cañas,Swansea,27.1,Midfield,Defensive Midfield,Spain,23,19,0,0,0,6,12,4.5e+06,3.5e+06,4.148e+06,0.08494
2014,67421,Kyle Bartley,Swansea,23.11,Defender,Centre-Back,England  Jamaica,2,1,0,0,0,0,12,1e+06,1e+06,6.052e+05,0.6523
2014,40043,Leon Britton,Swansea,31.79,Midfield,Central Midfield,England,25,23,0,1,0,3,12,2e+06,3.5e+06,2.711e+06,-0.2623
2014,20975,Leroy Lita,Swansea,29.51,Attack,Centre-Forward,England  DR Congo,2,0,0,0,0,0,12,7.5e+05,1.5e+06,1.388e+06,-0.4595
2014,37787,Marvin Emnes,Swansea,26.09,Attack,Centre-Forward,Netherlands  Suriname,7,2,1,0,0,2,12,1.5e+06,2e+06,1.991e+06,-0.2468
2014,26276,Michel Vorm,Swansea,30.7,Goalkeeper,Goalkeeper,Netherlands  Suriname,26,26,0,0,7,4,12,6e+06,8.5e+06,4.469e+06,0.3426
2014,70789,Michu,Swansea,28.28,Attack,Second Striker,Spain,17,15,2,2,0,3,12,1.2e+07,1.4e+07,5.169e+06,1.321
2014,37011,Nathan Dyer,Swansea,26.59,Attack,Right Winger,England  Jamaica,27,19,6,2,0,7,12,4.5e+06,4.5e+06,7.714e+06,-0.4166
2014,67416,Neil Taylor,Swansea,25.39,Defender,Left-Back,Wales  India,10,6,0,1,0,4,12,2.5e+06,2.5e+06,1.956e+06,0.2784
2014,46220,Pablo Hernández,Swansea,29.22,Attack,Right Winger,Spain,27,17,2,7,0,4,12,8e+06,9e+06,6.234e+06,0.2833
2014,14066,Wayne Routledge,Swansea,29.48,Attack,Left Winger,England  Jamaica,35,32,2,4,0,5,12,3.5e+06,5e+06,8.006e+06,-0.5628
2014,141835,Álvaro Vázquez,Swansea,23.18,Attack,Centre-Forward,Spain,12,5,0,1,0,4,12,2.5e+06,3e+06,2.946e+06,-0.1514
2014,66550,Ángel Rangel,Swansea,31.59,Defender,Right-Back,Spain,30,29,0,1,0,5,12,2.5e+06,3e+06,3.958e+06,-0.3683
2014,14221,Aaron Lennon,Tottenham,27.21,Attack,Right Winger,England  Ireland,27,26,1,3,0,4,6,1.2e+07,1.7e+07,1.998e+07,-0.3993
2014,200777,Alex Pritchard,Tottenham,21.16,Midfield,Attacking Midfield,England,1,0,0,0,0,0,6,,1.5e+05,9.903e+05,
2014,61842,Andros Townsend,Tottenham,22.96,Attack,Right Winger,England,25,12,1,0,0,5,6,8e+06,1e+06,8.081e+06,-0.01002
2014,3476,Brad Friedel,Tottenham,43.12,Goalkeeper,Goalkeeper,United States  England,1,1,0,0,0,5,6,1e+06,1e+06,7.425e+05,0.3468
2014,69633,Christian Eriksen,Tottenham,22.38,Midfield,Attacking Midfield,Denmark,25,23,7,8,0,9,6,2e+07,1.8e+07,2.773e+07,-0.2787
2014,50174,Danny Rose,Tottenham,24,Defender,Left-Back,England  Jamaica,22,22,1,2,0,5,6,8e+06,7e+06,1.062e+07,-0.2468
2014,8883,Emmanuel Adebayor,Tottenham,30.34,Attack,Centre-Forward,Togo  Nigeria,21,20,11,4,0,2,6,9e+06,1e+07,1.778e+07,-0.4939
2014,111630,Erik Lamela,Tottenham,22.32,Attack,Right Winger,Argentina  Spain,9,3,0,1,0,6,6,2.4e+07,2.3e+07,8.871e+06,1.705
2014,90466,Gylfi Sigurdsson,Tottenham,24.81,Midfield,Attacking Midfield,Iceland,25,14,5,0,0,6,6,1e+07,8e+06,1.146e+07,-0.1277
2014,132098,Harry Kane,Tottenham,20.93,Attack,Centre-Forward,England  Ireland,10,6,3,0,0,5,6,3e+06,5e+05,5.266e+06,-0.4303
2014,17965,Hugo Lloris,Tottenham,27.51,Goalkeeper,Goalkeeper,France,37,37,0,0,14,5,6,1.6e+07,1.75e+07,2.206e+07,-0.2746
2014,43250,Jan Vertonghen,Tottenham,27.19,Defender,Centre-Back,Belgium,23,23,0,0,0,7,6,1.9e+07,2.2e+07,1.644e+07,0.1555
2014,3875,Jermain Defoe,Tottenham,31.73,Attack,Centre-Forward,England  St. Lucia,14,3,1,0,0,4,6,6e+06,8e+06,8.303e+06,-0.2774
2014,66219,Kyle Naughton,Tottenham,25.62,Defender,Right-Back,England  Ireland,22,19,0,0,0,9,6,5e+06,5.5e+06,6.992e+06,-0.2849
2014,95424,Kyle Walker,Tottenham,24.09,Defender,Right-Back,England,26,26,1,2,0,3,6,1.7e+07,1.7e+07,1.133e+07,0.5011
2014,9988,Michael Dawson,Tottenham,30.62,Defender,Centre-Back,England,32,31,0,0,0,6,6,6.5e+06,8e+06,1.413e+07,-0.5399
2014,202228,Milos Veljkovic,Tottenham,18.76,Defender,Centre-Back,Serbia  Switzerland,2,0,0,0,0,0,6,,,1.903e+06,
2014,19368,Mousa Dembélé,Tottenham,26.96,Midfield,Central Midfield,Belgium  Mali,28,22,1,1,0,7,6,1.7e+07,2e+07,1.394e+07,0.2193
2014,245537,Nabil Bentaleb,Tottenham,19.6,Midfield,Defensive Midfield,Algeria  France,15,11,0,1,0,4,6,3e+06,,8.304e+06,-0.6387
2014,59631,Nacer Chadli,Tottenham,24.91,Attack,Left Winger,Belgium  Morocco,24,15,1,3,0,5,6,6e+06,9e+06,1.022e+07,-0.413
2014,57229,Paulinho,Tottenham,25.93,Midfield,Central Midfield,Brazil,30,28,6,2,0,4,6,1.6e+07,1.2e+07,1.76e+07,-0.09077
2014,34870,Roberto Soldado,Tottenham,29.1,Attack,Centre-Forward,Spain,28,22,6,5,0,6,6,1.8e+07,3e+07,1.968e+07,-0.0855
2014,74590,Sandro,Tottenham,25.3,Midfield,Central Midfield,Brazil  Portugal,17,10,1,0,0,6,6,1.1e+07,1.7e+07,9.347e+06,0.1769
2014,123261,Vlad Chiricheș,Tottenham,24.63,Midfield,Defensive Midfield,Romania,17,16,1,0,0,3,6,1.1e+07,8e+06,5.308e+06,1.072
2014,27114,Younès Kaboul,Tottenham,28.49,Defender,Centre-Back,France  Morocco,13,11,1,1,0,4,6,6.5e+06,1.15e+07,7.643e+06,-0.1496
2014,141655,Zeki Fryers,Tottenham,21.81,Defender,Left-Back,England,7,3,0,0,0,6,6,2.5e+06,2.5e+06,2.334e+06,0.07129
2014,63494,Étienne Capoue,Tottenham,25.97,Midfield,Defensive Midfield,France  Guadeloupe,12,8,1,0,0,4,6,9e+06,1.3e+07,1.532e+07,-0.4125
2014,13572,Ben Foster,West Brom,31.24,Goalkeeper,Goalkeeper,England,24,24,0,0,4,0,17,4e+06,5e+06,3.714e+06,0.07688
2014,36866,Billy Jones,West Brom,27.27,Defender,Right-Back,England,21,21,0,1,0,0,17,2e+06,2.5e+06,3.146e+06,-0.3642
2014,3838,Boaz Myhill,West Brom,31.64,Goalkeeper,Goalkeeper,Wales  United States,14,14,0,0,3,0,17,1.5e+06,2e+06,1.462e+06,0.02622
2014,36814,Chris Brunt,West Brom,29.54,Midfield,Central Midfield,Northern Ireland,28,25,3,5,0,0,17,4e+06,6e+06,6.179e+06,-0.3527
2014,45330,Claudio Yacob,West Brom,26.95,Midfield,Defensive Midfield,Argentina  Italy,27,22,1,0,0,0,17,4.5e+06,6.5e+06,3.574e+06,0.2591
2014,121477,Craig Dawson,West Brom,24.15,Defender,Centre-Back,England,12,10,0,2,0,0,17,1.5e+06,3e+06,2.045e+06,-0.2665
2014,13829,Diego Lugano,West Brom,33.66,Defender,Centre-Back,Uruguay  Italy,9,7,1,0,0,0,17,1e+06,1e+06,1.019e+06,-0.01856
2014,40567,Gareth McAuley,West Brom,34.57,Defender,Centre-Back,Northern Ireland,32,32,2,0,0,0,17,1e+06,1.5e+06,1.705e+06,-0.4135
2014,19721,Goran Popov,West Brom,29.74,Defender,Left-Back,North Macedonia,2,1,0,0,0,0,17,1.5e+06,2.5e+06,1.384e+06,0.08359
2014,36608,Graham Dorrans,West Brom,27.16,Midfield,Central Midfield,Scotland,14,12,2,0,0,0,17,2e+06,2.5e+06,3.183e+06,-0.3717
2014,27614,James Morrison,West Brom,28.1,Midfield,Central Midfield,Scotland  England,32,23,1,3,0,0,17,6e+06,7.5e+06,5.119e+06,0.172
2014,25248,Jonas Olsson,West Brom,31.31,Defender,Centre-Back,Sweden,32,32,1,0,0,0,17,3.5e+06,4.5e+06,3.399e+06,0.02969
2014,141349,Liam Oneil,West Brom,20.92,Midfield,Defensive Midfield,England  Wales,3,0,0,0,0,0,17,,,5.599e+05,
2014,4070,Liam Ridgewell,West Brom,29.94,Defender,Centre-Back,England,33,33,1,2,0,0,17,3e+06,3e+06,4.91e+06,-0.389
2014,45921,Luke Daniels,West Brom,26.49,Goalkeeper,Goalkeeper,England,1,0,0,0,1,0,17,2.5e+05,2.5e+05,5.285e+05,-0.527
2014,27505,Markus Rosenberg,West Brom,31.76,Attack,Centre-Forward,Sweden,4,1,0,0,0,0,17,7.5e+05,2e+06,1.179e+06,-0.364
2014,101500,Matej Vydra,West Brom,22.17,Attack,Centre-Forward,Czech Republic,23,7,3,3,0,0,17,4e+06,3e+06,2.967e+06,0.3481
2014,39883,Morgan Amalfitano,West Brom,29.28,Midfield,Right Midfield,France  Italy,28,26,4,3,0,0,17,4.75e+06,4.5e+06,5.266e+06,-0.09794
2014,3226,Nicolas Anelka,West Brom,35.3,Attack,Centre-Forward,France  Martinique,12,11,2,0,0,0,17,1e+06,5e+05,1.905e+06,-0.4751
2014,128897,Saido Berahino,West Brom,20.91,Attack,Centre-Forward,Burundi  England,32,11,5,1,0,0,17,5e+06,2.5e+05,3.235e+06,0.5455
2014,31552,Scott Sinclair,West Brom,25.27,Attack,Left Winger,England  Jamaica,8,4,0,1,0,0,17,4e+06,7.5e+06,2.197e+06,0.821
2014,37304,Shane Long,West Brom,27.44,Attack,Centre-Forward,Ireland,30,26,7,2,0,0,17,6e+06,6.5e+06,6.575e+06,-0.08749
2014,7330,Steven Reid,West Brom,33.31,Defender,Right-Back,Ireland  England,16,16,0,0,0,0,17,1e+06,1e+06,1.18e+06,-0.1527
2014,37157,Stéphane Sessègnon,West Brom,30.08,Midfield,Attacking Midfield,Benin,28,25,5,1,0,0,17,6e+06,9e+06,5.356e+06,0.1203
2014,181477,Thievy Bifouma,West Brom,22.13,Attack,Left Winger,Congo  France,6,3,2,0,0,0,17,2e+06,2.5e+06,2.372e+06,-0.1567
2014,39532,Victor Anichebe,West Brom,26.19,Attack,Centre-Forward,Nigeria  England,25,11,3,3,0,0,17,4e+06,5e+06,4.493e+06,-0.1097
2014,45272,Youssouf Mulumbu,West Brom,27.43,Midfield,Defensive Midfield,DR Congo  France,37,33,2,2,0,0,17,5e+06,6e+06,5.924e+06,-0.1559
2014,18324,Zoltán Gera,West Brom,35.19,Midfield,Attacking Midfield,Hungary,14,5,0,1,0,0,17,5e+05,1e+06,7.808e+05,-0.3596
2014,71271,Adrián,West Ham,27.49,Goalkeeper,Goalkeeper,Spain,20,20,0,0,6,0,13,3e+06,2e+06,3.524e+06,-0.1487
2014,1327,Alou Diarra,West Ham,32.96,Midfield,Defensive Midfield,France  Mali,3,1,0,0,0,0,13,1e+06,1.25e+06,1.537e+06,-0.3493
2014,48066,Andy Carroll,West Ham,25.48,Attack,Centre-Forward,England,15,12,2,4,0,0,13,1e+07,1.6e+07,6.304e+06,0.5864
2014,22203,Antonio Nocerino,West Ham,29.23,Midfield,Central Midfield,Italy,10,2,0,0,0,2,13,4e+06,6.5e+06,3.379e+06,0.1839
2014,3179,Carlton Cole,West Ham,30.72,Attack,Centre-Forward,England  Sierra Leone,26,9,5,1,0,0,13,1.5e+06,3e+06,2.848e+06,-0.4732
2014,229826,Elliot Lee,West Ham,19.54,Midfield,Attacking Midfield,England,1,0,0,0,0,0,13,,,4.396e+05,
2014,3775,George McCartney,West Ham,33.17,Defender,Left-Back,Northern Ireland,22,20,0,0,0,0,13,1e+06,1.5e+06,1.903e+06,-0.4744
2014,1368,Guy Demel,West Ham,33.05,Defender,Right-Back,Cote d'Ivoire  France,32,30,1,0,0,0,13,1e+06,1.5e+06,2.392e+06,-0.582
2014,61568,Jack Collison,West Ham,25.74,Midfield,Central Midfield,Wales  England,10,6,0,0,0,0,13,2e+06,3e+06,2.388e+06,-0.1626
2014,12691,James Collins,West Ham,30.86,Defender,Centre-Back,Wales,24,22,1,0,0,0,13,2.5e+06,3.5e+06,3.968e+06,-0.3699
2014,61592,James Tomkins,West Ham,25.26,Defender,Centre-Back,England,31,31,0,0,0,0,13,5e+06,5.5e+06,5.522e+06,-0.09452
2014,3876,Joe Cole,West Ham,32.64,Midfield,Attacking Midfield,England,20,6,3,0,0,0,13,2e+06,3e+06,2.59e+06,-0.2278
2014,34672,Joey Obrien,West Ham,28.37,Defender,Right-Back,Ireland,17,13,0,0,0,0,13,2.5e+06,3e+06,3.223e+06,-0.2244
2014,3692,Jussi Jääskeläinen,West Ham,39.2,Goalkeeper,Goalkeeper,Finland,18,18,0,0,8,0,13,1e+06,1e+06,1.146e+06,-0.1276
2014,3950,Kevin Nolan,West Ham,32.02,Midfield,Attacking Midfield,England,33,33,7,5,0,0,13,4e+06,5e+06,5.746e+06,-0.3038
2014,5825,Marco Borriello,West Ham,32.04,Attack,Centre-Forward,Italy,2,0,0,0,0,0,13,2e+06,7e+06,1.918e+06,0.04302
2014,31835,Mark Noble,West Ham,27.15,Midfield,Central Midfield,England  Ireland,38,38,3,5,0,0,13,7e+06,7e+06,6.921e+06,0.01143
2014,15921,Matt Jarvis,West Ham,28.11,Attack,Left Winger,England,32,23,2,3,0,0,13,5e+06,6.5e+06,4.923e+06,0.01563
2014,9218,Matthew Taylor,West Ham,32.59,Midfield,Left Midfield,England,20,16,0,0,0,0,13,1.5e+06,2e+06,1.909e+06,-0.2143
2014,2874,Mladen Petric,West Ham,33.49,Attack,Centre-Forward,Croatia  Switzerland,3,0,0,0,0,0,13,2e+06,2e+06,1.013e+06,0.9745
2014,46831,Modibo Maïga,West Ham,26.83,Attack,Centre-Forward,Mali,14,11,1,2,0,0,13,1.5e+06,3e+06,3.266e+06,-0.5408
2014,70950,Mohamed Diamé,West Ham,27.05,Midfield,Central Midfield,Senegal  France,35,29,4,2,0,0,13,7e+06,7.5e+06,5.448e+06,0.2848
2014,73786,Pablo Armero,West Ham,27.66,Midfield,Left Midfield,Colombia,5,3,0,0,0,4,13,7e+06,9e+06,3.435e+06,1.038
2014,128907,Ravel Morrison,West Ham,21.41,Midfield,Attacking Midfield,Jamaica  England,16,12,3,2,0,0,13,3.5e+06,7.5e+05,3.99e+06,-0.1227
2014,9413,Ricardo Vaz Tê,West Ham,27.75,Attack,Right Winger,Portugal  Guinea-Bissau,8,3,2,0,0,0,13,2.5e+06,3e+06,2.436e+06,0.0264
2014,42751,Roger Johnson,West Ham,31.18,Defender,Centre-Back,England,4,2,0,0,0,0,13,1.5e+06,2e+06,1.368e+06,0.0966
2014,14940,Răzvan Raț,West Ham,33.1,Defender,Left-Back,Romania,15,11,0,0,0,0,13,1.5e+06,2e+06,1.175e+06,0.2769
2014,4063,Stewart Downing,West Ham,29.94,Midfield,Left Midfield,England,32,29,1,2,0,0,13,4e+06,8.5e+06,4.962e+06,-0.1938
2014,37526,Winston Reid,West Ham,25.99,Defender,Centre-Back,New Zealand  Denmark,22,18,1,0,0,0,13,6e+06,6.5e+06,3.691e+06,0.6258
2015,50057,Aaron Ramsey,Arsenal,24.51,Midfield,Central Midfield,Wales,29,23,6,6,0,6,3,2.8e+07,2.4e+07,2.961e+07,-0.05445
2015,285845,Ainsley Maitland-Niles,Arsenal,17.84,Defender,Right-Back,England  Jamaica,1,0,0,0,0,1,3,2.5e+05,,3.669e+06,-0.9319
2015,143424,Alex Oxlade-Chamberlain,Arsenal,21.88,Midfield,Central Midfield,England,23,17,1,1,0,7,3,2e+07,1.7e+07,1.378e+07,0.4519
2015,40433,Alexis Sánchez,Arsenal,26.53,Attack,Centre-Forward,Chile,35,34,16,8,0,7,3,5.5e+07,3.8e+07,5.678e+07,-0.03131
2015,215118,Calum Chambers,Arsenal,20.44,Defender,Centre-Back,England,23,17,1,1,0,5,3,1.2e+07,1.2e+07,1.249e+07,-0.03931
2015,197642,Chuba Akpom,Arsenal,19.73,Attack,Centre-Forward,England  Nigeria,3,0,0,0,0,0,3,1e+06,,2.31e+06,-0.567
2015,67063,Danny Welbeck,Arsenal,24.59,Attack,Centre-Forward,England  Ghana,27,18,4,3,0,6,3,1.7e+07,1.7e+07,1.615e+07,0.05259
2015,73396,David Ospina,Arsenal,26.83,Goalkeeper,Goalkeeper,Colombia  France,18,18,0,0,8,3,3,8e+06,7e+06,1.052e+07,-0.2395
2015,111873,Emiliano Martínez,Arsenal,22.83,Goalkeeper,Goalkeeper,Argentina  Spain,4,3,0,0,2,2,3,1.5e+06,3e+05,2.345e+06,-0.3603
2015,74869,Francis Coquelin,Arsenal,24.13,Midfield,Defensive Midfield,France  Réunion,22,19,0,0,0,2,3,7e+06,3e+06,9.139e+06,-0.234
2015,149498,Gabriel Paulista,Arsenal,24.59,Defender,Centre-Back,Brazil  Spain,6,4,0,1,0,6,3,1.2e+07,3e+06,5.319e+06,1.256
2015,191217,Héctor Bellerín,Arsenal,20.28,Defender,Right-Back,Spain,20,17,2,1,0,4,3,5e+06,5e+05,1.252e+07,-0.6007
2015,74223,Jack Wilshere,Arsenal,23.5,Midfield,Central Midfield,England,14,9,2,1,0,3,3,2.5e+07,3e+07,1.61e+07,0.5532
2015,131248,Joel Campbell,Arsenal,23.01,Attack,Right Winger,Costa Rica,4,0,0,0,0,7,3,5e+06,7.5e+06,8.611e+06,-0.4193
2015,44792,Kieran Gibbs,Arsenal,25.76,Defender,Left-Back,England,22,18,0,3,0,7,3,1.3e+07,1.3e+07,1.34e+07,-0.0295
2015,76277,Laurent Koscielny,Arsenal,29.8,Defender,Centre-Back,France  Poland,27,26,3,0,0,4,3,2e+07,2e+07,2.273e+07,-0.1201
2015,15185,Lukas Podolski,Arsenal,30.07,Attack,Centre-Forward,Germany  Poland,7,0,0,0,0,5,3,7.5e+06,2e+07,7.847e+06,-0.04421
2015,27306,Mathieu Debuchy,Arsenal,29.92,Defender,Right-Back,France,10,10,1,0,0,1,3,1.3e+07,1.3e+07,9.469e+06,0.3729
2015,17396,Mathieu Flamini,Arsenal,31.32,Midfield,Defensive Midfield,France,23,15,1,2,0,5,3,4e+06,8e+06,9.202e+06,-0.5653
2015,35664,Mesut Özil,Arsenal,26.71,Midfield,Attacking Midfield,Germany,22,21,4,5,0,4,3,4e+07,4.5e+07,3.609e+07,0.1084
2015,7451,Mikel Arteta,Arsenal,33.26,Midfield,Central Midfield,Spain,7,6,0,1,0,3,3,2.5e+06,6e+06,3.875e+06,-0.3548
2015,43003,Nacho Monreal,Arsenal,29.34,Defender,Left-Back,Spain,28,26,0,1,0,4,3,1.2e+07,1e+07,1.345e+07,-0.1077
2015,82442,Olivier Giroud,Arsenal,28.75,Attack,Centre-Forward,France,27,21,14,3,0,2,3,2.4e+07,2e+07,3.655e+07,-0.3434
2015,6710,Per Mertesacker,Arsenal,30.75,Defender,Centre-Back,Germany,35,35,0,1,0,8,3,1.5e+07,2e+07,2.415e+07,-0.379
2015,15799,Santi Cazorla,Arsenal,30.55,Midfield,Central Midfield,Spain,37,33,7,11,0,7,3,2.6e+07,2.6e+07,3.204e+07,-0.1885
2015,33713,Theo Walcott,Arsenal,26.29,Attack,Right Winger,England,14,4,5,0,0,2,3,2.5e+07,2.8e+07,9.94e+06,1.515
2015,132,Tomas Rosicky,Arsenal,34.74,Midfield,Attacking Midfield,Czech Republic,15,5,2,1,0,3,3,1.5e+06,2e+06,2.029e+06,-0.2607
2015,44058,Wojciech Szczesny,Arsenal,25.2,Goalkeeper,Goalkeeper,Poland,17,17,0,0,3,4,3,1e+07,1.6e+07,1.461e+07,-0.3157
2015,63200,Ashley Barnes,Burnley,25.67,Attack,Centre-Forward,England,35,28,5,2,0,0,19,2.5e+06,1.5e+06,4.324e+06,-0.4218
2015,74810,Ben Mee,Burnley,25.77,Defender,Centre-Back,England,33,32,2,1,0,0,19,2e+06,1.5e+06,3.641e+06,-0.4507
2015,134294,Danny Ings,Burnley,22.94,Attack,Centre-Forward,England,35,35,11,4,0,0,19,1.2e+07,4e+06,9.648e+06,0.2438
2015,24634,David Jones,Burnley,30.65,Midfield,Central Midfield,England  Wales,36,36,0,0,0,0,19,2e+06,2e+06,3.013e+06,-0.3363
2015,4055,Dean Marney,Burnley,31.41,Midfield,Central Midfield,England,20,20,0,0,0,0,19,2e+06,2e+06,2.314e+06,-0.1358
2015,158022,Fredrik Ulvestad,Burnley,23.04,Midfield,Defensive Midfield,Norway,2,1,0,0,0,0,19,,1.3e+06,4.125e+05,
2015,11756,Jason Shackell,Burnley,31.76,Defender,Centre-Back,England,38,38,0,0,0,0,19,2e+06,2e+06,2.666e+06,-0.2499
2015,111114,Kevin Long,Burnley,24.87,Defender,Centre-Back,Ireland,1,0,0,0,0,0,19,5e+05,5e+05,7.713e+05,-0.3517
2015,95810,Kieran Trippier,Burnley,24.78,Defender,Right-Back,England,38,38,0,4,0,0,19,6e+06,3e+06,4.808e+06,0.2478
2015,33507,Lukas Jutkiewicz,Burnley,26.26,Attack,Centre-Forward,England,25,10,0,2,0,0,19,1e+06,1.5e+06,2.858e+06,-0.6501
2015,120599,Marvin Sordell,Burnley,24.37,Attack,Centre-Forward,England,14,2,0,0,0,0,19,1e+06,1.5e+06,1.683e+06,-0.4056
2015,9218,Matthew Taylor,Burnley,33.59,Midfield,Left Midfield,England,10,7,0,1,0,0,19,1e+06,1.5e+06,1.688e+06,-0.4075
2015,118534,Michael Keane,Burnley,22.47,Defender,Centre-Back,England  Ireland,22,17,0,1,0,0,19,2e+06,5e+05,2.407e+06,-0.1693
2015,25366,Michael Kightly,Burnley,29.43,Attack,Left Winger,England,17,10,1,2,0,0,19,2e+06,2.5e+06,2.59e+06,-0.2277
2015,128900,Nathaniel Chalobah,Burnley,20.55,Midfield,Defensive Midfield,England  Sierra Leone,4,0,0,0,0,0,19,4e+06,4e+06,6.872e+05,4.821
2015,48078,Sam Vokes,Burnley,25.69,Attack,Centre-Forward,Wales  England,15,5,0,0,0,0,19,2.5e+06,3e+06,2.495e+06,0.002012
2015,55291,Scott Arfield,Burnley,26.66,Midfield,Central Midfield,Canada  Scotland,37,36,2,1,0,0,19,2.5e+06,2e+06,3.91e+06,-0.3607
2015,34691,Stephen Ward,Burnley,29.86,Defender,Left-Back,Ireland,9,7,0,0,0,0,19,1e+06,2e+06,1.884e+06,-0.4692
2015,7330,Steven Reid,Burnley,34.31,Defender,Right-Back,Ireland  England,7,1,0,0,0,0,19,5e+05,1e+06,9.608e+05,-0.4796
2015,34130,Tom Heaton,Burnley,29.21,Goalkeeper,Goalkeeper,England,38,38,0,0,10,0,19,2.5e+06,2e+06,4.105e+06,-0.3909
2015,196948,Andreas Christensen,Chelsea,19.22,Defender,Centre-Back,Denmark,1,0,0,0,0,0,1,1.5e+06,,1.692e+06,-0.1133
2015,58205,André Schürrle,Chelsea,24.65,Attack,Left Winger,Germany,14,5,3,0,0,8,1,2.5e+07,2.3e+07,1.671e+07,0.4963
2015,36827,Branislav Ivanovic,Chelsea,31.35,Defender,Right-Back,Serbia,38,38,4,6,0,7,1,1.7e+07,1.7e+07,1.998e+07,-0.149
2015,8806,Cesc Fàbregas,Chelsea,28.16,Midfield,Central Midfield,Spain,34,33,3,18,0,8,1,5e+07,4e+07,6.198e+07,-0.1933
2015,57500,César Azpilicueta,Chelsea,25.84,Defender,Centre-Back,Spain,29,29,0,3,0,4,1,2.3e+07,2e+07,2.304e+07,-0.001843
2015,3924,Didier Drogba,Chelsea,37.31,Attack,Centre-Forward,Cote d'Ivoire  France,28,8,4,1,0,5,1,1e+06,2.25e+06,2.582e+06,-0.6127
2015,44779,Diego Costa,Chelsea,26.73,Attack,Centre-Forward,Spain  Brazil,26,24,20,3,0,7,1,5e+07,3.7e+07,6.296e+07,-0.2058
2015,50202,Eden Hazard,Chelsea,24.48,Attack,Left Winger,Belgium,38,38,14,10,0,7,1,7e+07,4.8e+07,5.768e+07,0.2136
2015,21725,Filipe Luís,Chelsea,29.89,Defender,Left-Back,Brazil  Poland,15,9,0,0,0,5,1,1.5e+07,1.8e+07,1.441e+07,0.04077
2015,27511,Gary Cahill,Chelsea,29.53,Defender,Centre-Back,England,36,33,1,0,0,6,1,2e+07,2e+07,2.908e+07,-0.3122
2015,245805,Izzy Brown,Chelsea,18.48,Attack,Left Winger,England  Jamaica,1,0,0,0,0,0,1,5e+05,,2.069e+06,-0.7583
2015,30739,John Obi Mikel,Chelsea,28.19,Midfield,Defensive Midfield,Nigeria  England,18,6,0,1,0,2,1,1e+07,1.5e+07,1.127e+07,-0.113
2015,3160,John Terry,Chelsea,34.56,Defender,Centre-Back,England,38,38,5,0,0,7,1,4e+06,6e+06,8.397e+06,-0.5237
2015,91970,Juan Cuadrado,Chelsea,27.1,Midfield,Right Midfield,Colombia  Italy,12,4,0,0,0,6,1,3e+07,3.2e+07,1.826e+07,0.6431
2015,157509,Kurt Zouma,Chelsea,20.68,Defender,Centre-Back,France  Central African Republic,15,7,0,0,0,4,1,1.2e+07,1e+07,1.087e+07,0.1044
2015,45121,Loïc Rémy,Chelsea,28.49,Attack,Centre-Forward,France  Martinique,21,8,7,0,0,4,1,1.2e+07,1.2e+07,1.546e+07,-0.2238
2015,148455,Mohamed Salah,Chelsea,23.04,Attack,Right Winger,Egypt,3,0,0,0,0,10,1,1.8e+07,1.3e+07,1.052e+07,0.7115
2015,177476,Nathan Aké,Chelsea,20.36,Defender,Centre-Back,Netherlands  Cote d'Ivoire,1,0,0,0,0,1,1,2e+06,,2.885e+06,-0.3069
2015,74683,Nemanja Matic,Chelsea,26.91,Midfield,Defensive Midfield,Serbia  Slovakia,36,35,1,3,0,8,1,4e+07,2.6e+07,3.194e+07,0.2524
2015,85314,Oscar,Chelsea,23.81,Midfield,Attacking Midfield,Brazil  Italy,28,26,6,8,0,7,1,3.8e+07,3.6e+07,3.414e+07,0.1131
2015,5658,Petr Cech,Chelsea,33.11,Goalkeeper,Goalkeeper,Czech Republic,7,6,0,0,5,3,1,1.2e+07,1.7e+07,4.371e+06,1.745
2015,54170,Ramires,Chelsea,28.27,Midfield,Central Midfield,Brazil,23,11,2,4,0,6,1,2.5e+07,2.8e+07,1.726e+07,0.4486
2015,202886,Ruben Loftus-Cheek,Chelsea,19.44,Midfield,Central Midfield,England  Guyana,3,2,0,0,0,1,1,2e+06,,4.512e+06,-0.5567
2015,108390,Thibaut Courtois,Chelsea,23.14,Goalkeeper,Goalkeeper,Belgium,32,32,0,0,13,5,1,3.5e+07,2.5e+07,2.75e+07,0.2728
2015,52769,Willian,Chelsea,26.89,Attack,Left Winger,Brazil,36,28,2,3,0,7,1,3e+07,3e+07,2.291e+07,0.3094
2015,14221,Aaron Lennon,Everton,28.21,Attack,Right Winger,England  Ireland,23,15,2,2,0,5,11,8.5e+06,1.2e+07,6.609e+06,0.286
2015,21333,Aiden McGeady,Everton,29.24,Attack,Left Winger,Ireland  Scotland,16,10,1,3,0,5,11,4.5e+06,4.5e+06,3.057e+06,0.4721
2015,14259,Antolín Alcaraz,Everton,32.92,Defender,Centre-Back,Paraguay  Italy,8,6,0,0,0,5,11,1e+06,2e+06,1.682e+06,-0.4054
2015,8552,Arouna Koné,Everton,31.64,Attack,Centre-Forward,Cote d'Ivoire,12,7,1,0,0,4,11,1.5e+06,2e+06,2.345e+06,-0.3603
2015,208244,Brendan Galloway,Everton,19.29,Defender,Centre-Back,Zimbabwe  England,2,2,0,0,0,0,11,,2.5e+05,5.28e+05,
2015,124983,Bryan Oviedo,Everton,25.36,Defender,Left-Back,Costa Rica,6,2,0,0,0,2,11,3e+06,4.5e+06,2.391e+06,0.2548
2015,42413,Darron Gibson,Everton,27.68,Midfield,Central Midfield,Ireland  Northern Ireland,9,3,0,0,0,4,11,3e+06,4e+06,2.169e+06,0.3832
2015,3291,Gareth Barry,Everton,34.35,Midfield,Defensive Midfield,England,33,33,0,2,0,9,11,2.5e+06,3.5e+06,4.18e+06,-0.402
2015,45333,James McCarthy,Everton,24.63,Midfield,Central Midfield,Ireland  Scotland,28,27,2,2,0,8,11,1.7e+07,1.3e+07,9.61e+06,0.7689
2015,101118,Joel Robles,Everton,25.04,Goalkeeper,Goalkeeper,Spain,7,6,0,0,4,1,11,3e+06,3e+06,1.864e+06,0.6094
2015,186590,John Stones,Everton,21.09,Defender,Centre-Back,England,23,23,1,0,0,3,11,1.3e+07,7e+06,5.279e+06,1.462
2015,33639,Kevin Mirallas,Everton,27.74,Attack,Right Winger,Belgium  Spain,29,18,7,1,0,5,11,1.5e+07,1.2e+07,1.108e+07,0.3533
2015,13507,Leighton Baines,Everton,30.55,Defender,Left-Back,England,31,31,2,9,0,5,11,1.8e+07,1.9e+07,9.889e+06,0.8201
2015,3620,Leon Osman,Everton,34.12,Midfield,Central Midfield,England,21,13,2,2,0,7,11,1e+06,2e+06,2.989e+06,-0.6654
2015,110860,Luke Garbutt,Everton,22.11,Defender,Left-Back,England,4,3,0,0,0,5,11,2e+06,,2.77e+06,-0.2779
2015,93905,Muhamed Besic,Everton,22.8,Midfield,Defensive Midfield,Bosnia-Herzegovina  Germany,23,15,0,0,0,5,11,5e+06,4e+06,3.555e+06,0.4066
2015,13520,Phil Jagielka,Everton,32.87,Defender,Centre-Back,England  Poland,37,37,4,0,0,9,11,4.5e+06,6e+06,5.749e+06,-0.2173
2015,96341,Romelu Lukaku,Everton,22.13,Attack,Centre-Forward,Belgium  DR Congo,36,32,10,5,0,9,11,2.8e+07,3e+07,2.084e+07,0.3434
2015,131978,Ross Barkley,Everton,21.57,Midfield,Central Midfield,England,29,22,2,2,0,5,11,1.6e+07,1.5e+07,8.908e+06,0.7961
2015,4257,Samuel Etoo,Everton,34.31,Attack,Centre-Forward,Cameroon  Spain,14,8,3,1,0,4,11,2e+06,9e+06,3.044e+06,-0.343
2015,12763,Steven Naismith,Everton,28.79,Attack,Second Striker,Scotland,31,22,7,0,0,6,11,5e+06,4e+06,6.046e+06,-0.173
2015,4321,Steven Pienaar,Everton,33.29,Midfield,Left Midfield,South Africa,9,3,0,2,0,2,11,2e+06,3e+06,1.913e+06,0.04541
2015,3356,Sylvain Distin,Everton,37.54,Defender,Centre-Back,France  Guadeloupe,13,12,0,0,0,3,11,7.5e+05,1e+06,1.252e+06,-0.4008
2015,68390,Séamus Coleman,Everton,26.72,Defender,Right-Back,Ireland,35,34,3,2,0,5,11,1.9e+07,1.3e+07,9.159e+06,1.074
2015,4267,Tim Howard,Everton,36.32,Goalkeeper,Goalkeeper,United States  Hungary,32,32,0,0,7,9,11,2e+06,2e+06,4.012e+06,-0.5015
2015,3614,Tony Hibbert,Everton,34.36,Defender,Right-Back,England,4,4,0,0,0,4,11,5e+05,7.5e+05,1.189e+06,-0.5795
2015,156934,Tyias Browning,Everton,21.1,Defender,Centre-Back,China  England,2,0,0,0,0,1,11,,,1.001e+06,
2015,76608,Abel Hernández,Hull,24.9,Attack,Centre-Forward,Uruguay,25,15,4,1,0,0,18,7.5e+06,5e+06,4.104e+06,0.8273
2015,66333,Ahmed El Mohamady,Hull,27.81,Defender,Right-Back,Egypt,38,38,2,5,0,0,18,4e+06,3.5e+06,6.76e+06,-0.4083
2015,37957,Alex Bruce,Hull,30.75,Defender,Centre-Back,Northern Ireland  Ireland,22,17,0,1,0,0,18,1e+06,1.5e+06,2.497e+06,-0.5996
2015,9422,Allan McGregor,Hull,33.41,Goalkeeper,Goalkeeper,Scotland,26,26,0,0,5,0,18,1.5e+06,2e+06,2.217e+06,-0.3233
2015,234803,Andrew Robertson,Hull,21.31,Defender,Left-Back,Scotland,24,17,0,2,0,0,18,5e+06,3.5e+06,3.801e+06,0.3154
2015,18227,Curtis Davies,Hull,30.29,Defender,Centre-Back,Sierra Leone  England,21,21,0,0,0,0,18,3.5e+06,4e+06,4.64e+06,-0.2456
2015,68183,David Meyler,Hull,26.09,Midfield,Central Midfield,Ireland,28,19,1,1,0,0,18,3e+06,3e+06,6.005e+06,-0.5004
2015,2857,Eldin Jakupović,Hull,30.74,Goalkeeper,Goalkeeper,Switzerland  Bosnia-Herzegovina,3,2,0,0,1,0,18,5e+05,5e+05,6.217e+05,-0.1957
2015,123742,Gastón Ramírez,Hull,24.58,Midfield,Central Midfield,Uruguay,23,11,1,3,0,0,18,5e+06,7.5e+06,3.861e+06,0.2949
2015,177907,Harry Maguire,Hull,22.32,Defender,Centre-Back,England,3,0,0,0,0,0,18,2e+06,3e+06,1.807e+06,0.107
2015,61832,Jake Livermore,Hull,25.63,Midfield,Defensive Midfield,England,35,35,1,1,0,0,18,7e+06,7e+06,7.948e+06,-0.1193
2015,73482,James Chester,Hull,26.43,Defender,Centre-Back,Wales  England,23,23,2,0,0,0,18,2e+06,2.5e+06,4.069e+06,-0.5085
2015,62240,Maynor Figueroa,Hull,32.16,Defender,Left-Back,Honduras,3,2,0,0,0,0,18,2e+06,3e+06,1.912e+06,0.04591
2015,9988,Michael Dawson,Hull,31.62,Defender,Centre-Back,England,28,28,1,0,0,0,18,4e+06,6.5e+06,4.788e+06,-0.1646
2015,70950,Mohamed Diamé,Hull,28.05,Midfield,Central Midfield,Senegal  France,15,10,4,0,0,0,18,6e+06,7e+06,6.915e+06,-0.1323
2015,25742,Nikica Jelavic,Hull,29.84,Attack,Centre-Forward,Croatia,26,21,8,1,0,0,18,6.5e+06,6.5e+06,5.129e+06,0.2672
2015,24636,Paul McShane,Hull,29.48,Defender,Centre-Back,Ireland,20,19,1,0,0,0,18,1e+06,1.5e+06,2.552e+06,-0.6081
2015,128229,Robbie Brady,Hull,23.46,Midfield,Left Midfield,Ireland,27,17,0,2,0,0,18,2e+06,2e+06,4.354e+06,-0.5406
2015,22614,Robert Snodgrass,Hull,27.81,Attack,Right Winger,Scotland,1,1,0,0,0,0,18,7e+06,7e+06,5.368e+06,0.304
2015,42198,Sone Aluko,Hull,26.36,Attack,Right Winger,Nigeria  England,25,13,1,0,0,0,18,2.5e+06,3.5e+06,3.241e+06,-0.2286
2015,43266,Stephen Quinn,Hull,29.25,Midfield,Central Midfield,Ireland,28,17,1,3,0,0,18,1.5e+06,1.5e+06,2.901e+06,-0.4829
2015,13465,Tom Huddlestone,Hull,28.51,Midfield,Defensive Midfield,England,31,30,0,2,0,0,18,6e+06,6e+06,7.353e+06,-0.184
2015,157368,Tom Ince,Hull,23.42,Attack,Right Winger,England  Barbados,7,3,0,0,0,0,18,6.5e+06,8e+06,2.195e+06,1.961
2015,60591,Yannick Sagbo,Hull,27.22,Attack,Centre-Forward,Cote d'Ivoire  France,4,0,0,0,0,0,18,1.5e+06,2e+06,2.583e+06,-0.4192
2015,46580,Andrej Kramaric,Leicester,24.03,Midfield,Attacking Midfield,Croatia,13,6,2,0,0,6,14,8e+06,2.5e+06,6.472e+06,0.2361
2015,56872,Andy King,Leicester,26.67,Midfield,Central Midfield,Wales  England,24,16,2,0,0,0,14,3e+06,2.5e+06,2.836e+06,0.058
2015,149237,Anthony Knockaert,Leicester,23.61,Attack,Right Winger,France  Belgium,9,3,0,0,0,0,14,2e+06,3e+06,2.44e+06,-0.1803
2015,67283,Ben Hamer,Leicester,27.61,Goalkeeper,Goalkeeper,England,8,8,0,0,3,0,14,5e+05,5e+05,1.329e+06,-0.6236
2015,108725,Chris Wood,Leicester,23.56,Attack,Centre-Forward,New Zealand,7,0,1,0,0,0,14,1e+06,1.25e+06,2.244e+06,-0.5543
2015,73491,Danny Drinkwater,Leicester,25.32,Midfield,Central Midfield,England,23,16,0,0,0,0,14,3e+06,3e+06,3.116e+06,-0.03731
2015,37442,Danny Simpson,Leicester,28.49,Defender,Right-Back,England  Jamaica,15,14,0,0,0,0,14,2e+06,2.5e+06,2.739e+06,-0.2697
2015,33963,David Nugent,Leicester,30.16,Attack,Centre-Forward,England  Ireland,29,16,5,2,0,0,14,2e+06,3e+06,4.309e+06,-0.5359
2015,33065,Dean Hammond,Leicester,32.32,Midfield,Central Midfield,England,12,9,0,0,0,0,14,5e+05,7.5e+05,1.287e+06,-0.6115
2015,7520,Esteban Cambiasso,Leicester,34.87,Midfield,Defensive Midfield,Argentina  Italy,31,27,5,1,0,0,14,2e+06,3e+06,2.644e+06,-0.2434
2015,49101,Gary Taylor-Fletcher,Leicester,34.07,Attack,Right Winger,England,1,0,0,0,0,0,14,5e+05,5e+05,6.57e+05,-0.239
2015,197838,Jamie Vardy,Leicester,28.47,Attack,Centre-Forward,England,34,26,5,8,0,0,14,4.5e+06,2e+06,6.964e+06,-0.3538
2015,157506,Jeffrey Schlupp,Leicester,22.52,Midfield,Left Midfield,Ghana  Germany,32,30,3,2,0,0,14,6e+06,1e+06,4.705e+06,0.2751
2015,16911,Kasper Schmeichel,Leicester,28.65,Goalkeeper,Goalkeeper,Denmark,24,24,0,0,6,0,14,4.5e+06,3.5e+06,3.979e+06,0.1309
2015,54890,Leonardo Ulloa,Leicester,28.93,Attack,Centre-Forward,Argentina  Spain,37,29,11,3,0,0,14,8.5e+06,7e+06,7.125e+06,0.1929
2015,128906,Liam Moore,Leicester,22.41,Defender,Centre-Back,Jamaica  England,11,10,0,0,0,0,14,2.5e+06,2.5e+06,2.131e+06,0.1729
2015,61560,Marc Albrighton,Leicester,25.62,Midfield,Right Midfield,England,18,10,2,3,0,0,14,1.5e+06,3e+06,4.136e+06,-0.6373
2015,3357,Mark Schwarzer,Leicester,42.73,Goalkeeper,Goalkeeper,Australia  Germany,6,6,0,0,1,0,14,5e+05,1e+06,8.576e+05,-0.417
2015,3273,Matthew Upson,Leicester,36.2,Defender,Centre-Back,England,5,5,0,0,0,0,14,5e+05,5e+05,8.425e+05,-0.4065
2015,73522,Matty James,Leicester,23.94,Midfield,Central Midfield,England,27,20,0,1,0,0,14,2.5e+06,1.5e+06,3.627e+06,-0.3107
2015,134424,Nick Powell,Leicester,21.27,Midfield,Attacking Midfield,England,3,0,0,0,0,0,14,2e+06,4e+06,1.627e+06,0.2296
2015,3296,Paul Konchesky,Leicester,34.13,Defender,Left-Back,England,26,26,1,1,0,0,14,5e+05,7.5e+05,2.253e+06,-0.778
2015,55687,Ritchie De Laet,Leicester,26.59,Defender,Right-Back,Belgium,26,20,0,1,0,0,14,2.5e+06,2.5e+06,3.388e+06,-0.2622
2015,171424,Riyad Mahrez,Leicester,24.36,Attack,Right Winger,Algeria  France,30,25,4,3,0,0,14,7e+06,2e+06,5.269e+06,0.3284
2015,2998,Robert Huth,Leicester,30.87,Defender,Centre-Back,Germany,15,14,1,0,0,0,14,5e+06,7e+06,3.617e+06,0.3823
2015,229970,Tom Lawrence,Leicester,21.46,Midfield,Attacking Midfield,Wales,3,0,0,0,0,0,14,1e+06,,1.412e+06,-0.292
2015,10003,Wes Morgan,Leicester,31.44,Defender,Centre-Back,Jamaica  England,37,37,2,2,0,0,14,1.5e+06,2e+06,3.473e+06,-0.5681
2015,43530,Adam Lallana,Liverpool,27.14,Midfield,Attacking Midfield,England,27,23,5,3,0,6,6,2e+07,2.2e+07,2.398e+07,-0.1661
2015,207917,Alberto Moreno,Liverpool,22.99,Defender,Left-Back,Spain,28,26,2,0,0,7,6,1.5e+07,1.5e+07,2.001e+07,-0.2503
2015,4042,Brad Jones,Liverpool,33.28,Goalkeeper,Goalkeeper,Australia  England,3,3,0,0,1,0,6,1e+06,1e+06,1.191e+06,-0.1604
2015,47082,Daniel Sturridge,Liverpool,25.83,Attack,Centre-Forward,England,12,7,4,1,0,2,6,2.5e+07,2.5e+07,2.109e+07,0.1852
2015,37838,Dejan Lovren,Liverpool,25.99,Defender,Centre-Back,Croatia,26,22,0,0,0,6,6,1.3e+07,2e+07,1.594e+07,-0.1844
2015,119296,Emre Can,Liverpool,21.46,Defender,Centre-Back,Germany  Türkiye,27,23,1,0,0,4,6,1.5e+07,1.2e+07,1.719e+07,-0.1276
2015,96754,Fabio Borini,Liverpool,24.26,Attack,Left Winger,Italy,12,3,1,1,0,2,6,7e+06,8.5e+06,1.178e+07,-0.4059
2015,3881,Glen Johnson,Liverpool,30.85,Defender,Right-Back,England,19,15,1,0,0,3,6,7e+06,1e+07,7.639e+06,-0.08362
2015,162029,Javier Manquillo,Liverpool,21.16,Defender,Right-Back,Spain,10,10,0,0,0,5,6,6e+06,6e+06,3.809e+06,0.5752
2015,236513,Jerome Sinclair,Liverpool,18.78,Attack,Centre-Forward,England,2,0,0,0,0,0,6,1e+05,,2.518e+05,-0.6028
2015,51452,Joe Allen,Liverpool,25.3,Midfield,Central Midfield,Wales,21,16,1,0,0,6,6,1e+07,1.2e+07,1.09e+07,-0.0822
2015,61651,Jordan Henderson,Liverpool,25.04,Midfield,Defensive Midfield,England,37,36,6,9,0,6,6,2.8e+07,1.8e+07,3.221e+07,-0.1308
2015,195652,Jordon Ibe,Liverpool,19.56,Attack,Right Winger,England  Nigeria,12,7,0,0,0,2,6,5e+06,,4.662e+06,0.07257
2015,35571,José Enrique,Liverpool,29.43,Defender,Left-Back,Spain,4,2,0,0,0,2,6,3e+06,9e+06,4.361e+06,-0.3121
2015,3202,Kolo Touré,Liverpool,34.28,Defender,Centre-Back,Cote d'Ivoire  England,12,7,0,0,0,3,6,2e+06,3e+06,2.25e+06,-0.1111
2015,144303,Lazar Markovic,Liverpool,21.33,Attack,Right Winger,Serbia,19,11,2,1,0,4,6,1.5e+07,2e+07,1.079e+07,0.3901
2015,41414,Lucas Leiva,Liverpool,28.47,Midfield,Defensive Midfield,Brazil  Italy,20,16,0,0,0,4,6,1.2e+07,1.4e+07,1.058e+07,0.134
2015,47713,Mamadou Sakho,Liverpool,25.38,Defender,Centre-Back,France  Senegal,16,15,0,0,0,2,6,1.8e+07,1.8e+07,9.616e+06,0.8719
2015,45146,Mario Balotelli,Liverpool,24.88,Attack,Centre-Forward,Italy  Ghana,16,10,1,0,0,5,6,1.1e+07,2.7e+07,1.711e+07,-0.3572
2015,24180,Martin Skrtel,Liverpool,30.54,Defender,Centre-Back,Slovakia,33,33,1,0,0,7,6,1.3e+07,1.4e+07,1.925e+07,-0.3246
2015,80444,Philippe Coutinho,Liverpool,23.05,Midfield,Attacking Midfield,Brazil  Portugal,35,32,5,5,0,6,6,3e+07,2e+07,3.097e+07,-0.03147
2015,134425,Raheem Sterling,Liverpool,20.56,Attack,Right Winger,England  Jamaica,35,34,7,7,0,8,6,4e+07,2e+07,2.766e+07,0.4463
2015,49655,Rickie Lambert,Liverpool,33.37,Attack,Centre-Forward,England,25,7,2,2,0,4,6,3e+06,5e+06,3.711e+06,-0.1916
2015,50219,Simon Mignolet,Liverpool,27.32,Goalkeeper,Goalkeeper,Belgium,36,35,0,1,14,8,6,1.2e+07,1.4e+07,1.956e+07,-0.3865
2015,3109,Steven Gerrard,Liverpool,35.09,Midfield,Central Midfield,England,29,25,9,1,0,6,6,2e+06,6e+06,4.075e+06,-0.5092
2015,46156,Aleksandar Kolarov,Man City,29.64,Defender,Left-Back,Serbia,21,16,2,3,0,4,2,1.1e+07,1.2e+07,1.527e+07,-0.2796
2015,26764,Bacary Sagna,Man City,32.38,Defender,Right-Back,France  Senegal,9,8,0,0,0,4,2,6e+06,1e+07,6.836e+06,-0.1223
2015,35518,David Silva,Man City,29.48,Midfield,Attacking Midfield,Spain,32,32,12,10,0,6,2,3.8e+07,4e+07,6.169e+07,-0.3841
2015,88262,Dedryck Boyata,Man City,24.59,Defender,Centre-Back,Belgium  DR Congo,2,1,0,0,0,0,2,2e+06,1.5e+06,2.358e+06,-0.152
2015,28396,Edin Džeko,Man City,29.29,Attack,Centre-Forward,Bosnia-Herzegovina,22,11,4,2,0,6,2,2e+07,2.7e+07,2.089e+07,-0.0427
2015,90681,Eliaquim Mangala,Man City,24.38,Defender,Centre-Back,France  Belgium,25,24,0,2,0,3,2,2.8e+07,2.8e+07,1.245e+07,1.249
2015,26267,Fernandinho,Man City,30.16,Midfield,Defensive Midfield,Brazil,33,25,3,4,0,7,2,2.8e+07,3.2e+07,1.618e+07,0.73
2015,51174,Fernando,Man City,27.93,Midfield,Defensive Midfield,Brazil  Portugal,25,22,2,2,0,5,2,1.6e+07,1.5e+07,1.657e+07,-0.03431
2015,3163,Frank Lampard,Man City,37.03,Midfield,Central Midfield,England,32,10,6,1,0,3,2,1e+06,1.5e+06,1.296e+06,-0.2286
2015,7449,Gaël Clichy,Man City,29.93,Defender,Left-Back,France  Martinique,23,23,1,3,0,6,2,1.1e+07,1.1e+07,1.434e+07,-0.2327
2015,3333,James Milner,Man City,29.49,Midfield,Central Midfield,England,32,18,5,7,0,8,2,1.4e+07,1.4e+07,2.175e+07,-0.3563
2015,15956,Jesús Navas,Man City,29.61,Defender,Right-Back,Spain,35,23,0,8,0,7,2,2e+07,2e+07,1.938e+07,0.03189
2015,40204,Joe Hart,Man City,28.2,Goalkeeper,Goalkeeper,England,36,36,0,0,14,8,2,1.6e+07,1.6e+07,2.855e+07,-0.4397
2015,195605,José Pozo,Man City,19.29,Midfield,Attacking Midfield,Spain,3,1,0,0,0,0,2,,,1.939e+06,
2015,2963,Martín Demichelis,Man City,34.53,Defender,Centre-Back,Argentina  Italy,31,28,1,0,0,7,2,2e+06,2e+06,6.352e+06,-0.6851
2015,20007,Pablo Zabaleta,Man City,30.45,Defender,Right-Back,Argentina  Spain,29,29,1,4,0,6,2,1.8e+07,1.9e+07,1.862e+07,-0.03313
2015,18935,Samir Nasri,Man City,28.01,Midfield,Attacking Midfield,France  Algeria,24,18,2,6,0,6,2,2.1e+07,2.3e+07,2.557e+07,-0.1786
2015,26399,Sergio Agüero,Man City,27.08,Attack,Centre-Forward,Argentina  Spain,33,30,26,8,0,7,2,6e+07,4.5e+07,7.084e+07,-0.153
2015,46104,Stevan Jovetić,Man City,25.66,Attack,Second Striker,Montenegro  Serbia,17,9,5,3,0,5,2,1.5e+07,2.4e+07,1.286e+07,0.166
2015,9594,Vincent Kompany,Man City,29.22,Defender,Centre-Back,Belgium  DR Congo,25,23,0,0,0,7,2,3e+07,3.3e+07,2.544e+07,0.1791
2015,19948,Willy Caballero,Man City,33.75,Goalkeeper,Goalkeeper,Argentina  Spain,2,2,0,0,0,0,2,4.5e+06,5e+06,2.2e+06,1.046
2015,13091,Yaya Touré,Man City,32.13,Midfield,Central Midfield,Cote d'Ivoire  England,29,27,10,1,0,5,2,2.2e+07,3e+07,1.919e+07,0.1462
2015,177847,Adnan Januzaj,Man United,20.4,Attack,Right Winger,Belgium  Kosovo,18,7,0,0,0,0,4,8e+06,1e+07,6.751e+06,0.185
2015,99343,Ander Herrera,Man United,25.88,Midfield,Central Midfield,Spain,26,19,6,4,0,0,4,2.8e+07,2.7e+07,2.007e+07,0.395
2015,31645,Anderson,Man United,27.21,Midfield,Central Midfield,Brazil,1,0,0,0,0,0,4,3.5e+06,5e+06,2.932e+06,0.1938
2015,203394,Andreas Pereira,Man United,19.5,Midfield,Attacking Midfield,Brazil  Belgium,1,0,0,0,0,0,4,5e+05,,1.941e+06,-0.7423
2015,33544,Antonio Valencia,Man United,29.91,Defender,Right-Back,Ecuador,32,29,0,3,0,0,4,1e+07,1.3e+07,9.977e+06,0.002307
2015,14086,Ashley Young,Man United,29.98,Defender,Right-Back,England  Jamaica,26,23,2,5,0,0,4,1e+07,1.1e+07,9.244e+06,0.0818
2015,50935,Chicharito,Man United,27.08,Attack,Centre-Forward,Mexico,1,1,0,0,0,8,4,1e+07,1.4e+07,1.216e+07,-0.1779
2015,103427,Chris Smalling,Man United,25.6,Defender,Centre-Back,England  Jamaica,25,21,4,0,0,0,4,1.4e+07,1.2e+07,1.292e+07,0.08393
2015,12282,Daley Blind,Man United,25.31,Defender,Centre-Back,Netherlands,25,25,2,2,0,0,4,1.7e+07,1.2e+07,7.87e+06,1.16
2015,59377,David de Gea,Man United,24.65,Goalkeeper,Goalkeeper,Spain,37,37,0,0,11,0,4,3e+07,1.8e+07,1.918e+07,0.5639
2015,214104,James Wilson,Man United,19.58,Attack,Centre-Forward,England,13,2,1,0,0,0,4,2e+06,,4.82e+06,-0.585
2015,141660,Jesse Lingard,Man United,22.54,Midfield,Attacking Midfield,England,1,1,0,0,0,0,4,1e+06,1e+06,2.985e+06,-0.665
2015,42412,Jonny Evans,Man United,27.49,Defender,Centre-Back,Northern Ireland,14,12,0,0,0,0,4,6e+06,1e+07,8.572e+06,-0.3001
2015,44068,Juan Mata,Man United,27.17,Midfield,Attacking Midfield,Spain,33,27,9,4,0,0,4,3.4e+07,4e+07,2.603e+07,0.3062
2015,183288,Luke Shaw,Man United,19.97,Defender,Left-Back,England,16,15,0,0,0,0,4,2.1e+07,2.2e+07,1.006e+07,1.087
2015,39679,Marouane Fellaini,Man United,27.61,Midfield,Central Midfield,Belgium  Morocco,27,19,6,0,0,0,4,2e+07,2e+07,1.573e+07,0.2718
2015,3878,Michael Carrick,Man United,33.92,Midfield,Defensive Midfield,England,18,16,1,2,0,0,4,4e+06,6e+06,4.37e+06,-0.08468
2015,33706,Nani,Man United,28.62,Attack,Left Winger,Portugal  Cape Verde,1,0,0,0,0,7,4,1.5e+07,1.2e+07,7.724e+06,0.942
2015,167268,Paddy McNair,Man United,20.18,Defender,Centre-Back,Northern Ireland,16,12,0,0,0,0,4,4.5e+06,,4.737e+06,-0.04994
2015,117996,Phil Jones,Man United,23.36,Defender,Centre-Back,England,22,22,0,1,0,0,4,1.5e+07,1.6e+07,1.396e+07,0.07447
2015,39152,Radamel Falcao,Man United,29.39,Attack,Centre-Forward,Colombia  Venezuela,26,14,4,5,0,0,4,3.5e+07,5.5e+07,9.414e+06,2.718
2015,61892,Rafael,Man United,24.98,Defender,Right-Back,Brazil  Portugal,10,6,0,1,0,0,4,1e+07,1.4e+07,7.509e+06,0.3317
2015,4380,Robin van Persie,Man United,31.9,Attack,Centre-Forward,Netherlands,27,25,10,2,0,0,4,1.5e+07,3.3e+07,1.099e+07,0.365
2015,134414,Tyler Blackett,Man United,21.25,Defender,Centre-Back,England  Barbados,11,6,0,0,0,0,4,1e+06,,3.327e+06,-0.6994
2015,7589,Víctor Valdés,Man United,33.46,Goalkeeper,Goalkeeper,Spain,2,1,0,0,1,0,4,5e+06,1.2e+07,2.782e+06,0.7971
2015,3332,Wayne Rooney,Man United,29.68,Attack,Centre-Forward,England,33,33,12,5,0,0,4,4e+07,4.5e+07,2.942e+07,0.3597
2015,45320,Ángel Di María,Man United,27.38,Attack,Right Winger,Argentina  Italy,27,20,3,10,0,0,4,5e+07,5e+07,2.173e+07,1.301
2015,250426,Adam Armstrong,Newcastle,18.38,Attack,Centre-Forward,England,11,1,0,1,0,0,15,7.5e+05,,3.934e+06,-0.8093
2015,246968,Ayoze Pérez,Newcastle,21.92,Attack,Centre-Forward,Spain,36,25,7,0,0,0,15,7e+06,2e+06,5.149e+06,0.3596
2015,61637,Emmanuel Rivière,Newcastle,25.33,Attack,Centre-Forward,Martinique  France,23,15,1,1,0,0,15,5e+06,6e+06,5.111e+06,-0.02175
2015,6150,Fabricio Coloccini,Newcastle,33.44,Defender,Centre-Back,Argentina  Italy,32,32,1,0,0,0,15,2e+06,3e+06,3.121e+06,-0.3592
2015,43261,Gabriel Obertan,Newcastle,26.34,Attack,Right Winger,France  Guadeloupe,13,8,1,1,0,0,15,1e+06,1e+06,2.878e+06,-0.6525
2015,76560,Haris Vuckic,Newcastle,22.86,Attack,Second Striker,Slovenia,1,0,0,0,0,0,15,1e+06,1e+06,1.153e+06,-0.1324
2015,61644,Jack Colback,Newcastle,25.68,Midfield,Defensive Midfield,England,35,35,4,7,0,0,15,7.5e+06,4.5e+06,1.099e+07,-0.3177
2015,128895,Jak Alnwick,Newcastle,22.04,Goalkeeper,Goalkeeper,England,6,5,0,0,0,0,15,2.5e+05,,9.058e+05,-0.724
2015,170929,Massadio Haïdara,Newcastle,22.58,Defender,Left-Back,Mali  France,15,12,0,1,0,0,15,2e+06,2e+06,2.673e+06,-0.2517
2015,10642,Mike Williamson,Newcastle,31.64,Defender,Centre-Back,England,31,27,1,1,0,0,15,2.5e+06,3e+06,3.804e+06,-0.3427
2015,46001,Moussa Sissoko,Newcastle,25.87,Midfield,Central Midfield,France  Mali,34,34,4,2,0,0,15,1.5e+07,1.1e+07,9.38e+06,0.5992
2015,33952,Papiss Demba Cissé,Newcastle,30.08,Attack,Centre-Forward,Senegal  France,22,11,11,1,0,0,15,8e+06,7e+06,4.195e+06,0.9072
2015,170321,Paul Dummett,Newcastle,23.76,Defender,Left-Back,Wales  England,25,24,0,0,0,0,15,3.5e+06,1.5e+06,3.782e+06,-0.07468
2015,39037,Rob Elliot,Newcastle,29.17,Goalkeeper,Goalkeeper,Ireland  England,3,3,0,0,1,0,15,1e+06,1e+06,1.048e+06,-0.04611
2015,258188,Rolando Aarons,Newcastle,19.62,Attack,Left Winger,Jamaica  England,4,0,1,1,0,0,15,1e+06,,1.063e+06,-0.0592
2015,33785,Ryan Taylor,Newcastle,30.86,Defender,Right-Back,England,14,11,0,1,0,0,15,1e+06,1e+06,2.547e+06,-0.6073
2015,113707,Rémy Cabella,Newcastle,25.31,Midfield,Attacking Midfield,France  Italy,31,21,1,2,0,0,15,9e+06,1e+07,7.463e+06,0.2059
2015,92381,Sammy Ameobi,Newcastle,23.16,Attack,Left Winger,England  Nigeria,25,15,2,2,0,0,15,5e+06,2e+06,4.251e+06,0.1763
2015,45509,Siem de Jong,Newcastle,26.42,Midfield,Attacking Midfield,Netherlands,4,1,1,0,0,0,15,9e+06,1e+07,1.354e+06,5.645
2015,33027,Tim Krul,Newcastle,27.24,Goalkeeper,Goalkeeper,Netherlands,30,30,0,0,8,0,15,8e+06,9e+06,8.029e+06,-0.003633
2015,30670,Vurnon Anita,Newcastle,26.24,Midfield,Defensive Midfield,Curacao  Netherlands,19,17,0,0,0,0,15,4e+06,6e+06,4.61e+06,-0.1324
2015,45287,Adel Taarabt,QPR,26.1,Midfield,Central Midfield,Morocco  France,7,3,0,0,0,0,20,4e+06,7e+06,3.91e+06,0.02302
2015,95976,Alex McCarthy,QPR,25.57,Goalkeeper,Goalkeeper,England,3,2,0,0,1,0,20,2.5e+06,2e+06,1.045e+06,1.392
2015,33783,Armand Traoré,QPR,25.73,Defender,Left-Back,Senegal  France,16,7,0,0,0,0,20,2e+06,2.5e+06,2.241e+06,-0.1076
2015,4205,Bobby Zamora,QPR,34.45,Attack,Centre-Forward,England  Trinidad and Tobago,31,19,3,4,0,0,20,1e+06,1e+06,1.562e+06,-0.3599
2015,362809,Brandon Comley,QPR,19.62,Midfield,Defensive Midfield,Montserrat  England,1,0,0,0,0,0,20,,,9.999e+04,
2015,129627,Charlie Austin,QPR,25.99,Attack,Centre-Forward,England,35,35,18,6,0,0,20,9e+06,5e+06,9.736e+06,-0.07557
2015,351755,Darnell Furlong,QPR,19.67,Defender,Right-Back,England  Montserrat,3,3,0,0,0,0,20,,,1.729e+05,
2015,89718,Eduardo Vargas,QPR,25.61,Attack,Centre-Forward,Chile,21,16,3,2,0,0,20,6e+06,6e+06,4.158e+06,0.443
2015,57207,Jordon Mutch,QPR,23.58,Midfield,Central Midfield,England,16,10,0,1,0,0,20,5.5e+06,3e+06,4.212e+06,0.3058
2015,58993,Junior Hoilett,QPR,25.07,Attack,Left Winger,Canada  Jamaica,22,9,0,0,0,0,20,5e+06,5.5e+06,2.699e+06,0.8528
2015,13582,Karl Henry,QPR,32.59,Midfield,Defensive Midfield,England  Jamaica,33,27,0,0,0,0,20,1.5e+06,1.5e+06,2.239e+06,-0.3301
2015,63342,Leroy Fer,QPR,25.48,Midfield,Defensive Midfield,Netherlands  Curacao,29,27,6,2,0,0,20,8.5e+06,8.5e+06,7.824e+06,0.0864
2015,77274,Matt Phillips,QPR,24.3,Attack,Right Winger,Scotland  England,25,20,3,8,0,0,20,3e+06,4.5e+06,3.78e+06,-0.2063
2015,43722,Mauricio Isla,QPR,27.05,Defender,Right-Back,Chile,26,24,0,2,0,0,20,9e+06,9e+06,4.028e+06,1.235
2015,173832,Michael Doughty,QPR,22.61,Midfield,Central Midfield,Wales  England,3,0,0,0,0,0,20,,,8.55e+05,
2015,28810,Nedum Onuoha,QPR,28.63,Defender,Centre-Back,England  Nigeria,23,22,0,0,0,0,20,2e+06,2e+06,2.827e+06,-0.2925
2015,16746,Niko Kranjcar,QPR,30.88,Midfield,Attacking Midfield,Croatia,22,11,2,1,0,0,20,2.5e+06,3e+06,2.358e+06,0.06022
2015,264199,Reece Grego-Cox,QPR,18.63,Midfield,Right Midfield,Ireland  England,4,1,0,0,0,0,20,,,3.268e+05,
2015,3807,Richard Dunne,QPR,35.78,Defender,Centre-Back,Ireland,23,22,0,0,0,0,20,5e+05,7.5e+05,1.471e+06,-0.66
2015,3235,Rio Ferdinand,QPR,36.65,Defender,Centre-Back,England,11,11,0,0,0,0,20,1e+06,1e+06,7.621e+05,0.3121
2015,11680,Rob Green,QPR,35.45,Goalkeeper,Goalkeeper,England,36,36,0,0,6,0,20,1e+06,1e+06,2.361e+06,-0.5764
2015,74590,Sandro,QPR,26.29,Midfield,Central Midfield,Brazil  Portugal,17,17,1,0,0,0,20,9e+06,1.1e+07,3.765e+06,1.39
2015,3467,Shaun Wright-Phillips,QPR,33.68,Attack,Right Winger,England  Grenada,4,1,0,0,0,0,20,5e+05,1e+06,9.122e+05,-0.4519
2015,121280,Steven Caulker,QPR,23.5,Defender,Centre-Back,Sierra Leone  England,35,34,1,0,0,0,20,7.5e+06,7.5e+06,8.083e+06,-0.07218
2015,226964,Dominic Gape,Southampton,20.81,Midfield,Defensive Midfield,England,1,0,0,0,0,0,7,,,4.236e+05,
2015,36139,Dušan Tadić,Southampton,26.61,Attack,Right Winger,Serbia,31,24,4,7,0,0,7,1.5e+07,1.2e+07,9.812e+06,0.5287
2015,27805,Eljero Elia,Southampton,28.38,Attack,Left Winger,Netherlands  Suriname,16,9,2,0,0,0,7,2.5e+06,4e+06,6.435e+06,-0.6115
2015,55709,Emmanuel Mayuka,Southampton,24.61,Attack,Centre-Forward,Zambia,5,0,0,0,0,0,7,1.5e+06,2e+06,2.867e+06,-0.4767
2015,94307,Filip Djuricic,Southampton,23.42,Midfield,Attacking Midfield,Serbia,9,3,0,0,0,0,7,5e+06,,1.719e+06,1.908
2015,52570,Fraser Forster,Southampton,27.29,Goalkeeper,Goalkeeper,England,30,30,0,0,14,0,7,1.2e+07,1e+07,5.728e+06,1.095
2015,29594,Graziano Pellè,Southampton,29.96,Attack,Centre-Forward,Italy,38,37,12,2,0,0,7,1.1e+07,8e+06,9.896e+06,0.1116
2015,226973,Harrison Reed,Southampton,20.42,Midfield,Central Midfield,England,9,5,0,0,0,0,7,1.5e+06,,2.135e+06,-0.2973
2015,315185,Jake Hesketh,Southampton,19.26,Midfield,Attacking Midfield,England,2,1,0,0,0,0,7,,,2.287e+05,
2015,181579,James Ward-Prowse,Southampton,20.66,Midfield,Central Midfield,England,25,16,1,6,0,0,7,9e+06,5e+06,7.692e+06,0.17
2015,227185,Jason McCarthy,Southampton,19.65,Defender,Right-Back,England,1,0,0,0,0,0,7,,,7.086e+05,
2015,33829,José Fonte,Southampton,31.52,Defender,Centre-Back,Portugal,37,37,0,1,0,0,7,5e+06,3.5e+06,6.307e+06,-0.2072
2015,13640,Kelvin Davis,Southampton,38.75,Goalkeeper,Goalkeeper,England,7,6,0,0,2,0,7,2.5e+05,2.5e+05,8.817e+05,-0.7165
2015,226965,Lloyd Isgrove,Southampton,22.46,Attack,Right Winger,Wales  England,1,0,0,0,0,0,7,2.5e+05,,8.082e+05,-0.6907
2015,250478,Matt Targett,Southampton,19.78,Defender,Left-Back,England  Scotland,6,3,0,0,0,0,7,2e+06,,1.941e+06,0.03019
2015,81789,Maya Yoshida,Southampton,26.85,Defender,Centre-Back,Japan,22,18,1,1,0,0,7,5e+06,4.5e+06,4.893e+06,0.02191
2015,56818,Morgan Schneiderlin,Southampton,25.64,Midfield,Defensive Midfield,France,26,24,4,1,0,0,7,2.8e+07,2e+07,1.268e+07,1.208
2015,85177,Nathaniel Clyne,Southampton,24.24,Defender,Right-Back,England  Grenada,35,35,2,0,0,0,7,1.7e+07,7e+06,9.684e+06,0.7554
2015,195488,Paulo Gazzaniga,Southampton,23.49,Goalkeeper,Goalkeeper,Argentina  Italy,2,2,0,0,0,0,7,1e+06,2e+06,1.642e+06,-0.3909
2015,40611,Ryan Bertrand,Southampton,25.9,Defender,Left-Back,England,34,34,2,2,0,0,7,1e+07,6e+06,7.25e+06,0.3794
2015,200512,Sadio Mané,Southampton,23.22,Attack,Left Winger,Senegal,30,24,10,3,0,0,7,1.8e+07,7.5e+06,1.633e+07,0.1023
2015,37304,Shane Long,Southampton,28.44,Attack,Centre-Forward,Ireland,32,16,5,6,0,0,7,9e+06,6e+06,9.324e+06,-0.03476
2015,28973,Steven Davis,Southampton,30.49,Midfield,Central Midfield,Northern Ireland,35,32,0,2,0,0,7,5.5e+06,5.5e+06,1.001e+07,-0.4508
2015,42710,Toby Alderweireld,Southampton,26.33,Defender,Centre-Back,Belgium,26,26,1,0,0,0,7,1.5e+07,1e+07,6.059e+06,1.476
2015,77760,Victor Wanyama,Southampton,24.02,Midfield,Defensive Midfield,Kenya,32,26,3,1,0,0,7,1.5e+07,1.4e+07,8.32e+06,0.8029
2015,33873,Asmir Begovic,Stoke,28.03,Goalkeeper,Goalkeeper,Bosnia-Herzegovina  Canada,35,35,0,0,7,0,9,1.2e+07,1.2e+07,1.097e+07,0.09369
2015,44675,Bojan Krkic,Stoke,24.84,Attack,Second Striker,Spain  Serbia,16,14,4,1,0,0,9,7e+06,5e+06,5.178e+06,0.3517
2015,28990,Charlie Adam,Stoke,29.56,Midfield,Central Midfield,Scotland,29,15,7,1,0,0,9,4.5e+06,5e+06,6.748e+06,-0.3332
2015,43763,Erik Pieters,Stoke,26.9,Defender,Left-Back,Netherlands,31,29,0,2,0,0,9,3e+06,3.5e+06,6.092e+06,-0.5076
2015,31642,Geoff Cameron,Stoke,29.97,Defender,Centre-Back,United States,27,21,0,1,0,0,9,3e+06,4e+06,6.256e+06,-0.5205
2015,12124,Glenn Whelan,Stoke,31.46,Midfield,Defensive Midfield,Ireland,28,26,0,0,0,0,9,2e+06,2.5e+06,4.862e+06,-0.5886
2015,128899,Jack Butland,Stoke,22.31,Goalkeeper,Goalkeeper,England,3,3,0,0,2,0,9,4e+06,5e+06,1.356e+06,1.951
2015,3306,Jonathan Walters,Stoke,31.78,Attack,Right Winger,Ireland  England,32,28,8,4,0,0,9,3.5e+06,3.5e+06,5.592e+06,-0.3741
2015,62049,Mame Diouf,Stoke,27.54,Attack,Centre-Forward,Senegal,34,28,11,3,0,0,9,1e+07,9e+06,1.261e+07,-0.207
2015,74228,Marc Muniesa,Stoke,23.26,Defender,Centre-Back,Spain,19,14,0,0,0,0,9,3e+06,2e+06,3.033e+06,-0.01096
2015,30456,Marc Wilson,Stoke,27.87,Defender,Centre-Back,Ireland  Northern Ireland,27,25,0,0,0,0,9,4e+06,4e+06,7.673e+06,-0.4787
2015,41384,Marko Arnautovic,Stoke,26.2,Attack,Centre-Forward,Austria  Serbia,29,20,1,5,0,0,9,5e+06,6e+06,8.679e+06,-0.4239
2015,335541,Oliver Shenton,Stoke,17.65,Midfield,Central Midfield,England,1,0,0,0,0,0,9,,,5.19e+05,
2015,4072,Peter Crouch,Stoke,34.41,Attack,Centre-Forward,England  Ireland,33,17,8,2,0,0,9,2e+06,2e+06,2.719e+06,-0.2644
2015,12516,Peter Odemwingie,Stoke,33.96,Attack,Centre-Forward,Nigeria  Russia,7,1,0,0,0,0,9,1.5e+06,2e+06,1.938e+06,-0.226
2015,15773,Phil Bardsley,Stoke,30.01,Defender,Right-Back,Scotland  England,25,24,0,1,0,0,9,2e+06,2.5e+06,4.974e+06,-0.5979
2015,53173,Philipp Wollscheid,Stoke,26.32,Defender,Centre-Back,Germany,12,12,0,0,0,0,9,5e+06,6e+06,3.729e+06,0.3409
2015,45861,Ryan Shawcross,Stoke,27.74,Defender,Centre-Back,England  Wales,32,32,2,1,0,0,9,9e+06,9e+06,1.199e+07,-0.2494
2015,34838,Stephen Ireland,Stoke,28.86,Midfield,Attacking Midfield,Ireland,17,11,0,3,0,0,9,2e+06,2.5e+06,4.589e+06,-0.5642
2015,13427,Steve Sidwell,Stoke,32.54,Midfield,Central Midfield,England,12,5,0,0,0,0,9,1.5e+06,2e+06,2.598e+06,-0.4226
2015,73734,Steven Nzonzi,Stoke,26.54,Midfield,Defensive Midfield,France  DR Congo,38,38,3,1,0,0,9,1e+07,6e+06,1.356e+07,-0.2624
2015,59866,Victor Moses,Stoke,24.55,Attack,Right Winger,Nigeria  England,19,19,3,3,0,0,9,7.5e+06,8e+06,5.508e+06,0.3616
2015,31579,Adam Johnson,Sunderland,27.96,Attack,Right Winger,England,32,23,4,1,0,0,17,7.5e+06,7.5e+06,6.078e+06,0.2339
2015,36866,Billy Jones,Sunderland,28.27,Defender,Right-Back,England,14,14,0,0,0,0,17,2e+06,2e+06,3.087e+06,-0.3521
2015,95435,Connor Wickham,Sunderland,22.25,Attack,Centre-Forward,England  Northern Ireland,36,31,5,1,0,0,17,5e+06,5e+06,7.068e+06,-0.2926
2015,47659,Costel Pantilimon,Sunderland,28.41,Goalkeeper,Goalkeeper,Romania,28,28,0,0,11,0,17,6e+06,2e+06,3.732e+06,0.6078
2015,29152,Danny Graham,Sunderland,29.88,Attack,Centre-Forward,England,14,7,1,1,0,0,17,1.5e+06,2e+06,2.924e+06,-0.487
2015,84835,Emanuele Giaccherini,Sunderland,30.15,Midfield,Left Midfield,Italy,8,2,0,0,0,0,17,4.5e+06,7e+06,1.966e+06,1.289
2015,57079,Jack Rodwell,Sunderland,24.31,Defender,Centre-Back,England,23,17,3,0,0,0,17,9e+06,1e+07,4.514e+06,0.9939
2015,3875,Jermain Defoe,Sunderland,32.73,Attack,Centre-Forward,England  St. Lucia,17,17,4,1,0,0,17,6e+06,6e+06,3.335e+06,0.7991
2015,3540,John Oshea,Sunderland,34.17,Defender,Centre-Back,Ireland,37,37,0,0,0,0,17,1e+06,1.5e+06,3.565e+06,-0.7195
2015,39010,Jordi Gómez,Sunderland,30.1,Midfield,Central Midfield,Spain,29,22,4,2,0,0,17,3e+06,2.5e+06,3.769e+06,-0.2039
2015,39378,Jozy Altidore,Sunderland,25.65,Attack,Centre-Forward,United States  Haiti,11,2,0,0,0,0,17,2e+06,3.5e+06,3.103e+06,-0.3554
2015,40612,Liam Bridcutt,Sunderland,26.15,Midfield,Defensive Midfield,Scotland  England,18,10,0,2,0,0,17,2.5e+06,3e+06,2.459e+06,0.01684
2015,218144,Mikael Mandron,Sunderland,20.72,Attack,Centre-Forward,France  Scotland,1,0,0,0,0,0,17,,,7.843e+05,
2015,52119,Patrick van Aanholt,Sunderland,24.84,Defender,Left-Back,Netherlands  Curacao,28,26,0,5,0,0,17,3.5e+06,3e+06,4.632e+06,-0.2444
2015,76077,Ricardo Álvarez,Sunderland,27.22,Midfield,Central Midfield,Argentina  Italy,13,5,0,0,0,0,17,1e+07,1.45e+07,3.946e+06,1.534
2015,31720,Sebastian Larsson,Sunderland,30.07,Midfield,Central Midfield,Sweden,36,36,3,3,0,0,17,3.5e+06,4e+06,6.22e+06,-0.4373
2015,102427,Sebastián Coates,Sunderland,24.73,Defender,Centre-Back,Uruguay  Spain,10,9,0,0,0,0,17,2.5e+06,2.5e+06,1.59e+06,0.5723
2015,35099,Steven Fletcher,Sunderland,28.27,Attack,Centre-Forward,Scotland  England,30,20,5,2,0,0,17,4.5e+06,5e+06,5.134e+06,-0.1236
2015,33781,Vito Mannone,Sunderland,27.33,Goalkeeper,Goalkeeper,Italy,10,10,0,0,2,0,17,2.5e+06,3.5e+06,3.349e+06,-0.2534
2015,3405,Wes Brown,Sunderland,35.72,Defender,Centre-Back,England,25,23,0,0,0,0,17,5e+05,5e+05,1.351e+06,-0.63
2015,77329,Will Buckley,Sunderland,25.61,Attack,Right Winger,England  Ireland,22,9,0,2,0,0,17,2.5e+06,1.5e+06,2.375e+06,0.05262
2015,67355,Ashley Williams,Swansea,30.85,Defender,Centre-Back,Wales  England,37,37,0,0,0,0,8,6.5e+06,7e+06,6.526e+06,-0.003935
2015,29356,Dwight Tiendalli,Swansea,29.69,Defender,Right-Back,Netherlands  Suriname,3,1,0,0,0,0,8,7.5e+05,1.5e+06,1.296e+06,-0.4213
2015,85475,Federico Fernández,Swansea,26.35,Defender,Centre-Back,Argentina  Italy,28,27,0,0,0,0,8,9e+06,5e+06,7.4e+06,0.2162
2015,488,Gerhard Tremmel,Swansea,36.62,Goalkeeper,Goalkeeper,Germany,2,1,0,0,0,0,8,7.5e+05,1e+06,7.293e+05,0.02842
2015,90466,Gylfi Sigurdsson,Swansea,25.81,Midfield,Attacking Midfield,Iceland,32,32,7,10,0,0,8,1.1e+07,1e+07,1.29e+07,-0.1475
2015,40613,Jack Cork,Swansea,26.02,Midfield,Defensive Midfield,England,27,20,3,0,0,0,8,4e+06,3.5e+06,6.728e+06,-0.4055
2015,171260,Jay Fulton,Swansea,21.25,Midfield,Central Midfield,Scotland  England,2,1,0,0,0,0,8,,2e+05,1.791e+06,
2015,120241,Jazz Richards,Swansea,24.22,Defender,Right-Back,Wales,10,7,0,1,0,0,8,5e+05,5e+05,1.792e+06,-0.721
2015,77932,Jefferson Montero,Swansea,25.83,Attack,Left Winger,Ecuador,30,15,1,7,0,0,8,5.5e+06,5e+06,5.316e+06,0.03465
2015,71292,Jonjo Shelvey,Swansea,23.34,Midfield,Central Midfield,England  Ireland,31,28,3,5,0,0,8,1.2e+07,1e+07,1.128e+07,0.06388
2015,85289,Jordi Amat,Swansea,23.28,Defender,Centre-Back,Indonesia  Spain,10,7,0,0,0,0,8,2e+06,3e+06,3.611e+06,-0.4462
2015,374889,Kenji Gorré,Swansea,20.75,Attack,Left Winger,Curacao  Netherlands,1,0,0,0,0,0,8,,,1.047e+05,
2015,67421,Kyle Bartley,Swansea,24.11,Defender,Centre-Back,England  Jamaica,7,7,0,0,0,0,8,1e+06,1e+06,1.965e+06,-0.4912
2015,66219,Kyle Naughton,Swansea,26.62,Defender,Right-Back,England  Ireland,15,15,0,1,0,2,8,5.5e+06,5e+06,5.222e+06,0.05322
2015,40043,Leon Britton,Swansea,32.79,Midfield,Central Midfield,England,9,7,0,0,0,0,8,1.5e+06,2e+06,1.824e+06,-0.1778
2015,29692,Lukasz Fabianski,Swansea,30.2,Goalkeeper,Goalkeeper,Poland,37,37,0,0,13,0,8,7e+06,2.5e+06,3.788e+06,0.8479
2015,37787,Marvin Emnes,Swansea,27.09,Attack,Centre-Forward,Netherlands  Suriname,17,3,0,0,0,0,8,1.5e+06,1.5e+06,2.231e+06,-0.3276
2015,265471,Matt Grimes,Swansea,19.96,Midfield,Defensive Midfield,England,3,0,0,0,0,0,8,2e+06,5e+04,1.353e+06,0.4779
2015,189070,Modou Barrow,Swansea,22.71,Attack,Left Winger,The Gambia  Sweden,11,1,0,1,0,0,8,1.5e+06,2.5e+05,1.835e+06,-0.1827
2015,37011,Nathan Dyer,Swansea,27.59,Attack,Right Winger,England  Jamaica,32,23,3,2,0,0,8,4.5e+06,4.5e+06,6.677e+06,-0.3261
2015,67416,Neil Taylor,Swansea,26.39,Defender,Left-Back,Wales  India,34,34,0,2,0,0,8,4.5e+06,2.5e+06,5.42e+06,-0.1697
2015,72768,Nélson Oliveira,Swansea,23.9,Attack,Centre-Forward,Portugal,10,4,1,1,0,1,8,4e+06,4.5e+06,5.432e+06,-0.2636
2015,81796,Sung-yueng Ki,Swansea,26.43,Midfield,Defensive Midfield,"Korea, South",33,30,8,1,0,0,8,1e+07,6e+06,1.078e+07,-0.07267
2015,121279,Tom Carroll,Swansea,23.09,Midfield,Central Midfield,England,13,8,0,0,0,0,8,3e+06,2e+06,2.325e+06,0.2905
2015,14066,Wayne Routledge,Swansea,30.48,Attack,Left Winger,England  Jamaica,29,27,3,1,0,0,8,3e+06,3.5e+06,7.335e+06,-0.591
2015,66550,Ángel Rangel,Swansea,32.59,Defender,Right-Back,Spain,27,22,0,0,0,0,8,1.5e+06,2.5e+06,3.246e+06,-0.5379
2015,61842,Andros Townsend,Tottenham,23.96,Attack,Right Winger,England,17,10,2,2,0,7,5,8e+06,8e+06,1.082e+07,-0.2606
2015,192765,Ben Davies,Tottenham,22.18,Defender,Centre-Back,Wales,14,9,0,1,0,7,5,8e+06,1e+07,1.12e+07,-0.2854
2015,127160,Benjamin Stambouli,Tottenham,24.88,Midfield,Defensive Midfield,France  Algeria,12,4,0,0,0,6,5,5e+06,5e+06,1.108e+07,-0.5488
2015,69633,Christian Eriksen,Tottenham,23.38,Midfield,Attacking Midfield,Denmark,38,37,10,2,0,4,5,2.7e+07,2e+07,2.881e+07,-0.06298
2015,50174,Danny Rose,Tottenham,25,Defender,Left-Back,England  Jamaica,28,27,3,4,0,1,5,1.1e+07,8e+06,1.396e+07,-0.2122
2015,255916,DeAndre Yedlin,Tottenham,21.98,Defender,Right-Back,United States  Latvia,1,0,0,0,0,0,5,1.5e+06,2.5e+05,5.102e+05,1.94
2015,8883,Emmanuel Adebayor,Tottenham,31.34,Attack,Centre-Forward,Togo  Nigeria,13,9,2,1,0,2,5,5e+06,9e+06,8.36e+06,-0.4019
2015,175722,Eric Dier,Tottenham,21.46,Defender,Centre-Back,England  Portugal,28,25,2,2,0,3,5,1e+07,3.5e+06,1.086e+07,-0.07901
2015,111630,Erik Lamela,Tottenham,23.32,Attack,Right Winger,Argentina  Spain,33,25,2,7,0,7,5,2.2e+07,2.4e+07,1.573e+07,0.3989
2015,45314,Federico Fazio,Tottenham,28.29,Defender,Centre-Back,Argentina  Italy,20,20,0,0,0,6,5,8e+06,8e+06,1.729e+07,-0.5374
2015,132098,Harry Kane,Tottenham,21.92,Attack,Centre-Forward,England  Ireland,34,28,21,5,0,7,5,2.5e+07,3e+06,2.899e+07,-0.1376
2015,17965,Hugo Lloris,Tottenham,28.51,Goalkeeper,Goalkeeper,France,35,35,0,0,9,6,5,2.2e+07,1.6e+07,2.464e+07,-0.107
2015,43250,Jan Vertonghen,Tottenham,28.19,Defender,Centre-Back,Belgium,32,31,1,0,0,6,5,1.9e+07,1.9e+07,1.517e+07,0.2524
2015,95424,Kyle Walker,Tottenham,25.09,Defender,Right-Back,England,15,15,0,0,0,3,5,1.3e+07,1.7e+07,1.005e+07,0.2931
2015,55508,Lewis Holtby,Tottenham,24.78,Midfield,Central Midfield,Germany  England,1,0,0,0,0,0,5,4e+06,7.5e+06,5.821e+06,-0.3128
2015,26276,Michel Vorm,Tottenham,31.7,Goalkeeper,Goalkeeper,Netherlands  Suriname,4,3,0,0,1,2,5,5e+06,6e+06,2.781e+06,0.7977
2015,19368,Mousa Dembélé,Tottenham,27.96,Midfield,Central Midfield,Belgium  Mali,26,10,1,1,0,5,5,1.4e+07,1.7e+07,9.599e+06,0.4585
2015,245537,Nabil Bentaleb,Tottenham,20.6,Midfield,Defensive Midfield,Algeria  France,26,25,0,2,0,5,5,1e+07,3e+06,1.37e+07,-0.27
2015,59631,Nacer Chadli,Tottenham,25.91,Attack,Left Winger,Belgium  Morocco,35,28,11,5,0,4,5,1.3e+07,6e+06,2.066e+07,-0.3708
2015,57229,Paulinho,Tottenham,26.93,Midfield,Central Midfield,Brazil,15,3,0,1,0,6,5,9e+06,1.6e+07,8.686e+06,0.03614
2015,34870,Roberto Soldado,Tottenham,30.09,Attack,Centre-Forward,Spain,24,7,1,1,0,7,5,1.6e+07,1.8e+07,8.561e+06,0.869
2015,61834,Ryan Mason,Tottenham,24.05,Midfield,Central Midfield,England,31,29,1,4,0,2,5,7.5e+06,2.5e+05,1.068e+07,-0.2978
2015,123261,Vlad Chiricheș,Tottenham,25.63,Midfield,Defensive Midfield,Romania,10,8,0,0,0,4,5,6e+06,1.1e+07,4.839e+06,0.2399
2015,27114,Younès Kaboul,Tottenham,29.49,Defender,Centre-Back,France  Morocco,11,11,0,0,0,1,5,4.5e+06,6.5e+06,7.063e+06,-0.3628
2015,63494,Étienne Capoue,Tottenham,26.97,Midfield,Defensive Midfield,France  Guadeloupe,12,11,0,0,0,3,5,7.5e+06,9e+06,9.522e+06,-0.2124
2015,128912,Andre Wisdom,West Brom,22.14,Defender,Right-Back,England  Jamaica,24,22,0,1,0,0,13,5e+06,4e+06,4.075e+06,0.227
2015,13572,Ben Foster,West Brom,32.24,Goalkeeper,Goalkeeper,England,28,28,0,0,12,0,13,4e+06,4e+06,5.078e+06,-0.2122
2015,3838,Boaz Myhill,West Brom,32.64,Goalkeeper,Goalkeeper,Wales  United States,11,10,0,0,5,0,13,1e+06,1.5e+06,1.738e+06,-0.4246
2015,64308,Brown Ideye,West Brom,26.72,Attack,Centre-Forward,Nigeria,24,13,4,2,0,0,13,6e+06,1e+07,4.6e+06,0.3043
2015,61711,Callum McManaman,West Brom,24.18,Attack,Right Winger,England  Ireland,8,5,0,1,0,0,13,5e+06,3e+06,2.178e+06,1.296
2015,4115,Chris Baird,West Brom,33.34,Midfield,Defensive Midfield,Northern Ireland,19,9,0,0,0,0,13,5e+05,5e+05,1.481e+06,-0.6624
2015,36814,Chris Brunt,West Brom,30.54,Midfield,Central Midfield,Northern Ireland,34,33,2,10,0,0,13,4e+06,4e+06,6.696e+06,-0.4026
2015,45330,Claudio Yacob,West Brom,27.95,Midfield,Defensive Midfield,Argentina  Italy,20,16,0,0,0,0,13,4e+06,4.5e+06,3.857e+06,0.03718
2015,121477,Craig Dawson,West Brom,25.15,Defender,Centre-Back,England,29,29,2,0,0,0,13,3e+06,1.5e+06,6.072e+06,-0.5059
2015,37171,Craig Gardner,West Brom,28.6,Midfield,Central Midfield,England,35,30,3,4,0,0,13,3e+06,3e+06,5.975e+06,-0.4979
2015,121686,Cristian Gamboa,West Brom,25.68,Defender,Right-Back,Costa Rica,10,1,0,1,0,0,13,2e+06,2e+06,1.471e+06,0.3594
2015,3547,Darren Fletcher,West Brom,31.41,Midfield,Central Midfield,Scotland,26,19,1,0,0,0,13,2e+06,3e+06,3.14e+06,-0.363
2015,40567,Gareth McAuley,West Brom,35.57,Defender,Centre-Back,Northern Ireland,24,24,1,0,0,0,13,5e+05,1e+06,1.531e+06,-0.6734
2015,6855,Georgios Samaras,West Brom,30.35,Attack,Left Winger,Greece  Australia,5,0,0,0,0,0,13,2e+06,3e+06,1.788e+06,0.1184
2015,36608,Graham Dorrans,West Brom,28.16,Midfield,Central Midfield,Scotland,21,19,1,3,0,0,13,2e+06,2e+06,5.221e+06,-0.6169
2015,27614,James Morrison,West Brom,29.1,Midfield,Central Midfield,Scotland  England,33,29,2,1,0,0,13,5e+06,6e+06,6.466e+06,-0.2267
2015,137669,Jason Davidson,West Brom,24.01,Defender,Centre-Back,Australia  Greece,2,1,0,0,0,0,13,5e+05,7.5e+05,1.216e+06,-0.5888
2015,4241,Joleon Lescott,West Brom,32.87,Defender,Centre-Back,England,34,34,1,2,0,0,13,4e+06,5e+06,3.648e+06,0.09661
2015,25248,Jonas Olsson,West Brom,32.31,Defender,Centre-Back,Sweden,13,9,1,0,0,0,13,1.5e+06,3.5e+06,2.711e+06,-0.4466
2015,128897,Saido Berahino,West Brom,21.91,Attack,Centre-Forward,Burundi  England,38,32,14,1,0,0,13,1.5e+07,5e+06,1.34e+07,0.1195
2015,54576,Sebastián Blanco,West Brom,27.29,Midfield,Attacking Midfield,Argentina  Spain,3,0,0,0,0,0,13,5e+06,6e+06,8.563e+05,4.839
2015,37157,Stéphane Sessègnon,West Brom,31.08,Midfield,Attacking Midfield,Benin,28,20,1,3,0,0,13,4e+06,6e+06,5.191e+06,-0.2295
2015,17804,Sébastien Pocognoli,West Brom,27.92,Defender,Left-Back,Belgium  Italy,15,15,0,0,0,0,13,2e+06,1.5e+06,2.624e+06,-0.2378
2015,31316,Varela,West Brom,30.41,Attack,Left Winger,Portugal  Cape Verde,7,3,1,0,0,0,13,4.5e+06,7.5e+06,2.166e+06,1.077
2015,39532,Victor Anichebe,West Brom,27.19,Attack,Centre-Forward,Nigeria  England,21,11,3,1,0,0,13,3.5e+06,4e+06,4.276e+06,-0.1816
2015,45272,Youssouf Mulumbu,West Brom,28.43,Midfield,Defensive Midfield,DR Congo  France,17,10,0,0,0,0,13,3.5e+06,5e+06,4.884e+06,-0.2833
2015,92571,Aaron Cresswell,West Ham,25.54,Defender,Left-Back,England,38,38,2,4,0,0,12,8e+06,4e+06,7.506e+06,0.06581
2015,71271,Adrián,West Ham,28.49,Goalkeeper,Goalkeeper,Spain,38,38,0,0,9,0,12,6e+06,3e+06,7.669e+06,-0.2176
2015,27394,Alex Song,West Ham,27.81,Midfield,Defensive Midfield,Cameroon  France,28,25,0,3,0,0,12,1.2e+07,1.4e+07,6.56e+06,0.8291
2015,48066,Andy Carroll,West Ham,26.48,Attack,Centre-Forward,England,14,12,5,1,0,0,12,1e+07,1e+07,7.637e+06,0.3094
2015,126321,Carl Jenkinson,West Ham,23.39,Defender,Right-Back,England  Finland,32,29,0,2,0,0,12,8e+06,5e+06,4.75e+06,0.6843
2015,3179,Carlton Cole,West Ham,31.72,Attack,Centre-Forward,England  Sierra Leone,23,8,2,0,0,0,12,1.5e+06,1.5e+06,2.527e+06,-0.4064
2015,66934,Cheikhou Kouyaté,West Ham,25.52,Midfield,Defensive Midfield,Senegal  Belgium,31,30,4,2,0,0,12,1.1e+07,7e+06,6.133e+06,0.7937
2015,229826,Elliot Lee,West Ham,20.54,Midfield,Attacking Midfield,England,1,0,0,0,0,0,12,,,9.19e+05,
2015,139503,Enner Valencia,West Ham,25.65,Attack,Centre-Forward,Ecuador,32,25,4,4,0,0,12,1.1e+07,1e+07,5.312e+06,1.071
2015,1368,Guy Demel,West Ham,34.05,Defender,Right-Back,Cote d'Ivoire  France,6,3,0,0,0,0,12,5e+05,1e+06,1.495e+06,-0.6655
2015,12691,James Collins,West Ham,31.85,Defender,Centre-Back,Wales,27,21,0,0,0,0,12,2e+06,2.5e+06,3.495e+06,-0.4277
2015,61592,James Tomkins,West Ham,26.26,Defender,Centre-Back,England,22,20,1,3,0,0,12,6e+06,5e+06,5.481e+06,0.09462
2015,34672,Joey Obrien,West Ham,29.37,Defender,Right-Back,Ireland,9,6,0,0,0,0,12,1.5e+06,2.5e+06,2.179e+06,-0.3115
2015,3692,Jussi Jääskeläinen,West Ham,40.2,Goalkeeper,Goalkeeper,Finland,1,0,0,0,1,0,12,2.5e+05,1e+06,5.955e+05,-0.5802
2015,3950,Kevin Nolan,West Ham,33.02,Midfield,Attacking Midfield,England,29,19,1,1,0,0,12,2e+06,4e+06,3.301e+06,-0.3941
2015,31835,Mark Noble,West Ham,28.15,Midfield,Central Midfield,England  Ireland,28,27,2,3,0,0,12,7e+06,7e+06,7.906e+06,-0.1146
2015,15921,Matt Jarvis,West Ham,29.11,Attack,Left Winger,England,11,4,0,0,0,0,12,3e+06,5e+06,3.725e+06,-0.1946
2015,26456,Mauro Zárate,West Ham,28.29,Attack,Centre-Forward,Argentina  Chile,11,5,2,1,0,0,12,3e+06,4e+06,2.947e+06,0.01782
2015,39883,Morgan Amalfitano,West Ham,30.28,Midfield,Right Midfield,France  Italy,24,14,3,1,0,0,12,5e+06,4.75e+06,4.067e+06,0.2294
2015,29091,Nenê,West Ham,33.95,Midfield,Attacking Midfield,Brazil  Spain,8,0,0,0,0,0,12,1e+06,1.5e+06,1.49e+06,-0.3289
2015,128907,Ravel Morrison,West Ham,22.41,Midfield,Attacking Midfield,Jamaica  England,1,0,0,0,0,0,12,2.5e+06,3.5e+06,2.436e+06,0.02626
2015,264220,Reece Burke,West Ham,18.83,Defender,Centre-Back,England,5,4,0,0,0,0,12,7.5e+05,,1.05e+06,-0.2858
2015,9413,Ricardo Vaz Tê,West Ham,28.75,Attack,Right Winger,Portugal  Guinea-Bissau,4,3,0,0,0,0,12,2.4e+06,2.5e+06,1.99e+06,0.2058
2015,4063,Stewart Downing,West Ham,30.94,Midfield,Left Midfield,England,37,37,6,8,0,0,12,6e+06,4e+06,7.84e+06,-0.2347
2015,37526,Winston Reid,West Ham,26.99,Defender,Centre-Back,New Zealand  Denmark,30,29,1,0,0,0,12,9e+06,6e+06,6.143e+06,0.4651
2016,50057,Aaron Ramsey,Arsenal,25.51,Midfield,Central Midfield,Wales,31,29,5,4,0,5,2,3.5e+07,2.8e+07,3.178e+07,0.1012
2016,242631,Alex Iwobi,Arsenal,20.16,Attack,Left Winger,Nigeria  England,13,8,2,2,0,2,2,4e+06,,8.035e+06,-0.5022
2016,143424,Alex Oxlade-Chamberlain,Arsenal,22.88,Midfield,Central Midfield,England,22,9,1,0,0,5,2,2e+07,2e+07,1.217e+07,0.6428
2016,40433,Alexis Sánchez,Arsenal,27.53,Attack,Centre-Forward,Chile,30,28,13,4,0,7,2,5.5e+07,5.5e+07,6.677e+07,-0.1763
2016,215118,Calum Chambers,Arsenal,21.45,Defender,Centre-Back,England,12,2,0,0,0,3,2,1.2e+07,1.2e+07,1.025e+07,0.1708
2016,67063,Danny Welbeck,Arsenal,25.6,Attack,Centre-Forward,England  Ghana,11,7,4,2,0,2,2,1.7e+07,1.7e+07,2.325e+07,-0.2689
2016,73396,David Ospina,Arsenal,27.83,Goalkeeper,Goalkeeper,Colombia  France,4,4,0,0,2,3,2,8e+06,8e+06,8.068e+06,-0.008429
2016,74869,Francis Coquelin,Arsenal,25.14,Midfield,Defensive Midfield,France  Réunion,26,21,0,0,0,6,2,1.3e+07,7e+06,2.059e+07,-0.3685
2016,149498,Gabriel Paulista,Arsenal,25.6,Defender,Centre-Back,Brazil  Spain,21,18,1,0,0,4,2,1.2e+07,1.2e+07,1.475e+07,-0.1863
2016,191217,Héctor Bellerín,Arsenal,21.29,Defender,Right-Back,Spain,36,36,1,5,0,6,2,1.8e+07,5e+06,2.119e+07,-0.1506
2016,74223,Jack Wilshere,Arsenal,24.5,Midfield,Central Midfield,England,3,1,0,0,0,0,2,2.3e+07,2.5e+07,8e+06,1.875
2016,131248,Joel Campbell,Arsenal,24.01,Attack,Right Winger,Costa Rica,19,11,3,3,0,5,2,8e+06,5e+06,1.44e+07,-0.4443
2016,44792,Kieran Gibbs,Arsenal,26.76,Defender,Left-Back,England,15,3,1,0,0,4,2,1.3e+07,1.3e+07,1.223e+07,0.06278
2016,76277,Laurent Koscielny,Arsenal,30.81,Defender,Centre-Back,France  Poland,33,33,4,0,0,7,2,2.2e+07,2e+07,2.639e+07,-0.1664
2016,27306,Mathieu Debuchy,Arsenal,30.93,Defender,Right-Back,France,2,2,0,0,0,3,2,7.5e+06,1.3e+07,5.33e+06,0.4071
2016,17396,Mathieu Flamini,Arsenal,32.32,Midfield,Defensive Midfield,France,16,12,0,0,0,4,2,4e+06,4e+06,6.824e+06,-0.4139
2016,35664,Mesut Özil,Arsenal,27.71,Midfield,Attacking Midfield,Germany,35,35,6,19,0,8,2,5e+07,4e+07,6.17e+07,-0.1896
2016,7451,Mikel Arteta,Arsenal,34.27,Midfield,Central Midfield,Spain,9,0,0,0,0,1,2,2e+06,2.5e+06,3.314e+06,-0.3966
2016,160438,Mohamed Elneny,Arsenal,23.97,Midfield,Defensive Midfield,Egypt,11,9,0,1,0,6,2,8.5e+06,3.75e+06,1.129e+07,-0.2474
2016,43003,Nacho Monreal,Arsenal,30.34,Defender,Left-Back,Spain,37,36,0,3,0,6,2,1.5e+07,1.2e+07,2.139e+07,-0.2988
2016,82442,Olivier Giroud,Arsenal,29.75,Attack,Centre-Forward,France,38,26,16,6,0,7,2,2.5e+07,2.4e+07,3.746e+07,-0.3326
2016,6710,Per Mertesacker,Arsenal,31.75,Defender,Centre-Back,Germany,24,24,0,0,0,6,2,1e+07,1.5e+07,1.945e+07,-0.4859
2016,5658,Petr Cech,Arsenal,34.12,Goalkeeper,Goalkeeper,Czech Republic,34,34,0,0,16,5,2,1.2e+07,1.2e+07,9.341e+06,0.2846
2016,15799,Santi Cazorla,Arsenal,31.55,Midfield,Central Midfield,Spain,15,15,0,3,0,5,2,2e+07,2.6e+07,2.299e+07,-0.1302
2016,33713,Theo Walcott,Arsenal,27.29,Attack,Right Winger,England,28,15,5,2,0,6,2,2.2e+07,2.5e+07,1.752e+07,0.2557
2016,4233,Adam Federici,Bournemouth,31.41,Goalkeeper,Goalkeeper,Australia  Italy,6,6,0,0,0,0,15,1e+06,1e+06,1.539e+06,-0.3501
2016,61841,Adam Smith,Bournemouth,25.17,Defender,Right-Back,England,31,22,2,0,0,0,15,2e+06,5e+05,4.742e+06,-0.5783
2016,29975,Andrew Surman,Bournemouth,29.86,Midfield,Central Midfield,England  South Africa,38,38,0,3,0,0,15,2e+06,1e+06,4.421e+06,-0.5476
2016,15220,Artur Boruc,Bournemouth,36.36,Goalkeeper,Goalkeeper,Poland,32,32,0,0,7,0,15,1e+06,1e+06,2.25e+06,-0.5555
2016,110858,Benik Afobe,Bournemouth,23.38,Attack,Centre-Forward,DR Congo  England,15,12,4,0,0,0,15,9e+06,1.5e+06,7.368e+06,0.2216
2016,123682,Callum Wilson,Bournemouth,24.34,Attack,Centre-Forward,England,13,9,5,0,0,0,15,9e+06,7e+06,4.881e+06,0.8439
2016,44983,Dan Gosling,Bournemouth,26.41,Midfield,Central Midfield,England,34,28,3,1,0,0,15,3e+06,1.5e+06,5.735e+06,-0.4769
2016,61583,Eunan Okane,Bournemouth,25.98,Midfield,Central Midfield,Ireland  Northern Ireland,16,6,0,1,0,0,15,1.5e+06,5e+05,1.781e+06,-0.1577
2016,45693,Glenn Murray,Bournemouth,32.77,Attack,Centre-Forward,England,21,8,3,0,0,0,15,3.5e+06,2.5e+06,2.552e+06,0.3717
2016,55742,Harry Arter,Bournemouth,26.51,Midfield,Central Midfield,Ireland  England,21,21,1,0,0,0,15,2e+06,1.5e+06,3.795e+06,-0.473
2016,91059,Joshua King,Bournemouth,24.46,Attack,Centre-Forward,Norway,31,24,6,2,0,0,15,4e+06,1e+06,7.023e+06,-0.4304
2016,81455,Juan Iturbe,Bournemouth,23.07,Attack,Right Winger,Paraguay  Argentina,2,0,0,0,0,6,15,1.2e+07,1.7e+07,6.734e+06,0.7821
2016,87672,Junior Stanislas,Bournemouth,26.6,Attack,Left Winger,England  St. Lucia,21,17,3,2,0,0,15,4e+06,1e+06,4.141e+06,-0.03415
2016,104586,Lee Tomlin,Bournemouth,27.47,Attack,Second Striker,England,6,3,0,0,0,0,15,3.5e+06,1.75e+06,2.849e+06,0.2283
2016,35413,Lewis Grabban,Bournemouth,28.47,Attack,Centre-Forward,Jamaica  England,21,7,1,0,0,0,15,3e+06,3e+06,2.482e+06,0.2087
2016,92469,Matt Ritchie,Bournemouth,26.81,Midfield,Right Midfield,Scotland  England,37,33,4,6,0,0,15,8e+06,3e+06,7.514e+06,0.06472
2016,28140,Max Gradel,Bournemouth,28.59,Attack,Left Winger,Cote d'Ivoire  France,14,11,1,3,0,0,15,9e+06,6.5e+06,8.243e+06,0.09188
2016,111073,Ryan Allsop,Bournemouth,24.04,Goalkeeper,Goalkeeper,England,1,0,0,0,0,0,15,2.5e+05,2.5e+05,9.001e+05,-0.7223
2016,10375,Shaun MacDonald,Bournemouth,28.04,Midfield,Central Midfield,Wales,3,0,0,0,0,0,15,5e+05,2.5e+05,1.082e+06,-0.5379
2016,13573,Simon Francis,Bournemouth,31.37,Defender,Right-Back,England,38,38,0,4,0,0,15,2.5e+06,1e+06,3.967e+06,-0.3698
2016,90836,Steve Cook,Bournemouth,25.2,Defender,Centre-Back,England,36,36,4,1,0,0,15,5e+06,2e+06,6.4e+06,-0.2187
2016,3356,Sylvain Distin,Bournemouth,38.54,Defender,Centre-Back,France  Guadeloupe,12,9,0,0,0,0,15,7.5e+05,7.5e+05,7.987e+05,-0.06098
2016,37152,Tommy Elphick,Bournemouth,28.82,Defender,Centre-Back,England,12,11,1,0,0,0,15,3e+06,1e+06,2.802e+06,0.0708
2016,253677,Tyrone Mings,Bournemouth,23.3,Defender,Centre-Back,England,1,0,0,0,0,0,15,6e+06,6e+06,1.394e+06,3.306
2016,57410,Yann Kermorgant,Bournemouth,34.64,Attack,Centre-Forward,France,7,0,0,0,0,0,15,5e+05,7.5e+05,1.143e+06,-0.5626
2016,224884,Abdul Rahman Baba,Chelsea,22,Defender,Left-Back,Ghana,15,11,0,1,0,4,10,1.2e+07,1e+07,8.07e+06,0.4869
2016,37579,Alexandre Pato,Chelsea,26.83,Attack,Centre-Forward,Brazil,2,1,1,0,0,0,10,5e+06,1.1e+07,2.453e+06,1.038
2016,33873,Asmir Begovic,Chelsea,29.03,Goalkeeper,Goalkeeper,Bosnia-Herzegovina  Canada,17,15,0,0,4,5,10,1e+07,1.2e+07,8.15e+06,0.227
2016,131996,Bertrand Traoré,Chelsea,20.82,Attack,Right Winger,Burkina Faso,10,4,2,1,0,2,10,4e+06,4e+06,5.94e+06,-0.3266
2016,36827,Branislav Ivanovic,Chelsea,32.36,Defender,Right-Back,Serbia,33,33,2,2,0,4,10,1e+07,1.7e+07,8.313e+06,0.2029
2016,8806,Cesc Fàbregas,Chelsea,29.16,Midfield,Central Midfield,Spain,37,33,5,7,0,7,10,4.5e+07,5e+07,2.129e+07,1.114
2016,57500,César Azpilicueta,Chelsea,26.84,Defender,Centre-Back,Spain,37,36,2,4,0,8,10,2e+07,2.3e+07,1.634e+07,0.2237
2016,44779,Diego Costa,Chelsea,27.73,Attack,Centre-Forward,Spain  Brazil,28,27,12,6,0,8,10,4.5e+07,5e+07,3.336e+07,0.3489
2016,50202,Eden Hazard,Chelsea,25.48,Attack,Left Winger,Belgium,31,25,4,4,0,8,10,6.5e+07,7e+07,2.505e+07,1.595
2016,303254,Fikayo Tomori,Chelsea,18.53,Defender,Centre-Back,England  Canada,1,0,0,0,0,0,10,,,4.566e+05,
2016,27511,Gary Cahill,Chelsea,30.53,Defender,Centre-Back,England,23,21,2,0,0,7,10,1.6e+07,2e+07,8.882e+06,0.8013
2016,316551,Jake Clarke-Salter,Chelsea,18.77,Defender,Centre-Back,England  Ireland,1,0,0,0,0,0,10,,,5.589e+05,
2016,30739,John Obi Mikel,Chelsea,29.19,Midfield,Defensive Midfield,Nigeria  England,25,19,0,1,0,4,10,1.1e+07,1e+07,8.175e+06,0.3456
2016,3160,John Terry,Chelsea,35.56,Defender,Centre-Back,England,24,24,1,1,0,4,10,2.5e+06,4e+06,3.3e+06,-0.2425
2016,91970,Juan Cuadrado,Chelsea,28.1,Midfield,Right Midfield,Colombia  Italy,1,0,0,0,0,8,10,2.5e+07,3e+07,1.057e+07,1.366
2016,281404,Kenedy,Chelsea,20.39,Attack,Left Winger,Brazil,14,4,1,0,0,2,10,8e+06,6e+06,2.582e+06,2.098
2016,157509,Kurt Zouma,Chelsea,21.68,Defender,Centre-Back,France  Central African Republic,23,21,1,0,0,6,10,1.7e+07,1.2e+07,8.416e+06,1.02
2016,45121,Loïc Rémy,Chelsea,29.49,Attack,Centre-Forward,France  Martinique,13,3,1,0,0,3,10,9e+06,1.2e+07,5.022e+06,0.792
2016,245893,Matt Miazga,Chelsea,20.95,Defender,Centre-Back,United States  Poland,2,2,0,0,0,0,10,2.5e+06,1.5e+05,4.896e+05,4.107
2016,74683,Nemanja Matic,Chelsea,27.92,Midfield,Defensive Midfield,Serbia  Slovakia,33,28,2,2,0,5,10,3.2e+07,4e+07,1.391e+07,1.3
2016,85314,Oscar,Chelsea,24.81,Midfield,Attacking Midfield,Brazil  Italy,27,20,3,3,0,7,10,3.5e+07,3.8e+07,1.421e+07,1.464
2016,65278,Pedro,Chelsea,28.93,Attack,Right Winger,Spain,29,24,7,2,0,6,10,2.3e+07,2e+07,1.359e+07,0.6921
2016,39152,Radamel Falcao,Chelsea,30.39,Attack,Centre-Forward,Colombia  Venezuela,10,1,1,0,0,0,10,1.5e+07,3.5e+07,3.514e+06,3.269
2016,54170,Ramires,Chelsea,29.27,Midfield,Central Midfield,Brazil,12,7,2,0,0,5,10,1.5e+07,2.5e+07,7.264e+06,1.065
2016,202886,Ruben Loftus-Cheek,Chelsea,20.44,Midfield,Central Midfield,England  Guyana,13,4,1,1,0,1,10,5e+06,2e+06,4.031e+06,0.2402
2016,331726,Tammy Abraham,Chelsea,18.75,Attack,Centre-Forward,England  Nigeria,2,0,0,0,0,0,10,1e+06,,1.801e+06,-0.4448
2016,108390,Thibaut Courtois,Chelsea,24.14,Goalkeeper,Goalkeeper,Belgium,23,23,0,0,5,3,10,3.5e+07,3.5e+07,1.161e+07,2.015
2016,52769,Willian,Chelsea,27.89,Attack,Left Winger,Brazil,35,32,5,6,0,8,10,3.2e+07,3e+07,1.644e+07,0.9463
2016,14221,Aaron Lennon,Everton,29.21,Attack,Right Winger,England  Ireland,25,17,5,1,0,0,12,6e+06,8.5e+06,7.477e+06,-0.1976
2016,8552,Arouna Koné,Everton,32.64,Attack,Centre-Forward,Cote d'Ivoire,25,16,5,3,0,0,12,2.5e+06,1.5e+06,3.664e+06,-0.3177
2016,208244,Brendan Galloway,Everton,20.29,Defender,Centre-Back,Zimbabwe  England,15,14,0,1,0,0,12,3e+06,,4.069e+06,-0.2627
2016,124983,Bryan Oviedo,Everton,26.37,Defender,Left-Back,Costa Rica,14,12,0,1,0,0,12,3e+06,3e+06,3.414e+06,-0.1214
2016,308632,Callum Connolly,Everton,18.77,Defender,Centre-Back,England,1,0,0,0,0,0,12,,,3.135e+05,
2016,42413,Darron Gibson,Everton,28.68,Midfield,Central Midfield,Ireland  Northern Ireland,7,2,0,1,0,0,12,1.5e+06,3e+06,2.536e+06,-0.4086
2016,3291,Gareth Barry,Everton,35.35,Midfield,Defensive Midfield,England,33,32,0,1,0,0,12,2e+06,2.5e+06,2.902e+06,-0.3107
2016,129476,Gerard Deulofeu,Everton,22.3,Attack,Centre-Forward,Spain,26,16,2,8,0,0,12,9e+06,6e+06,8.307e+06,0.08342
2016,45333,James McCarthy,Everton,25.63,Midfield,Central Midfield,Ireland  Scotland,29,29,2,2,0,0,12,1.7e+07,1.7e+07,1.182e+07,0.4386
2016,101118,Joel Robles,Everton,26.04,Goalkeeper,Goalkeeper,Spain,13,13,0,0,3,0,12,5e+06,3e+06,3.539e+06,0.4126
2016,186590,John Stones,Everton,22.09,Defender,Centre-Back,England,33,31,0,0,0,0,12,2.8e+07,1.3e+07,9.364e+06,1.99
2016,258883,Jonjoe Kenny,Everton,19.3,Defender,Right-Back,England  Ireland,1,0,0,0,0,0,12,,,6.594e+05,
2016,33639,Kevin Mirallas,Everton,28.74,Attack,Right Winger,Belgium  Spain,23,10,4,2,0,0,12,1.3e+07,1.5e+07,6.021e+06,1.159
2016,258916,Kieran Dowell,Everton,18.72,Midfield,Attacking Midfield,England,2,1,0,0,0,0,12,,,5.359e+05,
2016,13507,Leighton Baines,Everton,31.55,Defender,Left-Back,England,18,16,2,2,0,0,12,1.3e+07,1.8e+07,7.463e+06,0.7419
2016,3620,Leon Osman,Everton,35.12,Midfield,Central Midfield,England,9,2,0,0,0,0,12,1e+06,1e+06,9.36e+05,0.06833
2016,220755,Matthew Pennington,Everton,21.74,Defender,Centre-Back,England,4,4,0,0,0,0,12,,,1.279e+06,
2016,93905,Muhamed Besic,Everton,23.81,Midfield,Defensive Midfield,Bosnia-Herzegovina  Germany,12,7,0,0,0,0,12,6e+06,5e+06,3.331e+06,0.8012
2016,209781,Oumar Niasse,Everton,26.2,Attack,Centre-Forward,Senegal,5,2,0,0,0,6,12,1.2e+07,5e+06,2.958e+06,3.056
2016,13520,Phil Jagielka,Everton,33.87,Defender,Centre-Back,England  Poland,21,21,0,0,0,0,12,3.5e+06,4.5e+06,3.129e+06,0.1185
2016,11111,Ramiro Funes Mori,Everton,25.33,Defender,Centre-Back,Argentina  United States,28,24,4,1,0,0,12,1.2e+07,6e+06,6.726e+06,0.7841
2016,96341,Romelu Lukaku,Everton,23.13,Attack,Centre-Forward,Belgium  DR Congo,37,36,18,6,0,0,12,4e+07,2.8e+07,3.089e+07,0.2948
2016,131978,Ross Barkley,Everton,22.57,Midfield,Central Midfield,England,38,36,8,8,0,0,12,2.2e+07,1.6e+07,1.913e+07,0.1501
2016,4321,Steven Pienaar,Everton,34.29,Midfield,Left Midfield,South Africa,4,0,0,0,0,0,12,1.5e+06,2e+06,1.21e+06,0.2398
2016,68390,Séamus Coleman,Everton,27.72,Defender,Right-Back,Ireland,28,27,1,3,0,0,12,1.7e+07,1.9e+07,8.73e+06,0.9472
2016,4267,Tim Howard,Everton,37.32,Goalkeeper,Goalkeeper,United States  Hungary,25,25,0,0,7,0,12,2e+06,2e+06,2.42e+06,-0.1736
2016,73484,Tom Cleverley,Everton,26.89,Midfield,Central Midfield,England,22,17,2,4,0,0,12,9e+06,9e+06,8.385e+06,0.0733
2016,314210,Tom Davies,Everton,18,Midfield,Central Midfield,England,2,1,0,0,0,0,12,,,6.016e+05,
2016,3614,Tony Hibbert,Everton,35.36,Defender,Right-Back,England,1,0,0,0,0,0,12,5e+05,5e+05,7.294e+05,-0.3145
2016,156934,Tyias Browning,Everton,22.1,Defender,Centre-Back,China  England,5,3,0,0,0,0,12,1e+06,,1.036e+06,-0.03519
2016,46580,Andrej Kramaric,Leicester,25.03,Midfield,Attacking Midfield,Croatia,2,0,0,0,0,0,1,9e+06,8e+06,5.942e+06,0.5147
2016,56872,Andy King,Leicester,27.67,Midfield,Central Midfield,Wales  England,25,9,2,2,0,0,1,3.5e+06,3e+06,7.356e+06,-0.5242
2016,6636,Christian Fuchs,Leicester,30.23,Defender,Left-Back,Austria,32,30,0,4,0,0,1,6e+06,3e+06,1.201e+07,-0.5004
2016,214056,Daniel Amartey,Leicester,21.53,Defender,Centre-Back,Ghana,5,1,0,0,0,0,1,5e+06,1.5e+06,4.362e+06,0.1461
2016,73491,Danny Drinkwater,Leicester,26.32,Midfield,Central Midfield,England,35,35,3,7,0,0,1,1e+07,3e+06,1.52e+07,-0.342
2016,37442,Danny Simpson,Leicester,29.49,Defender,Right-Back,England  Jamaica,30,30,0,0,0,0,1,5e+06,2e+06,9.579e+06,-0.478
2016,292417,Demarai Gray,Leicester,20.01,Attack,Left Winger,Jamaica  England,12,1,0,1,0,0,1,6e+06,3.5e+06,5.247e+06,0.1435
2016,19041,Gökhan Inler,Leicester,32.01,Midfield,Defensive Midfield,Switzerland  Türkiye,5,3,0,0,0,0,1,4.5e+06,7.5e+06,4.173e+06,0.07848
2016,197838,Jamie Vardy,Leicester,29.47,Attack,Centre-Forward,England,36,36,24,7,0,0,1,2e+07,4.5e+06,3.22e+07,-0.3788
2016,157506,Jeffrey Schlupp,Leicester,23.52,Midfield,Left Midfield,Ghana  Germany,24,14,1,2,0,0,1,8e+06,6e+06,1.255e+07,-0.3627
2016,261738,Joseph Dodoo,Leicester,21.01,Attack,Left Winger,England  Ghana,1,0,0,0,0,0,1,,,1.122e+06,
2016,16911,Kasper Schmeichel,Leicester,29.65,Goalkeeper,Goalkeeper,Denmark,38,38,0,0,15,0,1,8e+06,4.5e+06,1.356e+07,-0.4102
2016,54890,Leonardo Ulloa,Leicester,29.93,Attack,Centre-Forward,Argentina  Spain,29,7,6,3,0,0,1,8e+06,8.5e+06,1.028e+07,-0.2214
2016,61560,Marc Albrighton,Leicester,26.62,Midfield,Right Midfield,England,38,34,2,7,0,0,1,6e+06,1.5e+06,1.567e+07,-0.6172
2016,37011,Nathan Dyer,Leicester,28.59,Attack,Right Winger,England  Jamaica,13,0,1,1,0,0,1,4e+06,4.5e+06,9.003e+06,-0.5557
2016,225083,Ngolo Kante,Leicester,25.26,Midfield,Defensive Midfield,France  Mali,37,33,1,4,0,0,1,3e+07,4.5e+06,1.912e+07,0.5688
2016,55687,Ritchie De Laet,Leicester,27.59,Defender,Right-Back,Belgium,12,7,1,0,0,0,1,2e+06,2.5e+06,6.297e+06,-0.6824
2016,171424,Riyad Mahrez,Leicester,25.36,Attack,Right Winger,Algeria  France,37,36,17,10,0,0,1,3e+07,7e+06,3.111e+07,-0.03576
2016,2998,Robert Huth,Leicester,31.87,Defender,Centre-Back,Germany,35,35,3,0,0,0,1,6e+06,5e+06,1.044e+07,-0.4252
2016,79642,Shinji Okazaki,Leicester,30.21,Attack,Centre-Forward,Japan,36,28,5,0,0,0,1,1e+07,8e+06,1.342e+07,-0.255
2016,10003,Wes Morgan,Leicester,32.44,Defender,Centre-Back,Jamaica  England,38,38,2,0,0,0,1,3.5e+06,1.5e+06,7.146e+06,-0.5102
2016,50477,Yohan Benalouane,Leicester,29.26,Defender,Centre-Back,Tunisia  France,4,0,0,0,0,0,1,2e+06,1.3e+06,7.811e+06,-0.744
2016,43530,Adam Lallana,Liverpool,28.14,Midfield,Attacking Midfield,England,30,23,4,6,0,13,8,1.9e+07,2e+07,1.972e+07,-0.03627
2016,207917,Alberto Moreno,Liverpool,23.99,Defender,Left-Back,Spain,32,28,1,4,0,13,8,1.5e+07,1.5e+07,1.706e+07,-0.1207
2016,175745,Brad Smith,Liverpool,22.23,Defender,Left-Back,Australia  England,4,3,0,0,0,1,8,2e+06,1e+05,1.812e+06,0.104
2016,261357,Cameron Brannagan,Liverpool,20.15,Midfield,Central Midfield,England,3,1,0,0,0,2,8,,,2.019e+06,
2016,50201,Christian Benteke,Liverpool,25.58,Attack,Centre-Forward,Belgium  DR Congo,29,14,9,3,0,7,8,2.7e+07,2e+07,2.026e+07,0.3327
2016,262545,Connor Randall,Liverpool,20.7,Defender,Right-Back,England,3,2,0,0,0,0,8,5e+05,,1.082e+06,-0.5379
2016,47082,Daniel Sturridge,Liverpool,26.83,Attack,Centre-Forward,England,14,11,8,1,0,8,8,2.5e+07,2.5e+07,1.192e+07,1.098
2016,134294,Danny Ings,Liverpool,23.94,Attack,Centre-Forward,England,6,3,2,0,0,2,8,1.2e+07,1.2e+07,1.077e+07,0.1139
2016,203026,Danny Ward,Liverpool,23.03,Goalkeeper,Goalkeeper,Wales,2,2,0,0,0,0,8,1.5e+06,2.5e+05,1.617e+06,-0.07222
2016,37838,Dejan Lovren,Liverpool,26.99,Defender,Centre-Back,Croatia,24,22,0,0,0,10,8,1.5e+07,1.3e+07,1.501e+07,-0.0004946
2016,148368,Divock Origi,Liverpool,21.2,Attack,Centre-Forward,Belgium  Kenya,16,7,5,1,0,12,8,1.1e+07,9e+06,1.56e+07,-0.2947
2016,119296,Emre Can,Liverpool,22.47,Defender,Centre-Back,Germany  Türkiye,30,28,1,0,0,14,8,1.8e+07,1.5e+07,1.738e+07,0.03597
2016,3333,James Milner,Liverpool,30.49,Midfield,Central Midfield,England,28,28,5,11,0,12,8,1.5e+07,1.4e+07,2.734e+07,-0.4513
2016,51452,Joe Allen,Liverpool,26.3,Midfield,Central Midfield,Wales,19,8,2,1,0,11,8,1.2e+07,1e+07,8.485e+06,0.4142
2016,256178,Joe Gomez,Liverpool,19.11,Defender,Centre-Back,England  The Gambia,5,5,0,1,0,2,8,3.5e+06,2.5e+06,3.392e+06,0.03194
2016,145922,Jon Flanagan,Liverpool,23.5,Defender,Right-Back,England  Ireland,5,5,0,1,0,0,8,5e+06,7e+06,2.17e+06,1.304
2016,61651,Jordan Henderson,Liverpool,26.04,Midfield,Defensive Midfield,England,17,15,2,3,0,6,8,2.8e+07,2.8e+07,2.128e+07,0.3156
2016,258924,Jordan Rossiter,Liverpool,19.27,Midfield,Defensive Midfield,England,1,0,0,0,0,3,8,7.5e+05,,1.74e+06,-0.5691
2016,195652,Jordon Ibe,Liverpool,20.56,Attack,Right Winger,England  Nigeria,27,12,1,2,0,6,8,1e+07,5e+06,6.845e+06,0.4609
2016,132214,João Carlos Teixeira,Liverpool,23.45,Midfield,Attacking Midfield,Portugal,1,0,0,0,0,1,8,1e+06,7.5e+05,2.041e+06,-0.5101
2016,200782,Kevin Stewart,Liverpool,22.81,Midfield,Defensive Midfield,Jamaica  England,7,6,0,0,0,0,8,1e+06,,1.94e+06,-0.4846
2016,3202,Kolo Touré,Liverpool,35.29,Defender,Centre-Back,Cote d'Ivoire  England,14,9,1,0,0,8,8,2e+06,2e+06,1.819e+06,0.09972
2016,41414,Lucas Leiva,Liverpool,29.48,Midfield,Defensive Midfield,Brazil  Italy,27,21,0,1,0,7,8,1e+07,1.2e+07,9.95e+06,0.005062
2016,47713,Mamadou Sakho,Liverpool,26.38,Defender,Centre-Back,France  Senegal,22,21,1,0,0,10,8,1.8e+07,1.8e+07,1.294e+07,0.3906
2016,24180,Martin Skrtel,Liverpool,31.54,Defender,Centre-Back,Slovakia,22,21,1,0,0,2,8,8e+06,1.3e+07,9.106e+06,-0.1215
2016,85177,Nathaniel Clyne,Liverpool,25.24,Defender,Right-Back,England  Grenada,33,33,1,0,0,14,8,2.1e+07,1.7e+07,1.416e+07,0.4831
2016,242273,Pedro Chirivella,Liverpool,19.11,Midfield,Defensive Midfield,Spain,1,1,0,0,0,1,8,,,6.046e+05,
2016,80444,Philippe Coutinho,Liverpool,24.05,Midfield,Attacking Midfield,Brazil  Portugal,26,24,8,5,0,13,8,3.5e+07,3e+07,3.302e+07,0.06004
2016,131789,Roberto Firmino,Liverpool,24.75,Attack,Centre-Forward,Brazil,31,24,10,7,0,13,8,3.5e+07,2.5e+07,3.366e+07,0.03969
2016,251845,Sergi Canós,Liverpool,19.41,Attack,Left Winger,Spain,1,0,0,0,0,0,8,2.5e+06,,8.165e+05,2.062
2016,236510,Sheyi Ojo,Liverpool,19.03,Attack,Right Winger,England  Nigeria,8,5,0,3,0,0,8,2e+06,5e+05,3.204e+06,-0.3758
2016,50219,Simon Mignolet,Liverpool,28.32,Goalkeeper,Goalkeeper,Belgium,34,34,0,0,11,15,8,1.2e+07,1.2e+07,1.856e+07,-0.3534
2016,55247,Ádám Bogdán,Liverpool,28.76,Goalkeeper,Goalkeeper,Hungary,2,2,0,0,0,0,8,1.5e+06,2e+06,1.359e+06,0.1038
2016,46156,Aleksandar Kolarov,Man City,30.64,Defender,Left-Back,Serbia,29,25,3,4,0,6,5,1.1e+07,1.1e+07,1.6e+07,-0.3124
2016,26764,Bacary Sagna,Man City,33.38,Defender,Right-Back,France  Senegal,28,27,0,3,0,11,5,8e+06,6e+06,7.937e+06,0.007895
2016,229695,Bersant Celina,Man City,19.81,Midfield,Attacking Midfield,Kosovo  Norway,1,0,0,1,0,0,5,,,9.457e+05,
2016,35518,David Silva,Man City,30.48,Midfield,Attacking Midfield,Spain,24,22,2,11,0,8,5,3.3e+07,3.8e+07,3.598e+07,-0.08279
2016,90681,Eliaquim Mangala,Man City,25.38,Defender,Centre-Back,France  Belgium,23,23,0,0,0,7,5,2.3e+07,2.8e+07,1.656e+07,0.3888
2016,50362,Fabian Delph,Man City,26.61,Midfield,Central Midfield,England  Guyana,17,8,2,0,0,5,5,1e+07,1e+07,1.374e+07,-0.2724
2016,26267,Fernandinho,Man City,31.16,Midfield,Defensive Midfield,Brazil,33,31,2,3,0,12,5,2.8e+07,2.8e+07,1.524e+07,0.8374
2016,51174,Fernando,Man City,28.94,Midfield,Defensive Midfield,Brazil  Portugal,24,17,2,0,0,10,5,1.6e+07,1.6e+07,1.213e+07,0.3191
2016,7449,Gaël Clichy,Man City,30.93,Defender,Left-Back,France  Martinique,14,12,0,1,0,8,5,9e+06,1.1e+07,1.182e+07,-0.2384
2016,15956,Jesús Navas,Man City,30.61,Defender,Right-Back,Spain,34,24,0,7,0,10,5,2e+07,2e+07,1.738e+07,0.1507
2016,40204,Joe Hart,Man City,29.2,Goalkeeper,Goalkeeper,England,35,35,0,0,15,12,5,1.7e+07,1.6e+07,3.003e+07,-0.4339
2016,295330,Kelechi Iheanacho,Man City,19.74,Attack,Centre-Forward,Nigeria,26,7,8,1,0,4,5,7e+06,1e+05,1.119e+07,-0.3744
2016,88755,Kevin De Bruyne,Man City,25.01,Midfield,Attacking Midfield,Belgium,25,22,7,9,0,10,5,6e+07,4.5e+07,6.093e+07,-0.01519
2016,2963,Martín Demichelis,Man City,35.53,Defender,Centre-Back,Argentina  Italy,20,10,0,0,0,4,5,1e+06,2e+06,2.044e+06,-0.5107
2016,54781,Nicolás Otamendi,Man City,28.38,Defender,Centre-Back,Argentina,30,30,1,0,0,12,5,3.2e+07,2.5e+07,1.731e+07,0.8489
2016,20007,Pablo Zabaleta,Man City,31.46,Defender,Right-Back,Argentina  Spain,13,12,0,1,0,3,5,1e+07,1.8e+07,8.127e+06,0.2304
2016,225452,Patrick Roberts,Man City,19.4,Attack,Right Winger,England,1,0,0,0,0,0,5,,2.5e+06,1.004e+06,
2016,134425,Raheem Sterling,Man City,21.56,Attack,Right Winger,England  Jamaica,31,23,6,2,0,10,5,4.5e+07,4e+07,2.97e+07,0.5152
2016,18935,Samir Nasri,Man City,29.02,Midfield,Attacking Midfield,France  Algeria,12,4,2,3,0,1,5,1.5e+07,2.1e+07,1.764e+07,-0.1499
2016,26399,Sergio Agüero,Man City,28.08,Attack,Centre-Forward,Argentina  Spain,30,29,24,2,0,9,5,6e+07,6e+07,7.316e+07,-0.1799
2016,9594,Vincent Kompany,Man City,30.23,Defender,Centre-Back,Belgium  DR Congo,14,13,2,0,0,7,5,3e+07,3e+07,1.312e+07,1.286
2016,19948,Willy Caballero,Man City,34.76,Goalkeeper,Goalkeeper,Argentina  Spain,4,3,0,0,2,1,5,2e+06,4.5e+06,1.533e+06,0.3046
2016,13091,Yaya Touré,Man City,33.14,Midfield,Central Midfield,Cote d'Ivoire  England,32,28,6,5,0,10,5,1.6e+07,2.2e+07,1.192e+07,0.342
2016,177847,Adnan Januzaj,Man United,21.4,Attack,Right Winger,Belgium  Kosovo,5,2,1,0,0,5,4,7e+06,8e+06,7.736e+06,-0.09514
2016,99343,Ander Herrera,Man United,26.88,Midfield,Central Midfield,Spain,27,17,3,2,0,6,4,2.8e+07,2.8e+07,1.638e+07,0.7098
2016,203394,Andreas Pereira,Man United,20.5,Midfield,Attacking Midfield,Brazil  Belgium,4,0,0,0,0,3,4,2e+06,5e+05,2.763e+06,-0.2762
2016,182877,Anthony Martial,Man United,20.57,Attack,Centre-Forward,France  Guadeloupe,31,29,11,3,0,9,4,3.2e+07,8e+06,3.138e+07,0.01982
2016,33544,Antonio Valencia,Man United,30.91,Defender,Right-Back,Ecuador,14,8,0,3,0,4,4,8e+06,1e+07,1.04e+07,-0.2311
2016,14086,Ashley Young,Man United,30.98,Defender,Right-Back,England  Jamaica,18,11,1,2,0,4,4,1e+07,1e+07,1.091e+07,-0.08353
2016,2514,Bastian Schweinsteiger,Man United,31.92,Midfield,Central Midfield,Germany,18,13,1,1,0,8,4,1e+07,2.2e+07,1.079e+07,-0.07343
2016,258879,Cameron Borthwick-Jackson,Man United,19.41,Defender,Left-Back,England,10,6,0,1,0,1,4,3e+06,,2.216e+06,0.3536
2016,50935,Chicharito,Man United,28.08,Attack,Centre-Forward,Mexico,1,0,0,0,0,9,4,2.2e+07,1e+07,9.737e+06,1.259
2016,103427,Chris Smalling,Man United,26.61,Defender,Centre-Back,England  Jamaica,35,35,0,0,0,9,4,2e+07,1.4e+07,1.969e+07,0.01586
2016,12282,Daley Blind,Man United,26.31,Defender,Centre-Back,Netherlands,35,35,1,1,0,10,4,2.2e+07,1.7e+07,1.683e+07,0.3075
2016,59377,David de Gea,Man United,25.65,Goalkeeper,Goalkeeper,Spain,34,34,0,1,15,8,4,4e+07,3e+07,2.795e+07,0.4311
2016,179451,Donald Love,Man United,21.58,Defender,Right-Back,Scotland  England,1,0,0,0,0,1,4,1e+06,,6.013e+05,0.6631
2016,188862,Guillermo Varela,Man United,23.27,Defender,Right-Back,Uruguay  Italy,4,3,0,0,0,4,4,7.5e+05,,4.648e+06,-0.8386
2016,214104,James Wilson,Man United,20.58,Attack,Centre-Forward,England,1,0,0,0,0,0,4,2e+06,2e+06,1.619e+06,0.2356
2016,141660,Jesse Lingard,Man United,23.54,Midfield,Attacking Midfield,England,25,19,4,1,0,7,4,6e+06,1e+06,1.792e+07,-0.6652
2016,44068,Juan Mata,Man United,28.18,Midfield,Attacking Midfield,Spain,38,34,6,6,0,9,4,3.1e+07,3.4e+07,3.885e+07,-0.202
2016,183288,Luke Shaw,Man United,20.97,Defender,Left-Back,England,5,5,0,1,0,1,4,2.1e+07,2.1e+07,7.412e+06,1.833
2016,258923,Marcus Rashford,Man United,18.67,Attack,Left Winger,England  St. Kitts & Nevis,11,11,5,2,0,3,4,7e+06,,3.565e+06,0.9633
2016,39679,Marouane Fellaini,Man United,28.61,Midfield,Central Midfield,Belgium  Morocco,18,12,1,0,0,7,4,1.5e+07,2e+07,1.565e+07,-0.04132
2016,54906,Matteo Darmian,Man United,26.58,Defender,Right-Back,Italy,28,24,1,0,0,5,4,1.5e+07,1.2e+07,2.134e+07,-0.297
2016,167850,Memphis Depay,Man United,22.38,Attack,Centre-Forward,Netherlands  Ghana,29,16,2,0,0,9,4,2.5e+07,2.8e+07,1.81e+07,0.3813
2016,3878,Michael Carrick,Man United,34.93,Midfield,Defensive Midfield,England,28,22,0,0,0,6,4,3e+06,4e+06,5.448e+06,-0.4494
2016,56818,Morgan Schneiderlin,Man United,26.64,Midfield,Defensive Midfield,France,29,25,1,0,0,6,4,2.8e+07,2.8e+07,2.133e+07,0.3129
2016,134424,Nick Powell,Man United,22.28,Midfield,Attacking Midfield,England,1,0,0,0,0,1,4,1.5e+06,2e+06,1.296e+06,0.1578
2016,167268,Paddy McNair,Man United,21.18,Defender,Centre-Back,Northern Ireland,8,3,0,0,0,1,4,4e+06,4.5e+06,5.658e+06,-0.2931
2016,117996,Phil Jones,Man United,24.36,Defender,Centre-Back,England,10,6,0,0,0,2,4,1.4e+07,1.5e+07,9.326e+06,0.5013
2016,30690,Sergio Romero,Man United,29.36,Goalkeeper,Goalkeeper,Argentina  Italy,4,4,0,0,3,2,4,5e+06,5e+06,2.786e+06,0.7946
2016,315131,Timothy Fosu-Mensah,Man United,18.49,Defender,Right-Back,Netherlands  Ghana,8,2,0,1,0,0,4,1e+06,,2.027e+06,-0.5066
2016,3332,Wayne Rooney,Man United,30.69,Attack,Centre-Forward,England,28,27,8,5,0,4,4,3.5e+07,4e+07,3.156e+07,0.1091
2016,118535,Will Keane,Man United,23.47,Attack,Centre-Forward,Ireland  England,1,0,0,0,0,0,4,1.5e+06,3e+05,1.287e+06,0.1651
2016,51152,Aleksandar Mitrović,Newcastle,21.79,Attack,Centre-Forward,Serbia,34,22,9,4,0,0,18,1.2e+07,1.1e+07,9.625e+06,0.2467
2016,61842,Andros Townsend,Newcastle,24.96,Attack,Right Winger,England,16,12,4,2,0,3,18,1.1e+07,8e+06,7.625e+06,0.4426
2016,246968,Ayoze Pérez,Newcastle,22.92,Attack,Centre-Forward,Spain,34,22,6,2,0,0,18,8e+06,7e+06,7.181e+06,0.1141
2016,203348,Chancel Mbemba,Newcastle,21.9,Defender,Centre-Back,DR Congo,33,33,0,0,0,0,18,1e+07,8e+06,4.281e+06,1.336
2016,61637,Emmanuel Rivière,Newcastle,26.33,Attack,Centre-Forward,Martinique  France,3,1,0,0,0,0,18,3.5e+06,5e+06,3.887e+06,-0.09956
2016,6150,Fabricio Coloccini,Newcastle,34.44,Defender,Centre-Back,Argentina  Italy,26,26,1,0,0,0,18,2e+06,2e+06,2.255e+06,-0.1131
2016,184892,Florian Thauvin,Newcastle,23.43,Attack,Second Striker,France,13,3,0,0,0,2,18,9e+06,1.2e+07,7.675e+06,0.1726
2016,43261,Gabriel Obertan,Newcastle,27.34,Attack,Right Winger,France  Guadeloupe,5,3,0,1,0,0,18,1e+06,1e+06,2.98e+06,-0.6644
2016,49499,Georginio Wijnaldum,Newcastle,25.64,Midfield,Central Midfield,Netherlands  Suriname,38,36,11,5,0,0,18,2.2e+07,1.5e+07,1.052e+07,1.091
2016,51540,Henri Saivet,Newcastle,25.68,Midfield,Attacking Midfield,Senegal  France,4,2,0,0,0,5,18,5e+06,2.5e+06,4.647e+06,0.07592
2016,251664,Ivan Toney,Newcastle,20.29,Attack,Centre-Forward,England  Jamaica,2,0,0,0,0,0,18,5e+05,1.5e+05,1.809e+06,-0.7235
2016,61644,Jack Colback,Newcastle,26.69,Midfield,Defensive Midfield,England,29,28,1,1,0,0,18,6.5e+06,7.5e+06,8.673e+06,-0.2505
2016,183318,Jamaal Lascelles,Newcastle,22.64,Defender,Centre-Back,England  Barbados,18,10,2,0,0,0,18,4e+06,4e+06,2.296e+06,0.7421
2016,99397,Karl Darlow,Newcastle,25.73,Goalkeeper,Goalkeeper,Wales  England,9,9,0,0,3,0,18,2.5e+06,3.5e+06,1.65e+06,0.5151
2016,183321,Kevin Mbabu,Newcastle,21.2,Defender,Right-Back,Switzerland  DR Congo,3,2,0,0,0,0,18,2.5e+05,,7.105e+05,-0.6481
2016,170929,Massadio Haïdara,Newcastle,23.58,Defender,Left-Back,Mali  France,7,6,0,1,0,0,18,1.5e+06,2e+06,4.136e+06,-0.6373
2016,46001,Moussa Sissoko,Newcastle,26.87,Midfield,Central Midfield,France  Mali,37,37,1,8,0,0,18,1.8e+07,1.5e+07,1.277e+07,0.41
2016,33952,Papiss Demba Cissé,Newcastle,31.08,Attack,Centre-Forward,Senegal  France,21,14,3,0,0,0,18,7.5e+06,8e+06,4.558e+06,0.6453
2016,170321,Paul Dummett,Newcastle,24.76,Defender,Left-Back,Wales  England,23,23,1,0,0,0,18,3.5e+06,3.5e+06,4.91e+06,-0.2872
2016,39037,Rob Elliot,Newcastle,30.17,Goalkeeper,Goalkeeper,Ireland  England,21,21,0,0,4,0,18,1.5e+06,1e+06,3.282e+06,-0.543
2016,258188,Rolando Aarons,Newcastle,20.62,Attack,Left Winger,Jamaica  England,10,3,1,1,0,0,18,1e+06,1e+06,1.99e+06,-0.4976
2016,45509,Siem de Jong,Newcastle,27.42,Midfield,Attacking Midfield,Netherlands,18,3,0,1,0,0,18,7e+06,9e+06,2.312e+06,2.028
2016,33027,Tim Krul,Newcastle,28.24,Goalkeeper,Goalkeeper,Netherlands,8,8,0,0,1,0,18,8e+06,8e+06,5.235e+06,0.5283
2016,30670,Vurnon Anita,Newcastle,27.24,Midfield,Defensive Midfield,Curacao  Netherlands,28,24,1,3,0,0,18,4e+06,4e+06,6.44e+06,-0.3789
2016,12384,Alexander Tettey,Norwich,30.24,Midfield,Defensive Midfield,Norway,23,23,2,0,0,0,19,3e+06,3.5e+06,3.513e+06,-0.1461
2016,128912,Andre Wisdom,Norwich,23.15,Defender,Right-Back,England  Jamaica,10,9,0,0,0,0,19,3e+06,5e+06,4.031e+06,-0.2558
2016,49327,Bradley Johnson,Norwich,29.18,Midfield,Central Midfield,England,4,1,0,0,0,0,19,6e+06,4e+06,2.401e+06,1.499
2016,35855,Cameron Jerome,Norwich,29.88,Attack,Centre-Forward,Grenada  England,34,19,3,2,0,0,19,2.5e+06,3e+06,4.613e+06,-0.4581
2016,74088,Declan Rudd,Norwich,25.46,Goalkeeper,Goalkeeper,England,11,11,0,0,2,0,19,2e+06,5e+05,1.903e+06,0.05075
2016,44624,Dieumerci Mbokani,Norwich,30.61,Attack,Centre-Forward,DR Congo,29,15,7,1,0,0,19,7e+06,8.5e+06,3.488e+06,1.007
2016,3995,Gary Oneil,Norwich,33.12,Midfield,Central Midfield,England,27,19,0,0,0,0,19,7.5e+05,1e+06,2.18e+06,-0.6559
2016,36608,Graham Dorrans,Norwich,29.16,Midfield,Central Midfield,Scotland,21,14,0,1,0,0,19,3.5e+06,2e+06,4.013e+06,-0.1279
2016,82281,Ivo Pinto,Norwich,26.48,Defender,Right-Back,Portugal,10,9,0,0,0,3,19,4e+06,4e+06,3.27e+06,0.2232
2016,29712,John Ruddy,Norwich,29.69,Goalkeeper,Goalkeeper,England,27,27,0,0,3,0,19,3e+06,4.5e+06,3.917e+06,-0.234
2016,45395,Jonathan Howson,Norwich,28.11,Midfield,Central Midfield,England,36,33,3,4,0,0,19,4e+06,3e+06,5.53e+06,-0.2767
2016,36884,Kyle Lafferty,Norwich,28.79,Attack,Centre-Forward,Northern Ireland,1,0,0,0,0,0,19,2e+06,2.25e+06,9.287e+05,1.153
2016,38073,Martin Olsson,Norwich,28.12,Defender,Left-Back,Sweden,24,20,1,2,0,0,19,3.5e+06,4e+06,4.061e+06,-0.1382
2016,15921,Matt Jarvis,Norwich,30.11,Attack,Left Winger,England,22,13,1,1,0,0,19,3e+06,3e+06,3.848e+06,-0.2204
2016,129078,Nathan Redmond,Norwich,22.32,Attack,Right Winger,England  Jamaica,35,24,6,2,0,0,19,1e+07,6.5e+06,6.72e+06,0.488
2016,183334,Patrick Bamford,Norwich,22.82,Attack,Centre-Forward,England  Ireland,13,2,0,0,0,0,19,5e+06,5e+06,3.087e+06,0.6195
2016,128229,Robbie Brady,Norwich,24.46,Midfield,Left Midfield,Ireland,36,34,3,2,0,0,19,8e+06,2e+06,6.527e+06,0.2258
2016,67303,Russell Martin,Norwich,30.49,Defender,Centre-Back,Scotland  England,30,30,3,0,0,0,19,3e+06,3e+06,3.677e+06,-0.1841
2016,67252,Ryan Bennett,Norwich,26.32,Defender,Centre-Back,England,22,20,0,0,0,0,19,2e+06,1.5e+06,3.162e+06,-0.3674
2016,12763,Steven Naismith,Norwich,29.8,Attack,Second Striker,Scotland,23,15,4,1,0,0,19,6e+06,5e+06,4.419e+06,0.3577
2016,12704,Steven Whittaker,Norwich,32.04,Defender,Right-Back,Scotland,8,8,1,0,0,0,19,1.25e+06,2e+06,1.665e+06,-0.2492
2016,33951,Sébastien Bassong,Norwich,29.98,Defender,Centre-Back,Cameroon  France,32,30,1,0,0,0,19,3e+06,3e+06,3.682e+06,-0.1852
2016,65255,Timm Klose,Norwich,28.15,Defender,Centre-Back,Switzerland  Germany,10,10,1,0,0,2,19,5.5e+06,3e+06,4.912e+06,0.1196
2016,24589,Wes Hoolahan,Norwich,34.12,Midfield,Attacking Midfield,Ireland,30,25,4,8,0,0,19,2e+06,1e+06,2.8e+06,-0.2856
2016,45272,Youssouf Mulumbu,Norwich,29.43,Midfield,Defensive Midfield,DR Congo  France,7,5,0,0,0,0,19,2.5e+06,3.5e+06,3.121e+06,-0.1991
2016,129627,Charlie Austin,Southampton,26.99,Attack,Centre-Forward,England,7,2,1,0,0,0,6,1.3e+07,9e+06,9.325e+06,0.3941
2016,91251,Cuco Martina,Southampton,26.77,Defender,Centre-Back,Curacao  Netherlands,15,11,1,1,0,0,6,2e+06,1.25e+06,4.274e+06,-0.532
2016,112988,Cédric Soares,Southampton,24.84,Defender,Right-Back,Portugal  Germany,24,23,0,2,0,0,6,1.2e+07,9.5e+06,7.085e+06,0.6937
2016,36139,Dušan Tadić,Southampton,27.61,Attack,Right Winger,Serbia,34,27,8,13,0,0,6,1.7e+07,1.5e+07,2.213e+07,-0.2317
2016,52570,Fraser Forster,Southampton,28.29,Goalkeeper,Goalkeeper,England,18,18,0,0,6,0,6,1.5e+07,1.2e+07,9.168e+06,0.6361
2016,123742,Gastón Ramírez,Southampton,25.58,Midfield,Central Midfield,Uruguay,3,0,0,1,0,0,6,5e+06,5e+06,5.292e+06,-0.05519
2016,29594,Graziano Pellè,Southampton,30.96,Attack,Centre-Forward,Italy,30,23,11,7,0,0,6,1.1e+07,1.1e+07,1.719e+07,-0.3602
2016,226973,Harrison Reed,Southampton,21.43,Midfield,Central Midfield,England,1,0,0,0,0,0,6,1.5e+06,1.5e+06,1.363e+06,0.1005
2016,181579,James Ward-Prowse,Southampton,21.66,Midfield,Central Midfield,England,33,14,2,4,0,0,6,1.1e+07,9e+06,1.026e+07,0.07174
2016,53360,Jay Rodríguez,Southampton,26.92,Attack,Centre-Forward,England  Spain,12,3,0,0,0,0,6,1.3e+07,1.25e+07,5.002e+06,1.599
2016,104223,Jordy Clasie,Southampton,25.01,Midfield,Defensive Midfield,Netherlands,22,20,0,0,0,0,6,1.1e+07,1e+07,9.466e+06,0.1621
2016,33829,José Fonte,Southampton,32.53,Defender,Centre-Back,Portugal,37,37,2,1,0,0,6,6e+06,5e+06,7.569e+06,-0.2073
2016,126737,Juanmi,Southampton,23.12,Attack,Left Winger,Spain,12,0,0,0,0,0,6,5e+06,7e+06,8.182e+06,-0.3889
2016,13640,Kelvin Davis,Southampton,39.75,Goalkeeper,Goalkeeper,England,1,1,0,0,0,0,6,2.5e+05,2.5e+05,6.635e+05,-0.6232
2016,4311,Maarten Stekelenburg,Southampton,33.77,Goalkeeper,Goalkeeper,Netherlands,17,17,0,0,6,0,6,1e+06,1e+06,2.876e+06,-0.6522
2016,250478,Matt Targett,Southampton,20.79,Defender,Left-Back,England  Scotland,14,13,0,1,0,0,6,3e+06,2e+06,5.219e+06,-0.4252
2016,81789,Maya Yoshida,Southampton,27.85,Defender,Centre-Back,Japan,20,10,1,0,0,0,6,4e+06,5e+06,7.659e+06,-0.4778
2016,66100,Oriol Romeu,Southampton,24.77,Midfield,Defensive Midfield,Spain,29,17,1,0,0,0,6,5e+06,2.5e+06,9.467e+06,-0.4719
2016,195488,Paulo Gazzaniga,Southampton,24.5,Goalkeeper,Goalkeeper,Argentina  Italy,2,2,0,0,0,0,6,1e+06,1e+06,1.496e+06,-0.3315
2016,40611,Ryan Bertrand,Southampton,26.9,Defender,Left-Back,England,32,32,1,3,0,0,6,1.4e+07,1e+07,1.275e+07,0.09761
2016,200512,Sadio Mané,Southampton,24.22,Attack,Left Winger,Senegal,37,30,11,6,0,0,6,3e+07,1.8e+07,2.731e+07,0.09857
2016,37304,Shane Long,Southampton,29.44,Attack,Centre-Forward,Ireland,28,23,10,4,0,0,6,1e+07,9e+06,1.558e+07,-0.3581
2016,121280,Steven Caulker,Southampton,24.51,Defender,Centre-Back,Sierra Leone  England,6,1,0,0,0,0,6,7.5e+06,7.5e+06,6.849e+06,0.09498
2016,28973,Steven Davis,Southampton,31.5,Midfield,Central Midfield,Northern Ireland,34,31,5,3,0,0,6,6e+06,5.5e+06,1.077e+07,-0.4429
2016,77760,Victor Wanyama,Southampton,25.02,Midfield,Defensive Midfield,Kenya,30,29,1,1,0,0,6,1.5e+07,1.5e+07,1.423e+07,0.05381
2016,139208,Virgil van Dijk,Southampton,24.98,Defender,Centre-Back,Netherlands  Suriname,34,34,3,0,0,0,6,1.2e+07,5e+06,1.39e+07,-0.1364
2016,44675,Bojan Krkic,Stoke,25.84,Attack,Second Striker,Spain  Serbia,27,22,7,1,0,0,9,1e+07,7e+06,1.101e+07,-0.09206
2016,28990,Charlie Adam,Stoke,30.56,Midfield,Central Midfield,Scotland,22,12,1,1,0,0,9,4.5e+06,4.5e+06,4.719e+06,-0.04646
2016,43763,Erik Pieters,Stoke,27.9,Defender,Left-Back,Netherlands,35,35,0,1,0,0,9,7e+06,3e+06,7.96e+06,-0.1207
2016,31642,Geoff Cameron,Stoke,30.97,Defender,Centre-Back,United States,30,27,0,0,0,0,9,3e+06,3e+06,5.072e+06,-0.4085
2016,130756,Giannelli Imbula,Stoke,23.8,Midfield,Defensive Midfield,DR Congo  France,14,14,2,0,0,5,9,1.8e+07,1.2e+07,1.52e+07,0.1845
2016,3881,Glen Johnson,Stoke,31.85,Defender,Right-Back,England,25,25,0,3,0,0,9,7e+06,7e+06,5.521e+06,0.2678
2016,12124,Glenn Whelan,Stoke,32.47,Midfield,Defensive Midfield,Ireland,37,37,0,1,0,0,9,3e+06,2e+06,5.201e+06,-0.4232
2016,15760,Ibrahim Afellay,Stoke,30.25,Midfield,Attacking Midfield,Netherlands  Morocco,31,24,2,3,0,0,9,5e+06,4e+06,5.001e+06,-0.000106
2016,128899,Jack Butland,Stoke,23.31,Goalkeeper,Goalkeeper,England,31,31,0,0,10,0,9,9e+06,4e+06,7.561e+06,0.1904
2016,138335,Jakob Haugaard,Stoke,24.17,Goalkeeper,Goalkeeper,Denmark,5,4,0,0,0,0,9,1e+06,7.5e+05,1.704e+06,-0.4131
2016,3306,Jonathan Walters,Stoke,32.78,Attack,Right Winger,Ireland  England,27,18,5,3,0,0,9,3.5e+06,3.5e+06,5.277e+06,-0.3368
2016,81999,Joselu,Stoke,26.26,Attack,Centre-Forward,Spain  Germany,22,10,4,1,0,0,9,6e+06,6e+06,7.256e+06,-0.1731
2016,62049,Mame Diouf,Stoke,28.54,Attack,Centre-Forward,Senegal,26,12,5,1,0,0,9,8e+06,1e+07,7.48e+06,0.0695
2016,74228,Marc Muniesa,Stoke,24.26,Defender,Centre-Back,Spain,15,12,0,0,0,0,9,3.5e+06,3e+06,3.906e+06,-0.104
2016,30456,Marc Wilson,Stoke,28.87,Defender,Centre-Back,Ireland  Northern Ireland,4,1,0,0,0,0,9,3e+06,4e+06,5.253e+06,-0.4289
2016,147034,Marco van Ginkel,Stoke,23.58,Midfield,Central Midfield,Netherlands,17,8,0,0,0,2,9,7e+06,7.5e+06,7.322e+06,-0.04397
2016,41384,Marko Arnautovic,Stoke,27.2,Attack,Centre-Forward,Austria  Serbia,34,33,11,6,0,0,9,1.2e+07,5e+06,1.699e+07,-0.2936
2016,4072,Peter Crouch,Stoke,35.42,Attack,Centre-Forward,England  Ireland,11,4,0,1,0,0,9,1.5e+06,2e+06,1.126e+06,0.3316
2016,12516,Peter Odemwingie,Stoke,34.96,Attack,Centre-Forward,Nigeria  Russia,5,0,0,0,0,0,9,1.5e+06,1.5e+06,1.241e+06,0.2087
2016,15773,Phil Bardsley,Stoke,31.01,Defender,Right-Back,Scotland  England,11,9,0,1,0,0,9,1.5e+06,2e+06,4.395e+06,-0.6587
2016,53173,Philipp Wollscheid,Stoke,27.32,Defender,Centre-Back,Germany,31,30,0,0,0,0,9,7.5e+06,5e+06,7.986e+06,-0.06088
2016,45861,Ryan Shawcross,Stoke,28.74,Defender,Centre-Back,England  Wales,20,20,0,0,0,0,9,1.1e+07,9e+06,9.321e+06,0.1801
2016,3146,Shay Given,Stoke,40.2,Goalkeeper,Goalkeeper,Ireland,3,3,0,0,0,0,9,5e+05,5e+05,7.939e+05,-0.3702
2016,34838,Stephen Ireland,Stoke,29.86,Midfield,Attacking Midfield,Ireland,13,0,0,1,0,0,9,1.5e+06,2e+06,4.174e+06,-0.6407
2016,13427,Steve Sidwell,Stoke,33.55,Midfield,Central Midfield,England,1,0,0,0,0,0,9,1e+06,1.5e+06,1.228e+06,-0.1859
2016,86792,Xherdan Shaqiri,Stoke,24.73,Midfield,Attacking Midfield,Switzerland  Kosovo,27,27,3,6,0,0,9,1.5e+07,1.7e+07,1.224e+07,0.225
2016,31579,Adam Johnson,Sunderland,28.97,Attack,Right Winger,England,19,11,2,5,0,0,17,7.5e+06,7.5e+06,7.035e+06,0.06615
2016,108878,Adam Matthews,Sunderland,24.47,Defender,Right-Back,Wales,1,0,0,0,0,0,17,2.5e+06,2.5e+06,1.171e+06,1.135
2016,36866,Billy Jones,Sunderland,29.27,Defender,Right-Back,England,24,23,1,0,0,0,17,1.5e+06,2e+06,3.822e+06,-0.6075
2016,47659,Costel Pantilimon,Sunderland,29.41,Goalkeeper,Goalkeeper,Romania,17,17,0,0,3,0,17,4.5e+06,6e+06,4.819e+06,-0.06618
2016,29152,Danny Graham,Sunderland,30.89,Attack,Centre-Forward,England,10,4,0,0,0,0,17,1.5e+06,1.5e+06,2.576e+06,-0.4177
2016,255916,DeAndre Yedlin,Sunderland,22.98,Defender,Right-Back,United States  Latvia,23,21,0,1,0,0,17,4e+06,1.5e+06,3.469e+06,0.1531
2016,248045,Duncan Watmore,Sunderland,22.32,Attack,Right Winger,England,23,7,3,1,0,0,17,2.5e+06,,4.222e+06,-0.4079
2016,96754,Fabio Borini,Sunderland,25.26,Attack,Left Winger,Italy,26,22,5,2,0,0,17,6e+06,7e+06,7.799e+06,-0.2307
2016,218140,George Honeyman,Sunderland,21.81,Midfield,Attacking Midfield,England,1,0,0,0,0,0,17,2.5e+05,,6.141e+05,-0.5929
2016,57079,Jack Rodwell,Sunderland,25.31,Defender,Centre-Back,England,22,9,1,0,0,0,17,7e+06,9e+06,4.627e+06,0.5128
2016,49734,Jan Kirchhoff,Sunderland,25.75,Midfield,Defensive Midfield,Germany,15,14,0,0,0,0,17,3e+06,2e+06,4.999e+06,-0.3999
2016,38497,Jeremain Lens,Sunderland,28.6,Attack,Right Winger,Netherlands  Suriname,20,14,3,3,0,0,17,1.1e+07,1.2e+07,4.63e+06,1.376
2016,3875,Jermain Defoe,Sunderland,33.73,Attack,Centre-Forward,England  St. Lucia,33,28,15,1,0,0,17,6.5e+06,6e+06,4.849e+06,0.3405
2016,3540,John Oshea,Sunderland,35.17,Defender,Centre-Back,Ireland,28,23,0,0,0,0,17,1e+06,1e+06,2.327e+06,-0.5703
2016,130164,Jordan Pickford,Sunderland,22.32,Goalkeeper,Goalkeeper,England,2,2,0,0,0,0,17,1e+06,2.5e+05,1.4e+06,-0.2858
2016,39010,Jordi Gómez,Sunderland,31.1,Midfield,Central Midfield,Spain,6,5,0,0,0,0,17,2e+06,3e+06,3.353e+06,-0.4034
2016,57420,Lamine Koné,Sunderland,27.41,Defender,Centre-Back,Cote d'Ivoire  France,15,15,2,1,0,0,17,6e+06,2.5e+06,7.991e+06,-0.2492
2016,36500,Ola Toivonen,Sunderland,30,Attack,Centre-Forward,Sweden  Finland,12,9,0,2,0,0,17,2.5e+06,4e+06,3.847e+06,-0.3501
2016,52119,Patrick van Aanholt,Sunderland,25.84,Defender,Left-Back,Netherlands  Curacao,33,33,5,4,0,0,17,6e+06,3.5e+06,9.278e+06,-0.3533
2016,31720,Sebastian Larsson,Sunderland,31.07,Midfield,Central Midfield,Sweden,18,6,0,1,0,0,17,2.5e+06,3.5e+06,4.52e+06,-0.4469
2016,102427,Sebastián Coates,Sunderland,25.73,Defender,Centre-Back,Uruguay  Spain,16,14,0,1,0,1,17,5e+06,2.5e+06,3.58e+06,0.3966
2016,35099,Steven Fletcher,Sunderland,29.27,Attack,Centre-Forward,Scotland  England,16,11,4,0,0,2,17,3e+06,4.5e+06,7.297e+06,-0.5889
2016,33781,Vito Mannone,Sunderland,28.33,Goalkeeper,Goalkeeper,Italy,19,19,0,0,4,0,17,2.5e+06,2.5e+06,3.975e+06,-0.371
2016,103565,Wahbi Khazri,Sunderland,25.39,Attack,Left Winger,Tunisia  France,14,13,2,1,0,4,17,9e+06,7e+06,1.201e+07,-0.2509
2016,3405,Wes Brown,Sunderland,36.72,Defender,Centre-Back,England,6,6,0,0,0,0,17,5e+05,5e+05,7.8e+05,-0.359
2016,60573,Yann Mvila,Sunderland,26.01,Midfield,Defensive Midfield,France  Congo,37,36,1,4,0,0,17,7e+06,7e+06,8.354e+06,-0.1621
2016,27114,Younès Kaboul,Sunderland,30.49,Defender,Centre-Back,France  Morocco,23,22,0,1,0,0,17,2.5e+06,4.5e+06,4.296e+06,-0.418
2016,68306,Alberto Paloschi,Swansea,26.49,Attack,Centre-Forward,Italy,10,7,2,0,0,0,11,6e+06,6e+06,7.928e+06,-0.2432
2016,45403,André Ayew,Swansea,26.54,Attack,Centre-Forward,Ghana  France,34,34,12,3,0,0,11,1.8e+07,1.3e+07,1.936e+07,-0.07003
2016,67355,Ashley Williams,Swansea,31.85,Defender,Centre-Back,Wales  England,36,36,2,1,0,0,11,8e+06,6.5e+06,5.336e+06,0.4993
2016,85475,Federico Fernández,Swansea,27.36,Defender,Centre-Back,Argentina  Italy,32,32,1,1,0,0,11,9e+06,9e+06,8.03e+06,0.1208
2016,90466,Gylfi Sigurdsson,Swansea,26.81,Midfield,Attacking Midfield,Iceland,36,32,11,4,0,0,11,1.7e+07,1.1e+07,1.905e+07,-0.1075
2016,40613,Jack Cork,Swansea,27.02,Midfield,Defensive Midfield,England,35,28,1,2,0,0,11,5e+06,4e+06,7.982e+06,-0.3736
2016,171260,Jay Fulton,Swansea,22.25,Midfield,Central Midfield,Scotland  England,2,0,0,0,0,0,11,2.5e+05,,1.059e+06,-0.7638
2016,77932,Jefferson Montero,Swansea,26.83,Attack,Left Winger,Ecuador,23,14,0,2,0,0,11,5.5e+06,5.5e+06,4.727e+06,0.1634
2016,71292,Jonjo Shelvey,Swansea,24.34,Midfield,Central Midfield,England  Ireland,31,25,1,5,0,0,11,1.1e+07,1.2e+07,9.657e+06,0.1391
2016,85289,Jordi Amat,Swansea,24.28,Defender,Centre-Back,Indonesia  Spain,8,5,0,0,0,0,11,2.5e+06,2e+06,2.685e+06,-0.06884
2016,75890,Kristoffer Nordfeldt,Swansea,27.02,Goalkeeper,Goalkeeper,Sweden,1,1,0,0,0,0,11,2.5e+06,3e+06,1.169e+06,1.139
2016,67421,Kyle Bartley,Swansea,25.11,Defender,Centre-Back,England  Jamaica,5,3,0,0,0,0,11,1e+06,1e+06,1.684e+06,-0.406
2016,66219,Kyle Naughton,Swansea,27.62,Defender,Right-Back,England  Ireland,27,19,0,3,0,0,11,5e+06,5.5e+06,4.809e+06,0.03978
2016,40043,Leon Britton,Swansea,33.79,Midfield,Central Midfield,England,25,19,0,0,0,0,11,1.5e+06,1.5e+06,1.857e+06,-0.1923
2016,63342,Leroy Fer,Swansea,26.49,Midfield,Defensive Midfield,Netherlands  Curacao,11,9,0,2,0,0,11,8e+06,8.5e+06,6.843e+06,0.169
2016,29692,Lukasz Fabianski,Swansea,31.2,Goalkeeper,Goalkeeper,Poland,37,37,0,0,9,0,11,9e+06,7e+06,6.835e+06,0.3167
2016,37787,Marvin Emnes,Swansea,28.1,Attack,Centre-Forward,Netherlands  Suriname,2,1,0,0,0,0,11,1e+06,1.5e+06,2.217e+06,-0.5489
2016,265471,Matt Grimes,Swansea,20.96,Midfield,Defensive Midfield,England,1,1,0,0,0,0,11,2e+06,2e+06,1.036e+06,0.9308
2016,189070,Modou Barrow,Swansea,23.72,Attack,Left Winger,The Gambia  Sweden,22,6,1,2,0,0,11,3e+06,1.5e+06,3.768e+06,-0.2037
2016,67416,Neil Taylor,Swansea,27.39,Defender,Left-Back,Wales  India,34,33,0,1,0,0,11,6e+06,4.5e+06,7.574e+06,-0.2078
2016,184398,Stephen Kingsley,Swansea,21.94,Defender,Left-Back,Scotland,4,4,0,1,0,0,11,5e+05,5e+05,9.353e+05,-0.4654
2016,81796,Sung-yueng Ki,Swansea,27.43,Midfield,Defensive Midfield,"Korea, South",28,21,2,1,0,0,11,7.5e+06,1e+07,7.73e+06,-0.02973
2016,14066,Wayne Routledge,Swansea,31.48,Attack,Left Winger,England  Jamaica,28,22,2,1,0,0,11,3e+06,3e+06,4.254e+06,-0.2947
2016,66550,Ángel Rangel,Swansea,33.59,Defender,Right-Back,Spain,23,20,0,0,0,0,11,1.5e+06,1.5e+06,1.575e+06,-0.04768
2016,192765,Ben Davies,Tottenham,23.19,Defender,Centre-Back,Wales,17,14,0,2,0,8,3,9e+06,8e+06,9.885e+06,-0.08948
2016,69633,Christian Eriksen,Tottenham,24.38,Midfield,Attacking Midfield,Denmark,35,33,6,14,0,7,3,3.1e+07,2.7e+07,5.06e+07,-0.3874
2016,241119,Clinton Njie,Tottenham,22.88,Attack,Right Winger,Cameroon,8,0,0,1,0,5,3,1e+07,5e+06,9.279e+06,0.07772
2016,50174,Danny Rose,Tottenham,26,Defender,Left-Back,England  Jamaica,24,24,1,3,0,3,3,1.4e+07,1.1e+07,1.68e+07,-0.1669
2016,207929,Dele Alli,Tottenham,20.22,Midfield,Attacking Midfield,England  Nigeria,33,28,10,8,0,9,3,2e+07,5e+06,4.02e+07,-0.5025
2016,175722,Eric Dier,Tottenham,22.46,Defender,Centre-Back,England  Portugal,37,37,3,2,0,9,3,1.8e+07,1e+07,2.953e+07,-0.3904
2016,111630,Erik Lamela,Tottenham,24.33,Attack,Right Winger,Argentina  Spain,34,28,5,9,0,8,3,2.6e+07,2.2e+07,3.578e+07,-0.2734
2016,132098,Harry Kane,Tottenham,22.93,Attack,Centre-Forward,England  Ireland,38,38,25,1,0,7,3,4e+07,2.5e+07,6.832e+07,-0.4145
2016,91845,Heung-min Son,Tottenham,23.98,Attack,Left Winger,"Korea, South",28,13,4,1,0,7,3,2.5e+07,1.6e+07,2.136e+07,0.1702
2016,17965,Hugo Lloris,Tottenham,29.51,Goalkeeper,Goalkeeper,France,37,37,0,0,13,9,3,2.4e+07,2.2e+07,3.411e+07,-0.2965
2016,43250,Jan Vertonghen,Tottenham,29.19,Defender,Centre-Back,Belgium,29,29,0,0,0,4,3,2.3e+07,1.9e+07,2.244e+07,0.02505
2016,243589,Josh Onomah,Tottenham,19.18,Midfield,Central Midfield,England  Nigeria,8,0,0,0,0,7,3,2e+06,,6.191e+06,-0.677
2016,122675,Kevin Wimmer,Tottenham,23.62,Defender,Centre-Back,Austria,10,9,0,0,0,6,3,7e+06,7.5e+06,1.006e+07,-0.304
2016,95810,Kieran Trippier,Tottenham,25.78,Defender,Right-Back,England,6,5,1,1,0,10,3,6e+06,6e+06,1.271e+07,-0.5281
2016,95424,Kyle Walker,Tottenham,26.09,Defender,Right-Back,England,33,33,1,3,0,0,3,1.5e+07,1.3e+07,1.36e+07,0.1028
2016,26276,Michel Vorm,Tottenham,32.7,Goalkeeper,Goalkeeper,Netherlands  Suriname,1,1,0,0,0,1,3,5e+06,5e+06,1.532e+06,2.263
2016,19368,Mousa Dembélé,Tottenham,28.96,Midfield,Central Midfield,Belgium  Mali,29,27,3,1,0,4,3,1.8e+07,1.4e+07,1.678e+07,0.07267
2016,245537,Nabil Bentaleb,Tottenham,21.6,Midfield,Defensive Midfield,Algeria  France,5,2,0,0,0,2,3,9e+06,1e+07,1.329e+07,-0.3227
2016,59631,Nacer Chadli,Tottenham,26.91,Attack,Left Winger,Belgium  Morocco,29,10,3,2,0,6,3,1.3e+07,1.3e+07,1.634e+07,-0.2042
2016,61834,Ryan Mason,Tottenham,25.05,Midfield,Central Midfield,England,22,8,1,0,0,6,3,7.5e+06,7.5e+06,1.271e+07,-0.4101
2016,42710,Toby Alderweireld,Tottenham,27.33,Defender,Centre-Back,Belgium,38,38,4,2,0,10,3,2.7e+07,1.5e+07,2.52e+07,0.07139
2016,121279,Tom Carroll,Tottenham,24.09,Midfield,Central Midfield,England,19,4,1,0,0,7,3,5e+06,3e+06,6.923e+06,-0.2778
2016,74768,Adlène Guédioura,Watford,30.63,Midfield,Defensive Midfield,Algeria  France,18,3,0,2,0,0,13,1e+06,1e+06,2.126e+06,-0.5297
2016,23197,Alessandro Diamanti,Watford,33.17,Midfield,Attacking Midfield,Italy,3,0,0,0,0,0,13,1e+06,2e+06,1.258e+06,-0.2049
2016,111508,Allan Nyom,Watford,28.14,Defender,Right-Back,Cameroon  France,32,29,0,1,0,0,13,4e+06,4e+06,7.995e+06,-0.4997
2016,9966,Almen Abdi,Watford,29.69,Midfield,Central Midfield,Switzerland  Kosovo,32,25,2,0,0,0,13,3.5e+06,2.5e+06,4.063e+06,-0.1385
2016,14081,Ben Watson,Watford,30.98,Midfield,Central Midfield,England,35,31,1,1,0,0,13,1.5e+06,1.5e+06,3.909e+06,-0.6163
2016,59606,Craig Cathcart,Watford,27.4,Defender,Centre-Back,Northern Ireland,35,34,1,0,0,0,13,4e+06,1e+06,5.631e+06,-0.2896
2016,69001,Giedrius Arlauskis,Watford,28.58,Goalkeeper,Goalkeeper,Lithuania,1,0,0,0,0,0,13,1.25e+06,2.5e+06,9.984e+05,0.2519
2016,19059,Heurelho Gomes,Watford,35.37,Goalkeeper,Goalkeeper,Brazil,38,38,0,0,11,0,13,1e+06,7.5e+05,2.513e+06,-0.6021
2016,107427,Ikechi Anya,Watford,28.49,Midfield,Left Midfield,Scotland  Nigeria,28,17,0,1,0,0,13,4e+06,2.5e+06,3.359e+06,0.1908
2016,41112,Jose Cholevas,Watford,32.01,Defender,Left-Back,Greece  Germany,11,11,1,0,0,0,13,2e+06,2e+06,2.254e+06,-0.1126
2016,28261,José Manuel Jurado,Watford,30.01,Midfield,Attacking Midfield,Spain,27,27,0,1,0,0,13,3.5e+06,7e+06,4.467e+06,-0.2164
2016,100507,Juan Carlos Paredes,Watford,28.98,Midfield,Defensive Midfield,Ecuador,17,7,0,0,0,0,13,2e+06,2e+06,2.197e+06,-0.08977
2016,37337,Mario Suárez,Watford,29.35,Midfield,Defensive Midfield,Spain,15,8,0,0,0,4,13,8.5e+06,1e+07,5.883e+06,0.4447
2016,76799,Miguel Britos,Watford,30.96,Defender,Centre-Back,Uruguay,24,24,0,0,0,0,13,3.5e+06,3.5e+06,4.196e+06,-0.1658
2016,58576,Miguel Layún,Watford,28.02,Defender,Right-Back,Mexico  Spain,3,2,1,0,0,8,13,1e+07,3e+06,5.217e+06,0.917
2016,177476,Nathan Aké,Watford,21.37,Defender,Centre-Back,Netherlands  Cote d'Ivoire,24,20,1,0,0,0,13,5e+06,2e+06,4.21e+06,0.1877
2016,55619,Nordin Amrabat,Watford,29.25,Attack,Right Winger,Morocco  Netherlands,12,4,0,0,0,0,13,4.5e+06,6e+06,3.738e+06,0.2039
2016,314959,Obbi Oulare,Watford,20.48,Attack,Centre-Forward,Belgium  Guinea,2,0,0,0,0,0,13,5e+06,5e+06,1.469e+06,2.405
2016,62121,Odion Ighalo,Watford,27.04,Attack,Centre-Forward,Nigeria  Italy,37,36,16,4,0,0,13,1.2e+07,4e+06,1.359e+07,-0.117
2016,37981,Sebastian Prödl,Watford,29.03,Defender,Centre-Back,Austria,21,19,2,0,0,0,13,4e+06,3e+06,5.648e+06,-0.2918
2016,129554,Steven Berghuis,Watford,24.53,Attack,Right Winger,Netherlands,9,0,0,2,0,0,13,4e+06,3.5e+06,2.336e+06,0.7126
2016,65477,Troy Deeney,Watford,28.01,Attack,Centre-Forward,England  Jamaica,38,36,13,8,0,0,13,1.1e+07,8e+06,1.2e+07,-0.08302
2016,21905,Valon Behrami,Watford,31.2,Midfield,Central Midfield,Switzerland  Kosovo,21,14,0,1,0,0,13,2.5e+06,3.5e+06,4.482e+06,-0.4422
2016,92141,Víctor Ibarbo,Watford,26.12,Attack,Second Striker,Colombia,4,0,0,0,0,0,13,8e+06,8e+06,3.335e+06,1.399
2016,63494,Étienne Capoue,Watford,27.97,Midfield,Defensive Midfield,France  Guadeloupe,33,33,0,1,0,0,13,9e+06,7.5e+06,1.12e+07,-0.1965
2016,200777,Alex Pritchard,West Brom,23.16,Midfield,Attacking Midfield,England,3,0,0,0,0,0,14,5e+06,3e+06,3.093e+06,0.6163
2016,13572,Ben Foster,West Brom,33.25,Goalkeeper,Goalkeeper,England,15,15,0,0,4,0,14,4e+06,4e+06,2.587e+06,0.5464
2016,3838,Boaz Myhill,West Brom,33.64,Goalkeeper,Goalkeeper,Wales  United States,23,23,0,0,7,0,14,2e+06,1e+06,2.353e+06,-0.1501
2016,61711,Callum McManaman,West Brom,25.19,Attack,Right Winger,England  Ireland,12,2,0,1,0,0,14,4e+06,5e+06,2.613e+06,0.5306
2016,36814,Chris Brunt,West Brom,31.55,Midfield,Central Midfield,Northern Ireland,22,20,0,3,0,0,14,4e+06,4e+06,5.691e+06,-0.2971
2016,45330,Claudio Yacob,West Brom,28.96,Midfield,Defensive Midfield,Argentina  Italy,34,33,0,1,0,0,14,4e+06,4e+06,7.057e+06,-0.4332
2016,121477,Craig Dawson,West Brom,26.15,Defender,Centre-Back,England,38,38,4,0,0,0,14,6e+06,3e+06,9.455e+06,-0.3654
2016,37171,Craig Gardner,West Brom,29.6,Midfield,Central Midfield,England,34,20,3,3,0,0,14,3.5e+06,3e+06,6.333e+06,-0.4474
2016,121686,Cristian Gamboa,West Brom,26.69,Defender,Right-Back,Costa Rica,1,0,0,0,0,0,14,1.5e+06,2e+06,1.422e+06,0.05495
2016,3547,Darren Fletcher,West Brom,32.41,Midfield,Central Midfield,Scotland,38,38,1,3,0,0,14,2e+06,2e+06,4.592e+06,-0.5645
2016,40567,Gareth McAuley,West Brom,36.57,Defender,Centre-Back,Northern Ireland,34,34,1,0,0,0,14,1e+06,5e+05,1.778e+06,-0.4374
2016,73482,James Chester,West Brom,27.44,Defender,Centre-Back,Wales  England,13,9,0,0,0,0,14,6e+06,2e+06,3.694e+06,0.6241
2016,85935,James McClean,West Brom,27.19,Midfield,Left Midfield,Ireland  Northern Ireland,35,28,2,2,0,0,14,3e+06,3e+06,6.059e+06,-0.5049
2016,27614,James Morrison,West Brom,30.1,Midfield,Central Midfield,Scotland  England,18,17,3,3,0,0,14,5e+06,5e+06,7.204e+06,-0.306
2016,25248,Jonas Olsson,West Brom,33.31,Defender,Centre-Back,Sweden,28,25,1,1,0,0,14,1.5e+06,1.5e+06,2.999e+06,-0.4999
2016,314266,Jonathan Leko,West Brom,17.19,Attack,Right Winger,England  DR Congo,5,3,0,1,0,0,14,1.5e+06,,2.062e+06,-0.2726
2016,42412,Jonny Evans,West Brom,28.49,Defender,Centre-Back,Northern Ireland,30,30,1,1,0,0,14,6e+06,6e+06,8.094e+06,-0.2588
2016,49655,Rickie Lambert,West Brom,34.37,Attack,Centre-Forward,England,19,5,1,1,0,0,14,2.5e+06,3e+06,9.726e+05,1.571
2016,128897,Saido Berahino,West Brom,22.91,Attack,Centre-Forward,Burundi  England,31,17,4,0,0,0,14,1.5e+07,1.5e+07,8.737e+06,0.7168
2016,80197,Salomón Rondón,West Brom,26.79,Attack,Centre-Forward,Venezuela,34,30,9,2,0,0,14,1.7e+07,1.5e+07,1.104e+07,0.5393
2016,387331,Sam Field,West Brom,18.15,Midfield,Defensive Midfield,England,1,0,0,0,0,0,14,,,1.015e+05,
2016,74590,Sandro,West Brom,27.3,Midfield,Central Midfield,Brazil  Portugal,12,5,0,0,0,0,14,5e+06,9e+06,4.336e+06,0.1531
2016,159471,Serge Gnabry,West Brom,20.97,Attack,Left Winger,Germany  Cote d'Ivoire,1,0,0,0,0,0,14,2.5e+06,3.5e+06,9.361e+05,1.671
2016,37157,Stéphane Sessègnon,West Brom,32.08,Midfield,Attacking Midfield,Benin,25,21,2,2,0,0,14,3e+06,4e+06,5.301e+06,-0.434
2016,17804,Sébastien Pocognoli,West Brom,28.92,Defender,Left-Back,Belgium  Italy,1,0,0,1,0,0,14,7.5e+05,2e+06,3.048e+06,-0.754
2016,296986,Tyler Roberts,West Brom,17.47,Attack,Second Striker,Wales  England,1,0,0,0,0,0,14,,,8.077e+05,
2016,39532,Victor Anichebe,West Brom,28.19,Attack,Centre-Forward,Nigeria  England,10,3,0,0,0,0,14,2e+06,3.5e+06,3.189e+06,-0.3728
2016,92571,Aaron Cresswell,West Ham,26.54,Defender,Left-Back,England,37,37,2,4,0,0,7,1.2e+07,8e+06,1.736e+07,-0.3087
2016,71271,Adrián,West Ham,29.49,Goalkeeper,Goalkeeper,Spain,32,32,0,0,9,0,7,9e+06,6e+06,1.414e+07,-0.3637
2016,27394,Alex Song,West Ham,28.81,Midfield,Defensive Midfield,Cameroon  France,12,8,0,0,0,0,7,6e+06,1.2e+07,1.009e+07,-0.4053
2016,48066,Andy Carroll,West Ham,27.48,Attack,Centre-Forward,England,27,13,9,1,0,0,7,1e+07,1e+07,1.678e+07,-0.4042
2016,48002,Angelo Ogbonna,West Ham,28.11,Defender,Centre-Back,Italy  Nigeria,28,27,0,0,0,0,7,9e+06,9e+06,1.037e+07,-0.1325
2016,126321,Carl Jenkinson,West Ham,24.39,Defender,Right-Back,England  Finland,20,13,2,0,0,0,7,9e+06,8e+06,9.914e+06,-0.09219
2016,66934,Cheikhou Kouyaté,West Ham,26.53,Midfield,Defensive Midfield,Senegal  Belgium,34,34,5,2,0,0,7,1.2e+07,1.1e+07,1.759e+07,-0.3177
2016,51321,Darren Randolph,West Ham,29.14,Goalkeeper,Goalkeeper,Ireland  United States,6,6,0,0,2,0,7,1.5e+06,1e+06,1.992e+06,-0.247
2016,37647,Dimitri Payet,West Ham,29.26,Midfield,Attacking Midfield,France  Réunion,30,29,9,12,0,0,7,3e+07,1.3e+07,3.78e+07,-0.2064
2016,120630,Emmanuel Emenike,West Ham,29.14,Attack,Centre-Forward,Nigeria,13,5,0,0,0,0,7,9e+06,1e+07,3.579e+06,1.515
2016,139503,Enner Valencia,West Ham,26.66,Attack,Centre-Forward,Ecuador,19,10,4,2,0,0,7,1e+07,1.1e+07,1.074e+07,-0.06927
2016,12691,James Collins,West Ham,32.86,Defender,Centre-Back,Wales,19,16,0,0,0,0,7,2e+06,2e+06,4.124e+06,-0.5151
2016,61592,James Tomkins,West Ham,27.26,Defender,Centre-Back,England,25,23,0,0,0,0,7,7e+06,6e+06,1.464e+07,-0.522
2016,242606,Josh Cullen,West Ham,20.23,Midfield,Defensive Midfield,Ireland  England,1,0,0,0,0,0,7,2.5e+05,,1.34e+06,-0.8134
2016,3950,Kevin Nolan,West Ham,34.02,Midfield,Attacking Midfield,England,2,1,0,1,0,0,7,,2e+06,2.86e+06,
2016,135853,Manuel Lanzini,West Ham,23.37,Midfield,Attacking Midfield,Argentina  Italy,26,23,6,2,0,0,7,1e+07,,1.847e+07,-0.4586
2016,31835,Mark Noble,West Ham,29.15,Midfield,Central Midfield,England  Ireland,37,37,7,4,0,0,7,7e+06,7e+06,1.86e+07,-0.6237
2016,26456,Mauro Zárate,West Ham,29.29,Attack,Centre-Forward,Argentina  Chile,15,9,3,0,0,2,7,3e+06,3e+06,8.609e+06,-0.6515
2016,104124,Michail Antonio,West Ham,26.26,Attack,Centre-Forward,Jamaica  England,26,23,8,3,0,0,7,9e+06,2.5e+06,1.734e+07,-0.481
2016,46831,Modibo Maïga,West Ham,28.83,Attack,Centre-Forward,Mali,3,0,1,0,0,0,7,,2e+06,8.089e+06,
2016,25742,Nikica Jelavic,West Ham,30.84,Attack,Centre-Forward,Croatia,13,1,1,2,0,0,7,1.2e+06,6.5e+06,6.815e+06,-0.8239
2016,101213,Pedro Obiang,West Ham,24.26,Midfield,Central Midfield,Equatorial Guinea  Spain,24,11,0,1,0,0,7,8e+06,8e+06,1.221e+07,-0.3448
2016,314295,Reece Oxford,West Ham,17.54,Defender,Centre-Back,England  Jamaica,7,3,0,0,0,0,7,4e+06,,3.094e+06,0.2929
2016,236953,Sam Byram,West Ham,22.79,Defender,Left-Back,England,4,2,0,0,0,0,7,4.5e+06,3e+06,2.206e+06,1.04
2016,59866,Victor Moses,West Ham,25.55,Attack,Right Winger,Nigeria  England,21,13,1,2,0,0,7,7e+06,7.5e+06,1.078e+07,-0.3509
2016,37526,Winston Reid,West Ham,27.99,Defender,Centre-Back,New Zealand  Denmark,24,24,1,1,0,0,7,1e+07,9e+06,1.312e+07,-0.2379
2017,50057,Aaron Ramsey,Arsenal,26.51,Midfield,Central Midfield,Wales,23,13,1,5,0,4,5,3.5e+07,3.5e+07,2.182e+07,0.6043
2017,285845,Ainsley Maitland-Niles,Arsenal,19.84,Defender,Right-Back,England  Jamaica,1,0,0,0,0,0,5,,7.5e+05,1.067e+06,
2017,242631,Alex Iwobi,Arsenal,21.16,Attack,Left Winger,Nigeria  England,26,18,3,3,0,7,5,1e+07,4e+06,1.75e+07,-0.4286
2017,143424,Alex Oxlade-Chamberlain,Arsenal,23.88,Midfield,Central Midfield,England,29,16,2,7,0,7,5,2.2e+07,2e+07,1.485e+07,0.4813
2017,40433,Alexis Sánchez,Arsenal,28.53,Attack,Centre-Forward,Chile,38,36,24,10,0,8,5,6.5e+07,5.5e+07,8.194e+07,-0.2068
2017,126321,Carl Jenkinson,Arsenal,25.39,Defender,Right-Back,England  Finland,1,1,0,0,0,2,5,5e+06,9e+06,8.34e+06,-0.4005
2017,67063,Danny Welbeck,Arsenal,26.6,Attack,Centre-Forward,England  Ghana,16,8,2,2,0,0,5,1.5e+07,1.7e+07,8.517e+06,0.7611
2017,73396,David Ospina,Arsenal,28.83,Goalkeeper,Goalkeeper,Colombia  France,2,1,0,0,0,8,5,7e+06,8e+06,6.476e+06,0.08097
2017,111873,Emiliano Martínez,Arsenal,24.83,Goalkeeper,Goalkeeper,Argentina  Spain,2,2,0,0,1,0,5,1e+06,1.5e+06,1.381e+06,-0.2759
2017,74869,Francis Coquelin,Arsenal,26.14,Midfield,Defensive Midfield,France  Réunion,29,22,0,0,0,6,5,1.5e+07,1.3e+07,1.691e+07,-0.1128
2017,149498,Gabriel Paulista,Arsenal,26.6,Defender,Centre-Back,Brazil  Spain,19,15,0,0,0,2,5,1.3e+07,1.2e+07,1.04e+07,0.2497
2017,111455,Granit Xhaka,Arsenal,24.76,Midfield,Defensive Midfield,Switzerland,32,28,2,2,0,7,5,3.5e+07,3.5e+07,3.532e+07,-0.009138
2017,191217,Héctor Bellerín,Arsenal,22.29,Defender,Right-Back,Spain,33,27,1,4,0,5,5,3e+07,1.8e+07,2.458e+07,0.2204
2017,44792,Kieran Gibbs,Arsenal,27.76,Defender,Left-Back,England,11,8,0,1,0,6,5,1e+07,1.3e+07,7.376e+06,0.3558
2017,76277,Laurent Koscielny,Arsenal,31.81,Defender,Centre-Back,France  Poland,33,33,2,0,0,8,5,2.2e+07,2.2e+07,1.799e+07,0.2231
2017,73185,Lucas Pérez,Arsenal,28.8,Attack,Centre-Forward,Spain,11,2,1,0,0,3,5,1.5e+07,1.2e+07,1.402e+07,0.06991
2017,27306,Mathieu Debuchy,Arsenal,31.93,Defender,Right-Back,France,1,1,0,0,0,0,5,3.5e+06,7.5e+06,2.729e+06,0.2824
2017,35664,Mesut Özil,Arsenal,28.71,Midfield,Attacking Midfield,Germany,33,32,8,11,0,8,5,5e+07,5e+07,5.893e+07,-0.1516
2017,160438,Mohamed Elneny,Arsenal,24.97,Midfield,Defensive Midfield,Egypt,14,8,0,1,0,5,5,1e+07,8.5e+06,1.121e+07,-0.1078
2017,43003,Nacho Monreal,Arsenal,31.34,Defender,Left-Back,Spain,36,35,0,3,0,3,5,1.3e+07,1.5e+07,1.304e+07,-0.003432
2017,82442,Olivier Giroud,Arsenal,30.75,Attack,Centre-Forward,France,29,11,12,3,0,6,5,2.2e+07,2.5e+07,2.326e+07,-0.05397
2017,6710,Per Mertesacker,Arsenal,32.75,Defender,Centre-Back,Germany,1,0,0,0,0,0,5,6e+06,1e+07,3.933e+06,0.5254
2017,5658,Petr Cech,Arsenal,35.12,Goalkeeper,Goalkeeper,Czech Republic,35,35,0,1,12,0,5,7e+06,1.2e+07,5.147e+06,0.3599
2017,253341,Rob Holding,Arsenal,21.78,Defender,Centre-Back,England,9,9,0,0,0,1,5,7e+06,1.5e+06,4.402e+06,0.5904
2017,15799,Santi Cazorla,Arsenal,32.55,Midfield,Central Midfield,Spain,8,7,2,2,0,3,5,1.2e+07,2e+07,8.791e+06,0.3651
2017,88590,Shkodran Mustafi,Arsenal,25.2,Defender,Centre-Back,Germany  Albania,26,26,2,2,0,7,5,3e+07,2e+07,2.7e+07,0.1111
2017,33713,Theo Walcott,Arsenal,28.29,Attack,Right Winger,England,28,23,10,2,0,6,5,2e+07,2.2e+07,2.781e+07,-0.2809
2017,4233,Adam Federici,Bournemouth,32.41,Goalkeeper,Goalkeeper,Australia  Italy,2,2,0,0,1,0,9,1e+06,1e+06,1.14e+06,-0.1227
2017,61841,Adam Smith,Bournemouth,26.17,Defender,Right-Back,England,36,34,1,5,0,0,9,5e+06,2e+06,7.24e+06,-0.3094
2017,29975,Andrew Surman,Bournemouth,30.86,Midfield,Central Midfield,England  South Africa,22,21,0,2,0,0,9,2e+06,2e+06,3.906e+06,-0.4879
2017,15220,Artur Boruc,Bournemouth,37.36,Goalkeeper,Goalkeeper,Poland,35,35,0,0,9,0,9,1e+06,1e+06,2.136e+06,-0.5319
2017,293450,Baily Cargill,Bournemouth,21.99,Defender,Centre-Back,England,1,0,0,0,0,0,9,2.5e+05,2.5e+05,7.209e+05,-0.6532
2017,110858,Benik Afobe,Bournemouth,24.38,Attack,Centre-Forward,DR Congo  England,31,14,6,3,0,0,9,1e+07,9e+06,6.918e+06,0.4454
2017,175745,Brad Smith,Bournemouth,23.23,Defender,Left-Back,Australia  England,5,3,0,0,0,0,9,2e+06,2e+06,1.486e+06,0.3458
2017,123682,Callum Wilson,Bournemouth,25.34,Attack,Centre-Forward,England,20,16,6,0,0,0,9,1e+07,9e+06,5.936e+06,0.6847
2017,44983,Dan Gosling,Bournemouth,27.41,Midfield,Central Midfield,England,27,14,2,0,0,0,9,3e+06,3e+06,5.27e+06,-0.4308
2017,55742,Harry Arter,Bournemouth,27.51,Midfield,Central Midfield,Ireland  England,35,33,1,4,0,0,9,2.5e+06,2e+06,6.473e+06,-0.6138
2017,74223,Jack Wilshere,Bournemouth,25.5,Midfield,Central Midfield,England,29,22,0,2,0,0,9,1.8e+07,2.3e+07,6.629e+06,1.715
2017,195652,Jordon Ibe,Bournemouth,21.56,Attack,Right Winger,England  Nigeria,25,13,0,0,0,0,9,8e+06,1e+07,5.213e+06,0.5346
2017,91059,Joshua King,Bournemouth,25.46,Attack,Centre-Forward,Norway,36,31,16,2,0,0,9,8e+06,4e+06,1.433e+07,-0.4418
2017,87672,Junior Stanislas,Bournemouth,27.59,Attack,Left Winger,England  St. Lucia,21,18,7,5,0,0,9,4.5e+06,4e+06,9.095e+06,-0.5052
2017,249089,Lewis Cook,Bournemouth,20.41,Midfield,Central Midfield,England,6,4,0,1,0,0,9,6e+06,5e+06,2.395e+06,1.506
2017,35413,Lewis Grabban,Bournemouth,29.47,Attack,Centre-Forward,Jamaica  England,3,0,0,1,0,0,9,3e+06,3e+06,1.573e+06,0.9068
2017,291422,Lys Mousset,Bournemouth,21.39,Attack,Centre-Forward,France  Senegal,11,3,0,0,0,0,9,4e+06,5e+06,2.711e+06,0.4755
2017,28140,Max Gradel,Bournemouth,29.59,Attack,Left Winger,Cote d'Ivoire  France,11,0,0,0,0,0,9,7e+06,9e+06,2.551e+06,1.744
2017,177476,Nathan Aké,Bournemouth,22.37,Defender,Centre-Back,Netherlands  Cote d'Ivoire,12,9,3,1,0,0,9,1.2e+07,5e+06,4.75e+06,1.526
2017,111073,Ryan Allsop,Bournemouth,25.04,Goalkeeper,Goalkeeper,England,1,1,0,0,0,0,9,2.5e+05,2.5e+05,7.995e+05,-0.6873
2017,146795,Ryan Fraser,Bournemouth,23.35,Attack,Left Winger,Scotland,28,19,3,5,0,0,9,5e+06,5e+05,7.377e+06,-0.3222
2017,13573,Simon Francis,Bournemouth,32.37,Defender,Right-Back,England,34,34,0,1,0,0,9,2.5e+06,2.5e+06,4.154e+06,-0.3982
2017,90836,Steve Cook,Bournemouth,26.2,Defender,Centre-Back,England,38,38,2,1,0,0,9,5e+06,5e+06,8.746e+06,-0.4283
2017,253677,Tyrone Mings,Bournemouth,24.3,Defender,Centre-Back,England,7,5,0,0,0,0,9,5e+06,6e+06,1.944e+06,1.571
2017,385918,Aiden Oneill,Burnley,18.99,Midfield,Defensive Midfield,Australia  Northern Ireland,3,0,0,0,0,0,16,1e+05,,3.555e+05,-0.7187
2017,120565,Andre Gray,Burnley,26.02,Attack,Centre-Forward,Jamaica  England,32,26,9,3,0,0,16,1.5e+07,1e+07,8.982e+06,0.67
2017,63200,Ashley Barnes,Burnley,27.67,Attack,Centre-Forward,England,28,20,6,2,0,0,16,2.5e+06,2e+06,5.843e+06,-0.5721
2017,91317,Ashley Westwood,Burnley,27.25,Midfield,Defensive Midfield,England,9,6,0,0,0,0,16,4e+06,4e+06,5.894e+06,-0.3214
2017,74810,Ben Mee,Burnley,27.78,Defender,Centre-Back,England,34,34,1,0,0,0,16,6e+06,3.5e+06,4.21e+06,0.4251
2017,367195,Dan Agyei,Burnley,20.08,Attack,Right Winger,England  Ghana,3,0,0,0,0,0,16,,,4.707e+05,
2017,24634,David Jones,Burnley,32.65,Midfield,Central Midfield,England  Wales,1,1,0,0,0,0,16,1.5e+06,2e+06,1.483e+06,0.01131
2017,4055,Dean Marney,Burnley,33.42,Midfield,Central Midfield,England,21,21,1,2,0,0,16,1e+06,1e+06,1.81e+06,-0.4476
2017,173504,James Tarkowski,Burnley,24.61,Defender,Centre-Back,England  Poland,19,4,0,0,0,0,16,2e+06,2e+06,1.991e+06,0.004283
2017,148262,Jeff Hendrick,Burnley,25.42,Midfield,Central Midfield,Ireland,32,31,2,1,0,0,16,6e+06,5e+06,4.827e+06,0.2431
2017,145922,Jon Flanagan,Burnley,24.5,Defender,Right-Back,England  Ireland,6,3,0,0,0,0,16,3.5e+06,5e+06,1.749e+06,1.002
2017,89231,Jóhann Berg Gudmundsson,Burnley,26.68,Attack,Right Winger,Iceland,20,10,1,2,0,0,16,2.5e+06,2.5e+06,3.865e+06,-0.3531
2017,111114,Kevin Long,Burnley,26.87,Defender,Centre-Back,Ireland,3,3,0,0,0,0,16,5e+05,2.5e+05,9.798e+05,-0.4897
2017,33507,Lukas Jutkiewicz,Burnley,28.26,Attack,Centre-Forward,England,2,0,0,0,0,0,16,1.5e+06,1e+06,1.922e+06,-0.2195
2017,102258,Matthew Lowton,Burnley,28.06,Defender,Right-Back,England,36,36,0,2,0,0,16,2.5e+06,1.5e+06,4.156e+06,-0.3984
2017,118534,Michael Keane,Burnley,24.47,Defender,Centre-Back,England  Ireland,35,35,2,1,0,0,16,1.8e+07,8e+06,6.204e+06,1.901
2017,25366,Michael Kightly,Burnley,31.43,Attack,Left Winger,England,5,1,0,0,0,0,16,1e+06,1.5e+06,1.458e+06,-0.3142
2017,3630,Paul Robinson,Burnley,37.71,Goalkeeper,Goalkeeper,England,3,3,0,0,0,0,16,2.5e+05,2.5e+05,6.721e+05,-0.628
2017,128229,Robbie Brady,Burnley,25.46,Midfield,Left Midfield,Ireland,14,7,1,2,0,0,16,1e+07,8e+06,6.308e+06,0.5854
2017,48078,Sam Vokes,Burnley,27.69,Attack,Centre-Forward,Wales  England,37,21,10,3,0,0,16,4.5e+06,4e+06,7.922e+06,-0.4319
2017,55291,Scott Arfield,Burnley,28.66,Midfield,Central Midfield,Canada  Scotland,31,23,1,0,0,0,16,3e+06,3e+06,3.833e+06,-0.2174
2017,34691,Stephen Ward,Burnley,31.86,Defender,Left-Back,Ireland,37,37,1,1,0,0,16,1.5e+06,1e+06,3.471e+06,-0.5679
2017,33866,Steven Defour,Burnley,29.21,Midfield,Defensive Midfield,Belgium,21,16,1,3,0,0,16,6e+06,6e+06,3.929e+06,0.5272
2017,34130,Tom Heaton,Burnley,31.21,Goalkeeper,Goalkeeper,England,35,35,0,0,10,0,16,4e+06,3e+06,3.834e+06,0.04339
2017,33873,Asmir Begovic,Chelsea,30.03,Goalkeeper,Goalkeeper,Bosnia-Herzegovina  Canada,2,2,0,0,0,0,1,8e+06,1e+07,7.048e+06,0.135
2017,36827,Branislav Ivanovic,Chelsea,33.36,Defender,Right-Back,Serbia,13,6,0,0,0,1,1,5e+06,1e+07,4.706e+06,0.06239
2017,8806,Cesc Fàbregas,Chelsea,30.16,Midfield,Central Midfield,Spain,29,13,5,12,0,0,1,3.5e+07,4.5e+07,2.689e+07,0.3016
2017,57500,César Azpilicueta,Chelsea,27.84,Defender,Centre-Back,Spain,38,38,1,4,0,0,1,3e+07,2e+07,2.16e+07,0.389
2017,46741,David Luiz,Chelsea,30.19,Defender,Centre-Back,Brazil,33,33,1,0,0,0,1,3e+07,2.8e+07,1.56e+07,0.9235
2017,44779,Diego Costa,Chelsea,28.73,Attack,Centre-Forward,Spain  Brazil,35,35,20,7,0,0,1,5e+07,4.5e+07,4.521e+07,0.106
2017,50202,Eden Hazard,Chelsea,26.48,Attack,Left Winger,Belgium,36,36,16,5,0,0,1,7.5e+07,6.5e+07,4.299e+07,0.7446
2017,27511,Gary Cahill,Chelsea,31.53,Defender,Centre-Back,England,37,36,6,0,0,0,1,1.6e+07,1.6e+07,1.225e+07,0.3058
2017,3160,John Terry,Chelsea,36.56,Defender,Centre-Back,England,9,6,1,0,0,0,1,1e+06,2.5e+06,1.961e+06,-0.49
2017,157509,Kurt Zouma,Chelsea,22.68,Defender,Centre-Back,France  Central African Republic,9,3,0,1,0,0,1,1.5e+07,1.7e+07,1.021e+07,0.4688
2017,112515,Marcos Alonso,Chelsea,26.51,Defender,Left-Back,Spain,31,30,6,3,0,0,1,2.5e+07,9e+06,2.132e+07,0.1726
2017,179184,Michy Batshuayi,Chelsea,23.75,Attack,Centre-Forward,Belgium  DR Congo,20,1,5,1,0,0,1,2.5e+07,2.5e+07,1.332e+07,0.8763
2017,128900,Nathaniel Chalobah,Chelsea,22.55,Midfield,Defensive Midfield,England  Sierra Leone,10,1,0,1,0,0,1,5e+06,3.3e+06,2.869e+06,0.7428
2017,74683,Nemanja Matic,Chelsea,28.91,Midfield,Defensive Midfield,Serbia  Slovakia,35,30,1,7,0,0,1,3.5e+07,3.2e+07,1.716e+07,1.04
2017,225083,Ngolo Kante,Chelsea,26.26,Midfield,Defensive Midfield,France  Mali,35,35,1,1,0,0,1,5e+07,3e+07,2.139e+07,1.337
2017,236490,Ola Aina,Chelsea,20.73,Defender,Right-Back,Nigeria  England,3,0,0,0,0,0,1,1e+06,5e+05,1.831e+06,-0.4538
2017,85314,Oscar,Chelsea,25.81,Midfield,Attacking Midfield,Brazil  Italy,9,5,0,1,0,0,1,2.2e+07,3.5e+07,1.074e+07,1.049
2017,65278,Pedro,Chelsea,29.93,Attack,Right Winger,Spain,35,26,9,9,0,0,1,2.8e+07,2.3e+07,1.781e+07,0.572
2017,202886,Ruben Loftus-Cheek,Chelsea,21.44,Midfield,Central Midfield,England  Guyana,6,0,0,0,0,0,1,5e+06,5e+06,5.086e+06,-0.01696
2017,108390,Thibaut Courtois,Chelsea,25.14,Goalkeeper,Goalkeeper,Belgium,36,36,0,0,16,0,1,4e+07,3.5e+07,2.398e+07,0.6681
2017,59866,Victor Moses,Chelsea,26.55,Attack,Right Winger,Nigeria  England,34,29,3,3,0,0,1,1.8e+07,7e+06,1.475e+07,0.2204
2017,52769,Willian,Chelsea,28.89,Attack,Left Winger,Brazil,34,15,8,2,0,0,1,3.2e+07,3.2e+07,1.882e+07,0.6999
2017,14221,Aaron Lennon,Everton,30.21,Attack,Right Winger,England  Ireland,11,6,0,1,0,0,7,5e+06,6e+06,5.162e+06,-0.03146
2017,406040,Ademola Lookman,Everton,19.7,Attack,Second Striker,Nigeria  England,8,3,1,0,0,0,7,5e+06,5e+05,2.784e+06,0.7962
2017,8552,Arouna Koné,Everton,33.64,Attack,Centre-Forward,Cote d'Ivoire,6,0,0,0,0,0,7,1.5e+06,2.5e+06,2.299e+06,-0.3477
2017,67355,Ashley Williams,Everton,32.85,Defender,Centre-Back,Wales  England,36,35,1,3,0,0,7,8e+06,8e+06,5.46e+06,0.4651
2017,306024,Dominic Calvert-Lewin,Everton,20.29,Attack,Centre-Forward,England,11,5,1,0,0,0,7,3.5e+06,1e+06,3.129e+06,0.1186
2017,139503,Enner Valencia,Everton,27.66,Attack,Centre-Forward,Ecuador,24,8,3,1,0,0,7,1e+07,1e+07,5.917e+06,0.6899
2017,3291,Gareth Barry,Everton,36.35,Midfield,Defensive Midfield,England,33,23,2,1,0,0,7,1.5e+06,2e+06,2.025e+06,-0.2591
2017,129476,Gerard Deulofeu,Everton,23.3,Attack,Centre-Forward,Spain,11,4,0,0,0,0,7,1.2e+07,9e+06,6.805e+06,0.7633
2017,126665,Idrissa Gueye,Everton,27.76,Midfield,Defensive Midfield,Senegal,33,32,1,1,0,0,7,1.8e+07,9e+06,1.378e+07,0.3066
2017,45333,James McCarthy,Everton,26.63,Midfield,Central Midfield,Ireland  Scotland,12,7,1,1,0,0,7,1.5e+07,1.7e+07,1.199e+07,0.2508
2017,101118,Joel Robles,Everton,27.04,Goalkeeper,Goalkeeper,Spain,20,19,0,0,10,0,7,5e+06,5e+06,7.52e+06,-0.3351
2017,258883,Jonjoe Kenny,Everton,20.3,Defender,Right-Back,England  Ireland,1,0,0,0,0,0,7,2.5e+05,,9.779e+05,-0.7443
2017,33639,Kevin Mirallas,Everton,29.74,Attack,Right Winger,Belgium  Spain,35,23,4,6,0,0,7,1.3e+07,1.3e+07,9.067e+06,0.4338
2017,13507,Leighton Baines,Everton,32.55,Defender,Left-Back,England,32,32,2,3,0,0,7,1.2e+07,1.3e+07,7.824e+06,0.5337
2017,4311,Maarten Stekelenburg,Everton,34.77,Goalkeeper,Goalkeeper,Netherlands,19,19,0,1,4,0,7,2e+06,1e+06,2.09e+06,-0.04314
2017,348623,Mason Holgate,Everton,20.69,Defender,Centre-Back,Jamaica  England,18,16,0,1,0,0,7,5e+06,1e+06,6.114e+06,-0.1822
2017,220755,Matthew Pennington,Everton,22.74,Defender,Centre-Back,England,3,2,1,0,0,0,7,5e+05,,1.462e+06,-0.658
2017,56818,Morgan Schneiderlin,Everton,27.64,Midfield,Defensive Midfield,France,17,12,1,0,0,2,7,2.2e+07,2.8e+07,1.29e+07,0.7058
2017,13520,Phil Jagielka,Everton,34.87,Defender,Centre-Back,England  Poland,27,25,3,1,0,0,7,2e+06,3.5e+06,2.779e+06,-0.2803
2017,11111,Ramiro Funes Mori,Everton,26.32,Defender,Centre-Back,Argentina  United States,23,16,0,1,0,0,7,1.2e+07,1.2e+07,9.242e+06,0.2984
2017,96341,Romelu Lukaku,Everton,24.13,Attack,Centre-Forward,Belgium  DR Congo,37,36,25,6,0,0,7,6e+07,4e+07,4.922e+07,0.2191
2017,131978,Ross Barkley,Everton,23.57,Midfield,Central Midfield,England,36,32,5,8,0,0,7,2.5e+07,2.2e+07,2.771e+07,-0.09791
2017,68390,Séamus Coleman,Everton,28.72,Defender,Right-Back,Ireland,26,26,4,3,0,0,7,1.7e+07,1.7e+07,1.29e+07,0.3181
2017,314210,Tom Davies,Everton,19,Midfield,Central Midfield,England,24,18,2,3,0,0,7,8e+06,,1.101e+07,-0.2735
2017,75471,Yannick Bolasie,Everton,28.1,Attack,Left Winger,DR Congo  England,14,12,1,4,0,0,7,2e+07,1.4e+07,1.329e+07,0.5053
2017,76608,Abel Hernández,Hull,26.9,Attack,Centre-Forward,Uruguay,24,16,4,3,0,0,18,8e+06,8e+06,7.146e+06,0.1195
2017,93145,Adama Diomande,Hull,27.38,Attack,Centre-Forward,Norway  Cote d'Ivoire,22,13,2,0,0,0,18,1.5e+06,1.5e+06,3.013e+06,-0.5022
2017,66333,Ahmed El Mohamady,Hull,29.81,Defender,Right-Back,Egypt,33,28,0,2,0,0,18,4e+06,4e+06,3.619e+06,0.1052
2017,77737,Alfred Ndiaye,Hull,27.32,Midfield,Defensive Midfield,Senegal  France,15,15,1,0,0,3,18,5e+06,8e+06,8.355e+06,-0.4016
2017,44327,Andrea Ranocchia,Hull,29.37,Defender,Centre-Back,Italy,16,15,2,2,0,4,18,5e+06,6e+06,6.258e+06,-0.201
2017,234803,Andrew Robertson,Hull,23.31,Defender,Left-Back,Scotland,33,31,1,2,0,0,18,7e+06,7e+06,5.25e+06,0.3334
2017,18227,Curtis Davies,Hull,32.3,Defender,Centre-Back,Sierra Leone  England,26,25,0,2,0,0,18,2.5e+06,3.5e+06,3.333e+06,-0.25
2017,9500,David Marshall,Hull,32.32,Goalkeeper,Goalkeeper,Scotland,16,16,0,1,0,0,18,3e+06,2.5e+06,2.5e+06,0.1998
2017,68183,David Meyler,Hull,28.09,Midfield,Central Midfield,Ireland,20,9,1,0,0,0,18,2e+06,2.5e+06,3.091e+06,-0.353
2017,44624,Dieumerci Mbokani,Hull,31.61,Attack,Centre-Forward,DR Congo,12,8,0,2,0,0,18,5e+06,7e+06,2.706e+06,0.848
2017,2857,Eldin Jakupović,Hull,32.74,Goalkeeper,Goalkeeper,Switzerland  Bosnia-Herzegovina,22,22,0,0,5,0,18,1e+06,5e+05,2.093e+06,-0.5223
2017,53359,Evandro,Hull,30.86,Midfield,Attacking Midfield,Brazil  Serbia,11,7,0,0,0,1,18,2e+06,2e+06,1.856e+06,0.07751
2017,177907,Harry Maguire,Hull,24.32,Defender,Centre-Back,England,29,25,2,2,0,0,18,8e+06,2.5e+06,5.013e+06,0.5957
2017,61832,Jake Livermore,Hull,27.63,Midfield,Defensive Midfield,England,37,35,1,1,0,0,18,7e+06,4.5e+06,5.913e+06,0.1839
2017,314875,Jarrod Bowen,Hull,20.53,Attack,Right Winger,England,7,1,0,0,0,0,18,2.5e+05,,7.899e+05,-0.6835
2017,419929,Josh Tymon,Hull,18.11,Defender,Left-Back,England,5,4,0,0,0,0,18,1e+06,,9.362e+05,0.06815
2017,37920,Kamil Grosicki,Hull,29.06,Attack,Left Winger,Poland,15,12,0,5,0,0,18,7e+06,4.5e+06,5.873e+06,0.1919
2017,144303,Lazar Markovic,Hull,23.33,Attack,Right Winger,Serbia,12,12,2,0,0,5,18,1e+07,1.4e+07,6.562e+06,0.5239
2017,122011,Markus Henriksen,Hull,24.93,Defender,Centre-Back,Norway,15,6,0,0,0,0,18,5e+06,5e+06,3.553e+06,0.4073
2017,9988,Michael Dawson,Hull,33.62,Defender,Centre-Back,England,22,19,3,0,0,0,18,2.5e+06,3.5e+06,2.28e+06,0.09671
2017,121404,Omar Elabdellaoui,Hull,25.57,Defender,Right-Back,Norway,8,7,0,0,0,1,18,4.5e+06,6e+06,1.892e+06,1.378
2017,209781,Oumar Niasse,Hull,27.2,Attack,Centre-Forward,Senegal,17,12,4,1,0,0,18,9e+06,1.2e+07,5.036e+06,0.787
2017,22614,Robert Snodgrass,Hull,29.82,Attack,Right Winger,Scotland,35,27,7,5,0,0,18,8e+06,5e+06,5.648e+06,0.4164
2017,61834,Ryan Mason,Hull,26.05,Midfield,Central Midfield,England,16,11,1,0,0,0,18,8.5e+06,7.5e+06,3.526e+06,1.41
2017,122223,Sam Clucas,Hull,26.77,Midfield,Central Midfield,England,37,36,3,1,0,0,18,2.5e+06,1.5e+06,4.992e+06,-0.4992
2017,9508,Shaun Maloney,Hull,34.43,Midfield,Attacking Midfield,Scotland  England,9,2,1,2,0,0,18,1e+06,1.5e+06,1.222e+06,-0.1814
2017,13465,Tom Huddlestone,Hull,30.51,Midfield,Defensive Midfield,England,31,23,1,0,0,0,18,5e+06,5e+06,3.942e+06,0.2682
2017,118535,Will Keane,Hull,24.47,Attack,Centre-Forward,Ireland  England,5,4,0,0,0,0,18,1.5e+06,1.5e+06,2.294e+06,-0.3461
2017,168337,Ahmed Musa,Leicester,24.71,Attack,Left Winger,Nigeria,21,7,2,0,0,5,12,1.7e+07,1.8e+07,9.6e+06,0.7708
2017,56872,Andy King,Leicester,28.67,Midfield,Central Midfield,Wales  England,23,15,1,0,0,4,12,3e+06,3.5e+06,5.828e+06,-0.4853
2017,316125,Ben Chilwell,Leicester,20.53,Defender,Left-Back,England  New Zealand,12,7,1,0,0,2,12,2.5e+06,2.5e+06,4.114e+06,-0.3923
2017,6636,Christian Fuchs,Leicester,31.23,Defender,Left-Back,Austria,36,35,2,4,0,9,12,6e+06,6e+06,1.067e+07,-0.4375
2017,214056,Daniel Amartey,Leicester,22.53,Defender,Centre-Back,Ghana,24,17,1,1,0,8,12,5e+06,5e+06,7.171e+06,-0.3028
2017,73491,Danny Drinkwater,Leicester,27.32,Midfield,Central Midfield,England,29,27,1,1,0,10,12,9e+06,1e+07,1.484e+07,-0.3937
2017,37442,Danny Simpson,Leicester,30.49,Defender,Right-Back,England  Jamaica,35,34,0,2,0,6,12,5e+06,5e+06,8.355e+06,-0.4016
2017,292417,Demarai Gray,Leicester,21.01,Attack,Left Winger,Jamaica  England,30,9,1,3,0,5,12,1e+07,6e+06,7.055e+06,0.4175
2017,174915,Islam Slimani,Leicester,29.03,Attack,Centre-Forward,Algeria,23,13,7,4,0,5,12,2.5e+07,2.2e+07,1.151e+07,1.173
2017,197838,Jamie Vardy,Leicester,30.47,Attack,Centre-Forward,England,35,33,13,5,0,9,12,1.5e+07,2e+07,1.908e+07,-0.2139
2017,16911,Kasper Schmeichel,Leicester,30.65,Goalkeeper,Goalkeeper,Denmark,30,30,0,0,9,8,12,1e+07,8e+06,1.104e+07,-0.09395
2017,54890,Leonardo Ulloa,Leicester,30.93,Attack,Centre-Forward,Argentina  Spain,16,3,1,0,0,4,12,6e+06,8e+06,4.631e+06,0.2957
2017,62945,Luis Hernández,Leicester,28.21,Defender,Centre-Back,Spain,4,3,0,0,0,4,12,3e+06,3.5e+06,6.377e+06,-0.5296
2017,61560,Marc Albrighton,Leicester,27.62,Midfield,Right Midfield,England,33,29,2,6,0,9,12,6e+06,6e+06,1.979e+07,-0.6968
2017,73522,Matty James,Leicester,25.94,Midfield,Central Midfield,England,1,0,0,0,0,0,12,1.5e+06,1.5e+06,1.169e+06,0.283
2017,111051,Nampalys Mendy,Leicester,25.02,Midfield,Defensive Midfield,Senegal  France,4,4,0,0,0,1,12,1e+07,1.2e+07,7.301e+06,0.3697
2017,171424,Riyad Mahrez,Leicester,26.36,Attack,Right Winger,Algeria  France,36,33,6,3,0,9,12,3e+07,3e+07,2.405e+07,0.2474
2017,2998,Robert Huth,Leicester,32.87,Defender,Centre-Back,Germany,33,33,2,2,0,8,12,5e+06,6e+06,7.95e+06,-0.3711
2017,21327,Ron-Robert Zieler,Leicester,28.38,Goalkeeper,Goalkeeper,Germany,9,8,0,0,1,1,12,7e+06,8e+06,6.397e+06,0.09428
2017,79642,Shinji Okazaki,Leicester,31.21,Attack,Centre-Forward,Japan,30,21,3,1,0,7,12,7e+06,1e+07,7.714e+06,-0.09259
2017,10003,Wes Morgan,Leicester,33.44,Defender,Centre-Back,Jamaica  England,27,27,1,0,0,9,12,3e+06,3.5e+06,4.912e+06,-0.3892
2017,274839,Wilfred Ndidi,Leicester,20.54,Midfield,Defensive Midfield,Nigeria  England,17,17,2,1,0,10,12,1.4e+07,6e+06,7.651e+06,0.8299
2017,50477,Yohan Benalouane,Leicester,30.26,Defender,Centre-Back,Tunisia  France,11,11,0,0,0,2,12,1e+06,2e+06,4.066e+06,-0.7541
2017,43530,Adam Lallana,Liverpool,29.14,Midfield,Attacking Midfield,England,31,27,8,7,0,0,4,2.5e+07,1.9e+07,2.86e+07,-0.126
2017,207917,Alberto Moreno,Liverpool,24.99,Defender,Left-Back,Spain,12,2,0,1,0,0,4,1e+07,1.5e+07,1.203e+07,-0.1688
2017,344015,Ben Woodburn,Liverpool,17.71,Midfield,Attacking Midfield,Wales  England,5,1,0,0,0,0,4,1.5e+06,,1.629e+06,-0.07937
2017,47082,Daniel Sturridge,Liverpool,27.83,Attack,Centre-Forward,England,20,7,3,1,0,0,4,2e+07,2.5e+07,1.018e+07,0.9639
2017,37838,Dejan Lovren,Liverpool,27.99,Defender,Centre-Back,Croatia,29,29,2,1,0,0,4,1.7e+07,1.5e+07,1.755e+07,-0.03139
2017,148368,Divock Origi,Liverpool,22.2,Attack,Centre-Forward,Belgium  Kenya,34,14,7,3,0,0,4,1.2e+07,1.1e+07,1.287e+07,-0.06736
2017,119296,Emre Can,Liverpool,23.47,Defender,Centre-Back,Germany  Türkiye,32,26,5,2,0,0,4,1.5e+07,1.8e+07,2.043e+07,-0.2658
2017,49499,Georginio Wijnaldum,Liverpool,26.64,Midfield,Central Midfield,Netherlands  Suriname,36,33,6,9,0,0,4,2.8e+07,2.2e+07,2.545e+07,0.1003
2017,3333,James Milner,Liverpool,31.49,Midfield,Central Midfield,England,36,36,7,3,0,0,4,1.2e+07,1.5e+07,1.661e+07,-0.2775
2017,61651,Jordan Henderson,Liverpool,27.04,Midfield,Defensive Midfield,England,24,24,1,4,0,0,4,2.8e+07,2.8e+07,1.918e+07,0.4597
2017,200782,Kevin Stewart,Liverpool,23.81,Midfield,Defensive Midfield,Jamaica  England,4,0,0,0,0,0,4,1e+06,1e+06,2.643e+06,-0.6216
2017,85864,Loris Karius,Liverpool,24.02,Goalkeeper,Goalkeeper,Germany,10,10,0,0,3,0,4,8e+06,9e+06,9.348e+06,-0.1442
2017,41414,Lucas Leiva,Liverpool,30.48,Midfield,Defensive Midfield,Brazil  Italy,24,12,0,3,0,0,4,7e+06,1e+07,8.526e+06,-0.179
2017,222813,Marko Grujić,Liverpool,21.22,Midfield,Defensive Midfield,Serbia,5,0,0,0,0,0,4,5e+06,5e+06,3.861e+06,0.2949
2017,85177,Nathaniel Clyne,Liverpool,26.24,Defender,Right-Back,England  Grenada,37,37,0,2,0,0,4,2.1e+07,2.1e+07,1.554e+07,0.3514
2017,80444,Philippe Coutinho,Liverpool,25.05,Midfield,Attacking Midfield,Brazil  Portugal,31,28,13,7,0,0,4,4.5e+07,3.5e+07,4.536e+07,-0.00802
2017,26669,Ragnar Klavan,Liverpool,31.67,Defender,Centre-Back,Estonia,20,15,0,0,0,0,4,3.5e+06,4e+06,7.471e+06,-0.5315
2017,131789,Roberto Firmino,Liverpool,25.75,Attack,Centre-Forward,Brazil,35,34,11,7,0,0,4,3.8e+07,3.5e+07,3.62e+07,0.04985
2017,200512,Sadio Mané,Liverpool,25.22,Attack,Left Winger,Senegal,27,26,13,5,0,0,4,4e+07,3e+07,3.607e+07,0.109
2017,50219,Simon Mignolet,Liverpool,29.32,Goalkeeper,Goalkeeper,Belgium,28,28,0,0,9,0,4,1.2e+07,1.2e+07,1.586e+07,-0.2435
2017,314353,Trent Alexander-Arnold,Liverpool,18.73,Defender,Right-Back,England,7,2,0,0,0,0,4,1.5e+06,,2.366e+06,-0.366
2017,261504,Aleix García,Man City,20.01,Midfield,Central Midfield,Spain,4,1,0,0,0,0,3,1e+06,,1.562e+06,-0.3598
2017,46156,Aleksandar Kolarov,Man City,31.64,Defender,Left-Back,Serbia,29,27,1,1,0,6,3,1e+07,1.1e+07,1.402e+07,-0.2865
2017,26764,Bacary Sagna,Man City,34.38,Defender,Right-Back,France  Senegal,17,14,0,1,0,4,3,4e+06,8e+06,5.143e+06,-0.2223
2017,40423,Claudio Bravo,Man City,34.22,Goalkeeper,Goalkeeper,Chile  Spain,22,22,0,0,6,4,3,8e+06,1.5e+07,5.745e+06,0.3925
2017,35518,David Silva,Man City,31.48,Midfield,Attacking Midfield,Spain,34,31,4,8,0,6,3,3e+07,3.3e+07,2.791e+07,0.07482
2017,50362,Fabian Delph,Man City,27.61,Midfield,Central Midfield,England  Guyana,7,2,1,0,0,0,3,8e+06,1e+07,6.161e+06,0.2984
2017,26267,Fernandinho,Man City,32.16,Midfield,Defensive Midfield,Brazil,32,31,2,1,0,7,3,1.8e+07,2.8e+07,1.411e+07,0.2755
2017,51174,Fernando,Man City,29.94,Midfield,Defensive Midfield,Brazil  Portugal,15,5,0,0,0,4,3,1e+07,1.6e+07,8.651e+06,0.1559
2017,363205,Gabriel Jesus,Man City,20.24,Attack,Centre-Forward,Brazil,10,8,7,4,0,0,3,3e+07,1.6e+07,3.416e+06,7.782
2017,7449,Gaël Clichy,Man City,31.93,Defender,Left-Back,France  Martinique,25,24,1,0,0,5,3,7e+06,9e+06,1.165e+07,-0.3989
2017,15956,Jesús Navas,Man City,31.61,Defender,Right-Back,Spain,24,12,0,0,0,5,3,9e+06,2e+07,1.53e+07,-0.4117
2017,186590,John Stones,Man City,23.09,Defender,Centre-Back,England,27,23,0,0,0,7,3,3.5e+07,2.8e+07,2.5e+07,0.4002
2017,295330,Kelechi Iheanacho,Man City,20.74,Attack,Centre-Forward,Nigeria,20,5,4,3,0,3,3,1.5e+07,7e+06,1.068e+07,0.4041
2017,88755,Kevin De Bruyne,Man City,26.01,Midfield,Attacking Midfield,Belgium,36,33,6,18,0,6,3,6.5e+07,6e+07,6.985e+07,-0.06939
2017,192565,Leroy Sané,Man City,21.47,Attack,Right Winger,Germany  France,26,20,5,4,0,4,3,3.5e+07,3e+07,2.931e+07,0.1943
2017,54781,Nicolás Otamendi,Man City,29.38,Defender,Centre-Back,Argentina,30,29,1,1,0,6,3,3e+07,3.2e+07,2.086e+07,0.4382
2017,70934,Nolito,Man City,30.71,Attack,Left Winger,Spain,19,9,4,2,0,4,3,9e+06,1.8e+07,1.481e+07,-0.3925
2017,20007,Pablo Zabaleta,Man City,32.45,Defender,Right-Back,Argentina  Spain,20,11,1,1,0,6,3,7e+06,1e+07,6.227e+06,0.1242
2017,134425,Raheem Sterling,Man City,22.56,Attack,Right Winger,England  Jamaica,33,29,7,7,0,7,3,4.5e+07,4.5e+07,4.765e+07,-0.0556
2017,18935,Samir Nasri,Man City,30.02,Midfield,Attacking Midfield,France  Algeria,1,0,0,0,0,5,3,1.6e+07,1.5e+07,1.098e+07,0.4571
2017,26399,Sergio Agüero,Man City,29.08,Attack,Centre-Forward,Argentina  Spain,31,25,20,4,0,7,3,6.5e+07,6e+07,5.743e+07,0.1319
2017,9594,Vincent Kompany,Man City,31.23,Defender,Centre-Back,Belgium  DR Congo,11,10,3,0,0,0,3,2.2e+07,3e+07,7.103e+06,2.097
2017,19948,Willy Caballero,Man City,35.76,Goalkeeper,Goalkeeper,Argentina  Spain,17,16,0,0,7,5,3,1.5e+06,2e+06,2.841e+06,-0.4721
2017,13091,Yaya Touré,Man City,34.14,Midfield,Central Midfield,Cote d'Ivoire  England,25,22,5,0,0,1,3,8e+06,1.6e+07,4.933e+06,0.6216
2017,53622,İlkay Gündoğan,Man City,26.69,Midfield,Central Midfield,Germany,10,9,3,1,0,6,3,3e+07,3e+07,3.232e+07,-0.07189
2017,99343,Ander Herrera,Man United,27.88,Midfield,Central Midfield,Spain,31,27,1,6,0,9,6,3e+07,2.8e+07,2.191e+07,0.3689
2017,392770,Angel Gomes,Man United,16.83,Midfield,Attacking Midfield,England  Portugal,1,0,0,0,0,0,6,,,1.974e+05,
2017,182877,Anthony Martial,Man United,21.57,Attack,Centre-Forward,France  Guadeloupe,25,18,4,6,0,10,6,3e+07,3.2e+07,2.934e+07,0.02255
2017,33544,Antonio Valencia,Man United,31.91,Defender,Right-Back,Ecuador,28,27,1,3,0,9,6,1e+07,8e+06,1.168e+07,-0.1438
2017,14086,Ashley Young,Man United,31.98,Defender,Right-Back,England  Jamaica,12,8,0,1,0,7,6,5e+06,1e+07,5.453e+06,-0.08312
2017,342046,Axel Tuanzebe,Man United,19.63,Defender,Right-Back,DR Congo  England,4,4,0,0,0,0,6,1e+06,,1.414e+06,-0.293
2017,103427,Chris Smalling,Man United,27.61,Defender,Centre-Back,England  Jamaica,18,13,1,1,0,10,6,1.8e+07,2e+07,1.744e+07,0.03199
2017,12282,Daley Blind,Man United,27.31,Defender,Centre-Back,Netherlands,23,20,1,2,0,11,6,2.2e+07,2.2e+07,1.911e+07,0.1511
2017,59377,David de Gea,Man United,26.65,Goalkeeper,Goalkeeper,Spain,35,35,0,0,14,3,6,4e+07,4e+07,2.501e+07,0.5995
2017,258886,Demetri Mitchell,Man United,20.47,Midfield,Attacking Midfield,England  Jamaica,1,1,0,0,0,0,6,,,6.118e+05,
2017,286384,Eric Bailly,Man United,23.22,Defender,Centre-Back,Cote d'Ivoire,25,24,0,0,0,11,6,3e+07,2e+07,2.325e+07,0.2906
2017,55735,Henrikh Mkhitaryan,Man United,28.44,Midfield,Central Midfield,Armenia,24,15,4,1,0,11,6,3.5e+07,3.7e+07,2.225e+07,0.5729
2017,141660,Jesse Lingard,Man United,24.54,Midfield,Attacking Midfield,England,25,18,1,2,0,10,6,1.2e+07,6e+06,1.624e+07,-0.2611
2017,192611,Joel Pereira,Man United,21.01,Goalkeeper,Goalkeeper,Portugal  Switzerland,1,1,0,0,1,0,6,2.5e+05,,8.1e+05,-0.6914
2017,289844,Josh Harrop,Man United,21.54,Midfield,Attacking Midfield,England,1,1,1,0,0,0,6,,,1.139e+06,
2017,44068,Juan Mata,Man United,29.17,Midfield,Attacking Midfield,Spain,25,19,6,3,0,10,6,3e+07,3.1e+07,2.877e+07,0.04285
2017,183288,Luke Shaw,Man United,21.97,Defender,Left-Back,England,11,9,0,1,0,4,6,2e+07,2.1e+07,6.051e+06,2.305
2017,258923,Marcus Rashford,Man United,19.67,Attack,Left Winger,England  St. Kitts & Nevis,32,16,5,2,0,11,6,1.8e+07,7e+06,1.434e+07,0.255
2017,39679,Marouane Fellaini,Man United,29.61,Midfield,Central Midfield,Belgium  Morocco,28,18,1,0,0,11,6,1.2e+07,1.5e+07,1.638e+07,-0.2675
2017,54906,Matteo Darmian,Man United,27.58,Defender,Right-Back,Italy,18,15,0,0,0,7,6,1.2e+07,1.5e+07,1.147e+07,0.04582
2017,167850,Memphis Depay,Man United,23.38,Attack,Centre-Forward,Netherlands  Ghana,4,0,0,0,0,3,6,1.9e+07,2.5e+07,1.125e+07,0.6891
2017,3878,Michael Carrick,Man United,35.93,Midfield,Defensive Midfield,England,23,18,0,0,0,7,6,1.5e+06,3e+06,2.327e+06,-0.3554
2017,122153,Paul Pogba,Man United,24.3,Midfield,Central Midfield,France  Guinea,30,29,5,4,0,15,6,7.5e+07,7e+07,4.684e+07,0.6011
2017,117996,Phil Jones,Man United,25.36,Defender,Centre-Back,England,18,18,0,0,0,3,6,1.4e+07,1.4e+07,8.213e+06,0.7046
2017,315969,Scott McTominay,Man United,20.56,Midfield,Central Midfield,Scotland  England,2,1,0,0,0,0,6,,,1.24e+06,
2017,30690,Sergio Romero,Man United,30.35,Goalkeeper,Goalkeeper,Argentina  Italy,2,2,0,0,2,12,6,6e+06,5e+06,3.268e+06,0.8362
2017,315131,Timothy Fosu-Mensah,Man United,19.49,Defender,Right-Back,Netherlands  Ghana,4,1,0,0,0,4,6,2.5e+06,1e+06,3.888e+06,-0.357
2017,3332,Wayne Rooney,Man United,31.69,Attack,Centre-Forward,England,25,15,5,5,0,7,6,1.5e+07,3.5e+07,1.991e+07,-0.2467
2017,3455,Zlatan Ibrahimović,Man United,35.74,Attack,Centre-Forward,Sweden  Bosnia-Herzegovina,28,27,17,5,0,11,6,1e+07,1.2e+07,1.047e+07,-0.04493
2017,73067,Adam Clayton,Middlesbrough,28.46,Midfield,Central Midfield,England,34,32,0,2,0,0,19,3e+06,2.5e+06,2.759e+06,0.08717
2017,121257,Adam Forshaw,Middlesbrough,25.73,Midfield,Central Midfield,England,34,30,0,1,0,0,19,3e+06,2.25e+06,2.759e+06,0.08749
2017,204103,Adama Traoré,Middlesbrough,21.43,Attack,Right Winger,Spain  Mali,27,16,0,1,0,0,19,8e+06,7e+06,2.076e+06,2.853
2017,83430,Albert Adomah,Middlesbrough,29.55,Attack,Right Winger,Ghana  England,2,1,0,0,0,0,19,2.5e+06,2e+06,1.812e+06,0.3796
2017,32522,Antonio Barragán,Middlesbrough,30.05,Defender,Right-Back,Spain,26,26,0,0,0,0,19,3e+06,3.5e+06,3.83e+06,-0.2167
2017,128904,Ben Gibson,Middlesbrough,24.46,Defender,Centre-Back,England,38,38,1,1,0,0,19,8e+06,2e+06,3.206e+06,1.495
2017,64598,Bernardo Espinosa,Middlesbrough,27.97,Defender,Centre-Back,Colombia  Spain,11,10,0,0,0,0,19,4.5e+06,2.5e+06,2.986e+06,0.5072
2017,39471,Brad Guzan,Middlesbrough,32.81,Goalkeeper,Goalkeeper,United States  Poland,10,10,0,0,3,0,19,1e+06,2.5e+06,2.011e+06,-0.5027
2017,215118,Calum Chambers,Middlesbrough,22.44,Defender,Centre-Back,England,25,25,2,1,0,0,19,1.4e+07,1.2e+07,4.783e+06,1.927
2017,59323,Cristhian Stuani,Middlesbrough,30.72,Attack,Centre-Forward,Uruguay  Italy,23,16,4,0,0,0,19,3.5e+06,4e+06,3.184e+06,0.0994
2017,78966,Daniel Ayala,Middlesbrough,26.65,Defender,Centre-Back,Spain,14,11,1,0,0,0,19,2e+06,2e+06,2.443e+06,-0.1815
2017,33963,David Nugent,Middlesbrough,32.16,Attack,Centre-Forward,England  Ireland,4,0,0,0,0,0,19,3e+06,3.5e+06,1.293e+06,1.319
2017,59558,Emilio Nsue,Middlesbrough,27.75,Attack,Centre-Forward,Equatorial Guinea  Spain,4,4,0,0,0,0,19,1.75e+06,2e+06,2.092e+06,-0.1635
2017,61891,Fábio,Middlesbrough,26.98,Defender,Right-Back,Brazil  Portugal,24,21,0,0,0,0,19,2e+06,3e+06,3.442e+06,-0.4189
2017,123742,Gastón Ramírez,Middlesbrough,26.58,Midfield,Central Midfield,Uruguay,24,20,2,3,0,0,19,6e+06,5e+06,4.523e+06,0.3266
2017,77544,George Friend,Middlesbrough,29.7,Defender,Left-Back,England,24,20,0,2,0,0,19,1.5e+06,1.5e+06,2.365e+06,-0.3658
2017,13796,Grant Leadbitter,Middlesbrough,31.48,Midfield,Central Midfield,England,13,7,1,0,0,0,19,2e+06,2e+06,1.964e+06,0.01813
2017,167393,James Husband,Middlesbrough,23.49,Defender,Left-Back,England,1,1,0,0,0,0,19,5e+05,5e+05,7.357e+05,-0.3204
2017,48950,Jordan Rhodes,Middlesbrough,27.4,Attack,Centre-Forward,Scotland  England,6,2,0,0,0,0,19,1e+07,1e+07,1.726e+06,4.792
2017,133179,Marten de Roon,Middlesbrough,26.26,Midfield,Defensive Midfield,Netherlands,33,32,4,0,0,0,19,1e+07,1e+07,6.442e+06,0.5524
2017,183334,Patrick Bamford,Middlesbrough,23.82,Attack,Centre-Forward,England  Ireland,14,2,1,0,0,0,19,5e+06,5e+06,2.006e+06,1.493
2017,39908,Rudy Gestede,Middlesbrough,28.72,Attack,Centre-Forward,Benin  France,16,4,1,0,0,0,19,7e+06,7e+06,3.25e+06,1.154
2017,4063,Stewart Downing,Middlesbrough,32.94,Midfield,Left Midfield,England,30,24,1,3,0,0,19,3.5e+06,6e+06,3.01e+06,0.1628
2017,95755,Viktor Fischer,Middlesbrough,23.06,Attack,Left Winger,Denmark,13,6,0,3,0,0,19,5e+06,5e+06,2.832e+06,0.7654
2017,7589,Víctor Valdés,Middlesbrough,35.46,Goalkeeper,Goalkeeper,Spain,28,28,0,0,8,0,19,2e+06,2.5e+06,2.313e+06,-0.1354
2017,18644,Álvaro Negredo,Middlesbrough,31.86,Attack,Centre-Forward,Spain,36,33,9,4,0,0,19,7.5e+06,7.5e+06,6.435e+06,0.1655
2017,129627,Charlie Austin,Southampton,27.99,Attack,Centre-Forward,England,15,11,6,1,0,5,8,1.3e+07,1.3e+07,7.947e+06,0.6358
2017,91251,Cuco Martina,Southampton,27.76,Defender,Centre-Back,Curacao  Netherlands,9,6,0,0,0,5,8,2e+06,2e+06,3.325e+06,-0.3984
2017,112988,Cédric Soares,Southampton,25.83,Defender,Right-Back,Portugal  Germany,30,30,0,3,0,1,8,1.5e+07,1.2e+07,8.107e+06,0.8503
2017,36139,Dušan Tadić,Southampton,28.61,Attack,Right Winger,Serbia,33,30,3,5,0,5,8,1.7e+07,1.7e+07,1.605e+07,0.05929
2017,52570,Fraser Forster,Southampton,29.29,Goalkeeper,Goalkeeper,England,38,38,0,0,14,6,8,1.5e+07,1.5e+07,1.059e+07,0.416
2017,226973,Harrison Reed,Southampton,22.43,Midfield,Central Midfield,England,3,1,0,0,0,0,8,1e+06,1.5e+06,1.46e+06,-0.315
2017,163744,Jack Stephens,Southampton,23.43,Defender,Centre-Back,England,17,15,0,1,0,0,8,3.5e+06,2.5e+05,3.507e+06,-0.002085
2017,181579,James Ward-Prowse,Southampton,22.66,Midfield,Central Midfield,England,30,22,4,4,0,6,8,1.5e+07,1.1e+07,1.389e+07,0.07996
2017,53360,Jay Rodríguez,Southampton,27.92,Attack,Centre-Forward,England  Spain,24,9,5,2,0,4,8,1e+07,1.3e+07,6.406e+06,0.5612
2017,104223,Jordy Clasie,Southampton,26.01,Midfield,Defensive Midfield,Netherlands,16,12,1,1,0,2,8,1e+07,1.1e+07,6.053e+06,0.652
2017,286919,Josh Sims,Southampton,20.26,Attack,Right Winger,England,7,1,0,1,0,1,8,5e+05,,2.406e+06,-0.7922
2017,33829,José Fonte,Southampton,33.52,Defender,Centre-Back,Portugal,33,33,0,0,0,0,8,7e+06,6e+06,3.322e+06,1.107
2017,112343,Manolo Gabbiadini,Southampton,25.6,Attack,Centre-Forward,Italy,11,10,4,0,0,5,8,1.5e+07,1.7e+07,1.419e+07,0.05743
2017,54935,Martín Cáceres,Southampton,30.23,Defender,Centre-Back,Uruguay,1,1,0,0,0,0,8,4e+06,5e+06,2.261e+06,0.769
2017,250478,Matt Targett,Southampton,21.79,Defender,Left-Back,England  Scotland,5,5,0,0,0,2,8,3e+06,3e+06,3.27e+06,-0.08251
2017,81789,Maya Yoshida,Southampton,28.85,Defender,Centre-Back,Japan,23,23,1,0,0,6,8,5e+06,4e+06,8.114e+06,-0.3838
2017,129078,Nathan Redmond,Southampton,23.32,Attack,Right Winger,England  Jamaica,37,32,7,1,0,5,8,1.5e+07,1e+07,1.42e+07,0.05607
2017,66100,Oriol Romeu,Southampton,25.77,Midfield,Defensive Midfield,Spain,35,35,1,1,0,6,8,1e+07,5e+06,1.136e+07,-0.1196
2017,167799,Pierre-Emile Højbjerg,Southampton,21.91,Midfield,Defensive Midfield,Denmark  France,22,14,0,0,0,6,8,8e+06,8e+06,6.095e+06,0.3125
2017,40611,Ryan Bertrand,Southampton,27.9,Defender,Left-Back,England,28,28,2,4,0,1,8,2e+07,1.4e+07,9.306e+06,1.149
2017,226968,Sam McQueen,Southampton,22.4,Defender,Left-Back,England,13,5,0,0,0,3,8,7.5e+05,2.5e+05,3.914e+06,-0.8084
2017,37304,Shane Long,Southampton,30.44,Attack,Centre-Forward,Ireland,32,10,3,1,0,5,8,9e+06,1e+07,6.114e+06,0.4721
2017,232271,Sofiane Boufal,Southampton,23.79,Midfield,Attacking Midfield,Morocco  France,24,12,1,0,0,2,8,1.5e+07,1.3e+07,8.198e+06,0.8297
2017,28973,Steven Davis,Southampton,32.5,Midfield,Central Midfield,Northern Ireland,32,29,0,3,0,4,8,6e+06,6e+06,7.024e+06,-0.1458
2017,139208,Virgil van Dijk,Southampton,25.98,Defender,Centre-Back,Netherlands  Suriname,21,21,1,0,0,6,8,3e+07,1.2e+07,1.004e+07,1.988
2017,44675,Bojan Krkic,Stoke,26.84,Attack,Second Striker,Spain  Serbia,9,5,3,0,0,0,13,5e+06,1e+07,5.955e+06,-0.1603
2017,112052,Bruno Martins Indi,Stoke,25.39,Defender,Centre-Back,Netherlands  Portugal,35,35,1,0,0,0,13,1.1e+07,1e+07,4.545e+06,1.42
2017,28990,Charlie Adam,Stoke,31.56,Midfield,Central Midfield,Scotland,24,17,1,3,0,0,13,3.5e+06,4.5e+06,3.574e+06,-0.02067
2017,43763,Erik Pieters,Stoke,28.9,Defender,Left-Back,Netherlands,36,35,0,1,0,0,13,7e+06,7e+06,6.912e+06,0.01275
2017,31642,Geoff Cameron,Stoke,31.97,Defender,Centre-Back,United States,19,18,0,1,0,0,13,3e+06,3e+06,3.858e+06,-0.2223
2017,130756,Giannelli Imbula,Stoke,24.8,Midfield,Defensive Midfield,DR Congo  France,12,9,0,0,0,0,13,1.2e+07,1.8e+07,5.136e+06,1.336
2017,3881,Glen Johnson,Stoke,32.85,Defender,Right-Back,England,23,21,0,0,0,0,13,5e+06,7e+06,3.681e+06,0.3584
2017,12124,Glenn Whelan,Stoke,33.46,Midfield,Defensive Midfield,Ireland,30,26,0,1,0,0,13,2.5e+06,3e+06,3.145e+06,-0.2051
2017,15760,Ibrahim Afellay,Stoke,31.25,Midfield,Attacking Midfield,Netherlands  Morocco,12,3,0,0,0,0,13,3e+06,5e+06,3.013e+06,-0.004334
2017,128899,Jack Butland,Stoke,24.31,Goalkeeper,Goalkeeper,England,5,5,0,0,2,0,13,1.5e+07,9e+06,4.58e+06,2.275
2017,51452,Joe Allen,Stoke,27.3,Midfield,Central Midfield,Wales,36,34,6,2,0,0,13,1.5e+07,1.2e+07,8.411e+06,0.7833
2017,3306,Jonathan Walters,Stoke,33.78,Attack,Right Winger,Ireland  England,23,13,4,2,0,0,13,2.5e+06,3.5e+06,2.588e+06,-0.03418
2017,286005,Julien Ngoy,Stoke,19.66,Attack,Centre-Forward,Belgium  DR Congo,5,0,0,0,0,0,13,2.5e+05,,7.888e+05,-0.6831
2017,13460,Lee Grant,Stoke,34.43,Goalkeeper,Goalkeeper,England,28,28,0,0,9,0,13,1e+06,5e+05,1.577e+06,-0.3661
2017,62049,Mame Diouf,Stoke,29.54,Attack,Centre-Forward,Senegal,27,15,1,2,0,0,13,7e+06,8e+06,4.014e+06,0.7441
2017,74228,Marc Muniesa,Stoke,25.26,Defender,Centre-Back,Spain,10,7,1,0,0,0,13,3e+06,3.5e+06,3.043e+06,-0.01414
2017,41384,Marko Arnautovic,Stoke,28.2,Attack,Centre-Forward,Austria  Serbia,32,32,6,5,0,0,13,1.5e+07,1.2e+07,1.243e+07,0.2067
2017,4072,Peter Crouch,Stoke,36.42,Attack,Centre-Forward,England  Ireland,27,13,7,3,0,0,13,1.5e+06,1.5e+06,2.218e+06,-0.3236
2017,15773,Phil Bardsley,Stoke,32.01,Defender,Right-Back,Scotland  England,15,14,0,0,0,0,13,1.5e+06,1.5e+06,2.817e+06,-0.4676
2017,53173,Philipp Wollscheid,Stoke,28.32,Defender,Centre-Back,Germany,2,2,0,0,0,0,13,2.5e+06,7.5e+06,5.114e+06,-0.5112
2017,312017,Ramadan Sobhi,Stoke,20.44,Midfield,Attacking Midfield,Egypt,17,8,0,1,0,0,13,5e+06,1.5e+06,4.18e+06,0.196
2017,45861,Ryan Shawcross,Stoke,29.74,Defender,Centre-Back,England  Wales,35,35,1,1,0,0,13,1.1e+07,1.1e+07,7.825e+06,0.4058
2017,128897,Saido Berahino,Stoke,23.91,Attack,Centre-Forward,Burundi  England,17,11,0,0,0,0,13,1.5e+07,1.5e+07,5.504e+06,1.725
2017,3146,Shay Given,Stoke,41.2,Goalkeeper,Goalkeeper,Ireland,5,5,0,1,0,0,13,2.5e+05,5e+05,6.795e+05,-0.6321
2017,86792,Xherdan Shaqiri,Stoke,25.72,Midfield,Attacking Midfield,Switzerland  Kosovo,21,21,4,2,0,0,13,1.5e+07,1.5e+07,1.065e+07,0.4088
2017,177847,Adnan Januzaj,Sunderland,22.4,Attack,Right Winger,Belgium  Kosovo,25,18,0,3,0,0,20,8.5e+06,7e+06,3.127e+06,1.719
2017,36866,Billy Jones,Sunderland,30.27,Defender,Right-Back,England,27,25,1,0,0,0,20,1.5e+06,1.5e+06,3.655e+06,-0.5896
2017,124983,Bryan Oviedo,Sunderland,27.36,Defender,Left-Back,Costa Rica,16,16,0,0,0,0,20,2.5e+06,3e+06,2.933e+06,-0.1476
2017,42413,Darron Gibson,Sunderland,29.68,Midfield,Central Midfield,Ireland  Northern Ireland,12,7,0,0,0,0,20,1.5e+06,1.5e+06,2.025e+06,-0.2594
2017,210081,Didier Ndong,Sunderland,23.04,Midfield,Defensive Midfield,Gabon,31,27,1,0,0,0,20,1e+07,5e+06,6.327e+06,0.5806
2017,179451,Donald Love,Sunderland,22.58,Defender,Right-Back,Scotland  England,12,6,0,1,0,0,20,1e+06,1e+06,1.362e+06,-0.2656
2017,248045,Duncan Watmore,Sunderland,23.32,Attack,Right Winger,England,14,11,0,3,0,0,20,3e+06,2.5e+06,2.405e+06,0.2474
2017,96754,Fabio Borini,Sunderland,26.26,Attack,Left Winger,Italy,24,19,2,0,0,0,20,5e+06,6e+06,4.281e+06,0.1679
2017,218140,George Honeyman,Sunderland,22.81,Midfield,Attacking Midfield,England,5,2,0,0,0,0,20,2.5e+05,2.5e+05,9.47e+05,-0.736
2017,57079,Jack Rodwell,Sunderland,26.31,Defender,Centre-Back,England,20,17,0,1,0,0,20,5e+06,7e+06,3.616e+06,0.3828
2017,49734,Jan Kirchhoff,Sunderland,26.75,Midfield,Defensive Midfield,Germany,7,5,0,0,0,0,20,3e+06,3e+06,3.351e+06,-0.1047
2017,277114,Jason Denayer,Sunderland,22.01,Defender,Centre-Back,Belgium  DR Congo,24,22,0,0,0,0,20,4e+06,4e+06,1.847e+06,1.166
2017,162029,Javier Manquillo,Sunderland,23.16,Defender,Right-Back,Spain,20,15,1,0,0,0,20,4e+06,5e+06,4.106e+06,-0.0258
2017,38497,Jeremain Lens,Sunderland,29.6,Attack,Right Winger,Netherlands  Suriname,2,0,0,0,0,5,20,1.1e+07,1.1e+07,3.572e+06,2.079
2017,3875,Jermain Defoe,Sunderland,34.73,Attack,Centre-Forward,England  St. Lucia,37,37,15,2,0,0,20,5e+06,6.5e+06,5.45e+06,-0.08257
2017,375391,Joel Asoro,Sunderland,18.18,Attack,Right Winger,Sweden  Nigeria,1,0,0,0,0,0,20,,,1.667e+05,
2017,3540,John Oshea,Sunderland,36.17,Defender,Centre-Back,Ireland,28,26,0,1,0,0,20,1e+06,1e+06,1.024e+06,-0.02321
2017,4241,Joleon Lescott,Sunderland,34.87,Defender,Centre-Back,England,2,1,0,0,0,0,20,1e+06,1e+06,1.011e+06,-0.01099
2017,130164,Jordan Pickford,Sunderland,23.32,Goalkeeper,Goalkeeper,England,29,29,0,0,4,0,20,1.5e+07,1e+06,3.25e+06,3.615
2017,57420,Lamine Koné,Sunderland,28.41,Defender,Centre-Back,Cote d'Ivoire  France,30,29,1,0,0,0,20,7e+06,6e+06,6.801e+06,0.02931
2017,307781,Lynden Gooch,Sunderland,21.52,Defender,Right-Back,United States  Ireland,11,4,0,0,0,0,20,7.5e+05,5e+05,1.313e+06,-0.4287
2017,167268,Paddy McNair,Sunderland,22.18,Defender,Centre-Back,Northern Ireland,9,5,0,0,0,0,20,4e+06,4e+06,1.473e+06,1.716
2017,136610,Papy Djilobodji,Sunderland,28.58,Defender,Centre-Back,Senegal,18,17,0,0,0,0,20,5e+06,4.5e+06,3.286e+06,0.5215
2017,52119,Patrick van Aanholt,Sunderland,26.84,Defender,Left-Back,Netherlands  Curacao,32,28,5,1,0,0,20,9e+06,6e+06,6.025e+06,0.4937
2017,31720,Sebastian Larsson,Sunderland,32.07,Midfield,Central Midfield,Sweden,21,17,0,1,0,0,20,2.5e+06,2.5e+06,2.812e+06,-0.1111
2017,4321,Steven Pienaar,Sunderland,35.29,Midfield,Left Midfield,South Africa,15,10,0,0,0,0,20,1e+06,1.5e+06,1.087e+06,-0.08042
2017,39532,Victor Anichebe,Sunderland,29.19,Attack,Centre-Forward,Nigeria  England,18,14,3,0,0,0,20,1.5e+06,2e+06,2.828e+06,-0.4695
2017,33781,Vito Mannone,Sunderland,29.33,Goalkeeper,Goalkeeper,Italy,9,9,0,0,2,0,20,2.5e+06,2.5e+06,2.958e+06,-0.1547
2017,103565,Wahbi Khazri,Sunderland,26.39,Attack,Left Winger,Tunisia  France,21,7,1,0,0,0,20,7e+06,9e+06,5.23e+06,0.3385
2017,287431,Alfie Mawson,Swansea,23.45,Defender,Centre-Back,England,27,27,4,0,0,0,14,6e+06,1e+06,6.857e+06,-0.125
2017,85324,Borja Bastón,Swansea,24.85,Attack,Centre-Forward,Spain,18,4,1,0,0,0,14,8e+06,5e+06,5.303e+06,0.5086
2017,85475,Federico Fernández,Swansea,28.36,Defender,Centre-Back,Argentina  Italy,27,27,0,2,0,0,14,9e+06,9e+06,6.224e+06,0.4461
2017,35564,Fernando Llorente,Swansea,32.34,Attack,Centre-Forward,Spain,33,28,15,1,0,0,14,6e+06,6e+06,7.664e+06,-0.2172
2017,90466,Gylfi Sigurdsson,Swansea,27.81,Midfield,Attacking Midfield,Iceland,38,37,9,13,0,0,14,2.5e+07,1.7e+07,1.8e+07,0.389
2017,40613,Jack Cork,Swansea,28.02,Midfield,Defensive Midfield,England,30,25,0,0,0,0,14,5e+06,5e+06,6.907e+06,-0.2761
2017,171260,Jay Fulton,Swansea,23.25,Midfield,Central Midfield,Scotland  England,11,9,0,0,0,0,14,5e+05,2.5e+05,2.027e+06,-0.7533
2017,77932,Jefferson Montero,Swansea,27.83,Attack,Left Winger,Ecuador,13,2,0,1,0,0,14,4.5e+06,5.5e+06,3.257e+06,0.3815
2017,108354,Jordan Ayew,Swansea,25.8,Attack,Centre-Forward,Ghana  France,14,9,1,3,0,0,14,7.5e+06,7.5e+06,8.235e+06,-0.08921
2017,85289,Jordi Amat,Swansea,25.28,Defender,Centre-Back,Indonesia  Spain,17,15,0,0,0,0,14,2.5e+06,2.5e+06,3.462e+06,-0.2779
2017,75890,Kristoffer Nordfeldt,Swansea,28.02,Goalkeeper,Goalkeeper,Sweden,1,1,0,0,0,0,14,1.5e+06,2.5e+06,1.266e+06,0.1847
2017,66219,Kyle Naughton,Swansea,28.62,Defender,Right-Back,England  Ireland,31,31,1,0,0,0,14,5e+06,5e+06,5.666e+06,-0.1175
2017,40043,Leon Britton,Swansea,34.79,Midfield,Central Midfield,England,16,16,0,0,0,0,14,1e+06,1.5e+06,1.358e+06,-0.2634
2017,63342,Leroy Fer,Swansea,27.49,Midfield,Defensive Midfield,Netherlands  Curacao,34,27,6,2,0,0,14,8e+06,8e+06,8.414e+06,-0.04926
2017,72462,Luciano Narsingh,Swansea,26.8,Attack,Right Winger,Netherlands  Suriname,13,3,0,3,0,5,14,5e+06,5e+06,7.341e+06,-0.3189
2017,29692,Lukasz Fabianski,Swansea,32.2,Goalkeeper,Goalkeeper,Poland,37,37,0,0,8,0,14,9e+06,9e+06,6.001e+06,0.4997
2017,38073,Martin Olsson,Swansea,29.12,Defender,Left-Back,Sweden,15,14,2,0,0,0,14,5e+06,3.5e+06,4.968e+06,0.006421
2017,187105,Mike van der Hoorn,Swansea,24.71,Defender,Centre-Back,Netherlands,8,7,1,1,0,0,14,2e+06,2.5e+06,2.095e+06,-0.04549
2017,189070,Modou Barrow,Swansea,24.71,Attack,Left Winger,The Gambia  Sweden,18,12,0,2,0,0,14,3e+06,3e+06,3.11e+06,-0.03539
2017,37011,Nathan Dyer,Swansea,29.59,Attack,Right Winger,England  Jamaica,8,3,0,1,0,0,14,3.5e+06,4e+06,2.154e+06,0.6246
2017,67416,Neil Taylor,Swansea,28.39,Defender,Left-Back,Wales  India,11,11,0,0,0,0,14,6e+06,6e+06,4.547e+06,0.3195
2017,298477,Oli McBurnie,Swansea,21.07,Attack,Centre-Forward,Scotland  England,5,0,0,0,0,0,14,2.5e+05,2.5e+05,2.146e+06,-0.8835
2017,184398,Stephen Kingsley,Swansea,22.94,Defender,Left-Back,Scotland,13,12,0,0,0,0,14,7.5e+05,5e+05,2.736e+06,-0.7258
2017,81796,Sung-yueng Ki,Swansea,28.43,Midfield,Defensive Midfield,"Korea, South",23,13,0,1,0,0,14,7e+06,7.5e+06,5.441e+06,0.2864
2017,121279,Tom Carroll,Swansea,25.09,Midfield,Central Midfield,England,18,16,1,2,0,0,14,6e+06,5e+06,3.655e+06,0.6418
2017,14066,Wayne Routledge,Swansea,32.48,Attack,Left Winger,England  Jamaica,27,24,3,1,0,0,14,2.5e+06,3e+06,3.443e+06,-0.274
2017,66550,Ángel Rangel,Swansea,34.59,Defender,Right-Back,Spain,18,8,1,0,0,0,14,1e+06,1.5e+06,1.277e+06,-0.217
2017,192765,Ben Davies,Tottenham,24.19,Defender,Centre-Back,Wales,23,18,1,3,0,5,2,1.2e+07,9e+06,1.657e+07,-0.2758
2017,69633,Christian Eriksen,Tottenham,25.38,Midfield,Attacking Midfield,Denmark,36,36,8,16,0,8,2,4e+07,3.1e+07,6.696e+07,-0.4026
2017,50174,Danny Rose,Tottenham,27,Defender,Left-Back,England  Jamaica,18,18,2,2,0,3,2,2.8e+07,1.4e+07,1.788e+07,0.5661
2017,207929,Dele Alli,Tottenham,21.22,Midfield,Attacking Midfield,England  Nigeria,37,35,18,9,0,8,2,4.5e+07,2e+07,7.651e+07,-0.4118
2017,175722,Eric Dier,Tottenham,23.46,Defender,Centre-Back,England  Portugal,36,34,2,0,0,7,2,2.5e+07,1.8e+07,3.89e+07,-0.3574
2017,111630,Erik Lamela,Tottenham,25.33,Attack,Right Winger,Argentina  Spain,9,6,1,1,0,3,2,2.5e+07,2.6e+07,2.176e+07,0.1488
2017,186383,Filip Lesniak,Tottenham,21.13,Midfield,Defensive Midfield,Slovakia,1,0,0,1,0,0,2,,1e+05,1.378e+06,
2017,215679,Georges Kevin Nkoudou,Tottenham,22.38,Attack,Left Winger,Cameroon  France,8,0,0,0,0,4,2,7e+06,7e+06,1.32e+07,-0.4696
2017,132098,Harry Kane,Tottenham,23.93,Attack,Centre-Forward,England  Ireland,30,29,29,7,0,5,2,6e+07,4e+07,7.704e+07,-0.2212
2017,249126,Harry Winks,Tottenham,21.41,Midfield,Central Midfield,England,21,3,1,1,0,6,2,4e+06,,7.536e+06,-0.4692
2017,91845,Heung-min Son,Tottenham,24.98,Attack,Left Winger,"Korea, South",34,23,14,7,0,8,2,3e+07,2.5e+07,3.832e+07,-0.2172
2017,17965,Hugo Lloris,Tottenham,30.51,Goalkeeper,Goalkeeper,France,34,34,0,0,15,8,2,2.4e+07,2.4e+07,3.595e+07,-0.3324
2017,43250,Jan Vertonghen,Tottenham,30.19,Defender,Centre-Back,Belgium,33,33,0,0,0,6,2,2.8e+07,2.3e+07,2.21e+07,0.2667
2017,243589,Josh Onomah,Tottenham,20.18,Midfield,Central Midfield,England  Nigeria,5,0,0,0,0,2,2,2.5e+06,2e+06,3.636e+06,-0.3125
2017,122675,Kevin Wimmer,Tottenham,24.62,Defender,Centre-Back,Austria,5,4,0,0,0,1,2,7e+06,7e+06,5.357e+06,0.3068
2017,95810,Kieran Trippier,Tottenham,26.78,Defender,Right-Back,England,12,6,0,5,0,3,2,1e+07,6e+06,9.391e+06,0.06485
2017,95424,Kyle Walker,Tottenham,27.09,Defender,Right-Back,England,33,31,0,5,0,5,2,3e+07,1.5e+07,2.374e+07,0.2635
2017,26276,Michel Vorm,Tottenham,33.7,Goalkeeper,Goalkeeper,Netherlands  Suriname,5,4,0,0,3,0,2,4e+06,5e+06,1.928e+06,1.074
2017,19368,Mousa Dembélé,Tottenham,29.96,Midfield,Central Midfield,Belgium  Mali,30,24,1,2,0,6,2,1.8e+07,1.8e+07,1.833e+07,-0.01786
2017,46001,Moussa Sissoko,Tottenham,27.87,Midfield,Central Midfield,France  Mali,25,8,0,3,0,5,2,2e+07,1.8e+07,2.05e+07,-0.02436
2017,42710,Toby Alderweireld,Tottenham,28.33,Defender,Centre-Back,Belgium,30,30,1,0,0,5,2,3.5e+07,2.7e+07,2.913e+07,0.2016
2017,77760,Victor Wanyama,Tottenham,26.02,Midfield,Defensive Midfield,Kenya,36,35,4,1,0,7,2,2.5e+07,1.5e+07,2.733e+07,-0.08516
2017,207015,Vincent Janssen,Tottenham,23.04,Attack,Centre-Forward,Netherlands,27,7,2,2,0,6,2,1.3e+07,1.4e+07,1.605e+07,-0.1898
2017,127187,Abdoulaye Doucouré,Watford,24.5,Midfield,Attacking Midfield,Mali  France,20,14,1,0,0,0,17,6e+06,6e+06,6.214e+06,-0.03439
2017,74768,Adlène Guédioura,Watford,31.63,Midfield,Defensive Midfield,Algeria  France,17,9,0,1,0,0,17,1e+06,1e+06,2.188e+06,-0.543
2017,38145,Adrian Mariappa,Watford,30.74,Defender,Centre-Back,Jamaica  England,7,6,0,0,0,0,17,1e+06,2e+06,1.596e+06,-0.3733
2017,14081,Ben Watson,Watford,31.98,Midfield,Central Midfield,England,4,0,0,0,0,0,17,1e+06,1.5e+06,2.188e+06,-0.5429
2017,479942,Brandon Mason,Watford,19.75,Defender,Left-Back,England,2,1,0,0,0,0,17,,,4.157e+05,
2017,81512,Christian Kabasele,Watford,26.35,Defender,Centre-Back,Belgium  DR Congo,16,7,2,0,0,0,17,5.5e+06,6e+06,2.353e+06,1.338
2017,47659,Costel Pantilimon,Watford,30.41,Goalkeeper,Goalkeeper,Romania,2,0,0,0,1,0,17,3e+06,4.5e+06,2.532e+06,0.1846
2017,59606,Craig Cathcart,Watford,28.4,Defender,Centre-Back,Northern Ireland,15,13,0,1,0,0,17,4e+06,4e+06,4.856e+06,-0.1762
2017,499604,Dion Pereira,Watford,18.27,Attack,Left Winger,Antigua and Barbuda  England,2,0,0,0,0,0,17,,,2.835e+05,
2017,19059,Heurelho Gomes,Watford,36.37,Goalkeeper,Goalkeeper,Brazil,38,38,0,1,7,0,17,1e+06,1e+06,2.973e+06,-0.6636
2017,107427,Ikechi Anya,Watford,29.49,Midfield,Left Midfield,Scotland  Nigeria,1,0,0,0,0,0,17,4e+06,4e+06,1.848e+06,1.165
2017,295331,Isaac Success,Watford,21.48,Attack,Centre-Forward,Nigeria,19,2,1,1,0,0,17,4e+06,4e+06,4.139e+06,-0.03357
2017,236513,Jerome Sinclair,Watford,20.78,Attack,Centre-Forward,England,5,1,0,0,0,0,17,1.5e+06,1.5e+06,1.54e+06,-0.02608
2017,41112,Jose Cholevas,Watford,33.01,Defender,Left-Back,Greece  Germany,33,33,2,4,0,0,17,2e+06,2e+06,2.37e+06,-0.156
2017,281404,Kenedy,Watford,21.39,Attack,Left Winger,Brazil,2,1,0,0,0,0,17,7e+06,8e+06,1.944e+06,2.601
2017,101500,Matej Vydra,Watford,25.17,Attack,Centre-Forward,Czech Republic,1,0,0,0,0,0,17,6e+06,6e+06,1.661e+06,2.612
2017,26456,Mauro Zárate,Watford,30.29,Attack,Centre-Forward,Argentina  Chile,3,3,0,0,0,1,17,2e+06,3e+06,5.66e+06,-0.6466
2017,157501,Mbaye Niang,Watford,22.53,Attack,Centre-Forward,Senegal  France,16,15,2,2,0,0,17,1.5e+07,1.2e+07,1.012e+07,0.4823
2017,76799,Miguel Britos,Watford,31.96,Defender,Centre-Back,Uruguay,27,27,1,2,0,0,17,3.5e+06,3.5e+06,4.136e+06,-0.1538
2017,55619,Nordin Amrabat,Watford,30.25,Attack,Right Winger,Morocco  Netherlands,29,25,0,3,0,0,17,4.5e+06,4.5e+06,3.697e+06,0.2174
2017,62121,Odion Ighalo,Watford,28.04,Attack,Centre-Forward,Nigeria  Italy,18,14,1,1,0,0,17,7e+06,1.2e+07,6.516e+06,0.07425
2017,112302,Roberto Pereyra,Watford,26.48,Midfield,Central Midfield,Argentina,13,12,2,2,0,0,17,1.5e+07,1.6e+07,5.416e+06,1.77
2017,37981,Sebastian Prödl,Watford,30.03,Defender,Centre-Back,Austria,33,32,1,1,0,0,17,4e+06,4e+06,5.111e+06,-0.2173
2017,35249,Stefano Okaka,Watford,27.89,Attack,Centre-Forward,Italy  Nigeria,19,10,4,0,0,0,17,6e+06,6.5e+06,4.707e+06,0.2748
2017,73484,Tom Cleverley,Watford,27.89,Midfield,Central Midfield,England,27,20,0,2,0,0,17,8e+06,9e+06,5.062e+06,0.5803
2017,65477,Troy Deeney,Watford,29,Attack,Centre-Forward,England  Jamaica,37,31,10,4,0,0,17,1.1e+07,1.1e+07,9.58e+06,0.1482
2017,21905,Valon Behrami,Watford,32.2,Midfield,Central Midfield,Switzerland  Kosovo,27,26,0,0,0,0,17,2.5e+06,2.5e+06,3.585e+06,-0.3026
2017,27114,Younès Kaboul,Watford,31.49,Defender,Centre-Back,France  Morocco,23,23,2,0,0,0,17,2.5e+06,2.5e+06,4.456e+06,-0.4389
2017,63494,Étienne Capoue,Watford,28.97,Midfield,Defensive Midfield,France  Guadeloupe,37,37,7,1,0,0,17,9e+06,9e+06,9.976e+06,-0.09779
2017,111508,Allan Nyom,West Brom,29.14,Defender,Right-Back,Cameroon  France,32,29,0,2,0,0,10,4.5e+06,4e+06,6.681e+06,-0.3265
2017,13572,Ben Foster,West Brom,34.25,Goalkeeper,Goalkeeper,England,38,38,0,0,6,0,10,4e+06,4e+06,3.143e+06,0.2726
2017,208244,Brendan Galloway,West Brom,21.29,Defender,Centre-Back,Zimbabwe  England,3,3,0,0,0,0,10,3e+06,3e+06,2.851e+06,0.05226
2017,36814,Chris Brunt,West Brom,32.54,Midfield,Central Midfield,Northern Ireland,31,27,3,4,0,0,10,4e+06,4e+06,4.672e+06,-0.1438
2017,45330,Claudio Yacob,West Brom,29.95,Midfield,Defensive Midfield,Argentina  Italy,33,27,0,0,0,0,10,4e+06,4e+06,5.351e+06,-0.2524
2017,121477,Craig Dawson,West Brom,27.15,Defender,Centre-Back,England,37,37,4,1,0,0,10,6e+06,6e+06,1.055e+07,-0.4314
2017,37171,Craig Gardner,West Brom,30.6,Midfield,Central Midfield,England,9,2,0,1,0,0,10,3.5e+06,3.5e+06,3.652e+06,-0.04173
2017,3547,Darren Fletcher,West Brom,33.41,Midfield,Central Midfield,Scotland,38,37,2,3,0,0,10,2e+06,2e+06,3.798e+06,-0.4734
2017,40567,Gareth McAuley,West Brom,37.57,Defender,Centre-Back,Northern Ireland,36,36,6,1,0,0,10,1e+06,1e+06,1.728e+06,-0.4212
2017,65976,Hal Robson-Kanu,West Brom,28.11,Attack,Centre-Forward,Wales  England,29,5,3,1,0,0,10,2.5e+06,2e+06,2.96e+06,-0.1555
2017,85935,James McClean,West Brom,28.19,Midfield,Left Midfield,Ireland  Northern Ireland,34,13,1,2,0,0,10,3e+06,3e+06,5.306e+06,-0.4346
2017,27614,James Morrison,West Brom,31.1,Midfield,Central Midfield,Scotland  England,31,17,5,2,0,0,10,5e+06,5e+06,4.658e+06,0.07353
2017,25248,Jonas Olsson,West Brom,34.31,Defender,Centre-Back,Sweden,7,7,0,0,0,0,10,1.1e+06,1.5e+06,1.254e+06,-0.1228
2017,314266,Jonathan Leko,West Brom,18.19,Attack,Right Winger,England  DR Congo,9,0,0,1,0,0,10,1.5e+06,1.5e+06,2.488e+06,-0.3972
2017,42412,Jonny Evans,West Brom,29.49,Defender,Centre-Back,Northern Ireland,31,30,2,1,0,0,10,7e+06,6e+06,7.836e+06,-0.1066
2017,30456,Marc Wilson,West Brom,29.87,Defender,Centre-Back,Ireland  Northern Ireland,4,3,0,0,0,0,10,2.5e+06,3e+06,2.372e+06,0.0538
2017,77274,Matt Phillips,West Brom,26.3,Attack,Right Winger,Scotland  England,27,26,4,8,0,0,10,9e+06,6e+06,7.752e+06,0.161
2017,59631,Nacer Chadli,West Brom,27.91,Attack,Left Winger,Belgium  Morocco,31,27,5,5,0,0,10,1.5e+07,1.3e+07,8.107e+06,0.8502
2017,49655,Rickie Lambert,West Brom,35.37,Attack,Centre-Forward,England,1,0,0,0,0,0,10,1.5e+06,2.5e+06,6.974e+05,1.151
2017,80197,Salomón Rondón,West Brom,27.79,Attack,Centre-Forward,Venezuela,38,32,8,2,0,0,10,1.5e+07,1.7e+07,1.061e+07,0.4133
2017,387331,Sam Field,West Brom,19.15,Midfield,Defensive Midfield,England,8,4,0,0,0,0,10,2.5e+05,,2.036e+06,-0.8772
2017,92571,Aaron Cresswell,West Ham,27.54,Defender,Left-Back,England,26,24,0,2,0,0,11,1.2e+07,1.2e+07,8.582e+06,0.3982
2017,71271,Adrián,West Ham,30.49,Goalkeeper,Goalkeeper,Spain,16,16,0,0,6,0,11,8e+06,9e+06,4.622e+06,0.7309
2017,45403,André Ayew,West Ham,27.54,Attack,Centre-Forward,Ghana  France,25,16,6,3,0,0,11,1.8e+07,1.8e+07,1.229e+07,0.4651
2017,48066,Andy Carroll,West Ham,28.48,Attack,Centre-Forward,England,18,15,7,1,0,0,11,1e+07,1e+07,9.172e+06,0.0903
2017,48002,Angelo Ogbonna,West Ham,29.11,Defender,Centre-Back,Italy  Nigeria,20,20,0,0,0,0,11,9e+06,9e+06,5.205e+06,0.729
2017,181380,Arthur Masuaku,West Ham,23.65,Defender,Left-Back,DR Congo  France,13,11,0,1,0,0,11,7e+06,7e+06,2.832e+06,1.472
2017,289846,Ashley Fletcher,West Ham,21.75,Attack,Centre-Forward,England,16,2,0,0,0,0,11,1e+06,5e+05,2.96e+06,-0.6621
2017,66934,Cheikhou Kouyaté,West Ham,27.53,Midfield,Defensive Midfield,Senegal  Belgium,31,31,1,0,0,0,11,1.2e+07,1.2e+07,1.041e+07,0.1524
2017,51321,Darren Randolph,West Ham,30.14,Goalkeeper,Goalkeeper,Ireland  United States,22,22,0,0,4,0,11,2.5e+06,1.5e+06,3.189e+06,-0.216
2017,357662,Declan Rice,West Ham,18.46,Midfield,Central Midfield,England  Ireland,1,0,0,0,0,0,11,,,5.202e+05,
2017,37647,Dimitri Payet,West Ham,30.26,Midfield,Attacking Midfield,France  Réunion,18,17,2,6,0,0,11,2.6e+07,3e+07,1.202e+07,1.163
2017,247555,Edimilson Fernandes,West Ham,21.21,Midfield,Defensive Midfield,Switzerland,28,8,0,0,0,0,11,5e+06,4.5e+06,4.007e+06,0.2478
2017,82130,Gökhan Töre,West Ham,25.45,Attack,Right Winger,Türkiye  Germany,5,3,0,1,0,0,11,1.2e+07,1.4e+07,2.841e+06,3.224
2017,42234,Håvard Nordtveit,West Ham,27.03,Midfield,Defensive Midfield,Norway,16,11,0,1,0,0,11,5e+06,6e+06,6.885e+06,-0.2738
2017,12691,James Collins,West Ham,33.86,Defender,Centre-Back,Wales,22,19,2,0,0,0,11,2e+06,2e+06,2.231e+06,-0.1034
2017,284727,Jonathan Calleri,West Ham,23.77,Attack,Centre-Forward,Argentina  Italy,16,4,1,0,0,0,11,5e+06,1e+07,2.617e+06,0.9108
2017,135853,Manuel Lanzini,West Ham,24.37,Midfield,Attacking Midfield,Argentina  Italy,35,31,8,2,0,0,11,1.5e+07,1e+07,1.267e+07,0.1837
2017,31835,Mark Noble,West Ham,30.15,Midfield,Central Midfield,England  Ireland,30,29,3,0,0,0,11,7e+06,7e+06,7.828e+06,-0.1058
2017,104124,Michail Antonio,West Ham,27.26,Attack,Centre-Forward,Jamaica  England,29,29,9,4,0,0,11,1.8e+07,9e+06,1.422e+07,0.2656
2017,101213,Pedro Obiang,West Ham,25.26,Midfield,Central Midfield,Equatorial Guinea  Spain,22,21,1,1,0,0,11,9e+06,8e+06,6.7e+06,0.3432
2017,236953,Sam Byram,West Ham,23.79,Defender,Left-Back,England,18,13,0,1,0,0,11,4.5e+06,4.5e+06,2.661e+06,0.6909
2017,96828,Simone Zaza,West Ham,26.02,Attack,Centre-Forward,Italy,8,5,0,0,0,0,11,1.6e+07,1.5e+07,5.291e+06,2.024
2017,57162,Sofiane Feghouli,West Ham,27.51,Midfield,Attacking Midfield,Algeria  France,21,11,3,3,0,0,11,1.2e+07,1.4e+07,6.883e+06,0.7435
2017,37526,Winston Reid,West Ham,28.99,Defender,Centre-Back,New Zealand  Denmark,30,30,2,3,0,0,11,1e+07,1e+07,8.309e+06,0.2035
2017,28260,Álvaro Arbeloa,West Ham,34.45,Defender,Right-Back,Spain,3,1,0,0,0,0,11,1.5e+06,2e+06,1.002e+06,0.4976
2018,50057,Aaron Ramsey,Arsenal,27.51,Midfield,Central Midfield,Wales,24,21,7,8,0,6,6,4.5e+07,3.5e+07,4.104e+07,0.09636
2018,285845,Ainsley Maitland-Niles,Arsenal,20.84,Defender,Right-Back,England  Jamaica,15,8,0,0,0,9,6,7e+06,,5.672e+06,0.234
2018,242631,Alex Iwobi,Arsenal,22.16,Attack,Left Winger,Nigeria  England,26,22,3,5,0,6,6,1.5e+07,1e+07,2.43e+07,-0.3827
2018,93720,Alexandre Lacazette,Arsenal,27.09,Attack,Centre-Forward,France  Guadeloupe,32,26,14,5,0,4,6,6e+07,5e+07,5.959e+07,0.006871
2018,40433,Alexis Sánchez,Arsenal,29.53,Attack,Centre-Forward,Chile,31,29,9,6,0,3,6,7e+07,6.5e+07,5.011e+07,0.397
2018,215118,Calum Chambers,Arsenal,23.44,Defender,Centre-Back,England,12,10,0,0,0,8,6,1.4e+07,1.4e+07,1.336e+07,0.04809
2018,67063,Danny Welbeck,Arsenal,27.59,Attack,Centre-Forward,England  Ghana,28,12,5,2,0,10,6,1.5e+07,1.5e+07,1.585e+07,-0.05333
2018,73396,David Ospina,Arsenal,29.83,Goalkeeper,Goalkeeper,Colombia  France,5,4,0,0,3,10,6,5e+06,7e+06,4.687e+06,0.06671
2018,340324,Eddie Nketiah,Arsenal,19.09,Attack,Centre-Forward,England  Ghana,3,0,0,0,0,5,6,,,5.101e+06,
2018,74869,Francis Coquelin,Arsenal,27.13,Midfield,Defensive Midfield,France  Réunion,7,1,0,0,0,4,6,1.2e+07,1.5e+07,1.059e+07,0.1326
2018,111455,Granit Xhaka,Arsenal,25.76,Midfield,Defensive Midfield,Switzerland,38,37,1,7,0,6,6,4e+07,3.5e+07,3.441e+07,0.1625
2018,191217,Héctor Bellerín,Arsenal,23.29,Defender,Right-Back,Spain,35,34,2,3,0,8,6,4e+07,3e+07,2.749e+07,0.455
2018,74223,Jack Wilshere,Arsenal,26.5,Midfield,Central Midfield,England,20,12,1,3,0,13,6,2e+07,1.8e+07,1.637e+07,0.2219
2018,340329,Joe Willock,Arsenal,18.86,Midfield,Central Midfield,England  Montserrat,2,1,0,0,0,5,6,,,5.738e+06,
2018,415912,Konstantinos Mavropanos,Arsenal,20.55,Defender,Centre-Back,Greece,3,3,0,0,0,0,6,3e+06,1e+05,1.181e+06,1.541
2018,76277,Laurent Koscielny,Arsenal,32.8,Defender,Centre-Back,France  Poland,25,25,2,0,0,6,6,1.5e+07,2.2e+07,1.244e+07,0.2056
2018,35664,Mesut Özil,Arsenal,29.71,Midfield,Attacking Midfield,Germany,26,24,4,8,0,7,6,4.5e+07,5e+07,4.339e+07,0.03715
2018,160438,Mohamed Elneny,Arsenal,25.97,Midfield,Defensive Midfield,Egypt,13,11,0,1,0,12,6,1e+07,1e+07,1.194e+07,-0.1625
2018,43003,Nacho Monreal,Arsenal,32.34,Defender,Left-Back,Spain,28,26,5,2,0,7,6,1.3e+07,1.3e+07,1.47e+07,-0.1159
2018,82442,Olivier Giroud,Arsenal,31.75,Attack,Centre-Forward,France,29,7,7,1,0,7,6,1.8e+07,2.2e+07,1.074e+07,0.6766
2018,6710,Per Mertesacker,Arsenal,33.75,Defender,Centre-Back,Germany,6,4,1,0,0,3,6,1e+06,6e+06,3.683e+06,-0.7285
2018,5658,Petr Cech,Arsenal,36.11,Goalkeeper,Goalkeeper,Czech Republic,34,34,0,0,11,3,6,3e+06,7e+06,5.664e+06,-0.4703
2018,58864,Pierre-Emerick Aubameyang,Arsenal,29.03,Attack,Centre-Forward,Gabon  France,13,12,10,4,0,6,6,7.5e+07,6.5e+07,7.206e+07,0.04079
2018,340325,Reiss Nelson,Arsenal,18.56,Attack,Left Winger,England  Jamaica,3,2,0,0,0,8,6,,,5.875e+06,
2018,253341,Rob Holding,Arsenal,22.78,Defender,Centre-Back,England,12,9,0,0,0,8,6,7e+06,7e+06,7.851e+06,-0.1084
2018,94005,Sead Kolasinac,Arsenal,25.03,Defender,Centre-Back,Bosnia-Herzegovina  Germany,27,25,2,4,0,5,6,1.8e+07,1.5e+07,2.616e+07,-0.312
2018,88590,Shkodran Mustafi,Arsenal,26.2,Defender,Centre-Back,Germany  Albania,27,25,3,1,0,8,6,2.5e+07,3e+07,2.688e+07,-0.07003
2018,61841,Adam Smith,Bournemouth,27.17,Defender,Right-Back,England,27,22,1,3,0,0,11,5e+06,5e+06,9.004e+06,-0.4447
2018,29975,Andrew Surman,Bournemouth,31.86,Midfield,Central Midfield,England  South Africa,25,20,2,5,0,0,11,2.5e+06,2e+06,4.988e+06,-0.4988
2018,33873,Asmir Begovic,Bournemouth,31.03,Goalkeeper,Goalkeeper,Bosnia-Herzegovina  Canada,38,38,0,0,6,0,11,8e+06,8e+06,7.602e+06,0.05231
2018,110858,Benik Afobe,Bournemouth,25.38,Attack,Centre-Forward,DR Congo  England,17,5,0,0,0,0,11,1e+07,1e+07,5.536e+06,0.8063
2018,123682,Callum Wilson,Bournemouth,26.34,Attack,Centre-Forward,England,28,23,8,2,0,0,11,1e+07,1e+07,9.546e+06,0.04757
2018,44983,Dan Gosling,Bournemouth,28.41,Midfield,Central Midfield,England,28,21,2,1,0,0,11,3.5e+06,3e+06,6.803e+06,-0.4855
2018,223047,Emerson Hyndman,Bournemouth,22.23,Midfield,Central Midfield,United States  Portugal,1,1,0,0,0,0,11,1e+06,1e+06,1.374e+06,-0.2724
2018,55742,Harry Arter,Bournemouth,28.51,Midfield,Central Midfield,Ireland  England,13,11,1,0,0,0,11,7e+06,2.5e+06,6.175e+06,0.1336
2018,419930,Jack Simpson,Bournemouth,21.53,Defender,Centre-Back,England,1,1,0,0,0,0,11,2.5e+05,,1.144e+06,-0.7814
2018,3875,Jermain Defoe,Bournemouth,35.73,Attack,Centre-Forward,England  St. Lucia,24,11,4,1,0,0,11,2.5e+06,5e+06,2.547e+06,-0.01829
2018,195652,Jordon Ibe,Bournemouth,22.56,Attack,Right Winger,England  Nigeria,32,22,2,6,0,0,11,9e+06,8e+06,9.534e+06,-0.05602
2018,91059,Joshua King,Bournemouth,26.46,Attack,Centre-Forward,Norway,33,27,8,3,0,0,11,1e+07,8e+06,1.623e+07,-0.384
2018,87672,Junior Stanislas,Bournemouth,28.59,Attack,Left Winger,England  St. Lucia,19,17,5,2,0,0,11,4.5e+06,4.5e+06,1.016e+07,-0.557
2018,249089,Lewis Cook,Bournemouth,21.4,Midfield,Central Midfield,England,29,25,0,2,0,0,11,2e+07,6e+06,8.082e+06,1.475
2018,291422,Lys Mousset,Bournemouth,22.39,Attack,Centre-Forward,France  Senegal,23,4,2,0,0,0,11,4e+06,4e+06,4.246e+06,-0.05797
2018,177476,Nathan Aké,Bournemouth,23.36,Defender,Centre-Back,Netherlands  Cote d'Ivoire,38,37,2,3,0,0,11,1.5e+07,1.2e+07,9.858e+06,0.5215
2018,146795,Ryan Fraser,Bournemouth,24.35,Attack,Left Winger,Scotland,26,23,5,3,0,0,11,6e+06,5e+06,1.147e+07,-0.477
2018,13573,Simon Francis,Bournemouth,33.37,Defender,Right-Back,England,32,31,0,1,0,0,11,2.5e+06,2.5e+06,3.187e+06,-0.2156
2018,90836,Steve Cook,Bournemouth,27.2,Defender,Centre-Back,England,34,31,2,1,0,0,11,7e+06,5e+06,1.12e+07,-0.3749
2018,253677,Tyrone Mings,Bournemouth,25.3,Defender,Centre-Back,England,4,3,0,0,0,0,11,4e+06,5e+06,2.768e+06,0.445
2018,149237,Anthony Knockaert,Brighton,26.61,Attack,Right Winger,France  Belgium,33,27,3,1,0,0,15,8e+06,8e+06,6.923e+06,0.1555
2018,163656,Connor Goldson,Brighton,25.53,Defender,Centre-Back,England,3,2,0,0,0,0,15,1e+06,7.5e+05,1.329e+06,-0.2478
2018,49755,Dale Stephens,Brighton,29.05,Midfield,Central Midfield,England,36,36,0,3,0,0,15,6e+06,5e+06,4.95e+06,0.2122
2018,79027,Davy Pröpper,Brighton,26.83,Midfield,Central Midfield,Netherlands,35,35,0,4,0,0,15,1.5e+07,1e+07,6.229e+06,1.408
2018,119164,Ezequiel Schelotto,Brighton,29.11,Midfield,Right Midfield,Italy  Argentina,20,15,0,0,0,0,15,4.5e+06,4.5e+06,4.06e+06,0.1084
2018,36291,Gaëtan Bong,Brighton,30.18,Defender,Left-Back,Cameroon  France,25,25,0,0,0,0,15,1.5e+06,1.5e+06,3.743e+06,-0.5992
2018,45693,Glenn Murray,Brighton,34.77,Attack,Centre-Forward,England,35,25,12,0,0,0,15,3e+06,3.5e+06,3.242e+06,-0.07451
2018,245805,Izzy Brown,Brighton,21.48,Attack,Left Winger,England  Jamaica,13,4,0,0,0,0,15,5e+06,5e+06,4.094e+06,0.2213
2018,51730,Jamie Murphy,Brighton,28.84,Attack,Left Winger,Scotland,4,1,0,0,0,0,15,1.75e+06,1.75e+06,2.152e+06,-0.1867
2018,166240,Jürgen Locadia,Brighton,24.65,Attack,Centre-Forward,Curacao  Netherlands,6,3,1,1,0,0,15,1.5e+07,5e+06,2.486e+06,5.034
2018,54890,Leonardo Ulloa,Brighton,31.93,Attack,Centre-Forward,Argentina  Spain,14,2,1,0,0,0,15,3e+06,6e+06,3.018e+06,-0.006113
2018,148153,Lewis Dunk,Brighton,26.61,Defender,Centre-Back,England,38,38,1,1,0,0,15,1e+07,5e+06,6.658e+06,0.5019
2018,31514,Markus Suttner,Brighton,31.21,Defender,Left-Back,Austria,14,13,0,0,0,0,15,2.5e+06,3e+06,4.357e+06,-0.4262
2018,128969,Mathew Ryan,Brighton,26.23,Goalkeeper,Goalkeeper,Australia  Scotland,38,38,0,0,10,0,15,8e+06,3.5e+06,6.814e+06,0.1741
2018,82873,Pascal Groß,Brighton,27.04,Midfield,Central Midfield,Germany,38,35,7,8,0,0,15,1e+07,4e+06,1.572e+07,-0.3638
2018,67211,Sam Baldock,Brighton,29.3,Attack,Centre-Forward,England  Greece,2,0,0,0,0,0,15,3e+06,3e+06,2.551e+06,0.176
2018,119269,Shane Duffy,Brighton,26.5,Defender,Centre-Back,Ireland  Northern Ireland,37,37,0,2,0,0,15,1.2e+07,5e+06,6.355e+06,0.8884
2018,209212,Solly March,Brighton,23.95,Attack,Right Winger,England,36,18,1,1,0,0,15,5e+06,5e+05,5.303e+06,-0.05721
2018,10503,Uwe Hünemeier,Brighton,32.47,Defender,Centre-Back,Germany,1,0,0,0,0,0,15,5e+05,1.5e+06,9.668e+05,-0.4828
2018,63200,Ashley Barnes,Burnley,28.67,Attack,Centre-Forward,England,36,21,9,0,0,0,7,8e+06,2.5e+06,1.03e+07,-0.2231
2018,91317,Ashley Westwood,Burnley,28.25,Midfield,Defensive Midfield,England,19,12,0,1,0,0,7,4e+06,4e+06,6.069e+06,-0.3409
2018,74810,Ben Mee,Burnley,28.77,Defender,Centre-Back,England,29,29,0,0,0,0,7,1e+07,6e+06,1e+07,-4.5e-05
2018,195633,Charlie Taylor,Burnley,24.78,Defender,Left-Back,England,11,10,0,0,0,0,7,5e+06,5e+06,3.466e+06,0.4427
2018,108725,Chris Wood,Burnley,26.57,Attack,Centre-Forward,New Zealand,24,20,10,1,0,0,7,1.8e+07,6e+06,1.753e+07,0.02691
2018,584769,Dwight McNeil,Burnley,18.61,Attack,Left Winger,England  Jamaica,1,0,0,0,0,0,7,,,2.235e+05,
2018,215679,Georges Kevin Nkoudou,Burnley,23.38,Attack,Left Winger,Cameroon  France,9,2,0,0,0,2,7,7e+06,7e+06,5.72e+06,0.2237
2018,40613,Jack Cork,Burnley,29.02,Midfield,Defensive Midfield,England,38,38,2,1,0,0,7,1.5e+07,5e+06,1.286e+07,0.166
2018,173504,James Tarkowski,Burnley,25.61,Defender,Centre-Back,England  Poland,31,31,0,0,0,0,7,1.5e+07,2e+06,8.517e+06,0.7612
2018,148262,Jeff Hendrick,Burnley,26.41,Midfield,Central Midfield,Ireland,34,29,2,2,0,0,7,1e+07,6e+06,1.034e+07,-0.03283
2018,3306,Jonathan Walters,Burnley,34.78,Attack,Right Winger,Ireland  England,3,0,0,0,0,0,7,2e+06,2.5e+06,1.505e+06,0.3286
2018,89231,Jóhann Berg Gudmundsson,Burnley,27.68,Attack,Right Winger,Iceland,35,32,2,8,0,0,7,1e+07,2.5e+06,1.145e+07,-0.1267
2018,111114,Kevin Long,Burnley,27.87,Defender,Centre-Back,Ireland,16,16,1,2,0,0,7,2.5e+06,5e+05,6.078e+06,-0.5887
2018,102258,Matthew Lowton,Burnley,29.06,Defender,Right-Back,England,26,25,0,3,0,0,7,5e+06,2.5e+06,9.188e+06,-0.4558
2018,173483,Nahki Wells,Burnley,28.08,Attack,Centre-Forward,Bermuda,9,0,0,0,0,0,7,4.5e+06,5e+06,2.4e+06,0.8748
2018,192080,Nick Pope,Burnley,26.2,Goalkeeper,Goalkeeper,England,35,34,0,0,12,0,7,1e+07,7.5e+05,1.223e+07,-0.1826
2018,15773,Phil Bardsley,Burnley,33.01,Defender,Right-Back,Scotland  England,13,13,0,0,0,0,7,1.5e+06,1.5e+06,3.008e+06,-0.5013
2018,128229,Robbie Brady,Burnley,26.46,Midfield,Left Midfield,Ireland,15,15,1,2,0,0,7,1e+07,1e+07,1.181e+07,-0.1531
2018,48078,Sam Vokes,Burnley,28.69,Attack,Centre-Forward,Wales  England,30,7,4,1,0,0,7,6e+06,4.5e+06,7.542e+06,-0.2045
2018,55291,Scott Arfield,Burnley,29.66,Midfield,Central Midfield,Canada  Scotland,18,15,2,1,0,0,7,2.5e+06,3e+06,6.61e+06,-0.6218
2018,34691,Stephen Ward,Burnley,32.86,Defender,Left-Back,Ireland,28,28,1,1,0,0,7,3e+06,1.5e+06,4.975e+06,-0.397
2018,33866,Steven Defour,Burnley,30.21,Midfield,Defensive Midfield,Belgium,24,24,1,1,0,0,7,7e+06,6e+06,7.309e+06,-0.04231
2018,34130,Tom Heaton,Burnley,32.21,Goalkeeper,Goalkeeper,England,4,4,0,0,1,0,7,4e+06,4e+06,4.098e+06,-0.024
2018,196948,Andreas Christensen,Chelsea,22.22,Defender,Centre-Back,Denmark,27,23,0,0,0,6,5,4e+07,1.8e+07,3.189e+07,0.2542
2018,86202,Antonio Rüdiger,Chelsea,25.33,Defender,Centre-Back,Germany  Sierra Leone,27,25,2,1,0,6,5,4e+07,2.5e+07,3.555e+07,0.1252
2018,392768,Callum Hudson-Odoi,Chelsea,17.65,Attack,Left Winger,England  Ghana,2,0,0,0,0,0,5,,,2.341e+06,
2018,8806,Cesc Fàbregas,Chelsea,31.16,Midfield,Central Midfield,Spain,32,25,2,4,0,8,5,3e+07,3.5e+07,2.612e+07,0.1487
2018,177862,Charly Musonda Jr.,Chelsea,21.71,Attack,Left Winger,Belgium  Zambia,3,0,0,1,0,2,5,5e+06,5e+06,6.381e+06,-0.2165
2018,57500,César Azpilicueta,Chelsea,28.84,Defender,Centre-Back,Spain,37,37,2,6,0,8,5,4e+07,3e+07,4.201e+07,-0.04777
2018,73491,Danny Drinkwater,Chelsea,28.32,Midfield,Central Midfield,England,12,5,1,0,0,3,5,2e+07,9e+06,1.259e+07,0.589
2018,46741,David Luiz,Chelsea,31.19,Defender,Centre-Back,Brazil,10,9,1,0,0,4,5,2.5e+07,3e+07,1.685e+07,0.4834
2018,173859,Davide Zappacosta,Chelsea,26.05,Midfield,Right Midfield,Italy,22,12,1,1,0,5,5,2e+07,8.5e+06,1.689e+07,0.184
2018,50202,Eden Hazard,Chelsea,27.48,Attack,Left Winger,Belgium,34,28,12,4,0,8,5,1.2e+08,7.5e+07,6.538e+07,0.8355
2018,181778,Emerson,Chelsea,23.91,Defender,Left-Back,Italy  Brazil,5,3,0,1,0,0,5,2e+07,9e+06,9.336e+06,1.142
2018,392771,Ethan Ampadu,Chelsea,17.79,Defender,Centre-Back,Wales  England,1,0,0,0,0,0,5,5e+06,,1.465e+06,2.413
2018,27511,Gary Cahill,Chelsea,32.53,Defender,Centre-Back,England,27,24,0,0,0,6,5,1.5e+07,1.6e+07,1.742e+07,-0.139
2018,216569,Jérémie Boga,Chelsea,21.49,Attack,Left Winger,Cote d'Ivoire  France,1,1,0,0,0,0,5,2.5e+06,2.5e+06,7.173e+06,-0.6515
2018,112515,Marcos Alonso,Chelsea,27.51,Defender,Left-Back,Spain,33,33,7,2,0,7,5,4e+07,2.5e+07,4.352e+07,-0.0808
2018,179184,Michy Batshuayi,Chelsea,24.74,Attack,Centre-Forward,Belgium  DR Congo,12,3,2,1,0,8,5,4e+07,2.5e+07,1.666e+07,1.401
2018,225083,Ngolo Kante,Chelsea,27.26,Midfield,Defensive Midfield,France  Mali,34,34,1,1,0,6,5,8e+07,5e+07,3.933e+07,1.034
2018,65278,Pedro,Chelsea,30.93,Attack,Right Winger,Spain,31,17,4,2,0,7,5,2.5e+07,2.8e+07,2.365e+07,0.05727
2018,131978,Ross Barkley,Chelsea,24.57,Midfield,Central Midfield,England,2,2,0,0,0,0,5,2.5e+07,2.5e+07,2.466e+07,0.01388
2018,108390,Thibaut Courtois,Chelsea,26.14,Goalkeeper,Goalkeeper,Belgium,35,35,0,0,15,8,5,6.5e+07,4e+07,4.733e+07,0.3732
2018,182618,Tiemoué Bakayoko,Chelsea,23.87,Midfield,Defensive Midfield,France  Cote d'Ivoire,29,24,2,2,0,5,5,4e+07,2.5e+07,3.871e+07,0.03326
2018,59866,Victor Moses,Chelsea,27.55,Attack,Right Winger,Nigeria  England,28,25,3,3,0,4,5,2e+07,1.8e+07,3.382e+07,-0.4087
2018,52769,Willian,Chelsea,29.89,Attack,Left Winger,Brazil,36,20,6,8,0,8,5,5e+07,3.2e+07,2.569e+07,0.946
2018,19948,Willy Caballero,Chelsea,36.76,Goalkeeper,Goalkeeper,Argentina  Spain,3,3,0,0,1,0,5,1e+06,1.5e+06,1.572e+06,-0.3638
2018,128223,Álvaro Morata,Chelsea,25.69,Attack,Centre-Forward,Spain,31,24,11,6,0,7,5,6.5e+07,5e+07,4.694e+07,0.3847
2018,14221,Aaron Lennon,Everton,31.21,Attack,Right Winger,England  Ireland,29,22,0,4,0,1,8,5e+06,5e+06,6.422e+06,-0.2214
2018,406040,Ademola Lookman,Everton,20.7,Attack,Second Striker,Nigeria  England,7,1,0,0,0,3,8,1.2e+07,5e+06,3.837e+06,2.128
2018,67355,Ashley Williams,Everton,33.85,Defender,Centre-Back,Wales  England,24,20,1,0,0,4,8,5e+06,8e+06,5.238e+06,-0.04543
2018,399369,Beni Baningime,Everton,19.81,Midfield,Defensive Midfield,DR Congo  England,8,1,0,0,0,3,8,3e+06,,2.464e+06,0.2175
2018,45671,Cenk Tosun,Everton,27.07,Attack,Centre-Forward,Türkiye  Germany,14,12,5,0,0,6,8,2.3e+07,9e+06,1.989e+07,0.1562
2018,91251,Cuco Martina,Everton,28.76,Defender,Centre-Back,Curacao  Netherlands,21,20,0,2,0,3,8,2.5e+06,2e+06,5.518e+06,-0.5469
2018,182932,Davy Klaassen,Everton,25.36,Midfield,Central Midfield,Netherlands,7,3,0,0,0,5,8,1.5e+07,1.8e+07,9.695e+06,0.5472
2018,306024,Dominic Calvert-Lewin,Everton,21.29,Attack,Centre-Forward,England,32,18,4,5,0,5,8,1.5e+07,3.5e+06,1.358e+07,0.1045
2018,90466,Gylfi Sigurdsson,Everton,28.81,Midfield,Attacking Midfield,Iceland,27,25,4,3,0,4,8,3e+07,2.5e+07,2.976e+07,0.007959
2018,126665,Idrissa Gueye,Everton,28.76,Midfield,Defensive Midfield,Senegal,33,32,2,1,0,2,8,2e+07,1.8e+07,1.488e+07,0.3442
2018,45333,James McCarthy,Everton,27.63,Midfield,Central Midfield,Ireland  Scotland,4,3,0,0,0,0,8,8e+06,1.5e+07,8.751e+06,-0.08577
2018,258883,Jonjoe Kenny,Everton,21.3,Defender,Right-Back,England  Ireland,19,17,0,1,0,3,8,5e+06,2.5e+05,6.092e+06,-0.1792
2018,130164,Jordan Pickford,Everton,24.32,Goalkeeper,Goalkeeper,England,38,38,0,0,10,3,8,3.5e+07,1.5e+07,1.648e+07,1.124
2018,33639,Kevin Mirallas,Everton,30.74,Attack,Right Winger,Belgium  Spain,5,2,0,0,0,4,8,7e+06,1.3e+07,8.12e+06,-0.138
2018,13507,Leighton Baines,Everton,33.55,Defender,Left-Back,England,22,22,2,3,0,2,8,8e+06,1.2e+07,6.534e+06,0.2243
2018,348623,Mason Holgate,Everton,21.69,Defender,Centre-Back,Jamaica  England,15,13,0,0,0,4,8,7e+06,5e+06,7.664e+06,-0.08659
2018,118534,Michael Keane,Everton,25.47,Defender,Centre-Back,England  Ireland,30,29,0,1,0,3,8,2e+07,1.8e+07,1.795e+07,0.1141
2018,56818,Morgan Schneiderlin,Everton,28.64,Midfield,Defensive Midfield,France,30,24,0,0,0,5,8,2e+07,2.2e+07,1.199e+07,0.6681
2018,93905,Muhamed Besic,Everton,25.8,Midfield,Defensive Midfield,Bosnia-Herzegovina  Germany,2,0,0,0,0,3,8,5e+06,5e+06,3.318e+06,0.5067
2018,293200,Nikola Vlašić,Everton,20.74,Midfield,Attacking Midfield,Croatia,12,7,0,0,0,6,8,8e+06,4e+06,6.538e+06,0.2236
2018,209781,Oumar Niasse,Everton,28.2,Attack,Centre-Forward,Senegal,22,10,8,2,0,0,8,8e+06,9e+06,8.232e+06,-0.0282
2018,13520,Phil Jagielka,Everton,35.87,Defender,Centre-Back,England  Poland,25,23,0,0,0,1,8,1.5e+06,2e+06,1.808e+06,-0.1704
2018,11111,Ramiro Funes Mori,Everton,27.32,Defender,Centre-Back,Argentina  United States,4,1,0,0,0,0,8,1e+07,1.2e+07,4.931e+06,1.028
2018,199369,Sandro Ramírez,Everton,22.98,Attack,Centre-Forward,Spain,8,3,0,0,0,7,8,1e+07,1e+07,1.603e+07,-0.3761
2018,68390,Séamus Coleman,Everton,29.72,Defender,Right-Back,Ireland,12,12,0,1,0,0,8,1.2e+07,1.7e+07,8.03e+06,0.4944
2018,33713,Theo Walcott,Everton,29.29,Attack,Right Winger,England,20,13,3,3,0,5,8,2e+07,2e+07,1.57e+07,0.274
2018,314210,Tom Davies,Everton,20,Midfield,Central Midfield,England,33,20,2,1,0,3,8,1.5e+07,8e+06,1.257e+07,0.1933
2018,3332,Wayne Rooney,Everton,32.68,Attack,Centre-Forward,England,31,27,10,2,0,3,8,1e+07,1.5e+07,1.015e+07,-0.01488
2018,75471,Yannick Bolasie,Everton,29.1,Attack,Left Winger,DR Congo  England,16,11,1,0,0,0,8,1.8e+07,2e+07,5.567e+06,2.234
2018,123951,Aaron Mooy,Huddersfield,27.79,Midfield,Central Midfield,Australia  Netherlands,36,34,4,3,0,0,16,1e+07,7e+06,7.237e+06,0.3817
2018,340394,Abdelhamid Sabiri,Huddersfield,21.59,Midfield,Attacking Midfield,Morocco  Germany,5,2,0,1,0,0,16,1e+06,4e+05,4.914e+06,-0.7965
2018,200777,Alex Pritchard,Huddersfield,25.16,Midfield,Attacking Midfield,England,14,12,1,1,0,0,16,1e+07,5e+06,6.219e+06,0.608
2018,55125,Chris Löwe,Huddersfield,29.21,Defender,Left-Back,Germany,23,19,0,0,0,0,16,1.5e+06,1.5e+06,3.58e+06,-0.581
2018,57842,Christopher Schindler,Huddersfield,28.17,Defender,Centre-Back,Germany,37,37,0,1,0,0,16,6e+06,2e+06,6.281e+06,-0.04467
2018,123397,Collin Quaner,Huddersfield,27.04,Attack,Centre-Forward,Germany  Ghana,26,13,0,4,0,0,16,1.5e+06,1e+06,5.229e+06,-0.7131
2018,38383,Danny Williams,Huddersfield,29.31,Midfield,Defensive Midfield,United States  Germany,20,11,0,0,0,0,16,2e+06,2e+06,3.934e+06,-0.4916
2018,13683,Dean Whitehead,Huddersfield,36.47,Midfield,Central Midfield,England,4,0,0,0,0,0,16,2.5e+05,2.5e+05,6.681e+05,-0.6258
2018,49501,Elias Kachunga,Huddersfield,26.19,Attack,Centre-Forward,DR Congo  Germany,19,17,1,1,0,0,16,3.5e+06,3.5e+06,5.487e+06,-0.3621
2018,238809,Florent Hadergjonaj,Huddersfield,23.92,Defender,Right-Back,Kosovo  Switzerland,23,19,0,1,0,0,16,5e+06,2.5e+06,6.188e+06,-0.192
2018,287167,Joe Lolley,Huddersfield,25.85,Attack,Right Winger,England,6,2,1,0,0,0,16,5e+05,2.5e+05,1.942e+06,-0.7426
2018,48870,Jonas Lössl,Huddersfield,29.41,Goalkeeper,Goalkeeper,Denmark,38,38,0,1,10,0,16,5e+06,1.5e+06,1.069e+07,-0.5321
2018,61573,Jonathan Hogg,Huddersfield,29.57,Midfield,Defensive Midfield,England,30,29,0,0,0,0,16,3.5e+06,1e+06,4.637e+06,-0.2452
2018,258216,Kasey Palmer,Huddersfield,21.64,Midfield,Attacking Midfield,Jamaica  England,4,1,0,0,0,0,16,1.5e+06,7.5e+05,2.156e+06,-0.3042
2018,27659,Martin Cranie,Huddersfield,31.76,Defender,Centre-Back,England  Scotland,3,2,0,0,0,0,16,5e+05,5e+05,1.019e+06,-0.5092
2018,102382,Michael Hefele,Huddersfield,27.83,Defender,Centre-Back,Germany,2,0,0,0,0,0,16,1.5e+06,1.5e+06,1.977e+06,-0.2411
2018,320411,Philip Billing,Huddersfield,22.05,Midfield,Central Midfield,Denmark  Nigeria,16,8,0,0,0,0,16,2.5e+06,1e+06,3.472e+06,-0.2801
2018,77001,Rajiv van La Parra,Huddersfield,27.07,Attack,Left Winger,Netherlands  Suriname,33,26,3,0,0,0,16,4e+06,2e+06,6.054e+06,-0.3392
2018,101682,Scott Malone,Huddersfield,27.27,Defender,Left-Back,England,22,12,0,1,0,0,16,3e+06,2.5e+06,4.5e+06,-0.3334
2018,238639,Steve Mounié,Huddersfield,23.75,Attack,Centre-Forward,Benin  France,28,21,7,1,0,0,16,1e+07,1e+07,1.378e+07,-0.2744
2018,152651,Terence Kongolo,Huddersfield,24.38,Defender,Centre-Back,Netherlands  DR Congo,13,11,0,0,0,1,16,1.5e+07,1e+07,4.117e+06,2.643
2018,157368,Tom Ince,Huddersfield,26.42,Attack,Right Winger,England  Barbados,33,27,2,0,0,0,16,8e+06,7e+06,6.382e+06,0.2535
2018,121398,Tommy Smith,Huddersfield,26.21,Defender,Right-Back,England,24,21,0,1,0,0,16,3e+06,2e+06,4.487e+06,-0.3314
2018,52059,Zanka,Huddersfield,28.19,Defender,Centre-Back,Denmark,38,38,0,2,0,0,16,5e+06,2.5e+06,6.466e+06,-0.2267
2018,56810,Adrien Silva,Leicester,29.3,Midfield,Central Midfield,Portugal  France,12,9,0,1,0,0,9,2e+07,2.5e+07,3.784e+06,4.285
2018,56872,Andy King,Leicester,29.67,Midfield,Central Midfield,Wales  England,22,14,3,1,0,0,9,3e+06,3e+06,4.916e+06,-0.3897
2018,316125,Ben Chilwell,Leicester,21.52,Defender,Left-Back,England  New Zealand,24,20,0,2,0,0,9,8e+06,2.5e+06,6.657e+06,0.2018
2018,67283,Ben Hamer,Leicester,30.61,Goalkeeper,Goalkeeper,England,4,3,0,0,2,0,9,5e+05,5e+05,1.776e+06,-0.7184
2018,6636,Christian Fuchs,Leicester,32.23,Defender,Left-Back,Austria,25,21,0,1,0,0,9,5e+06,6e+06,5.758e+06,-0.1316
2018,214056,Daniel Amartey,Leicester,23.53,Defender,Centre-Back,Ghana,8,6,0,0,0,0,9,5e+06,5e+06,4.975e+06,0.00511
2018,37442,Danny Simpson,Leicester,31.49,Defender,Right-Back,England  Jamaica,28,27,0,0,0,0,9,5e+06,5e+06,5.917e+06,-0.1549
2018,292417,Demarai Gray,Leicester,22.01,Attack,Left Winger,Jamaica  England,35,17,3,1,0,0,9,2e+07,1e+07,8.435e+06,1.371
2018,2857,Eldin Jakupović,Leicester,33.74,Goalkeeper,Goalkeeper,Switzerland  Bosnia-Herzegovina,2,2,0,0,0,0,9,1e+06,1e+06,1.869e+06,-0.465
2018,364861,Fousseni Diabaté,Leicester,22.7,Attack,Right Winger,Mali  France,14,5,0,1,0,0,9,3e+06,,2.931e+06,0.02367
2018,341501,Hamza Choudhury,Leicester,20.75,Midfield,Defensive Midfield,Bangladesh  England,8,4,0,1,0,0,9,1e+06,,2.388e+06,-0.5812
2018,177907,Harry Maguire,Leicester,25.32,Defender,Centre-Back,England,38,38,2,3,0,0,9,4.5e+07,8e+06,1.301e+07,2.459
2018,398065,Harvey Barnes,Leicester,20.56,Attack,Left Winger,England  Scotland,3,0,0,0,0,0,9,,1e+05,2.951e+06,
2018,174915,Islam Slimani,Leicester,30.03,Attack,Centre-Forward,Algeria,16,3,1,2,0,0,9,1.8e+07,2.5e+07,4.602e+06,2.911
2018,197838,Jamie Vardy,Leicester,31.47,Attack,Centre-Forward,England,37,37,20,1,0,0,9,2e+07,1.5e+07,1.357e+07,0.4735
2018,16911,Kasper Schmeichel,Leicester,31.65,Goalkeeper,Goalkeeper,Denmark,33,33,0,1,8,0,9,1.2e+07,1e+07,7.626e+06,0.5736
2018,295330,Kelechi Iheanacho,Leicester,21.74,Attack,Centre-Forward,Nigeria,21,7,3,3,0,0,9,1.5e+07,1.5e+07,5.819e+06,1.578
2018,61560,Marc Albrighton,Leicester,28.62,Midfield,Right Midfield,England,34,30,2,7,0,0,9,1e+07,6e+06,1.285e+07,-0.2217
2018,73522,Matty James,Leicester,26.94,Midfield,Central Midfield,England,13,11,0,0,0,0,9,1.5e+06,1.5e+06,3.278e+06,-0.5424
2018,171424,Riyad Mahrez,Leicester,27.36,Attack,Right Winger,Algeria  France,36,34,12,10,0,0,9,6e+07,3e+07,2.557e+07,1.347
2018,79642,Shinji Okazaki,Leicester,32.21,Attack,Centre-Forward,Japan,27,17,6,2,0,0,9,6e+06,7e+06,5.78e+06,0.038
2018,65467,Vicente Iborra,Leicester,30.46,Midfield,Defensive Midfield,Spain,19,17,3,0,0,0,9,1e+07,1e+07,7.577e+06,0.3198
2018,10003,Wes Morgan,Leicester,34.44,Defender,Centre-Back,Jamaica  England,32,32,0,0,0,0,9,3e+06,3e+06,2.931e+06,0.02354
2018,274839,Wilfred Ndidi,Leicester,21.54,Midfield,Defensive Midfield,Nigeria  England,33,33,0,3,0,0,9,2.5e+07,1.4e+07,1.382e+07,0.8091
2018,50477,Yohan Benalouane,Leicester,31.26,Defender,Centre-Back,Tunisia  France,1,1,0,0,0,0,9,1e+06,1e+06,2.763e+06,-0.638
2018,43530,Adam Lallana,Liverpool,30.14,Midfield,Attacking Midfield,England,12,1,0,0,0,2,4,2.5e+07,2.5e+07,1.67e+07,0.4972
2018,207917,Alberto Moreno,Liverpool,25.99,Defender,Left-Back,Spain,16,14,0,0,0,8,4,1e+07,1e+07,1.953e+07,-0.4879
2018,143424,Alex Oxlade-Chamberlain,Liverpool,24.88,Midfield,Central Midfield,England,35,17,3,7,0,7,4,4e+07,2.2e+07,2.723e+07,0.4689
2018,234803,Andrew Robertson,Liverpool,24.31,Defender,Left-Back,Scotland,22,22,1,5,0,6,4,2.5e+07,7e+06,2.47e+07,0.01205
2018,344015,Ben Woodburn,Liverpool,18.71,Midfield,Attacking Midfield,Wales  England,1,0,0,0,0,0,4,5e+06,1.5e+06,2.764e+06,0.8093
2018,47082,Daniel Sturridge,Liverpool,28.83,Attack,Centre-Forward,England,15,7,2,1,0,5,4,1.5e+07,2e+07,1.562e+07,-0.03997
2018,134294,Danny Ings,Liverpool,25.94,Attack,Centre-Forward,England,8,3,1,0,0,4,4,8e+06,8e+06,1.367e+07,-0.4149
2018,37838,Dejan Lovren,Liverpool,28.99,Defender,Centre-Back,Croatia,29,24,2,1,0,12,4,2e+07,1.7e+07,3.037e+07,-0.3415
2018,148368,Divock Origi,Liverpool,23.2,Attack,Centre-Forward,Belgium  Kenya,1,0,0,0,0,0,4,1e+07,1.2e+07,1.224e+07,-0.1828
2018,258889,Dominic Solanke,Liverpool,20.79,Attack,Centre-Forward,England  Nigeria,21,5,1,1,0,3,4,1e+07,3e+06,7.187e+06,0.3914
2018,119296,Emre Can,Liverpool,24.47,Defender,Centre-Back,Germany  Türkiye,26,24,3,4,0,8,4,3e+07,1.5e+07,4.135e+07,-0.2744
2018,49499,Georginio Wijnaldum,Liverpool,27.64,Midfield,Central Midfield,Netherlands  Suriname,33,27,1,2,0,12,4,3e+07,2.8e+07,3.401e+07,-0.1178
2018,3333,James Milner,Liverpool,32.49,Midfield,Central Midfield,England,32,16,0,3,0,11,4,1.5e+07,1.2e+07,1.467e+07,0.02249
2018,256178,Joe Gomez,Liverpool,21.11,Defender,Centre-Back,England  The Gambia,23,21,0,2,0,5,4,2.2e+07,4e+06,1.9e+07,0.1579
2018,61651,Jordan Henderson,Liverpool,28.04,Midfield,Defensive Midfield,England,27,25,1,1,0,10,4,2.8e+07,2.8e+07,3.215e+07,-0.1291
2018,85864,Loris Karius,Liverpool,25.02,Goalkeeper,Goalkeeper,Germany,19,19,0,0,10,13,4,1.2e+07,8e+06,1.631e+07,-0.264
2018,222813,Marko Grujić,Liverpool,22.21,Midfield,Defensive Midfield,Serbia,3,0,0,0,0,1,4,5e+06,5e+06,3.05e+06,0.6391
2018,148455,Mohamed Salah,Liverpool,26.04,Attack,Right Winger,Egypt,36,34,32,11,0,13,4,1.5e+08,3.5e+07,9.985e+07,0.5023
2018,85177,Nathaniel Clyne,Liverpool,27.24,Defender,Right-Back,England  Grenada,3,2,0,0,0,2,4,2e+07,2.1e+07,2.488e+07,-0.196
2018,80444,Philippe Coutinho,Liverpool,26.05,Midfield,Attacking Midfield,Brazil  Portugal,14,13,7,7,0,5,4,1.2e+08,4.5e+07,8.552e+07,0.4032
2018,26669,Ragnar Klavan,Liverpool,32.67,Defender,Centre-Back,Estonia,19,16,1,0,0,7,4,3.5e+06,3.5e+06,8.147e+06,-0.5704
2018,131789,Roberto Firmino,Liverpool,26.75,Attack,Centre-Forward,Brazil,37,32,15,7,0,13,4,8e+07,3.8e+07,7.394e+07,0.0819
2018,200512,Sadio Mané,Liverpool,26.22,Attack,Left Winger,Senegal,29,28,10,7,0,11,4,7e+07,4e+07,5.983e+07,0.17
2018,50219,Simon Mignolet,Liverpool,30.32,Goalkeeper,Goalkeeper,Belgium,19,19,0,0,7,0,4,1e+07,1.2e+07,1.309e+07,-0.2361
2018,314353,Trent Alexander-Arnold,Liverpool,19.73,Defender,Right-Back,England,19,18,1,1,0,10,4,2.5e+07,1.5e+06,1.694e+07,0.4759
2018,139208,Virgil van Dijk,Liverpool,26.98,Defender,Centre-Back,Netherlands  Suriname,26,25,0,0,0,6,4,5e+07,3e+07,2.747e+07,0.82
2018,176553,Aymeric Laporte,Man City,24.1,Defender,Centre-Back,Spain  France,9,9,0,0,0,9,1,5e+07,2.5e+07,3.461e+07,0.4445
2018,157495,Benjamin Mendy,Man City,23.96,Defender,Left-Back,France  Senegal,7,4,0,1,0,1,1,4e+07,3e+07,2.191e+07,0.8256
2018,241641,Bernardo Silva,Man City,23.89,Midfield,Attacking Midfield,Portugal,35,15,6,4,0,9,1,5e+07,4e+07,3.756e+07,0.3312
2018,314678,Brahim Díaz,Man City,18.91,Attack,Right Winger,Morocco  Spain,5,0,0,0,0,3,1,5e+06,,9.372e+06,-0.4665
2018,40423,Claudio Bravo,Man City,35.22,Goalkeeper,Goalkeeper,Chile  Spain,3,2,0,0,2,1,1,3.5e+06,8e+06,2.536e+06,0.38
2018,145707,Danilo,Man City,26.96,Defender,Centre-Back,Brazil,23,13,3,1,0,6,1,2e+07,1.8e+07,1.701e+07,0.1755
2018,35518,David Silva,Man City,32.48,Midfield,Attacking Midfield,Spain,29,28,9,11,0,7,1,3e+07,3e+07,4.593e+07,-0.3468
2018,238223,Ederson,Man City,24.87,Goalkeeper,Goalkeeper,Brazil  Portugal,36,36,0,0,17,9,1,5e+07,2.2e+07,2.682e+07,0.8642
2018,90681,Eliaquim Mangala,Man City,27.38,Defender,Centre-Back,France  Belgium,11,6,0,0,0,2,1,1.5e+07,1.5e+07,1.456e+07,0.03018
2018,50362,Fabian Delph,Man City,28.61,Midfield,Central Midfield,England  Guyana,22,21,1,2,0,5,1,1.5e+07,8e+06,2.032e+07,-0.262
2018,26267,Fernandinho,Man City,33.16,Midfield,Defensive Midfield,Brazil,34,33,5,3,0,8,1,1.5e+07,1.8e+07,1.805e+07,-0.1692
2018,363205,Gabriel Jesus,Man City,21.24,Attack,Centre-Forward,Brazil,29,19,13,3,0,9,1,8e+07,3e+07,3.774e+07,1.12
2018,186590,John Stones,Man City,24.09,Defender,Centre-Back,England,18,16,0,0,0,5,1,5.5e+07,3.5e+07,2.709e+07,1.03
2018,88755,Kevin De Bruyne,Man City,27.01,Midfield,Attacking Midfield,Belgium,37,36,8,16,0,8,1,1.5e+08,6.5e+07,8.3e+07,0.8072
2018,95424,Kyle Walker,Man City,28.09,Defender,Right-Back,England,32,32,0,6,0,7,1,5e+07,3e+07,3.327e+07,0.503
2018,192565,Leroy Sané,Man City,22.47,Attack,Right Winger,Germany  France,32,27,10,15,0,9,1,9e+07,3.5e+07,6.336e+07,0.4204
2018,314288,Lukas Nmecha,Man City,19.55,Attack,Centre-Forward,Germany  England,2,0,0,0,0,0,1,,,2.489e+06,
2018,54781,Nicolás Otamendi,Man City,30.38,Defender,Centre-Back,Argentina,34,33,4,0,0,8,1,3.5e+07,3e+07,3.273e+07,0.06929
2018,203853,Oleksandr Zinchenko,Man City,21.54,Defender,Left-Back,Ukraine,8,6,0,0,0,1,1,1.5e+07,4.5e+06,5.027e+06,1.984
2018,406635,Phil Foden,Man City,18.09,Attack,Right Winger,England,5,0,0,1,0,3,1,7e+06,,9.009e+06,-0.223
2018,134425,Raheem Sterling,Man City,23.56,Attack,Right Winger,England  Jamaica,33,29,18,12,0,8,1,9e+07,4.5e+07,9.602e+07,-0.06273
2018,26399,Sergio Agüero,Man City,30.08,Attack,Centre-Forward,Argentina  Spain,25,22,21,6,0,7,1,8e+07,6.5e+07,9.329e+07,-0.1424
2018,9594,Vincent Kompany,Man City,32.22,Defender,Centre-Back,Belgium  DR Congo,17,17,1,1,0,2,1,1e+07,2.2e+07,1.235e+07,-0.1902
2018,13091,Yaya Touré,Man City,35.13,Midfield,Central Midfield,Cote d'Ivoire  England,10,1,0,2,0,3,1,2.5e+06,8e+06,2.954e+06,-0.1536
2018,53622,İlkay Gündoğan,Man City,27.69,Midfield,Central Midfield,Germany,30,15,4,1,0,9,1,4e+07,3e+07,2.567e+07,0.5584
2018,99343,Ander Herrera,Man United,28.88,Midfield,Central Midfield,Spain,26,13,0,2,0,6,2,3e+07,3e+07,2.734e+07,0.09741
2018,182877,Anthony Martial,Man United,22.57,Attack,Centre-Forward,France  Guadeloupe,30,18,9,5,0,8,2,6.5e+07,3e+07,3.423e+07,0.8987
2018,33544,Antonio Valencia,Man United,32.91,Defender,Right-Back,Ecuador,31,31,3,1,0,4,2,8e+06,1e+07,1.49e+07,-0.4631
2018,14086,Ashley Young,Man United,32.98,Defender,Right-Back,England  Jamaica,30,28,2,4,0,4,2,7e+06,5e+06,1.233e+07,-0.4323
2018,342046,Axel Tuanzebe,Man United,20.63,Defender,Right-Back,DR Congo  England,1,0,0,0,0,1,2,1e+06,1e+06,2.04e+06,-0.5097
2018,103427,Chris Smalling,Man United,28.61,Defender,Centre-Back,England  Jamaica,29,28,4,0,0,8,2,1.8e+07,1.8e+07,3.157e+07,-0.4298
2018,12282,Daley Blind,Man United,28.31,Defender,Centre-Back,Netherlands,7,4,0,0,0,6,2,1.8e+07,2.2e+07,1.519e+07,0.185
2018,59377,David de Gea,Man United,27.65,Goalkeeper,Goalkeeper,Spain,37,37,0,0,18,6,2,7e+07,4e+07,4.048e+07,0.7292
2018,286384,Eric Bailly,Man United,24.22,Defender,Centre-Back,Cote d'Ivoire,13,11,1,0,0,3,2,3.5e+07,3e+07,1.992e+07,0.7566
2018,55735,Henrikh Mkhitaryan,Man United,29.44,Midfield,Central Midfield,Armenia,26,20,3,9,0,10,2,3.5e+07,3.5e+07,3.443e+07,0.01646
2018,141660,Jesse Lingard,Man United,25.54,Midfield,Attacking Midfield,England,33,20,8,6,0,6,2,4e+07,1.2e+07,3.568e+07,0.121
2018,44068,Juan Mata,Man United,30.17,Midfield,Attacking Midfield,Spain,28,23,3,5,0,6,2,3e+07,3e+07,3.539e+07,-0.1523
2018,183288,Luke Shaw,Man United,22.97,Defender,Left-Back,England,11,8,0,0,0,1,2,1.5e+07,2e+07,7.418e+06,1.022
2018,258923,Marcus Rashford,Man United,20.67,Attack,Left Winger,England  St. Kitts & Nevis,35,17,7,5,0,8,2,6.5e+07,1.8e+07,2.918e+07,1.227
2018,39679,Marouane Fellaini,Man United,30.61,Midfield,Central Midfield,Belgium  Morocco,16,5,4,0,0,3,2,1.5e+07,1.2e+07,1.785e+07,-0.1596
2018,54906,Matteo Darmian,Man United,28.58,Defender,Right-Back,Italy,8,5,0,0,0,3,2,1e+07,1.2e+07,9.77e+06,0.02354
2018,3878,Michael Carrick,Man United,36.93,Midfield,Defensive Midfield,England,2,1,0,0,0,0,2,1e+06,1.5e+06,2.761e+06,-0.6378
2018,74683,Nemanja Matic,Man United,29.91,Midfield,Defensive Midfield,Serbia  Slovakia,36,35,1,1,0,7,2,4e+07,3.5e+07,3.499e+07,0.143
2018,122153,Paul Pogba,Man United,25.3,Midfield,Central Midfield,France  Guinea,27,25,6,10,0,5,2,9e+07,7.5e+07,8.611e+07,0.04512
2018,117996,Phil Jones,Man United,26.36,Defender,Centre-Back,England,23,23,0,0,0,0,2,2e+07,1.4e+07,1.622e+07,0.2332
2018,96341,Romelu Lukaku,Man United,25.13,Attack,Centre-Forward,Belgium  DR Congo,34,33,16,7,0,8,2,1e+08,6e+07,9.549e+07,0.04723
2018,315969,Scott McTominay,Man United,21.56,Midfield,Central Midfield,Scotland  England,13,7,0,0,0,4,2,7e+06,,9.645e+06,-0.2742
2018,30690,Sergio Romero,Man United,31.35,Goalkeeper,Goalkeeper,Argentina  Italy,1,1,0,0,1,2,2,5e+06,6e+06,3.316e+06,0.508
2018,184573,Victor Lindelöf,Man United,23.96,Defender,Centre-Back,Sweden,17,13,0,0,0,5,2,2.5e+07,2.2e+07,1.401e+07,0.7847
2018,3455,Zlatan Ibrahimović,Man United,36.74,Attack,Centre-Forward,Sweden  Bosnia-Herzegovina,5,1,0,0,0,1,2,4e+06,1e+07,4.649e+06,-0.1396
2018,51152,Aleksandar Mitrović,Newcastle,23.79,Attack,Centre-Forward,Serbia,6,0,1,0,0,0,12,1.8e+07,1e+07,3.725e+06,3.832
2018,246968,Ayoze Pérez,Newcastle,24.92,Attack,Centre-Forward,Spain,36,28,8,4,0,0,12,1e+07,8e+06,1.294e+07,-0.227
2018,203348,Chancel Mbemba,Newcastle,23.9,Defender,Centre-Back,DR Congo,9,7,0,0,0,0,12,6e+06,7e+06,2.86e+06,1.098
2018,98240,Ciaran Clark,Newcastle,28.76,Defender,Centre-Back,Ireland  England,20,19,2,1,0,0,12,6e+06,5e+06,5.616e+06,0.06834
2018,255916,DeAndre Yedlin,Newcastle,24.98,Defender,Right-Back,United States  Latvia,34,31,0,2,0,0,12,8e+06,5e+06,7.153e+06,0.1184
2018,196522,Dwight Gayle,Newcastle,28.7,Attack,Centre-Forward,England  Jamaica,35,23,6,3,0,0,12,1e+07,1e+07,8.839e+06,0.1313
2018,127108,Florian Lejeune,Newcastle,27.12,Defender,Centre-Back,France,24,24,0,2,0,0,12,8e+06,5e+06,8.799e+06,-0.09082
2018,51540,Henri Saivet,Newcastle,27.68,Midfield,Attacking Midfield,Senegal  France,1,1,1,0,0,0,12,2e+06,5e+06,9.553e+06,-0.7906
2018,206225,Isaac Hayden,Newcastle,23.28,Midfield,Defensive Midfield,Jamaica  England,26,15,1,0,0,0,12,7e+06,4e+06,7.286e+06,-0.03931
2018,199527,Jacob Murphy,Newcastle,23.35,Attack,Right Winger,England  Ireland,25,13,1,1,0,0,12,7e+06,7e+06,6.305e+06,0.1101
2018,183318,Jamaal Lascelles,Newcastle,24.64,Defender,Centre-Back,England  Barbados,33,32,3,0,0,0,12,1.5e+07,5e+06,8.828e+06,0.6991
2018,162029,Javier Manquillo,Newcastle,24.16,Defender,Right-Back,Spain,21,20,0,1,0,0,12,5e+06,4e+06,5.909e+06,-0.1539
2018,29055,Jesús Gámez,Newcastle,33.22,Defender,Right-Back,Spain,2,1,0,0,0,0,12,2e+06,2.5e+06,1.499e+06,0.3345
2018,71292,Jonjo Shelvey,Newcastle,26.34,Midfield,Central Midfield,England  Ireland,30,25,1,3,0,0,12,1.5e+07,1.1e+07,1.018e+07,0.4739
2018,81999,Joselu,Newcastle,28.26,Attack,Centre-Forward,Spain  Germany,30,19,4,1,0,0,12,4e+06,3.5e+06,8.564e+06,-0.5329
2018,99397,Karl Darlow,Newcastle,27.73,Goalkeeper,Goalkeeper,Wales  England,10,10,0,1,2,0,12,4.5e+06,4.5e+06,3.065e+06,0.4683
2018,281404,Kenedy,Newcastle,22.39,Attack,Left Winger,Brazil,13,13,2,2,0,0,12,1e+07,7e+06,5.086e+06,0.9663
2018,74960,Martin Dúbravka,Newcastle,29.46,Goalkeeper,Goalkeeper,Slovakia,12,12,0,0,4,0,12,4e+06,6e+05,3.352e+06,0.1933
2018,170929,Massadio Haïdara,Newcastle,25.58,Defender,Left-Back,Mali  France,1,0,0,0,0,0,12,1.5e+06,1.5e+06,3.193e+06,-0.5303
2018,92469,Matt Ritchie,Newcastle,28.8,Midfield,Right Midfield,Scotland  England,35,32,3,6,0,0,12,1.2e+07,9e+06,7.195e+06,0.6679
2018,338424,Mikel Merino,Newcastle,22.02,Midfield,Central Midfield,Spain,24,14,1,1,0,0,12,1.2e+07,2.5e+06,5.474e+06,1.192
2018,70950,Mohamed Diamé,Newcastle,31.05,Midfield,Central Midfield,Senegal  France,31,23,2,0,0,0,12,5e+06,6e+06,4.752e+06,0.05225
2018,170321,Paul Dummett,Newcastle,26.76,Defender,Left-Back,Wales  England,20,19,0,0,0,0,12,3.5e+06,3.5e+06,4.422e+06,-0.2084
2018,39037,Rob Elliot,Newcastle,32.17,Goalkeeper,Goalkeeper,Ireland  England,16,16,0,0,3,0,12,1.5e+06,1e+06,2.576e+06,-0.4178
2018,258188,Rolando Aarons,Newcastle,22.62,Attack,Left Winger,Jamaica  England,4,1,0,0,0,0,12,7e+05,7.5e+05,1.453e+06,-0.5184
2018,95976,Alex McCarthy,Southampton,28.57,Goalkeeper,Goalkeeper,England,18,18,0,0,4,0,17,2.5e+06,3e+06,4.493e+06,-0.4436
2018,129627,Charlie Austin,Southampton,28.99,Attack,Centre-Forward,England,24,10,7,0,0,0,17,1e+07,1.3e+07,8.504e+06,0.1759
2018,112988,Cédric Soares,Southampton,26.83,Defender,Right-Back,Portugal  Germany,32,32,0,3,0,0,17,1.5e+07,1.5e+07,9.783e+06,0.5333
2018,36139,Dušan Tadić,Southampton,29.61,Attack,Right Winger,Serbia,36,34,6,3,0,0,17,1.5e+07,1.7e+07,1.067e+07,0.4056
2018,52570,Fraser Forster,Southampton,30.29,Goalkeeper,Goalkeeper,England,20,20,0,0,4,0,17,1.5e+07,1.5e+07,7.217e+06,1.078
2018,184672,Guido Carrillo,Southampton,27.1,Attack,Centre-Forward,Argentina  Italy,7,5,0,1,0,5,17,1.5e+07,6e+06,8.354e+06,0.7956
2018,163744,Jack Stephens,Southampton,24.42,Defender,Centre-Back,England,22,22,2,0,0,0,17,8e+06,3.5e+06,6.492e+06,0.2322
2018,181579,James Ward-Prowse,Southampton,23.66,Midfield,Central Midfield,England,30,20,3,3,0,0,17,1.8e+07,1.5e+07,1.027e+07,0.7529
2018,243028,Jan Bednarek,Southampton,22.22,Defender,Centre-Back,Poland,5,5,1,0,0,0,17,5e+06,5e+06,2.232e+06,1.241
2018,286919,Josh Sims,Southampton,21.26,Attack,Right Winger,England,6,1,0,0,0,0,17,7.5e+05,5e+05,3.082e+06,-0.7567
2018,112343,Manolo Gabbiadini,Southampton,26.6,Attack,Centre-Forward,Italy,28,11,5,0,0,0,17,1.2e+07,1.5e+07,8.879e+06,0.3516
2018,170934,Mario Lemina,Southampton,24.83,Midfield,Defensive Midfield,Gabon  France,25,20,1,1,0,0,17,1.5e+07,1.2e+07,6.515e+06,1.302
2018,250478,Matt Targett,Southampton,22.78,Defender,Left-Back,England  Scotland,2,2,0,0,0,0,17,7e+06,3e+06,1.41e+06,3.964
2018,81789,Maya Yoshida,Southampton,29.85,Defender,Centre-Back,Japan,24,23,2,1,0,0,17,7e+06,5e+06,5.956e+06,0.1753
2018,444208,Michael Obafemi,Southampton,17.98,Attack,Centre-Forward,Ireland  Nigeria,1,0,0,0,0,0,17,,,8.207e+05,
2018,129078,Nathan Redmond,Southampton,24.32,Attack,Right Winger,England  Jamaica,31,22,1,3,0,0,17,1.8e+07,1.5e+07,1.054e+07,0.7075
2018,66100,Oriol Romeu,Southampton,26.77,Midfield,Defensive Midfield,Spain,34,34,1,0,0,0,17,1.2e+07,1e+07,1.192e+07,0.006439
2018,167799,Pierre-Emile Højbjerg,Southampton,22.9,Midfield,Defensive Midfield,Denmark  France,23,19,0,0,0,0,17,1e+07,8e+06,7.614e+06,0.3134
2018,40611,Ryan Bertrand,Southampton,28.9,Defender,Left-Back,England,35,35,0,4,0,0,17,2e+07,2e+07,8.931e+06,1.239
2018,226968,Sam McQueen,Southampton,23.4,Defender,Left-Back,England,7,1,0,0,0,0,17,1e+06,7.5e+05,2.91e+06,-0.6564
2018,37304,Shane Long,Southampton,31.44,Attack,Centre-Forward,Ireland,30,15,2,2,0,0,17,7e+06,9e+06,5.067e+06,0.3815
2018,232271,Sofiane Boufal,Southampton,24.79,Midfield,Attacking Midfield,Morocco  France,26,11,2,2,0,0,17,1.2e+07,1.5e+07,7.069e+06,0.6975
2018,28973,Steven Davis,Southampton,33.49,Midfield,Central Midfield,Northern Ireland,23,17,3,1,0,0,17,4e+06,6e+06,3.536e+06,0.1313
2018,253765,Wesley Hoedt,Southampton,24.32,Defender,Centre-Back,Netherlands,28,28,0,1,0,0,17,1.5e+07,7.5e+06,9.621e+06,0.559
2018,211325,Badou Ndiaye,Stoke,27.68,Midfield,Defensive Midfield,Senegal,13,13,2,1,0,0,18,1.5e+07,5e+06,6.205e+06,1.417
2018,44675,Bojan Krkic,Stoke,27.84,Attack,Second Striker,Spain  Serbia,1,1,0,0,0,0,18,1.5e+06,5e+06,5.165e+06,-0.7096
2018,112052,Bruno Martins Indi,Stoke,26.39,Defender,Centre-Back,Netherlands  Portugal,17,14,0,0,0,0,18,1e+07,1.1e+07,5.562e+06,0.7979
2018,28990,Charlie Adam,Stoke,32.56,Midfield,Central Midfield,Scotland,11,5,0,0,0,0,18,2.5e+06,3.5e+06,2.431e+06,0.02846
2018,3547,Darren Fletcher,Stoke,34.41,Midfield,Central Midfield,Scotland,27,25,1,1,0,0,18,2e+06,2e+06,2.483e+06,-0.1944
2018,45660,Eric-Maxim Choupo-Moting,Stoke,29.27,Attack,Centre-Forward,Cameroon  Germany,30,26,5,5,0,0,18,8e+06,6e+06,1.075e+07,-0.2556
2018,43763,Erik Pieters,Stoke,29.9,Defender,Left-Back,Netherlands,31,30,0,1,0,0,18,6e+06,7e+06,6.602e+06,-0.09112
2018,31642,Geoff Cameron,Stoke,32.97,Defender,Centre-Back,United States,20,17,0,0,0,0,18,2.5e+06,3e+06,2.731e+06,-0.08464
2018,3881,Glen Johnson,Stoke,33.85,Defender,Right-Back,England,9,7,0,0,0,0,18,2.5e+06,5e+06,2.456e+06,0.01775
2018,15760,Ibrahim Afellay,Stoke,32.25,Midfield,Attacking Midfield,Netherlands  Morocco,6,1,0,0,0,0,18,1.5e+06,3e+06,2.173e+06,-0.3096
2018,128899,Jack Butland,Stoke,25.31,Goalkeeper,Goalkeeper,England,35,35,0,1,6,0,18,2.2e+07,1.5e+07,9.77e+06,1.252
2018,134936,Jesé,Stoke,25.34,Attack,Left Winger,Spain,13,8,1,1,0,0,18,7.5e+06,7.5e+06,5.296e+06,0.4161
2018,51452,Joe Allen,Stoke,28.3,Midfield,Central Midfield,Wales,36,36,2,6,0,0,18,1.8e+07,1.5e+07,1.279e+07,0.4073
2018,419929,Josh Tymon,Stoke,19.11,Defender,Left-Back,England,3,2,0,0,0,0,18,2e+06,1e+06,1.104e+06,0.8108
2018,286005,Julien Ngoy,Stoke,20.66,Attack,Centre-Forward,Belgium  DR Congo,1,0,0,0,0,0,18,,2.5e+05,7.176e+05,
2018,122675,Kevin Wimmer,Stoke,25.62,Defender,Centre-Back,Austria,17,14,0,0,0,0,18,9e+06,7e+06,4.219e+06,1.133
2018,148967,Konstantinos Stafylidis,Stoke,24.58,Defender,Left-Back,Greece,5,4,0,0,0,0,18,3.5e+06,4.5e+06,4.841e+06,-0.2769
2018,157509,Kurt Zouma,Stoke,23.68,Defender,Centre-Back,France  Central African Republic,34,32,1,0,0,0,18,1.5e+07,1.5e+07,9.326e+06,0.6084
2018,357967,Lasse Sørensen,Stoke,18.69,Defender,Right-Back,Denmark,1,1,0,1,0,0,18,,,1.225e+06,
2018,13460,Lee Grant,Stoke,35.43,Goalkeeper,Goalkeeper,England,3,3,0,0,0,0,18,1e+06,1e+06,8.921e+05,0.1209
2018,62049,Mame Diouf,Stoke,30.54,Attack,Centre-Forward,Senegal,35,30,6,2,0,0,18,7e+06,7e+06,6.511e+06,0.0751
2018,159692,Moritz Bauer,Stoke,26.43,Defender,Right-Back,Austria  Switzerland,15,15,0,0,0,0,18,5e+06,2.3e+06,3.361e+06,0.4876
2018,4072,Peter Crouch,Stoke,37.42,Attack,Centre-Forward,England  Ireland,31,14,5,2,0,0,18,1e+06,1.5e+06,1.72e+06,-0.4185
2018,312017,Ramadan Sobhi,Stoke,21.43,Midfield,Attacking Midfield,Egypt,24,12,2,0,0,0,18,7e+06,5e+06,5.949e+06,0.1767
2018,45861,Ryan Shawcross,Stoke,30.74,Defender,Centre-Back,England  Wales,27,27,1,1,0,0,18,1e+07,1.1e+07,7.469e+06,0.3389
2018,128897,Saido Berahino,Stoke,24.91,Attack,Centre-Forward,Burundi  England,15,3,0,1,0,0,18,8e+06,1.5e+07,5.095e+06,0.5701
2018,34838,Stephen Ireland,Stoke,31.86,Midfield,Attacking Midfield,Ireland,4,1,0,0,0,0,18,1e+06,1e+06,2.058e+06,-0.5141
2018,430788,Tom Edwards,Stoke,19.44,Defender,Right-Back,England,6,6,0,0,0,0,18,1e+06,,1.6e+06,-0.3751
2018,382554,Tyrese Campbell,Stoke,18.51,Attack,Centre-Forward,England  Jamaica,4,0,0,0,0,0,18,,,1.2e+06,
2018,86792,Xherdan Shaqiri,Stoke,26.72,Midfield,Attacking Midfield,Switzerland  Kosovo,36,36,8,7,0,0,18,1.8e+07,1.5e+07,1.782e+07,0.01004
2018,287431,Alfie Mawson,Swansea,24.45,Defender,Centre-Back,England,38,38,2,1,0,0,19,1.5e+07,6e+06,1.099e+07,0.3643
2018,214666,Connor Roberts,Swansea,22.77,Defender,Right-Back,Wales,4,3,0,0,0,0,19,1e+06,,9.43e+05,0.06042
2018,85475,Federico Fernández,Swansea,29.36,Defender,Centre-Back,Argentina  Italy,30,30,1,1,0,0,19,8e+06,9e+06,7.927e+06,0.009224
2018,171260,Jay Fulton,Swansea,24.25,Midfield,Central Midfield,Scotland  England,2,0,0,0,0,0,19,5e+05,5e+05,2.043e+06,-0.7553
2018,108354,Jordan Ayew,Swansea,26.8,Attack,Centre-Forward,Ghana  France,36,33,7,2,0,0,19,8e+06,7.5e+06,1.317e+07,-0.3928
2018,67421,Kyle Bartley,Swansea,27.11,Defender,Centre-Back,England  Jamaica,5,2,0,0,0,0,19,3.5e+06,3.5e+06,2.653e+06,0.3191
2018,66219,Kyle Naughton,Swansea,29.62,Defender,Right-Back,England  Ireland,34,34,0,2,0,0,19,5e+06,5e+06,7.061e+06,-0.2919
2018,40043,Leon Britton,Swansea,35.79,Midfield,Central Midfield,England,5,4,0,0,0,0,19,1e+06,1e+06,1.012e+06,-0.01189
2018,63342,Leroy Fer,Swansea,28.48,Midfield,Defensive Midfield,Netherlands  Curacao,20,15,1,1,0,0,19,8e+06,8e+06,8.825e+06,-0.09348
2018,72462,Luciano Narsingh,Swansea,27.8,Attack,Right Winger,Netherlands  Suriname,18,5,1,0,0,0,19,5e+06,5e+06,3.754e+06,0.3318
2018,29692,Lukasz Fabianski,Swansea,33.2,Goalkeeper,Goalkeeper,Poland,38,38,0,0,9,0,19,5e+06,9e+06,5.482e+06,-0.08793
2018,38073,Martin Olsson,Swansea,30.12,Defender,Left-Back,Sweden,36,36,0,1,0,0,19,5e+06,5e+06,5.294e+06,-0.05557
2018,187105,Mike van der Hoorn,Swansea,25.71,Defender,Centre-Back,Netherlands,24,24,1,0,0,0,19,2.5e+06,2e+06,5.979e+06,-0.5819
2018,37011,Nathan Dyer,Swansea,30.59,Attack,Right Winger,England  Jamaica,24,16,0,0,0,0,19,2.5e+06,3.5e+06,4.024e+06,-0.3788
2018,298477,Oli McBurnie,Swansea,22.07,Attack,Centre-Forward,Scotland  England,11,2,0,1,0,0,19,1e+06,2.5e+05,4.517e+06,-0.7786
2018,258027,Renato Sanches,Swansea,20.87,Midfield,Central Midfield,Portugal  Sao Tome and Principe,12,9,0,0,0,0,19,2e+07,2.2e+07,2.778e+06,6.2
2018,202984,Roque Mesa,Swansea,29.07,Midfield,Central Midfield,Spain,11,9,0,0,0,0,19,7e+06,1.2e+07,4.906e+06,0.4269
2018,122223,Sam Clucas,Swansea,27.76,Midfield,Central Midfield,England,29,23,3,1,0,0,19,8e+06,2.5e+06,6.926e+06,0.1551
2018,81796,Sung-yueng Ki,Swansea,29.43,Midfield,Defensive Midfield,"Korea, South",25,21,2,2,0,0,19,7e+06,7e+06,7.606e+06,-0.07973
2018,331726,Tammy Abraham,Swansea,20.74,Attack,Centre-Forward,England  Nigeria,31,15,5,1,0,0,19,1e+07,8e+06,1.103e+07,-0.0932
2018,121279,Tom Carroll,Swansea,26.09,Midfield,Central Midfield,England,37,28,0,4,0,0,19,7e+06,6e+06,7.045e+06,-0.006442
2018,14066,Wayne Routledge,Swansea,33.48,Attack,Left Winger,England  Jamaica,15,4,0,0,0,0,19,1.5e+06,2.5e+06,2.294e+06,-0.3461
2018,66550,Ángel Rangel,Swansea,35.59,Defender,Right-Back,Spain,4,2,0,0,0,0,19,1e+06,1e+06,7.508e+05,0.3319
2018,192765,Ben Davies,Tottenham,25.19,Defender,Centre-Back,Wales,29,26,2,6,0,5,3,2.5e+07,1.2e+07,2.858e+07,-0.1252
2018,69633,Christian Eriksen,Tottenham,26.38,Midfield,Attacking Midfield,Denmark,37,37,10,11,0,6,3,8e+07,4e+07,7.829e+07,0.02183
2018,50174,Danny Rose,Tottenham,28,Defender,Left-Back,England  Jamaica,10,9,0,1,0,3,3,3e+07,2.8e+07,1.381e+07,1.172
2018,341429,Davinson Sánchez,Tottenham,22.05,Defender,Centre-Back,Colombia,31,29,0,0,0,8,3,4e+07,2.5e+07,3.041e+07,0.3154
2018,207929,Dele Alli,Tottenham,22.22,Midfield,Attacking Midfield,England  Nigeria,36,34,9,10,0,5,3,1e+08,4.5e+07,7.432e+07,0.3456
2018,175722,Eric Dier,Tottenham,24.46,Defender,Centre-Back,England  Portugal,34,32,0,2,0,7,3,4e+07,2.5e+07,4.116e+07,-0.0281
2018,111630,Erik Lamela,Tottenham,26.32,Attack,Right Winger,Argentina  Spain,25,7,2,3,0,2,3,2e+07,2.5e+07,1.814e+07,0.1025
2018,35564,Fernando Llorente,Tottenham,33.34,Attack,Centre-Forward,Spain,16,1,1,0,0,7,3,7e+06,6e+06,7.228e+06,-0.03155
2018,132098,Harry Kane,Tottenham,24.93,Attack,Centre-Forward,England  Ireland,37,35,30,3,0,7,3,1.5e+08,6e+07,1.001e+08,0.499
2018,249126,Harry Winks,Tottenham,22.41,Midfield,Central Midfield,England,16,9,0,1,0,5,3,1.5e+07,4e+06,8.952e+06,0.6757
2018,91845,Heung-min Son,Tottenham,25.98,Attack,Left Winger,"Korea, South",37,27,12,6,0,7,3,5e+07,3e+07,5.074e+07,-0.01466
2018,17965,Hugo Lloris,Tottenham,31.51,Goalkeeper,Goalkeeper,France,36,36,0,0,15,7,3,3e+07,2.4e+07,2.863e+07,0.04796
2018,43250,Jan Vertonghen,Tottenham,31.19,Defender,Centre-Back,Belgium,36,36,0,0,0,6,3,3.2e+07,2.8e+07,2.405e+07,0.3306
2018,95810,Kieran Trippier,Tottenham,27.78,Defender,Right-Back,England,24,21,0,5,0,3,3,3e+07,1e+07,1.712e+07,0.752
2018,341051,Kyle Walker-Peters,Tottenham,21.22,Defender,Right-Back,England  Jamaica,3,2,0,2,0,1,3,3e+06,2.5e+05,2.836e+06,0.05792
2018,77100,Lucas Moura,Tottenham,25.88,Attack,Right Winger,Brazil,6,2,0,1,0,1,3,2.8e+07,3.8e+07,2.594e+07,0.07957
2018,26276,Michel Vorm,Tottenham,34.7,Goalkeeper,Goalkeeper,Netherlands  Suriname,1,1,0,0,0,1,3,2.5e+06,4e+06,2.153e+06,0.1612
2018,19368,Mousa Dembélé,Tottenham,30.96,Midfield,Central Midfield,Belgium  Mali,28,21,0,0,0,5,3,1.8e+07,1.8e+07,1.776e+07,0.01323
2018,46001,Moussa Sissoko,Tottenham,28.87,Midfield,Central Midfield,France  Mali,33,15,1,1,0,6,3,1.8e+07,2e+07,1.996e+07,-0.09825
2018,195488,Paulo Gazzaniga,Tottenham,26.49,Goalkeeper,Goalkeeper,Argentina  Italy,1,1,0,0,1,0,3,1e+06,1e+06,1.869e+06,-0.4649
2018,127032,Serge Aurier,Tottenham,25.52,Defender,Right-Back,Cote d'Ivoire,17,16,2,2,0,6,3,2e+07,1.5e+07,2.301e+07,-0.1308
2018,42710,Toby Alderweireld,Tottenham,29.33,Defender,Centre-Back,Belgium,14,13,0,0,0,4,3,4e+07,3.5e+07,2.179e+07,0.8357
2018,77760,Victor Wanyama,Tottenham,27.02,Midfield,Defensive Midfield,Kenya,18,8,1,0,0,1,3,3e+07,2.5e+07,1.742e+07,0.7219
2018,207015,Vincent Janssen,Tottenham,24.04,Attack,Centre-Forward,Netherlands,1,0,0,0,0,0,3,9e+06,1.3e+07,6.006e+06,0.4985
2018,127187,Abdoulaye Doucouré,Watford,25.49,Midfield,Attacking Midfield,Mali  France,37,37,7,4,0,0,14,1.5e+07,6e+06,1.25e+07,0.2001
2018,38145,Adrian Mariappa,Watford,31.74,Defender,Centre-Back,Jamaica  England,28,24,0,0,0,0,14,1.5e+06,1e+06,3.23e+06,-0.5356
2018,120565,Andre Gray,Watford,27.01,Attack,Centre-Forward,Jamaica  England,31,16,5,3,0,0,14,1.5e+07,1.5e+07,9.046e+06,0.6582
2018,135057,André Carrillo,Watford,27.05,Midfield,Central Midfield,Peru  Portugal,28,16,1,2,0,0,14,6e+06,6e+06,4.031e+06,0.4884
2018,14081,Ben Watson,Watford,32.98,Midfield,Central Midfield,England,8,6,0,0,0,0,14,1e+06,1e+06,1.703e+06,-0.4128
2018,81512,Christian Kabasele,Watford,27.35,Defender,Centre-Back,Belgium  DR Congo,28,27,2,0,0,0,14,7e+06,5.5e+06,6.649e+06,0.05278
2018,59606,Craig Cathcart,Watford,29.4,Defender,Centre-Back,Northern Ireland,7,5,0,0,0,0,14,3.5e+06,4e+06,3.791e+06,-0.0767
2018,303259,Dodi Lukébakio,Watford,20.77,Attack,Right Winger,Belgium  DR Congo,1,0,0,0,0,0,14,3e+06,8e+05,8.017e+05,2.742
2018,129476,Gerard Deulofeu,Watford,24.3,Attack,Centre-Forward,Spain,7,5,1,0,0,3,14,1.4e+07,1.2e+07,8.619e+06,0.6244
2018,19059,Heurelho Gomes,Watford,37.37,Goalkeeper,Goalkeeper,Brazil,24,24,0,0,6,0,14,1e+06,1e+06,2.551e+06,-0.608
2018,236513,Jerome Sinclair,Watford,21.78,Attack,Centre-Forward,England,4,0,0,0,0,0,14,1.5e+06,1.5e+06,1.448e+06,0.03575
2018,41112,Jose Cholevas,Watford,34.01,Defender,Left-Back,Greece  Germany,28,26,0,4,0,0,14,2e+06,2e+06,2.815e+06,-0.2895
2018,76467,Kiko Femenía,Watford,27.41,Defender,Right-Back,Spain,23,19,1,0,0,0,14,5e+06,4e+06,6.101e+06,-0.1805
2018,92899,Marvin Zeegelaar,Watford,27.89,Defender,Left-Back,Netherlands  Suriname,12,12,0,1,0,0,14,3e+06,3.5e+06,3.071e+06,-0.02303
2018,76799,Miguel Britos,Watford,32.96,Defender,Centre-Back,Uruguay,12,10,1,0,0,0,14,3.5e+06,3.5e+06,2.976e+06,0.176
2018,129893,Molla Wagué,Watford,27.36,Defender,Centre-Back,Mali  France,6,5,1,0,0,0,14,1.5e+06,1.5e+06,3.241e+06,-0.5371
2018,128900,Nathaniel Chalobah,Watford,23.55,Midfield,Defensive Midfield,England  Sierra Leone,6,5,0,0,0,0,14,5e+06,5e+06,2.301e+06,1.173
2018,55619,Nordin Amrabat,Watford,31.25,Attack,Right Winger,Morocco  Netherlands,3,3,0,0,0,0,14,3e+06,4.5e+06,4.092e+06,-0.2669
2018,16408,Orestis Karnezis,Watford,32.97,Goalkeeper,Goalkeeper,Greece,15,14,0,0,4,0,14,3e+06,4e+06,2.958e+06,0.01405
2018,378710,Richarlison,Watford,21.14,Attack,Centre-Forward,Brazil,38,32,5,4,0,0,14,3.5e+07,7e+06,1.122e+07,2.12
2018,112302,Roberto Pereyra,Watford,27.48,Midfield,Central Midfield,Argentina,32,18,5,3,0,0,14,1e+07,1.5e+07,9.571e+06,0.04478
2018,37981,Sebastian Prödl,Watford,31.03,Defender,Centre-Back,Austria,21,17,0,0,0,0,14,4e+06,4e+06,6.08e+06,-0.3421
2018,35249,Stefano Okaka,Watford,28.89,Attack,Centre-Forward,Italy  Nigeria,15,3,1,1,0,0,14,5e+06,6e+06,4.335e+06,0.1535
2018,73484,Tom Cleverley,Watford,28.88,Midfield,Central Midfield,England,23,22,1,2,0,0,14,9e+06,8e+06,6.205e+06,0.4505
2018,65477,Troy Deeney,Watford,30,Attack,Centre-Forward,England  Jamaica,29,20,5,2,0,0,14,1e+07,1.1e+07,7.42e+06,0.3477
2018,207014,Will Hughes,Watford,23.21,Midfield,Central Midfield,England,15,11,2,3,0,0,14,1e+07,8e+06,5.152e+06,0.9409
2018,27114,Younès Kaboul,Watford,32.49,Defender,Centre-Back,France  Morocco,2,2,0,0,0,0,14,2e+06,2.5e+06,2.916e+06,-0.3142
2018,63494,Étienne Capoue,Watford,29.97,Midfield,Defensive Midfield,France  Guadeloupe,23,18,1,0,0,0,14,8e+06,9e+06,7.743e+06,0.03313
2018,111524,Ahmed Hegazy,West Brom,27.43,Defender,Centre-Back,Egypt,38,38,2,0,0,0,20,8e+06,1.5e+06,5.378e+06,0.4875
2018,111508,Allan Nyom,West Brom,30.14,Defender,Right-Back,Cameroon  France,29,25,0,1,0,0,20,3.5e+06,4.5e+06,6.452e+06,-0.4575
2018,13572,Ben Foster,West Brom,35.24,Goalkeeper,Goalkeeper,England,37,37,0,0,10,0,20,3e+06,4e+06,4.689e+06,-0.3603
2018,3838,Boaz Myhill,West Brom,35.64,Goalkeeper,Goalkeeper,Wales  United States,1,1,0,0,0,0,20,1e+06,1.5e+06,8.561e+05,0.168
2018,36814,Chris Brunt,West Brom,33.54,Midfield,Central Midfield,Northern Ireland,26,22,0,7,0,0,20,3e+06,4e+06,3.877e+06,-0.2262
2018,45330,Claudio Yacob,West Brom,30.95,Midfield,Defensive Midfield,Argentina  Italy,16,9,0,0,0,0,20,3.5e+06,4e+06,4.1e+06,-0.1464
2018,121477,Craig Dawson,West Brom,28.15,Defender,Centre-Back,England,28,28,2,0,0,0,20,8e+06,6e+06,1.109e+07,-0.2788
2018,3291,Gareth Barry,West Brom,37.35,Midfield,Defensive Midfield,England,25,22,1,1,0,0,20,1e+06,1.5e+06,1.642e+06,-0.3908
2018,40567,Gareth McAuley,West Brom,38.57,Defender,Centre-Back,Northern Ireland,9,5,0,0,0,0,20,1e+06,1e+06,1.269e+06,-0.2122
2018,45184,Grzegorz Krychowiak,West Brom,28.42,Midfield,Defensive Midfield,Poland,27,20,0,2,0,0,20,1.8e+07,2.5e+07,6.421e+06,1.803
2018,65976,Hal Robson-Kanu,West Brom,29.11,Attack,Centre-Forward,Wales  England,21,8,2,0,0,0,20,2.5e+06,2.5e+06,3.903e+06,-0.3595
2018,61832,Jake Livermore,West Brom,28.63,Midfield,Defensive Midfield,England,34,30,2,2,0,0,20,9e+06,7e+06,9.737e+06,-0.07569
2018,85935,James McClean,West Brom,29.19,Midfield,Left Midfield,Ireland  Northern Ireland,30,14,1,0,0,0,20,3e+06,3e+06,5.582e+06,-0.4625
2018,27614,James Morrison,West Brom,32.1,Midfield,Central Midfield,Scotland  England,4,2,1,0,0,0,20,4e+06,5e+06,4.553e+06,-0.1214
2018,53360,Jay Rodríguez,West Brom,28.92,Attack,Centre-Forward,England  Spain,37,31,7,1,0,0,20,1.2e+07,1e+07,7.686e+06,0.5613
2018,42412,Jonny Evans,West Brom,30.49,Defender,Centre-Back,Northern Ireland,28,26,2,1,0,0,20,1.5e+07,7e+06,8.294e+06,0.8086
2018,44792,Kieran Gibbs,West Brom,28.76,Defender,Left-Back,England,33,32,0,1,0,0,20,8e+06,1e+07,5.757e+06,0.3897
2018,77274,Matt Phillips,West Brom,27.3,Attack,Right Winger,Scotland  England,30,23,2,2,0,0,20,9e+06,9e+06,8.567e+06,0.0505
2018,59631,Nacer Chadli,West Brom,28.91,Attack,Left Winger,Belgium  Morocco,5,2,1,0,0,0,20,1.5e+07,1.5e+07,5.862e+06,1.559
2018,341317,Oliver Burke,West Brom,21.23,Attack,Centre-Forward,Scotland,15,2,0,2,0,0,20,1e+07,7e+06,4.782e+06,1.091
2018,456877,Rekeem Harper,West Brom,18.31,Midfield,Central Midfield,England  Jamaica,1,0,0,0,0,0,20,,,7.325e+05,
2018,80197,Salomón Rondón,West Brom,28.79,Attack,Centre-Forward,Venezuela,36,32,7,3,0,0,20,1.3e+07,1.5e+07,1.33e+07,-0.0229
2018,387331,Sam Field,West Brom,20.15,Midfield,Defensive Midfield,England,10,7,1,0,0,0,20,1.5e+06,2.5e+05,2.3e+06,-0.3478
2018,92571,Aaron Cresswell,West Ham,28.54,Defender,Left-Back,England,36,35,1,7,0,0,13,1.2e+07,1.2e+07,1.116e+07,0.07485
2018,71271,Adrián,West Ham,31.49,Goalkeeper,Goalkeeper,Spain,19,19,0,0,6,0,13,5e+06,8e+06,4.342e+06,0.1516
2018,45403,André Ayew,West Ham,28.54,Attack,Centre-Forward,Ghana  France,30,19,3,3,0,0,13,1.5e+07,1.8e+07,9.501e+06,0.5788
2018,48066,Andy Carroll,West Ham,29.48,Attack,Centre-Forward,England,16,7,3,1,0,0,13,1e+07,1e+07,7.574e+06,0.3203
2018,48002,Angelo Ogbonna,West Ham,30.11,Defender,Centre-Back,Italy  Nigeria,32,32,1,0,0,0,13,9e+06,9e+06,7.779e+06,0.157
2018,181380,Arthur Masuaku,West Ham,24.65,Defender,Left-Back,DR Congo  France,27,21,0,3,0,0,13,7e+06,7e+06,6.811e+06,0.02779
2018,66934,Cheikhou Kouyaté,West Ham,28.53,Midfield,Defensive Midfield,Senegal  Belgium,33,32,2,3,0,0,13,1e+07,1.2e+07,1.246e+07,-0.1976
2018,50935,Chicharito,West Ham,30.08,Attack,Centre-Forward,Mexico,28,16,8,0,0,0,13,1.5e+07,1.8e+07,9.121e+06,0.6446
2018,357662,Declan Rice,West Ham,19.46,Midfield,Central Midfield,England  Ireland,26,15,0,0,0,0,13,1e+07,,7.647e+06,0.3077
2018,247555,Edimilson Fernandes,West Ham,22.21,Midfield,Defensive Midfield,Switzerland,14,9,0,1,0,0,13,5e+06,5e+06,5.886e+06,-0.1505
2018,12691,James Collins,West Ham,34.86,Defender,Centre-Back,Wales,13,12,1,0,0,0,13,1e+06,2e+06,1.996e+06,-0.4991
2018,40204,Joe Hart,West Ham,31.2,Goalkeeper,Goalkeeper,England,19,19,0,0,4,0,13,7e+06,1.3e+07,8.791e+06,-0.2037
2018,291544,Jordan Hugill,West Ham,26.07,Attack,Centre-Forward,England,3,0,0,0,0,0,13,8e+06,3.5e+05,3.134e+06,1.553
2018,242606,Josh Cullen,West Ham,22.23,Midfield,Defensive Midfield,Ireland  England,2,0,0,0,0,0,13,1e+06,5e+05,2.618e+06,-0.618
2018,33829,José Fonte,West Ham,34.52,Defender,Centre-Back,Portugal,8,8,0,1,0,0,13,2e+06,7e+06,1.923e+06,0.04
2018,149729,João Mário,West Ham,25.45,Attack,Left Winger,Portugal  Angola,13,12,2,1,0,0,13,2.3e+07,3e+07,8.228e+06,1.795
2018,135853,Manuel Lanzini,West Ham,25.37,Midfield,Attacking Midfield,Argentina  Italy,27,23,5,6,0,0,13,2e+07,1.5e+07,1.81e+07,0.1053
2018,31835,Mark Noble,West Ham,31.15,Midfield,Central Midfield,England  Ireland,29,28,4,0,0,0,13,7e+06,7e+06,8.116e+06,-0.1375
2018,41384,Marko Arnautovic,West Ham,29.2,Attack,Centre-Forward,Austria  Serbia,31,28,11,6,0,0,13,2.5e+07,1.5e+07,1.819e+07,0.3741
2018,104124,Michail Antonio,West Ham,28.26,Attack,Centre-Forward,Jamaica  England,21,16,3,1,0,0,13,1.5e+07,1.8e+07,8.823e+06,0.7001
2018,20007,Pablo Zabaleta,West Ham,33.45,Defender,Right-Back,Argentina  Spain,37,37,0,1,0,0,13,5e+06,7e+06,3.943e+06,0.2681
2018,5285,Patrice Evra,West Ham,37.13,Defender,Left-Back,France  Senegal,5,3,0,0,0,2,13,1e+06,1e+06,1.058e+06,-0.05512
2018,101213,Pedro Obiang,West Ham,26.26,Midfield,Central Midfield,Equatorial Guinea  Spain,21,18,2,0,0,0,13,8e+06,9e+06,9.769e+06,-0.181
2018,314295,Reece Oxford,West Ham,19.54,Defender,Centre-Back,England  Jamaica,1,0,0,0,0,0,13,5e+06,5e+06,4.204e+05,10.89
2018,236953,Sam Byram,West Ham,24.79,Defender,Left-Back,England,5,2,0,0,0,0,13,4e+06,4.5e+06,3.057e+06,0.3083
2018,37526,Winston Reid,West Ham,29.99,Defender,Centre-Back,New Zealand  Denmark,17,17,0,0,0,0,13,7e+06,1e+07,7.34e+06,-0.04627
2019,50057,Aaron Ramsey,Arsenal,28.51,Midfield,Central Midfield,Wales,28,14,4,6,0,7,5,4e+07,4.5e+07,3.901e+07,0.0253
2019,285845,Ainsley Maitland-Niles,Arsenal,21.84,Defender,Right-Back,England  Jamaica,16,11,1,1,0,10,5,1.2e+07,7e+06,1.24e+07,-0.03249
2019,242631,Alex Iwobi,Arsenal,23.16,Attack,Left Winger,Nigeria  England,35,22,3,7,0,11,5,2.5e+07,1.5e+07,3.79e+07,-0.3404
2019,93720,Alexandre Lacazette,Arsenal,28.09,Attack,Centre-Forward,France  Guadeloupe,35,27,13,9,0,10,5,7e+07,6e+07,8.087e+07,-0.1345
2019,72476,Bernd Leno,Arsenal,27.32,Goalkeeper,Goalkeeper,Germany,32,31,0,0,7,3,5,3e+07,2e+07,4.045e+07,-0.2584
2019,433177,Bukayo Saka,Arsenal,17.82,Attack,Right Winger,England  Nigeria,1,0,0,0,0,2,5,,,3.768e+06,
2019,126321,Carl Jenkinson,Arsenal,27.39,Defender,Right-Back,England  Finland,3,2,0,0,0,3,5,2e+06,3.5e+06,4.437e+06,-0.5492
2019,67063,Danny Welbeck,Arsenal,28.59,Attack,Centre-Forward,England  Ghana,8,1,1,1,0,4,5,1.2e+07,1.5e+07,1.971e+07,-0.3912
2019,165007,Denis Suárez,Arsenal,25.48,Midfield,Attacking Midfield,Spain,4,0,0,0,0,4,5,1.2e+07,1.5e+07,1.677e+07,-0.2843
2019,340324,Eddie Nketiah,Arsenal,20.09,Attack,Centre-Forward,England  Ghana,5,0,1,0,0,2,5,8e+06,,5.402e+06,0.481
2019,111455,Granit Xhaka,Arsenal,26.76,Midfield,Defensive Midfield,Switzerland,29,29,4,2,0,9,5,4.5e+07,4e+07,6.389e+07,-0.2957
2019,55735,Henrikh Mkhitaryan,Arsenal,30.44,Midfield,Central Midfield,Armenia,25,19,6,4,0,11,5,2.5e+07,3.5e+07,3.567e+07,-0.2991
2019,191217,Héctor Bellerín,Arsenal,24.28,Defender,Right-Back,Spain,19,18,0,5,0,0,5,4e+07,4e+07,3.086e+07,0.2962
2019,340329,Joe Willock,Arsenal,19.86,Midfield,Central Midfield,England  Montserrat,2,1,0,0,0,3,5,6e+06,,3.683e+06,0.6292
2019,415912,Konstantinos Mavropanos,Arsenal,21.55,Defender,Centre-Back,Greece,4,3,0,0,0,0,5,3e+06,3e+06,4.735e+06,-0.3665
2019,76277,Laurent Koscielny,Arsenal,33.8,Defender,Centre-Back,France  Poland,17,13,3,0,0,10,5,8e+06,1.5e+07,1.148e+07,-0.3033
2019,318077,Lucas Torreira,Arsenal,23.38,Midfield,Defensive Midfield,Uruguay  Spain,34,24,2,2,0,12,5,5.5e+07,3e+07,4.817e+07,0.1419
2019,465830,Mattéo Guendouzi,Arsenal,20.21,Midfield,Central Midfield,France  Morocco,33,23,0,0,0,11,5,3.5e+07,7e+06,1.867e+07,0.8743
2019,35664,Mesut Özil,Arsenal,30.71,Midfield,Attacking Midfield,Germany,24,20,5,2,0,10,5,2.5e+07,4.5e+07,3.607e+07,-0.307
2019,160438,Mohamed Elneny,Arsenal,26.97,Midfield,Defensive Midfield,Egypt,8,5,0,0,0,7,5,8e+06,1e+07,1.189e+07,-0.3272
2019,43003,Nacho Monreal,Arsenal,33.34,Defender,Left-Back,Spain,22,21,1,3,0,12,5,8e+06,1.3e+07,1.38e+07,-0.4202
2019,5658,Petr Cech,Arsenal,37.11,Goalkeeper,Goalkeeper,Czech Republic,7,7,0,0,2,11,5,,3e+06,2.937e+06,
2019,58864,Pierre-Emerick Aubameyang,Arsenal,30.03,Attack,Centre-Forward,Gabon  France,36,30,22,5,0,12,5,7e+07,7.5e+07,8.533e+07,-0.1796
2019,253341,Rob Holding,Arsenal,23.78,Defender,Centre-Back,England,10,9,0,0,0,5,5,1.2e+07,7e+06,1.146e+07,0.04712
2019,94005,Sead Kolasinac,Arsenal,26.03,Defender,Centre-Back,Bosnia-Herzegovina  Germany,24,22,0,6,0,10,5,2e+07,1.8e+07,3.933e+07,-0.4915
2019,88590,Shkodran Mustafi,Arsenal,27.2,Defender,Centre-Back,Germany  Albania,31,31,2,0,0,6,5,2.5e+07,2.5e+07,4.085e+07,-0.3881
2019,34322,Sokratis Papastathopoulos,Arsenal,31.06,Defender,Centre-Back,Greece,25,25,1,2,0,12,5,2e+07,2e+07,3.615e+07,-0.4468
2019,2865,Stephan Lichtsteiner,Arsenal,35.46,Defender,Right-Back,Switzerland,14,10,0,0,0,6,5,,1.5e+06,2.829e+06,
2019,61841,Adam Smith,Bournemouth,28.17,Defender,Right-Back,England,25,25,1,1,0,0,13,7e+06,5e+06,8.487e+06,-0.1752
2019,29975,Andrew Surman,Bournemouth,32.86,Midfield,Central Midfield,England  South Africa,18,16,0,0,0,0,13,2.5e+06,2.5e+06,3.63e+06,-0.3113
2019,15220,Artur Boruc,Bournemouth,39.36,Goalkeeper,Goalkeeper,Poland,12,12,0,0,4,0,13,1e+06,1e+06,1.516e+06,-0.3404
2019,33873,Asmir Begovic,Bournemouth,32.03,Goalkeeper,Goalkeeper,Bosnia-Herzegovina  Canada,24,24,0,0,5,0,13,7e+06,8e+06,8.268e+06,-0.1533
2019,123682,Callum Wilson,Bournemouth,27.34,Attack,Centre-Forward,England,30,29,14,9,0,0,13,3e+07,1e+07,2.391e+07,0.2546
2019,480987,Chris Mepham,Bournemouth,21.65,Defender,Centre-Back,Wales  England,13,10,0,1,0,0,13,1.3e+07,3.5e+06,4.866e+06,1.672
2019,44983,Dan Gosling,Bournemouth,29.41,Midfield,Central Midfield,England,25,19,2,1,0,0,13,3.5e+06,3.5e+06,7.47e+06,-0.5314
2019,277033,David Brooks,Bournemouth,21.98,Attack,Right Winger,Wales  England,30,29,7,5,0,0,13,3e+07,9e+06,1.705e+07,0.7597
2019,249513,Diego Rico,Bournemouth,26.35,Defender,Left-Back,Spain,12,5,0,0,0,0,13,9e+06,1e+07,7.3e+06,0.2329
2019,258889,Dominic Solanke,Bournemouth,21.79,Attack,Centre-Forward,England  Nigeria,10,2,0,1,0,0,13,1.8e+07,1e+07,5.241e+06,2.435
2019,223047,Emerson Hyndman,Bournemouth,23.23,Midfield,Central Midfield,United States  Portugal,1,0,0,0,0,0,13,1e+06,1e+06,1.189e+06,-0.1586
2019,419930,Jack Simpson,Bournemouth,22.53,Defender,Centre-Back,England,6,4,0,0,0,0,13,1.5e+06,2.5e+05,2.596e+06,-0.4221
2019,262980,Jefferson Lerma,Bournemouth,24.68,Midfield,Defensive Midfield,Colombia,30,29,2,0,0,0,13,2.5e+07,2.5e+07,1.436e+07,0.7413
2019,3875,Jermain Defoe,Bournemouth,36.73,Attack,Centre-Forward,England  St. Lucia,4,0,0,0,0,0,13,1.75e+06,2.5e+06,1.418e+06,0.2345
2019,195652,Jordon Ibe,Bournemouth,23.56,Attack,Right Winger,England  Nigeria,19,9,1,1,0,0,13,8e+06,9e+06,9.765e+06,-0.1808
2019,91059,Joshua King,Bournemouth,27.46,Attack,Centre-Forward,Norway,35,34,12,3,0,0,13,2e+07,1e+07,2.456e+07,-0.1857
2019,87672,Junior Stanislas,Bournemouth,29.59,Attack,Left Winger,England  St. Lucia,23,11,2,3,0,0,13,4.5e+06,4.5e+06,7.931e+06,-0.4326
2019,249089,Lewis Cook,Bournemouth,22.4,Midfield,Central Midfield,England,13,8,0,0,0,0,13,2e+07,2e+07,6.517e+06,2.069
2019,291422,Lys Mousset,Bournemouth,23.39,Attack,Centre-Forward,France  Senegal,24,1,1,0,0,0,13,3.5e+06,4e+06,6.084e+06,-0.4247
2019,357658,Mark Travers,Bournemouth,20.12,Goalkeeper,Goalkeeper,Ireland,2,2,0,0,1,0,13,2.5e+05,,3.725e+05,-0.3289
2019,177476,Nathan Aké,Bournemouth,24.36,Defender,Centre-Back,Netherlands  Cote d'Ivoire,38,38,4,1,0,0,13,3e+07,1.5e+07,1.749e+07,0.7157
2019,85177,Nathaniel Clyne,Bournemouth,28.24,Defender,Right-Back,England  Grenada,18,14,0,1,0,0,13,1.2e+07,2e+07,7.772e+06,0.5441
2019,146795,Ryan Fraser,Bournemouth,25.35,Attack,Left Winger,Scotland,38,35,7,14,0,0,13,3e+07,6e+06,2.498e+07,0.2007
2019,398402,Sam Surridge,Bournemouth,20.93,Attack,Centre-Forward,England,2,0,0,0,0,0,13,,,3.849e+06,
2019,13573,Simon Francis,Bournemouth,34.37,Defender,Right-Back,England,17,13,0,2,0,0,13,2e+06,2.5e+06,2.176e+06,-0.08099
2019,90836,Steve Cook,Bournemouth,28.2,Defender,Centre-Back,England,31,31,1,1,0,0,13,1e+07,7e+06,1.351e+07,-0.2597
2019,253677,Tyrone Mings,Bournemouth,26.3,Defender,Centre-Back,England,5,2,0,0,0,0,13,5e+06,4e+06,3.514e+06,0.4227
2019,213268,Alireza Jahanbakhsh,Brighton,25.89,Attack,Right Winger,Iran  Netherlands,19,12,0,0,0,0,17,1.5e+07,1.8e+07,7.379e+06,1.033
2019,149237,Anthony Knockaert,Brighton,27.61,Attack,Right Winger,France  Belgium,30,18,2,6,0,0,17,8e+06,8e+06,1.071e+07,-0.2531
2019,364258,Bernardo,Brighton,24.13,Defender,Centre-Back,Brazil,22,19,0,1,0,0,17,9e+06,9e+06,8.246e+06,0.0915
2019,49755,Dale Stephens,Brighton,30.05,Midfield,Central Midfield,England,30,29,1,1,0,0,17,6e+06,6e+06,7.915e+06,-0.242
2019,61814,David Button,Brighton,30.34,Goalkeeper,Goalkeeper,England,4,4,0,0,1,0,17,1.5e+06,1.5e+06,1.306e+06,0.1489
2019,79027,Davy Pröpper,Brighton,27.83,Midfield,Central Midfield,Netherlands,30,30,1,1,0,0,17,1.5e+07,1.5e+07,1.054e+07,0.4238
2019,177065,Florin Andone,Brighton,26.22,Attack,Centre-Forward,Romania  Spain,23,8,3,0,0,0,17,6e+06,6e+06,8.191e+06,-0.2675
2019,36291,Gaëtan Bong,Brighton,31.18,Defender,Left-Back,Cameroon  France,22,19,0,0,0,0,17,2e+06,1.5e+06,4.997e+06,-0.5997
2019,45693,Glenn Murray,Brighton,35.76,Attack,Centre-Forward,England,38,30,13,1,0,0,17,3e+06,3e+06,3.157e+06,-0.04986
2019,166240,Jürgen Locadia,Brighton,25.65,Attack,Centre-Forward,Curacao  Netherlands,26,12,2,0,0,0,17,1.2e+07,1.5e+07,7.386e+06,0.6247
2019,56100,Leon Balogun,Brighton,31.01,Defender,Centre-Back,Nigeria  Germany,8,5,1,0,0,0,17,2e+06,2e+06,3.966e+06,-0.4958
2019,148153,Lewis Dunk,Brighton,27.61,Defender,Centre-Back,England,36,36,2,1,0,0,17,1.2e+07,1e+07,1.267e+07,-0.05297
2019,68645,Martín Montoya,Brighton,28.21,Defender,Right-Back,Spain,25,24,0,1,0,0,17,8e+06,8e+06,8.833e+06,-0.09427
2019,128969,Mathew Ryan,Brighton,27.23,Goalkeeper,Goalkeeper,Australia  Scotland,34,34,0,0,6,0,17,1e+07,8e+06,1.632e+07,-0.3873
2019,82873,Pascal Groß,Brighton,28.04,Midfield,Central Midfield,Germany,25,24,3,3,0,0,17,1e+07,1e+07,1.509e+07,-0.3375
2019,119269,Shane Duffy,Brighton,27.5,Defender,Centre-Back,Ireland  Northern Ireland,35,35,5,1,0,0,17,1.2e+07,1.2e+07,1.366e+07,-0.1212
2019,209212,Solly March,Brighton,24.95,Attack,Right Winger,England,35,30,1,5,0,0,17,8e+06,5e+06,1.047e+07,-0.2362
2019,410425,Yves Bissouma,Brighton,22.83,Midfield,Defensive Midfield,Mali  Cote d'Ivoire,28,17,0,0,0,0,17,1.5e+07,1.5e+07,8.675e+06,0.7291
2019,14221,Aaron Lennon,Burnley,32.21,Attack,Right Winger,England  Ireland,16,14,1,1,0,0,15,5e+06,5e+06,5.604e+06,-0.1077
2019,63200,Ashley Barnes,Burnley,29.67,Attack,Centre-Forward,England,37,26,12,2,0,0,15,1e+07,8e+06,1.184e+07,-0.1551
2019,91317,Ashley Westwood,Burnley,29.25,Midfield,Defensive Midfield,England,34,31,2,7,0,0,15,7e+06,4e+06,1.329e+07,-0.4734
2019,128904,Ben Gibson,Burnley,26.46,Defender,Centre-Back,England,1,1,1,0,0,0,15,1e+07,1.5e+07,3.88e+06,1.577
2019,74810,Ben Mee,Burnley,29.77,Defender,Centre-Back,England,38,38,0,2,0,0,15,1e+07,1e+07,9.017e+06,0.109
2019,195633,Charlie Taylor,Burnley,25.78,Defender,Left-Back,England,38,35,0,1,0,0,15,7e+06,5e+06,7.913e+06,-0.1154
2019,108725,Chris Wood,Burnley,27.56,Attack,Centre-Forward,New Zealand,38,29,10,2,0,0,15,1.8e+07,1.8e+07,1.52e+07,0.1845
2019,584769,Dwight McNeil,Burnley,19.61,Attack,Left Winger,England  Jamaica,21,19,3,5,0,0,15,1.5e+07,,6.971e+06,1.152
2019,40613,Jack Cork,Burnley,30.02,Midfield,Defensive Midfield,England,37,37,1,2,0,0,15,1.5e+07,1.5e+07,1.122e+07,0.337
2019,173504,James Tarkowski,Burnley,26.61,Defender,Centre-Back,England  Poland,35,35,3,1,0,0,15,1.8e+07,1.5e+07,1.184e+07,0.52
2019,148262,Jeff Hendrick,Burnley,27.41,Midfield,Central Midfield,Ireland,32,25,3,0,0,0,15,1e+07,1e+07,1.078e+07,-0.07231
2019,40204,Joe Hart,Burnley,32.2,Goalkeeper,Goalkeeper,England,19,19,0,0,4,0,15,6e+06,7e+06,7.396e+06,-0.1888
2019,89231,Jóhann Berg Gudmundsson,Burnley,28.68,Attack,Right Winger,Iceland,29,19,3,6,0,0,15,1e+07,1e+07,1.246e+07,-0.1971
2019,111114,Kevin Long,Burnley,28.87,Defender,Centre-Back,Ireland,6,5,0,1,0,0,15,2.5e+06,2.5e+06,4.372e+06,-0.4282
2019,101500,Matej Vydra,Burnley,27.16,Attack,Centre-Forward,Czech Republic,13,3,1,1,0,0,15,8e+06,1e+07,5.795e+06,0.3806
2019,102258,Matthew Lowton,Burnley,30.06,Defender,Right-Back,England,21,19,0,0,0,0,15,5e+06,5e+06,5.156e+06,-0.03026
2019,4072,Peter Crouch,Burnley,38.41,Attack,Centre-Forward,England  Ireland,6,0,0,0,0,0,15,1e+06,1e+06,1.258e+06,-0.2052
2019,15773,Phil Bardsley,Burnley,34.01,Defender,Right-Back,Scotland  England,19,19,0,0,0,0,15,1.5e+06,1.5e+06,2.835e+06,-0.4709
2019,128229,Robbie Brady,Burnley,27.46,Midfield,Left Midfield,Ireland,16,6,0,1,0,0,15,8e+06,1e+07,6.367e+06,0.2565
2019,48078,Sam Vokes,Burnley,29.69,Attack,Centre-Forward,Wales  England,20,10,3,0,0,0,15,5e+06,6e+06,7.02e+06,-0.2878
2019,34691,Stephen Ward,Burnley,33.86,Defender,Left-Back,Ireland,3,3,0,0,0,0,15,2e+06,3e+06,2.424e+06,-0.175
2019,33866,Steven Defour,Burnley,31.21,Midfield,Defensive Midfield,Belgium,6,6,0,0,0,0,15,5e+06,7e+06,4.02e+06,0.2437
2019,34130,Tom Heaton,Burnley,33.21,Goalkeeper,Goalkeeper,England,19,19,0,0,4,0,15,3e+06,4e+06,2.898e+06,0.03514
2019,63821,Aron Gunnarsson,Cardiff,30.19,Midfield,Defensive Midfield,Iceland,28,27,1,1,0,0,18,,2.5e+06,4.789e+06,
2019,186186,Bobby De Cordova-Reid,Cardiff,26.41,Attack,Right Winger,Jamaica  England,27,16,5,2,0,0,18,1e+07,1e+07,1.076e+07,-0.07104
2019,60990,Bruno Ecuele Manga,Cardiff,30.96,Defender,Centre-Back,Gabon  France,38,37,0,1,0,0,18,3e+06,3e+06,6.298e+06,-0.5237
2019,169555,Callum Paterson,Cardiff,24.71,Attack,Centre-Forward,Scotland  England,27,21,4,1,0,0,18,5e+06,3.5e+06,8.146e+06,-0.3862
2019,124172,Danny Ward,Cardiff,28.56,Attack,Centre-Forward,England,14,4,1,0,0,0,18,1.5e+06,1.75e+06,2.89e+06,-0.4809
2019,66994,Gary Madine,Cardiff,28.85,Attack,Centre-Forward,England,5,0,0,0,0,0,18,4e+06,5e+06,3.773e+06,0.06018
2019,114093,Greg Cunningham,Cardiff,28.41,Defender,Centre-Back,Ireland,7,7,0,0,0,0,18,3e+06,4e+06,2.064e+06,0.4537
2019,55742,Harry Arter,Cardiff,29.51,Midfield,Central Midfield,Ireland  England,25,24,0,1,0,0,18,7e+06,7e+06,5.874e+06,0.1916
2019,120241,Jazz Richards,Cardiff,28.22,Defender,Right-Back,Wales,4,0,0,0,0,0,18,7.5e+05,7.5e+05,1.971e+06,-0.6195
2019,90964,Joe Bennett,Cardiff,29.26,Defender,Left-Back,England,30,30,0,1,0,0,18,3e+06,2e+06,5.145e+06,-0.4169
2019,195680,Joe Ralls,Cardiff,25.72,Midfield,Central Midfield,England,28,22,0,0,0,0,18,5e+06,5e+06,5.867e+06,-0.1477
2019,199528,Josh Murphy,Cardiff,24.35,Attack,Left Winger,England  Ireland,29,22,3,2,0,0,18,1e+07,8e+06,8.332e+06,0.2002
2019,58993,Junior Hoilett,Cardiff,29.07,Attack,Left Winger,Canada  Jamaica,32,23,3,1,0,0,18,4.5e+06,4.5e+06,9.403e+06,-0.5214
2019,136501,Kadeem Harris,Cardiff,26.06,Attack,Right Winger,England,13,3,1,0,0,0,18,7.5e+05,3.5e+05,3.327e+06,-0.7746
2019,135213,Kenneth Zohore,Cardiff,25.41,Attack,Centre-Forward,Denmark  Cote d'Ivoire,19,7,1,1,0,0,18,7e+06,8e+06,5.926e+06,0.1811
2019,126014,Leandro Bacuna,Cardiff,27.86,Midfield,Central Midfield,Curacao  Netherlands,11,4,0,0,0,0,18,3e+06,2e+06,4.701e+06,-0.3618
2019,38094,Lee Peltier,Cardiff,32.55,Defender,Right-Back,England  Antigua and Barbuda,20,17,0,0,0,0,18,1.5e+06,1.5e+06,2.433e+06,-0.3834
2019,81190,Loïc Damour,Cardiff,28.48,Midfield,Central Midfield,France  Réunion,2,0,0,0,0,0,18,7.5e+05,7.5e+05,1.635e+06,-0.5412
2019,125409,Nathaniel Méndez-Laing,Cardiff,27.21,Attack,Right Winger,Guatemala  England,20,11,4,1,0,0,18,3e+06,2.5e+06,7.041e+06,-0.5739
2019,61694,Neil Etheridge,Cardiff,29.39,Goalkeeper,Goalkeeper,Philippines  England,38,38,0,0,10,0,18,8e+06,3.5e+06,8.255e+06,-0.03093
2019,209781,Oumar Niasse,Cardiff,29.2,Attack,Centre-Forward,Senegal,18,12,0,0,0,0,18,6e+06,8e+06,5.837e+06,0.02788
2019,238185,Rhys Healey,Cardiff,24.57,Attack,Centre-Forward,England,3,0,0,0,0,0,18,2.5e+05,1.5e+05,2.09e+06,-0.8804
2019,79723,Sean Morrison,Cardiff,28.48,Defender,Centre-Back,England  Ireland,34,34,1,3,0,0,18,5e+06,5e+06,8.467e+06,-0.4095
2019,28984,Sol Bamba,Cardiff,34.46,Defender,Centre-Back,Cote d'Ivoire  France,28,28,4,1,0,0,18,1e+06,1e+06,2.76e+06,-0.6377
2019,263856,Víctor Camarasa,Cardiff,25.09,Midfield,Central Midfield,Spain,32,31,5,4,0,0,18,1e+07,6e+06,1.475e+07,-0.3219
2019,196948,Andreas Christensen,Chelsea,23.22,Defender,Centre-Back,Denmark,8,6,0,0,0,15,3,3e+07,4e+07,1.983e+07,0.5132
2019,86202,Antonio Rüdiger,Chelsea,26.33,Defender,Centre-Back,Germany  Sierra Leone,33,33,1,0,0,4,3,5e+07,4e+07,5.096e+07,-0.0188
2019,392768,Callum Hudson-Odoi,Chelsea,18.64,Attack,Left Winger,England  Ghana,10,4,0,1,0,9,3,3.5e+07,,1.263e+07,1.772
2019,8806,Cesc Fàbregas,Chelsea,32.16,Midfield,Central Midfield,Spain,6,1,0,0,0,5,3,1.5e+07,3e+07,1.513e+07,-0.008433
2019,57500,César Azpilicueta,Chelsea,29.84,Defender,Centre-Back,Spain,38,38,1,5,0,9,3,3.5e+07,4e+07,4.667e+07,-0.2501
2019,46741,David Luiz,Chelsea,32.19,Defender,Centre-Back,Brazil,36,36,3,2,0,6,3,2e+07,2.5e+07,1.925e+07,0.03896
2019,173859,Davide Zappacosta,Chelsea,27.05,Midfield,Right Midfield,Italy,4,1,0,0,0,10,3,1.5e+07,2e+07,1.378e+07,0.08834
2019,50202,Eden Hazard,Chelsea,28.48,Attack,Left Winger,Belgium,37,32,16,15,0,8,3,1.5e+08,1.2e+08,1.169e+08,0.2836
2019,181778,Emerson,Chelsea,24.91,Defender,Left-Back,Italy  Brazil,10,7,0,0,0,11,3,1.5e+07,2e+07,9.078e+06,0.6523
2019,27511,Gary Cahill,Chelsea,33.53,Defender,Centre-Back,England,2,0,0,0,0,4,3,8e+06,1.5e+07,8.271e+06,-0.03276
2019,39153,Gonzalo Higuaín,Chelsea,31.56,Attack,Centre-Forward,Argentina  France,14,13,5,0,0,6,3,3.5e+07,5.5e+07,3.504e+07,-0.001078
2019,102017,Jorginho,Chelsea,27.53,Midfield,Defensive Midfield,Italy  Brazil,37,37,2,0,0,11,3,6.5e+07,5e+07,4.65e+07,0.3979
2019,192279,Kepa Arrizabalaga,Chelsea,24.74,Goalkeeper,Goalkeeper,Spain,36,36,0,0,14,13,3,6e+07,4e+07,3.515e+07,0.707
2019,112515,Marcos Alonso,Chelsea,28.51,Defender,Left-Back,Spain,31,31,2,4,0,4,3,4e+07,4e+07,4.947e+07,-0.1914
2019,51471,Mateo Kovacic,Chelsea,25.15,Midfield,Central Midfield,Croatia,32,21,0,2,0,12,3,3.5e+07,3e+07,2.455e+07,0.4259
2019,225083,Ngolo Kante,Chelsea,28.26,Midfield,Defensive Midfield,France  Mali,36,36,4,4,0,10,3,1e+08,8e+07,5.177e+07,0.9315
2019,82442,Olivier Giroud,Chelsea,32.75,Attack,Centre-Forward,France,27,7,2,4,0,14,3,1.5e+07,1.8e+07,1.309e+07,0.1458
2019,65278,Pedro,Chelsea,31.93,Attack,Right Winger,Spain,31,21,8,2,0,14,3,2e+07,2.5e+07,2.371e+07,-0.1566
2019,131978,Ross Barkley,Chelsea,25.57,Midfield,Central Midfield,England,27,13,3,5,0,12,3,3e+07,2.5e+07,3.069e+07,-0.02253
2019,202886,Ruben Loftus-Cheek,Chelsea,23.44,Midfield,Central Midfield,England  Guyana,24,6,6,2,0,11,3,3e+07,1.8e+07,2.504e+07,0.1979
2019,59866,Victor Moses,Chelsea,28.55,Attack,Right Winger,Nigeria  England,2,0,0,0,0,4,3,1.1e+07,2e+07,2.37e+07,-0.5359
2019,52769,Willian,Chelsea,30.89,Attack,Left Winger,Brazil,32,26,3,7,0,15,3,4e+07,5e+07,2.992e+07,0.3371
2019,19948,Willy Caballero,Chelsea,37.75,Goalkeeper,Goalkeeper,Argentina  Spain,2,2,0,0,2,2,3,1e+06,1e+06,1.276e+06,-0.2164
2019,128223,Álvaro Morata,Chelsea,26.69,Attack,Centre-Forward,Spain,16,11,5,0,0,6,3,5e+07,6.5e+07,4.248e+07,0.177
2019,406040,Ademola Lookman,Everton,21.69,Attack,Second Striker,Nigeria  England,21,3,0,2,0,0,8,2e+07,1.2e+07,6.496e+06,2.079
2019,221025,André Gomes,Everton,25.92,Midfield,Central Midfield,Portugal,27,24,1,1,0,0,8,2.8e+07,1.5e+07,1.309e+07,1.139
2019,175169,Bernard,Everton,26.81,Attack,Left Winger,Brazil,34,25,1,4,0,0,8,2e+07,1.6e+07,1.083e+07,0.847
2019,45671,Cenk Tosun,Everton,28.07,Attack,Centre-Forward,Türkiye  Germany,25,10,3,3,0,0,8,1.8e+07,2.3e+07,9.333e+06,0.9287
2019,306024,Dominic Calvert-Lewin,Everton,22.29,Attack,Centre-Forward,England,35,19,6,2,0,0,8,2e+07,1.5e+07,1.542e+07,0.2972
2019,90466,Gylfi Sigurdsson,Everton,29.81,Midfield,Attacking Midfield,Iceland,38,36,13,6,0,0,8,3.5e+07,3e+07,2.751e+07,0.2725
2019,126665,Idrissa Gueye,Everton,29.76,Midfield,Defensive Midfield,Senegal,33,32,0,2,0,0,8,2.5e+07,2e+07,1.508e+07,0.6578
2019,45333,James McCarthy,Everton,28.63,Midfield,Central Midfield,Ireland  Scotland,1,0,0,0,0,0,8,5e+06,8e+06,4.492e+06,0.113
2019,258883,Jonjoe Kenny,Everton,22.29,Defender,Right-Back,England  Ireland,10,8,0,1,0,0,8,5e+06,5e+06,5.817e+06,-0.1404
2019,130164,Jordan Pickford,Everton,25.32,Goalkeeper,Goalkeeper,England,38,38,0,0,14,0,8,4e+07,3.5e+07,2.648e+07,0.5107
2019,157509,Kurt Zouma,Everton,24.68,Defender,Centre-Back,France  Central African Republic,32,29,2,2,0,0,8,2.5e+07,1.5e+07,2.047e+07,0.2215
2019,13507,Leighton Baines,Everton,34.55,Defender,Left-Back,England,6,5,0,0,0,0,8,3.5e+06,8e+06,3.025e+06,0.1571
2019,126664,Lucas Digne,Everton,25.95,Defender,Left-Back,France,35,33,4,4,0,0,8,3e+07,1.8e+07,1.589e+07,0.8876
2019,348623,Mason Holgate,Everton,22.69,Defender,Centre-Back,Jamaica  England,5,4,0,0,0,0,8,7e+06,7e+06,6.225e+06,0.1244
2019,118534,Michael Keane,Everton,26.47,Defender,Centre-Back,England  Ireland,33,33,1,2,0,0,8,3e+07,2e+07,1.893e+07,0.5848
2019,56818,Morgan Schneiderlin,Everton,29.64,Midfield,Defensive Midfield,France,14,10,0,1,0,0,8,1.5e+07,2e+07,9.95e+06,0.5076
2019,13520,Phil Jagielka,Everton,36.87,Defender,Centre-Back,England  Poland,7,4,1,0,0,0,8,1e+06,1.5e+06,1.559e+06,-0.3586
2019,378710,Richarlison,Everton,22.14,Attack,Centre-Forward,Brazil,35,32,13,2,0,0,8,5e+07,3.5e+07,2.903e+07,0.7226
2019,68390,Séamus Coleman,Everton,30.72,Defender,Right-Back,Ireland,29,29,2,2,0,0,8,1.5e+07,1.2e+07,9.034e+06,0.6603
2019,33713,Theo Walcott,Everton,30.29,Attack,Right Winger,England,37,24,5,2,0,0,8,1.8e+07,2e+07,1.119e+07,0.6086
2019,314210,Tom Davies,Everton,21,Midfield,Central Midfield,England,16,10,0,0,0,0,8,1.5e+07,1.5e+07,1.009e+07,0.487
2019,289446,Yerry Mina,Everton,24.77,Defender,Centre-Back,Colombia,13,10,1,0,0,0,8,2.5e+07,3e+07,5.889e+06,3.245
2019,290951,Aboubakar Kamara,Fulham,24.32,Attack,Centre-Forward,Mauritania  France,13,5,3,0,0,0,19,2.75e+06,4e+06,4.067e+06,-0.3238
2019,51152,Aleksandar Mitrović,Fulham,24.79,Attack,Centre-Forward,Serbia,37,37,11,3,0,0,19,2.5e+07,1.8e+07,1.511e+07,0.6548
2019,287431,Alfie Mawson,Fulham,25.45,Defender,Centre-Back,England,15,13,0,0,0,0,19,1.5e+07,1.5e+07,1.025e+07,0.4633
2019,58205,André Schürrle,Fulham,28.65,Attack,Left Winger,Germany,24,21,6,0,0,0,19,1.2e+07,1.5e+07,1.259e+07,-0.04677
2019,215118,Calum Chambers,Fulham,24.44,Defender,Centre-Back,England,31,29,2,0,0,0,19,1.4e+07,1.4e+07,1.115e+07,0.2552
2019,158623,Cyrus Christie,Fulham,26.75,Defender,Right-Back,Ireland  England,28,19,0,1,0,0,19,3.5e+06,3e+06,4.515e+06,-0.2249
2019,59641,Denis Odoi,Fulham,31.09,Defender,Right-Back,Ghana  Belgium,31,29,0,1,0,0,19,2.5e+06,1.5e+06,3.17e+06,-0.2113
2019,45882,Fabri,Fulham,31.5,Goalkeeper,Goalkeeper,Spain  Uruguay,2,2,0,0,0,0,19,4e+06,5e+06,2.313e+06,0.7296
2019,77974,Floyd Ayité,Fulham,30.54,Attack,Left Winger,Togo  France,16,3,1,0,0,0,19,2.5e+06,3e+06,3.715e+06,-0.3271
2019,354361,Frank Anguissa,Fulham,23.62,Midfield,Central Midfield,Cameroon,22,16,0,0,0,0,19,2.5e+07,2.5e+07,7.778e+06,2.214
2019,565822,Harvey Elliott,Fulham,16.24,Midfield,Attacking Midfield,England,2,0,0,0,0,0,19,4e+06,,1.547e+06,1.586
2019,42234,Håvard Nordtveit,Fulham,29.03,Midfield,Defensive Midfield,Norway,5,4,0,1,0,3,19,4e+06,4e+06,1.008e+07,-0.6033
2019,160380,Ibrahima Cissé,Fulham,25.34,Midfield,Defensive Midfield,Guinea  Belgium,3,1,0,0,0,0,19,1.5e+06,1.5e+06,1.161e+06,0.2917
2019,178614,Jean Michaël Seri,Fulham,27.95,Midfield,Defensive Midfield,Cote d'Ivoire,32,27,1,2,0,0,19,2.5e+07,3e+07,1.457e+07,0.7155
2019,194460,Joe Bryan,Fulham,25.79,Defender,Left-Back,England,28,27,0,1,0,0,19,6e+06,6e+06,5.112e+06,0.1737
2019,36529,Kevin McDonald,Fulham,30.65,Midfield,Defensive Midfield,Scotland,15,10,0,0,0,0,19,3e+06,4e+06,3.48e+06,-0.138
2019,144303,Lazar Markovic,Fulham,25.33,Attack,Right Winger,Serbia,1,0,0,0,0,0,19,4e+06,8e+06,2.336e+06,0.7126
2019,116648,Marcus Bettinelli,Fulham,27.1,Goalkeeper,Goalkeeper,England  Italy,7,7,0,0,0,0,19,4e+06,3e+06,1.964e+06,1.037
2019,60558,Maxime Le Marchand,Fulham,29.72,Defender,Centre-Back,France,26,25,0,1,0,0,19,5e+06,5e+06,6.823e+06,-0.2672
2019,111422,Neeskens Kebano,Fulham,27.31,Attack,Left Winger,DR Congo  France,7,0,0,0,0,0,19,3e+06,3e+06,2.405e+06,0.2476
2019,16135,Ryan Babel,Fulham,32.53,Attack,Left Winger,Netherlands  Suriname,16,15,5,4,0,3,19,5e+06,6e+06,9.459e+06,-0.4714
2019,392775,Ryan Sessegnon,Fulham,19.12,Defender,Left-Back,England,35,26,2,6,0,0,19,3.5e+07,3.5e+07,1.055e+07,2.318
2019,207302,Sergio Rico,Fulham,25.83,Goalkeeper,Goalkeeper,Spain,29,29,0,0,5,0,19,1.2e+07,1.2e+07,1.47e+07,-0.1835
2019,62008,Stefan Johansen,Fulham,28.48,Midfield,Central Midfield,Norway,12,4,0,0,0,0,19,4e+06,4.5e+06,4.054e+06,-0.01337
2019,145466,Tim Ream,Fulham,31.74,Defender,Centre-Back,United States,26,25,0,0,0,0,19,4e+06,3.5e+06,3.426e+06,0.1675
2019,315131,Timothy Fosu-Mensah,Fulham,21.49,Defender,Right-Back,Netherlands  Ghana,12,10,0,0,0,0,19,7e+06,7e+06,5.953e+06,0.1759
2019,123275,Tom Cairney,Fulham,28.44,Midfield,Central Midfield,Scotland  England,31,24,1,1,0,0,19,1.5e+07,1.8e+07,5.302e+06,1.829
2019,123951,Aaron Mooy,Huddersfield,28.79,Midfield,Central Midfield,Australia  Netherlands,29,25,3,1,0,0,20,1.4e+07,1e+07,6.859e+06,1.041
2019,657994,Aaron Rowe,Huddersfield,18.81,Midfield,Right Midfield,England  Jamaica,2,1,0,0,0,0,20,,,2.049e+05,
2019,340394,Abdelhamid Sabiri,Huddersfield,22.59,Midfield,Attacking Midfield,Morocco  Germany,2,1,0,0,0,0,20,1.5e+06,1e+06,1.318e+06,0.1382
2019,453594,Adama Diakhaby,Huddersfield,22.99,Midfield,Attacking Midfield,France  Senegal,12,6,0,0,0,0,20,8e+06,8e+06,4.327e+06,0.849
2019,200777,Alex Pritchard,Huddersfield,26.16,Midfield,Attacking Midfield,England,30,26,2,0,0,0,20,9e+06,1e+07,7.062e+06,0.2743
2019,67283,Ben Hamer,Huddersfield,31.61,Goalkeeper,Goalkeeper,England,7,7,0,0,1,0,20,5e+05,5e+05,1.739e+06,-0.7125
2019,55125,Chris Löwe,Huddersfield,30.21,Defender,Left-Back,Germany,29,23,0,2,0,0,20,2e+06,1.5e+06,3.772e+06,-0.4697
2019,57842,Christopher Schindler,Huddersfield,29.17,Defender,Centre-Back,Germany,37,37,1,0,0,0,20,7e+06,6e+06,8.189e+06,-0.1451
2019,123397,Collin Quaner,Huddersfield,28.04,Attack,Centre-Forward,Germany  Ghana,2,0,0,0,0,0,20,1.5e+06,1.5e+06,3.734e+06,-0.5983
2019,38383,Danny Williams,Huddersfield,30.31,Midfield,Defensive Midfield,United States  Germany,5,1,0,0,0,0,20,2e+06,2e+06,3.976e+06,-0.4969
2019,380913,Demeaco Duhaney,Huddersfield,20.71,Defender,Right-Back,England  Jamaica,1,1,0,0,0,0,20,,,5.129e+05,
2019,49501,Elias Kachunga,Huddersfield,27.19,Attack,Centre-Forward,DR Congo  Germany,20,13,0,0,0,0,20,3e+06,3.5e+06,4.964e+06,-0.3956
2019,93922,Erik Durm,Huddersfield,27.13,Defender,Right-Back,Germany,28,21,0,1,0,0,20,2e+06,1e+06,4.446e+06,-0.5501
2019,238809,Florent Hadergjonaj,Huddersfield,24.92,Defender,Right-Back,Kosovo  Switzerland,24,19,0,0,0,0,20,7e+06,5e+06,5.194e+06,0.3478
2019,260806,Isaac Mbenza,Huddersfield,23.31,Attack,Right Winger,Belgium  DR Congo,22,10,1,1,0,0,20,5e+06,3.5e+06,6.891e+06,-0.2744
2019,47995,Jason Puncheon,Huddersfield,33.03,Midfield,Central Midfield,England  Jamaica,11,5,0,0,0,0,20,3e+06,5e+06,1.935e+06,0.55
2019,285551,Joel Coleman,Huddersfield,23.76,Goalkeeper,Goalkeeper,England,1,1,0,0,0,0,20,5e+05,5e+05,9.58e+05,-0.4781
2019,245034,Jon Gorenc Stankovic,Huddersfield,23.46,Midfield,Defensive Midfield,Slovenia,11,9,1,0,0,0,20,1.5e+06,5e+05,2.334e+06,-0.3572
2019,48870,Jonas Lössl,Huddersfield,30.41,Goalkeeper,Goalkeeper,Denmark,31,30,0,0,5,0,20,5e+06,5e+06,8.975e+06,-0.4429
2019,61573,Jonathan Hogg,Huddersfield,30.57,Midfield,Defensive Midfield,England,29,29,0,1,0,0,20,3.5e+06,3.5e+06,5.7e+06,-0.386
2019,348863,Juninho Bacuna,Huddersfield,21.9,Midfield,Central Midfield,Curacao  Netherlands,21,16,1,0,0,0,20,3.5e+06,2.5e+06,3.335e+06,0.04958
2019,314183,Karlan Grant,Huddersfield,21.78,Attack,Centre-Forward,England  Scotland,13,9,4,0,0,0,20,5e+06,2e+05,4.784e+06,0.04514
2019,566349,Matty Daly,Huddersfield,18.31,Midfield,Attacking Midfield,England,2,0,0,0,0,0,20,,,4.627e+05,
2019,320411,Philip Billing,Huddersfield,23.05,Midfield,Central Midfield,Denmark  Nigeria,27,25,2,0,0,0,20,7e+06,2.5e+06,5.922e+06,0.182
2019,77001,Rajiv van La Parra,Huddersfield,28.07,Attack,Left Winger,Netherlands  Suriname,5,5,0,0,0,0,20,4e+06,4e+06,5.647e+06,-0.2917
2019,312017,Ramadan Sobhi,Huddersfield,22.43,Midfield,Attacking Midfield,Egypt,4,0,0,0,0,0,20,5e+06,7e+06,3.846e+06,0.3
2019,238639,Steve Mounié,Huddersfield,24.75,Attack,Centre-Forward,Benin  France,31,19,2,3,0,0,20,1e+07,1e+07,8.539e+06,0.1711
2019,152651,Terence Kongolo,Huddersfield,25.37,Defender,Centre-Back,Netherlands  DR Congo,32,32,1,1,0,0,20,1.5e+07,1.5e+07,7.616e+06,0.9696
2019,121398,Tommy Smith,Huddersfield,27.21,Defender,Right-Back,England,15,13,0,0,0,0,20,3e+06,3e+06,4.441e+06,-0.3245
2019,52059,Zanka,Huddersfield,29.19,Defender,Centre-Back,Denmark,24,24,3,1,0,0,20,5e+06,5e+06,6.304e+06,-0.2068
2019,56810,Adrien Silva,Leicester,30.29,Midfield,Central Midfield,Portugal  France,2,1,0,0,0,0,9,1.3e+07,2e+07,2.94e+06,3.422
2019,316125,Ben Chilwell,Leicester,22.52,Defender,Left-Back,England  New Zealand,36,36,0,5,0,0,9,3.5e+07,8e+06,1.426e+07,1.454
2019,6636,Christian Fuchs,Leicester,33.23,Defender,Left-Back,Austria,3,2,0,0,0,0,9,3e+06,5e+06,3.052e+06,-0.01695
2019,214056,Daniel Amartey,Leicester,24.53,Defender,Centre-Back,Ghana,9,7,0,0,0,0,9,7e+06,5e+06,4.638e+06,0.5093
2019,37442,Danny Simpson,Leicester,32.49,Defender,Right-Back,England  Jamaica,6,3,0,0,0,0,9,3.5e+06,5e+06,3.29e+06,0.06399
2019,292417,Demarai Gray,Leicester,23.01,Attack,Left Winger,Jamaica  England,34,23,4,1,0,0,9,2e+07,2e+07,1.113e+07,0.7973
2019,364861,Fousseni Diabaté,Leicester,23.7,Attack,Right Winger,Mali  France,1,1,0,0,0,0,9,3e+06,3e+06,4.07e+06,-0.2629
2019,341501,Hamza Choudhury,Leicester,21.75,Midfield,Defensive Midfield,Bangladesh  England,9,7,0,0,0,0,9,5e+06,1e+06,4.21e+06,0.1875
2019,177907,Harry Maguire,Leicester,26.32,Defender,Centre-Back,England,31,31,3,0,0,0,9,5e+07,4.5e+07,1.841e+07,1.716
2019,398065,Harvey Barnes,Leicester,21.56,Attack,Left Winger,England  Scotland,16,11,1,2,0,0,9,1.2e+07,2.5e+05,1.067e+07,0.1247
2019,294057,James Maddison,Leicester,22.6,Midfield,Attacking Midfield,England,36,35,7,7,0,0,9,4e+07,2.2e+07,2.304e+07,0.736
2019,197838,Jamie Vardy,Leicester,32.47,Attack,Centre-Forward,England,34,30,18,4,0,0,9,2e+07,2e+07,1.433e+07,0.3961
2019,42412,Jonny Evans,Leicester,31.49,Defender,Centre-Back,Northern Ireland,24,21,1,0,0,0,9,1e+07,1.5e+07,7.599e+06,0.3159
2019,16911,Kasper Schmeichel,Leicester,32.65,Goalkeeper,Goalkeeper,Denmark,38,38,0,0,10,0,9,1.2e+07,1.2e+07,8.736e+06,0.3736
2019,295330,Kelechi Iheanacho,Leicester,22.74,Attack,Centre-Forward,Nigeria,30,9,1,3,0,0,9,1.2e+07,1.5e+07,8.466e+06,0.4175
2019,61560,Marc Albrighton,Leicester,29.62,Midfield,Right Midfield,England,27,18,2,2,0,0,9,1e+07,1e+07,1.061e+07,-0.05753
2019,111051,Nampalys Mendy,Leicester,27.02,Midfield,Defensive Midfield,Senegal  France,31,23,0,0,0,0,9,8e+06,5e+06,1.326e+07,-0.3967
2019,118287,Rachid Ghezzal,Leicester,27.14,Attack,Right Winger,Algeria  France,19,8,1,0,0,0,9,8e+06,1e+07,6.853e+06,0.1674
2019,215876,Ricardo Pereira,Leicester,25.73,Defender,Right-Back,Portugal  Cape Verde,35,35,2,6,0,0,9,2.5e+07,2e+07,1.432e+07,0.7461
2019,79642,Shinji Okazaki,Leicester,33.21,Attack,Centre-Forward,Japan,21,1,0,1,0,0,9,4e+06,6e+06,3.432e+06,0.1656
2019,65467,Vicente Iborra,Leicester,31.46,Midfield,Defensive Midfield,Spain,8,3,0,0,0,5,9,9e+06,1e+07,8.818e+06,0.02066
2019,10003,Wes Morgan,Leicester,35.44,Defender,Centre-Back,Jamaica  England,22,21,3,0,0,0,9,2e+06,3e+06,1.965e+06,0.01756
2019,274839,Wilfred Ndidi,Leicester,22.54,Midfield,Defensive Midfield,Nigeria  England,38,37,2,0,0,0,9,3.5e+07,2.5e+07,2.043e+07,0.7131
2019,249565,Youri Tielemans,Leicester,22.15,Midfield,Central Midfield,Belgium  DR Congo,13,13,3,5,0,6,9,3.8e+07,2e+07,2.893e+07,0.3135
2019,43530,Adam Lallana,Liverpool,31.14,Midfield,Attacking Midfield,England,13,5,0,0,0,3,2,1.5e+07,2.5e+07,1.339e+07,0.1206
2019,207917,Alberto Moreno,Liverpool,26.99,Defender,Left-Back,Spain,2,2,0,0,0,1,2,9e+06,1e+07,1.975e+07,-0.5442
2019,143424,Alex Oxlade-Chamberlain,Liverpool,25.88,Midfield,Central Midfield,England,2,0,0,0,0,0,2,3.5e+07,4e+07,2.196e+07,0.594
2019,105470,Alisson,Liverpool,26.74,Goalkeeper,Goalkeeper,Brazil,38,38,0,0,21,13,2,8e+07,6e+07,4.611e+07,0.7351
2019,234803,Andrew Robertson,Liverpool,25.31,Defender,Left-Back,Scotland,36,36,0,11,0,12,2,6e+07,2.5e+07,3.976e+07,0.509
2019,47082,Daniel Sturridge,Liverpool,29.83,Attack,Centre-Forward,England,18,4,2,1,0,7,2,1.5e+07,1.5e+07,2.025e+07,-0.2592
2019,37838,Dejan Lovren,Liverpool,29.99,Defender,Centre-Back,Croatia,13,11,1,1,0,3,2,2e+07,2e+07,3.116e+07,-0.3582
2019,148368,Divock Origi,Liverpool,24.2,Attack,Centre-Forward,Belgium  Kenya,12,4,3,1,0,8,2,2e+07,1e+07,3.505e+07,-0.4294
2019,225693,Fabinho,Liverpool,25.69,Midfield,Defensive Midfield,Brazil,28,21,1,2,0,11,2,5e+07,4.5e+07,6.039e+07,-0.1721
2019,49499,Georginio Wijnaldum,Liverpool,28.64,Midfield,Central Midfield,Netherlands  Suriname,35,32,3,0,0,12,2,5e+07,3e+07,4.129e+07,0.2111
2019,3333,James Milner,Liverpool,33.49,Midfield,Central Midfield,England,31,19,5,5,0,12,2,1.5e+07,1.5e+07,1.814e+07,-0.1732
2019,256178,Joe Gomez,Liverpool,22.11,Defender,Centre-Back,England  The Gambia,16,12,0,0,0,9,2,3.5e+07,2.2e+07,2.733e+07,0.2805
2019,61651,Jordan Henderson,Liverpool,29.04,Midfield,Defensive Midfield,England,32,21,1,3,0,11,2,3.5e+07,2.8e+07,4.05e+07,-0.1359
2019,148455,Mohamed Salah,Liverpool,27.04,Attack,Right Winger,Egypt,38,37,22,8,0,12,2,1.5e+08,1.5e+08,1.161e+08,0.2921
2019,302215,Naby Keïta,Liverpool,24.39,Midfield,Central Midfield,Guinea,25,16,2,1,0,6,2,6e+07,6.5e+07,4.661e+07,0.2874
2019,131789,Roberto Firmino,Liverpool,27.75,Attack,Centre-Forward,Brazil,34,31,12,7,0,12,2,8e+07,8e+07,9.663e+07,-0.1721
2019,200512,Sadio Mané,Liverpool,27.22,Attack,Left Winger,Senegal,36,35,22,1,0,13,2,1.2e+08,7e+07,1.034e+08,0.1609
2019,314353,Trent Alexander-Arnold,Liverpool,20.73,Defender,Right-Back,England,29,27,1,12,0,11,2,8e+07,2.5e+07,4.477e+07,0.7869
2019,139208,Virgil van Dijk,Liverpool,27.98,Defender,Centre-Back,Netherlands  Suriname,38,38,4,2,0,12,2,9e+07,5e+07,4.195e+07,1.145
2019,86792,Xherdan Shaqiri,Liverpool,27.72,Midfield,Attacking Midfield,Switzerland  Kosovo,24,11,6,3,0,4,2,2.5e+07,1.8e+07,4.72e+07,-0.4703
2019,176553,Aymeric Laporte,Man City,25.1,Defender,Centre-Back,Spain  France,35,34,3,3,0,10,1,7.5e+07,5e+07,6.281e+07,0.194
2019,157495,Benjamin Mendy,Man City,24.96,Defender,Left-Back,France  Senegal,10,10,0,5,0,2,1,3.5e+07,4e+07,2.522e+07,0.3875
2019,241641,Bernardo Silva,Man City,24.89,Midfield,Attacking Midfield,Portugal,36,31,7,7,0,8,1,1e+08,5e+07,6.41e+07,0.5601
2019,145707,Danilo,Man City,27.96,Defender,Centre-Back,Brazil,11,9,1,0,0,2,1,2e+07,2e+07,1.814e+07,0.1023
2019,35518,David Silva,Man City,33.48,Midfield,Attacking Midfield,Spain,33,28,6,8,0,9,1,2e+07,3e+07,2.966e+07,-0.3258
2019,238223,Ederson,Man City,25.87,Goalkeeper,Goalkeeper,Brazil  Portugal,38,38,0,0,20,10,1,7e+07,5e+07,4.887e+07,0.4323
2019,50362,Fabian Delph,Man City,29.61,Midfield,Central Midfield,England  Guyana,11,8,0,1,0,6,1,1.5e+07,1.5e+07,2.074e+07,-0.2767
2019,26267,Fernandinho,Man City,34.16,Midfield,Defensive Midfield,Brazil,29,27,1,3,0,8,1,1.2e+07,1.5e+07,1.565e+07,-0.2331
2019,363205,Gabriel Jesus,Man City,22.24,Attack,Centre-Forward,Brazil,29,8,7,3,0,6,1,7e+07,8e+07,3.929e+07,0.7818
2019,186590,John Stones,Man City,25.09,Defender,Centre-Back,England,24,20,0,0,0,6,1,6e+07,5.5e+07,3.475e+07,0.7268
2019,88755,Kevin De Bruyne,Man City,28.01,Midfield,Attacking Midfield,Belgium,19,11,2,2,0,4,1,1.3e+08,1.5e+08,5.201e+07,1.499
2019,95424,Kyle Walker,Man City,29.09,Defender,Right-Back,England,33,30,1,1,0,10,1,5e+07,5e+07,4.001e+07,0.2498
2019,192565,Leroy Sané,Man City,23.47,Attack,Right Winger,Germany  France,31,21,10,11,0,8,1,1e+08,9e+07,9.453e+07,0.05783
2019,54781,Nicolás Otamendi,Man City,31.38,Defender,Centre-Back,Argentina,18,14,0,0,0,5,1,2.5e+07,3.5e+07,2.324e+07,0.07581
2019,203853,Oleksandr Zinchenko,Man City,22.54,Defender,Left-Back,Ukraine,14,14,0,3,0,5,1,2e+07,1.5e+07,1.868e+07,0.07064
2019,406635,Phil Foden,Man City,19.09,Attack,Right Winger,England,13,3,1,0,0,4,1,2.5e+07,7e+06,1.754e+07,0.425
2019,134425,Raheem Sterling,Man City,24.56,Attack,Right Winger,England  Jamaica,34,31,17,10,0,10,1,1.4e+08,9e+07,1.484e+08,-0.05686
2019,171424,Riyad Mahrez,Man City,28.36,Attack,Right Winger,Algeria  France,27,14,7,4,0,6,1,6e+07,6e+07,5.772e+07,0.03941
2019,26399,Sergio Agüero,Man City,31.08,Attack,Centre-Forward,Argentina  Spain,33,31,21,7,0,7,1,6.5e+07,8e+07,8.759e+07,-0.2579
2019,9594,Vincent Kompany,Man City,33.22,Defender,Centre-Back,Belgium  DR Congo,17,13,1,0,0,4,1,8e+06,1e+07,1.185e+07,-0.3249
2019,53622,İlkay Gündoğan,Man City,28.68,Midfield,Central Midfield,Germany,31,23,6,3,0,8,1,5e+07,4e+07,4.495e+07,0.1122
2019,40433,Alexis Sánchez,Man United,30.53,Attack,Centre-Forward,Chile,20,9,1,3,0,4,6,3.5e+07,7e+07,2.797e+07,0.2513
2019,99343,Ander Herrera,Man United,29.88,Midfield,Central Midfield,Spain,22,16,2,3,0,2,6,2.5e+07,3e+07,2.077e+07,0.2035
2019,203394,Andreas Pereira,Man United,23.5,Midfield,Attacking Midfield,Brazil  Belgium,15,6,1,1,0,4,6,1e+07,6e+06,1.741e+07,-0.4258
2019,392770,Angel Gomes,Man United,18.83,Midfield,Attacking Midfield,England  Portugal,2,0,0,0,0,0,6,4e+06,,1.315e+06,2.042
2019,182877,Anthony Martial,Man United,23.57,Attack,Centre-Forward,France  Guadeloupe,27,18,10,3,0,8,6,6e+07,6.5e+07,4.365e+07,0.3745
2019,33544,Antonio Valencia,Man United,33.91,Defender,Right-Back,Ecuador,6,5,0,0,0,3,6,5e+06,8e+06,6.042e+06,-0.1725
2019,14086,Ashley Young,Man United,33.98,Defender,Right-Back,England  Jamaica,30,28,2,2,0,7,6,5e+06,7e+06,1.335e+07,-0.6254
2019,103427,Chris Smalling,Man United,29.6,Defender,Centre-Back,England  Jamaica,24,24,1,0,0,8,6,2e+07,1.8e+07,3.491e+07,-0.4271
2019,59377,David de Gea,Man United,28.65,Goalkeeper,Goalkeeper,Spain,38,38,0,0,7,9,6,6.5e+07,7e+07,5.599e+07,0.1608
2019,357147,Diogo Dalot,Man United,20.29,Defender,Right-Back,Portugal,16,12,0,2,0,4,6,2e+07,1.5e+07,1.434e+07,0.395
2019,286384,Eric Bailly,Man United,25.22,Defender,Centre-Back,Cote d'Ivoire,12,8,0,0,0,4,6,2.5e+07,3.5e+07,1.643e+07,0.522
2019,191614,Fred,Man United,26.32,Midfield,Central Midfield,Brazil,17,13,1,1,0,6,6,3e+07,5e+07,2.114e+07,0.4191
2019,505219,James Garner,Man United,18.3,Midfield,Defensive Midfield,England,1,0,0,0,0,0,6,,,9.217e+05,
2019,141660,Jesse Lingard,Man United,26.54,Midfield,Attacking Midfield,England,27,19,4,3,0,6,6,4e+07,4e+07,3.735e+07,0.07101
2019,44068,Juan Mata,Man United,31.17,Midfield,Attacking Midfield,Spain,22,16,3,3,0,6,6,2e+07,3e+07,2.724e+07,-0.2657
2019,183288,Luke Shaw,Man United,23.97,Defender,Left-Back,England,29,29,1,4,0,8,6,3e+07,1.5e+07,2.849e+07,0.05284
2019,258923,Marcus Rashford,Man United,21.66,Attack,Left Winger,England  St. Kitts & Nevis,33,26,10,7,0,10,6,8e+07,6.5e+07,4.959e+07,0.6133
2019,39679,Marouane Fellaini,Man United,31.61,Midfield,Central Midfield,Belgium  Morocco,14,6,0,2,0,5,6,1.2e+07,1.5e+07,1.541e+07,-0.2213
2019,532826,Mason Greenwood,Man United,17.75,Attack,Right Winger,England,3,1,0,0,0,1,6,7e+06,,2.29e+06,2.057
2019,54906,Matteo Darmian,Man United,29.58,Defender,Right-Back,Italy,6,5,0,0,0,0,6,1e+07,1e+07,4.846e+06,1.063
2019,74683,Nemanja Matic,Man United,30.91,Midfield,Defensive Midfield,Serbia  Slovakia,28,28,1,0,0,6,6,3e+07,4e+07,3.412e+07,-0.1208
2019,122153,Paul Pogba,Man United,26.29,Midfield,Central Midfield,France  Guinea,35,34,13,9,0,9,6,1e+08,9e+07,1.144e+08,-0.1255
2019,117996,Phil Jones,Man United,27.36,Defender,Centre-Back,England,18,15,0,1,0,3,6,2e+07,2e+07,1.883e+07,0.06197
2019,96341,Romelu Lukaku,Man United,26.13,Attack,Centre-Forward,Belgium  DR Congo,32,22,12,0,0,9,6,7.5e+07,1e+08,6.273e+07,0.1956
2019,315969,Scott McTominay,Man United,22.56,Midfield,Central Midfield,Scotland  England,16,9,2,0,0,3,6,1.2e+07,7e+06,1.186e+07,0.01142
2019,344830,Tahith Chong,Man United,19.57,Midfield,Attacking Midfield,Curacao  Netherlands,2,0,0,0,0,1,6,7e+06,,1.967e+06,2.559
2019,184573,Victor Lindelöf,Man United,24.96,Defender,Centre-Back,Sweden,30,29,1,1,0,7,6,3.5e+07,2.5e+07,2.842e+07,0.2316
2019,241889,Antonio Barreca,Newcastle,24.29,Defender,Left-Back,Italy,1,0,0,0,0,1,14,7e+06,3.5e+06,2.797e+06,1.502
2019,246968,Ayoze Pérez,Newcastle,25.92,Attack,Centre-Forward,Spain,37,34,12,2,0,0,14,2e+07,1e+07,2.348e+07,-0.1482
2019,98240,Ciaran Clark,Newcastle,29.76,Defender,Centre-Back,Ireland  England,11,9,3,0,0,0,14,6e+06,6e+06,6.951e+06,-0.1368
2019,255916,DeAndre Yedlin,Newcastle,25.98,Defender,Right-Back,United States  Latvia,29,28,1,2,0,0,14,8e+06,8e+06,1.081e+07,-0.26
2019,135343,Fabian Schär,Newcastle,27.53,Defender,Centre-Back,Switzerland,24,22,4,1,0,0,14,8e+06,3e+06,1.061e+07,-0.2463
2019,85475,Federico Fernández,Newcastle,30.35,Defender,Centre-Back,Argentina  Italy,19,17,0,1,0,0,14,7e+06,8e+06,7.426e+06,-0.0574
2019,127108,Florian Lejeune,Newcastle,28.11,Defender,Centre-Back,France,12,12,0,0,0,0,14,8e+06,8e+06,7.82e+06,0.023
2019,206225,Isaac Hayden,Newcastle,24.28,Midfield,Defensive Midfield,Jamaica  England,25,21,1,4,0,0,14,8e+06,7e+06,9.851e+06,-0.1879
2019,199527,Jacob Murphy,Newcastle,24.35,Attack,Right Winger,England  Ireland,9,3,0,1,0,0,14,6e+06,7e+06,4.516e+06,0.3286
2019,183318,Jamaal Lascelles,Newcastle,25.63,Defender,Centre-Back,England  Barbados,32,32,0,1,0,0,14,1.5e+07,1.5e+07,1.344e+07,0.1164
2019,162029,Javier Manquillo,Newcastle,25.16,Defender,Right-Back,Spain,18,12,0,3,0,0,14,5e+06,5e+06,7.373e+06,-0.3218
2019,71292,Jonjo Shelvey,Newcastle,27.34,Midfield,Central Midfield,England  Ireland,16,10,1,1,0,0,14,1.5e+07,1.5e+07,9.291e+06,0.6144
2019,81999,Joselu,Newcastle,29.26,Attack,Centre-Forward,Spain  Germany,16,5,2,0,0,0,14,4e+06,4e+06,6.988e+06,-0.4276
2019,281404,Kenedy,Newcastle,23.39,Attack,Left Winger,Brazil,25,14,1,1,0,0,14,1e+07,1e+07,7.877e+06,0.2696
2019,74960,Martin Dúbravka,Newcastle,30.46,Goalkeeper,Goalkeeper,Slovakia,38,38,0,0,11,0,14,7e+06,4e+06,8.044e+06,-0.1298
2019,92469,Matt Ritchie,Newcastle,29.8,Midfield,Right Midfield,Scotland  England,36,35,2,8,0,0,14,1.2e+07,1.2e+07,1.047e+07,0.1464
2019,272999,Miguel Almirón,Newcastle,25.39,Attack,Right Winger,Paraguay,10,9,0,0,0,0,14,2e+07,1e+07,2.868e+06,5.974
2019,70950,Mohamed Diamé,Newcastle,32.05,Midfield,Central Midfield,Senegal  France,29,24,0,0,0,0,14,5e+06,5e+06,4.829e+06,0.03534
2019,170321,Paul Dummett,Newcastle,27.76,Defender,Left-Back,Wales  England,26,21,0,0,0,0,14,5e+06,3.5e+06,7.082e+06,-0.294
2019,80197,Salomón Rondón,Newcastle,29.79,Attack,Centre-Forward,Venezuela,32,30,11,7,0,0,14,1.5e+07,1.3e+07,1.998e+07,-0.2492
2019,346707,Sean Longstaff,Newcastle,21.67,Midfield,Central Midfield,England,9,8,1,0,0,0,14,7e+06,1.5e+05,5.81e+06,0.2049
2019,81796,Sung-yueng Ki,Newcastle,30.43,Midfield,Defensive Midfield,"Korea, South",18,14,0,1,0,0,14,6e+06,7e+06,7.004e+06,-0.1434
2019,230541,Yoshinori Muto,Newcastle,26.96,Attack,Centre-Forward,Japan,17,5,1,0,0,0,14,9e+06,1e+07,6.805e+06,0.3225
2019,95976,Alex McCarthy,Southampton,29.57,Goalkeeper,Goalkeeper,England,25,25,0,0,4,0,16,5e+06,2.5e+06,7.617e+06,-0.3436
2019,201574,Angus Gunn,Southampton,23.44,Goalkeeper,Goalkeeper,Scotland  England,12,12,0,0,3,0,16,1e+07,1e+07,5.354e+06,0.8676
2019,332342,Callum Slattery,Southampton,20.39,Midfield,Central Midfield,England,3,1,0,0,0,0,16,,,1.323e+06,
2019,129627,Charlie Austin,Southampton,29.99,Attack,Centre-Forward,England,25,11,2,2,0,0,16,8e+06,1e+07,6.393e+06,0.2513
2019,112988,Cédric Soares,Southampton,27.83,Defender,Right-Back,Portugal  Germany,18,16,1,2,0,4,16,1.2e+07,1.5e+07,1.345e+07,-0.108
2019,134294,Danny Ings,Southampton,26.94,Attack,Centre-Forward,England,24,23,7,3,0,0,16,1.5e+07,8e+06,1.187e+07,0.2639
2019,52570,Fraser Forster,Southampton,31.29,Goalkeeper,Goalkeeper,England,1,1,0,0,0,0,16,8e+06,1.5e+07,4.56e+06,0.7543
2019,163744,Jack Stephens,Southampton,25.42,Defender,Centre-Back,England,24,19,1,0,0,0,16,8e+06,8e+06,8.282e+06,-0.03403
2019,181579,James Ward-Prowse,Southampton,24.66,Midfield,Central Midfield,England,26,21,7,0,0,0,16,1.8e+07,1.8e+07,1.53e+07,0.1766
2019,243028,Jan Bednarek,Southampton,23.22,Defender,Centre-Back,Poland,25,24,0,1,0,0,16,1.5e+07,5e+06,7.835e+06,0.9145
2019,99331,Jannik Vestergaard,Southampton,26.91,Defender,Centre-Back,Denmark  Germany,23,23,0,0,0,0,16,2e+07,2e+07,1.136e+07,0.7608
2019,286919,Josh Sims,Southampton,22.26,Attack,Right Winger,England,7,2,0,1,0,0,16,2e+06,7.5e+05,3.371e+06,-0.4067
2019,530879,Kayne Ramsay,Southampton,18.72,Defender,Right-Back,England,1,1,0,0,0,0,16,,,9.249e+05,
2019,112343,Manolo Gabbiadini,Southampton,27.59,Attack,Centre-Forward,Italy,12,4,1,0,0,0,16,1.2e+07,1.2e+07,9.25e+06,0.2974
2019,170934,Mario Lemina,Southampton,25.83,Midfield,Defensive Midfield,Gabon  France,21,18,1,1,0,0,16,1.5e+07,1.5e+07,8.871e+06,0.6909
2019,250478,Matt Targett,Southampton,23.78,Defender,Left-Back,England  Scotland,16,13,1,3,0,0,16,7e+06,7e+06,6.759e+06,0.0356
2019,81789,Maya Yoshida,Southampton,30.85,Defender,Centre-Back,Japan,17,17,0,1,0,0,16,7e+06,7e+06,5.741e+06,0.2193
2019,444208,Michael Obafemi,Southampton,18.98,Attack,Centre-Forward,Ireland  Nigeria,6,1,1,1,0,0,16,1e+06,,4.184e+06,-0.761
2019,186644,Mohamed Elyounoussi,Southampton,24.91,Attack,Right Winger,Norway,16,8,0,0,0,0,16,1.5e+07,1.5e+07,5.892e+06,1.546
2019,129078,Nathan Redmond,Southampton,25.32,Attack,Right Winger,England  Jamaica,38,36,6,4,0,0,16,2e+07,1.8e+07,1.884e+07,0.06184
2019,66100,Oriol Romeu,Southampton,27.77,Midfield,Defensive Midfield,Spain,31,25,1,0,0,0,16,1e+07,1.2e+07,1.163e+07,-0.14
2019,167799,Pierre-Emile Højbjerg,Southampton,23.9,Midfield,Defensive Midfield,Denmark  France,31,31,4,4,0,0,16,1.5e+07,1e+07,1.85e+07,-0.1891
2019,40611,Ryan Bertrand,Southampton,29.9,Defender,Left-Back,England,24,24,1,0,0,0,16,1.5e+07,2e+07,8.417e+06,0.7821
2019,227183,Sam Gallagher,Southampton,23.79,Attack,Centre-Forward,England  Scotland,4,0,0,0,0,0,16,3e+06,3e+06,2.188e+06,0.3711
2019,37304,Shane Long,Southampton,32.44,Attack,Centre-Forward,Ireland,26,12,5,1,0,0,16,7e+06,7e+06,5.291e+06,0.3229
2019,28973,Steven Davis,Southampton,34.49,Midfield,Central Midfield,Northern Ireland,3,1,0,1,0,0,16,2e+06,4e+06,2.098e+06,-0.04674
2019,130765,Stuart Armstrong,Southampton,27.25,Midfield,Central Midfield,Scotland,29,16,3,2,0,0,16,8e+06,7e+06,6.059e+06,0.3203
2019,404586,Tyreke Johnson,Southampton,20.66,Midfield,Left Midfield,England,1,0,0,0,0,0,16,,,9.841e+05,
2019,253765,Wesley Hoedt,Southampton,25.32,Defender,Centre-Back,Netherlands,13,13,0,0,0,0,16,1.2e+07,1.5e+07,9.498e+06,0.2635
2019,406008,Yan Valery,Southampton,20.35,Defender,Right-Back,Tunisia  France,23,20,2,1,0,0,16,7e+06,,5.896e+06,0.1872
2019,192765,Ben Davies,Tottenham,26.18,Defender,Centre-Back,Wales,27,20,0,0,0,9,4,2.5e+07,2.5e+07,3.603e+07,-0.3062
2019,69633,Christian Eriksen,Tottenham,27.38,Midfield,Attacking Midfield,Denmark,35,30,8,12,0,12,4,1e+08,8e+07,9.601e+07,0.04158
2019,50174,Danny Rose,Tottenham,29,Defender,Left-Back,England  Jamaica,26,20,0,3,0,8,4,2.5e+07,3e+07,2.453e+07,0.01934
2019,341429,Davinson Sánchez,Tottenham,23.05,Defender,Centre-Back,Colombia,23,22,1,1,0,8,4,5.5e+07,4e+07,3.979e+07,0.3822
2019,207929,Dele Alli,Tottenham,23.22,Midfield,Attacking Midfield,England  Nigeria,25,22,5,3,0,8,4,9e+07,1e+08,7.174e+07,0.2546
2019,175722,Eric Dier,Tottenham,25.46,Defender,Centre-Back,England  Portugal,20,18,3,0,0,6,4,4e+07,4e+07,3.758e+07,0.06441
2019,111630,Erik Lamela,Tottenham,27.32,Attack,Right Winger,Argentina  Spain,19,9,4,2,0,9,4,1.8e+07,2e+07,2.693e+07,-0.3315
2019,35564,Fernando Llorente,Tottenham,34.34,Attack,Centre-Forward,Spain,20,6,1,4,0,9,4,3.5e+06,7e+06,7.206e+06,-0.5143
2019,215679,Georges Kevin Nkoudou,Tottenham,24.38,Attack,Left Winger,Cameroon  France,1,0,0,1,0,0,4,5e+06,7e+06,6.844e+06,-0.2694
2019,132098,Harry Kane,Tottenham,25.92,Attack,Centre-Forward,England  Ireland,28,27,17,4,0,9,4,1.5e+08,1.5e+08,1.214e+08,0.2353
2019,249126,Harry Winks,Tottenham,23.41,Midfield,Central Midfield,England,26,17,1,0,0,10,4,2.5e+07,1.5e+07,1.967e+07,0.2709
2019,91845,Heung-min Son,Tottenham,26.98,Attack,Left Winger,"Korea, South",31,23,12,6,0,12,4,8e+07,5e+07,8.818e+07,-0.09278
2019,17965,Hugo Lloris,Tottenham,32.51,Goalkeeper,Goalkeeper,France,33,33,0,0,12,11,4,2.5e+07,3e+07,2.742e+07,-0.08834
2019,43250,Jan Vertonghen,Tottenham,32.19,Defender,Centre-Back,Belgium,22,22,1,0,0,10,4,2.8e+07,3.2e+07,2.523e+07,0.1096
2019,480763,Juan Foyth,Tottenham,21.46,Defender,Centre-Back,Argentina  Spain,12,10,1,0,0,2,4,1.5e+07,5e+06,1.236e+07,0.2134
2019,95810,Kieran Trippier,Tottenham,28.78,Defender,Right-Back,England,27,26,1,3,0,8,4,3.5e+07,3e+07,3.022e+07,0.1581
2019,341051,Kyle Walker-Peters,Tottenham,22.21,Defender,Right-Back,England  Jamaica,6,4,0,3,0,1,4,3.5e+06,3e+06,7.315e+06,-0.5215
2019,77100,Lucas Moura,Tottenham,26.88,Attack,Right Winger,Brazil,32,25,10,1,0,12,4,4e+07,2.8e+07,4.383e+07,-0.08739
2019,258912,Luke Amos,Tottenham,22.35,Midfield,Central Midfield,England  Nigeria,1,0,0,0,0,0,4,,,1.616e+06,
2019,26276,Michel Vorm,Tottenham,35.7,Goalkeeper,Goalkeeper,Netherlands  Suriname,2,2,0,0,0,2,4,1e+06,2.5e+06,2.469e+06,-0.595
2019,19368,Mousa Dembélé,Tottenham,31.96,Midfield,Central Midfield,Belgium  Mali,10,7,0,0,0,2,4,1.2e+07,1.8e+07,9.213e+06,0.3025
2019,46001,Moussa Sissoko,Tottenham,29.87,Midfield,Central Midfield,France  Mali,29,27,0,3,0,10,4,2.5e+07,1.8e+07,3.674e+07,-0.3195
2019,406638,Oliver Skipp,Tottenham,18.79,Midfield,Defensive Midfield,England,8,2,0,0,0,0,4,5e+06,,4.409e+06,0.134
2019,195488,Paulo Gazzaniga,Tottenham,27.49,Goalkeeper,Goalkeeper,Argentina  Italy,3,3,0,0,1,1,4,2e+06,1e+06,4.507e+06,-0.5563
2019,127032,Serge Aurier,Tottenham,26.52,Defender,Right-Back,Cote d'Ivoire,8,6,0,2,0,5,4,1.8e+07,2e+07,2.515e+07,-0.2842
2019,42710,Toby Alderweireld,Tottenham,30.33,Defender,Centre-Back,Belgium,34,33,0,0,0,12,4,4e+07,4e+07,2.574e+07,0.5538
2019,77760,Victor Wanyama,Tottenham,28.02,Midfield,Defensive Midfield,Kenya,13,4,1,0,0,6,4,2e+07,3e+07,1.828e+07,0.09395
2019,207015,Vincent Janssen,Tottenham,25.04,Attack,Centre-Forward,Netherlands,3,0,0,0,0,0,4,8e+06,9e+06,4.62e+06,0.7315
2019,127187,Abdoulaye Doucouré,Watford,26.49,Midfield,Attacking Midfield,Mali  France,35,34,5,6,0,0,11,2.5e+07,1.5e+07,2.43e+07,0.0286
2019,286949,Adam Masina,Watford,25.49,Defender,Centre-Back,Morocco  Italy,14,11,0,1,0,0,11,7e+06,7e+06,1.111e+07,-0.3697
2019,38145,Adrian Mariappa,Watford,32.74,Defender,Centre-Back,Jamaica  England,26,20,0,0,0,0,11,3e+06,1.5e+06,4.263e+06,-0.2963
2019,120565,Andre Gray,Watford,28.01,Attack,Centre-Forward,Jamaica  England,29,13,7,2,0,0,11,1.5e+07,1.5e+07,1.154e+07,0.2997
2019,13572,Ben Foster,Watford,36.24,Goalkeeper,Goalkeeper,England,38,38,0,0,7,0,11,3e+06,3e+06,4.796e+06,-0.3745
2019,467599,Ben Wilmot,Watford,19.66,Defender,Centre-Back,England  Ireland,2,0,0,0,0,0,11,1.5e+06,1e+06,1.698e+06,-0.1164
2019,81512,Christian Kabasele,Watford,28.35,Defender,Centre-Back,Belgium  DR Congo,21,19,0,0,0,0,11,8e+06,7e+06,8.511e+06,-0.06007
2019,59606,Craig Cathcart,Watford,30.4,Defender,Centre-Back,Northern Ireland,36,35,3,0,0,0,11,5e+06,3.5e+06,9.835e+06,-0.4916
2019,391719,Domingos Quina,Watford,19.62,Midfield,Central Midfield,Portugal  Guinea-Bissau,8,3,1,0,0,0,11,5e+06,1e+06,3.826e+06,0.3067
2019,129476,Gerard Deulofeu,Watford,25.3,Attack,Centre-Forward,Spain,30,26,10,5,0,0,11,2.5e+07,1.4e+07,2.276e+07,0.09861
2019,295331,Isaac Success,Watford,23.48,Attack,Centre-Forward,Nigeria,30,9,1,1,0,0,11,5e+06,2e+06,8.342e+06,-0.4006
2019,41112,Jose Cholevas,Watford,35.01,Defender,Left-Back,Greece  Germany,28,27,3,6,0,0,11,2e+06,2e+06,3.744e+06,-0.4658
2019,252345,Ken Sema,Watford,25.75,Attack,Left Winger,Sweden  DR Congo,17,9,1,2,0,0,11,3.5e+06,2e+06,5.191e+06,-0.3258
2019,76467,Kiko Femenía,Watford,28.41,Defender,Right-Back,Spain,29,22,1,1,0,0,11,5e+06,5e+06,8.46e+06,-0.409
2019,335245,Marc Navarro,Watford,24,Defender,Right-Back,Spain,2,1,0,0,0,0,11,2e+06,2e+06,5.376e+06,-0.6279
2019,76799,Miguel Britos,Watford,33.95,Defender,Centre-Back,Uruguay,3,2,0,0,0,0,11,2e+06,3.5e+06,3.277e+06,-0.3898
2019,128900,Nathaniel Chalobah,Watford,24.55,Midfield,Defensive Midfield,England  Sierra Leone,9,3,0,0,0,0,11,7e+06,5e+06,3.751e+06,0.866
2019,112302,Roberto Pereyra,Watford,28.48,Midfield,Central Midfield,Argentina,33,33,6,1,0,0,11,1.3e+07,1e+07,1.606e+07,-0.1905
2019,37981,Sebastian Prödl,Watford,32.03,Defender,Centre-Back,Austria,1,0,0,0,0,0,11,3.5e+06,4e+06,3.785e+06,-0.07528
2019,35249,Stefano Okaka,Watford,29.89,Attack,Centre-Forward,Italy  Nigeria,2,0,0,0,0,0,11,5e+06,5e+06,4.703e+06,0.06319
2019,73484,Tom Cleverley,Watford,29.88,Midfield,Central Midfield,England,13,4,1,0,0,0,11,7e+06,9e+06,6.907e+06,0.01339
2019,65477,Troy Deeney,Watford,31,Attack,Centre-Forward,England  Jamaica,32,28,9,5,0,0,11,1e+07,1e+07,1.126e+07,-0.1119
2019,207014,Will Hughes,Watford,24.21,Midfield,Central Midfield,England,32,31,2,4,0,0,11,1.8e+07,1e+07,1.595e+07,0.1283
2019,63494,Étienne Capoue,Watford,30.97,Midfield,Defensive Midfield,France  Guadeloupe,33,33,1,3,0,0,11,8e+06,8e+06,1.145e+07,-0.3016
2019,92571,Aaron Cresswell,West Ham,29.54,Defender,Left-Back,England,20,18,0,1,0,0,10,1e+07,1.2e+07,1.072e+07,-0.06673
2019,69015,Andriy Yarmolenko,West Ham,29.69,Attack,Right Winger,Ukraine,9,5,2,0,0,0,10,2e+07,2e+07,8.262e+06,1.421
2019,48066,Andy Carroll,West Ham,30.48,Attack,Centre-Forward,England,12,3,0,0,0,0,10,8e+06,1e+07,6.397e+06,0.2505
2019,48002,Angelo Ogbonna,West Ham,31.1,Defender,Centre-Back,Italy  Nigeria,24,20,1,1,0,0,10,8e+06,9e+06,8.234e+06,-0.02837
2019,181380,Arthur Masuaku,West Ham,25.65,Defender,Left-Back,DR Congo  France,23,19,0,1,0,0,10,7e+06,7e+06,9.032e+06,-0.225
2019,468002,Ben Johnson,West Ham,19.43,Defender,Right-Back,England,1,1,0,0,0,0,10,,,7.186e+05,
2019,51226,Carlos Sánchez,West Ham,33.4,Midfield,Defensive Midfield,Colombia,7,2,0,0,0,0,10,1.5e+06,1.5e+06,3.412e+06,-0.5604
2019,50935,Chicharito,West Ham,31.08,Attack,Centre-Forward,Mexico,25,14,7,1,0,0,10,1.2e+07,1.5e+07,8.897e+06,0.3488
2019,357662,Declan Rice,West Ham,20.46,Midfield,Central Midfield,England  Ireland,34,34,2,0,0,0,10,4.5e+07,1e+07,1.66e+07,1.71
2019,285548,Fabián Balbuena,West Ham,27.85,Defender,Centre-Back,Paraguay,23,23,1,0,0,0,10,1.2e+07,5e+06,7.643e+06,0.5701
2019,159372,Felipe Anderson,West Ham,26.21,Attack,Right Winger,Brazil,36,36,9,5,0,0,10,4e+07,3.5e+07,2.651e+07,0.5088
2019,342048,Grady Diangana,West Ham,21.2,Attack,Right Winger,DR Congo  England,17,6,0,1,0,0,10,5e+06,,3.894e+06,0.2841
2019,272622,Issa Diop,West Ham,22.47,Defender,Centre-Back,France  Senegal,33,33,1,0,0,0,10,3.5e+07,2.2e+07,2.381e+07,0.47
2019,74223,Jack Wilshere,West Ham,27.5,Midfield,Central Midfield,England,8,4,0,1,0,0,10,1e+07,2e+07,1.237e+07,-0.1914
2019,73185,Lucas Pérez,West Ham,30.8,Attack,Centre-Forward,Spain,15,4,3,0,0,0,10,4e+06,6e+06,7.409e+06,-0.4601
2019,29692,Lukasz Fabianski,West Ham,34.2,Goalkeeper,Goalkeeper,Poland,38,38,0,0,7,0,10,5e+06,5e+06,5.995e+06,-0.1659
2019,135853,Manuel Lanzini,West Ham,26.37,Midfield,Attacking Midfield,Argentina  Italy,10,8,1,1,0,0,10,2e+07,2e+07,1.642e+07,0.2177
2019,31835,Mark Noble,West Ham,32.15,Midfield,Central Midfield,England  Ireland,31,29,5,5,0,0,10,7e+06,7e+06,1.019e+07,-0.3129
2019,41384,Marko Arnautovic,West Ham,30.2,Attack,Centre-Forward,Austria  Serbia,28,24,10,4,0,0,10,3.5e+07,2.5e+07,2.183e+07,0.6035
2019,104124,Michail Antonio,West Ham,29.26,Attack,Centre-Forward,Jamaica  England,33,22,6,6,0,0,10,1.5e+07,1.5e+07,1.198e+07,0.252
2019,20007,Pablo Zabaleta,West Ham,34.45,Defender,Right-Back,Argentina  Spain,26,23,0,1,0,0,10,3.5e+06,5e+06,3.543e+06,-0.01205
2019,101213,Pedro Obiang,West Ham,27.26,Midfield,Central Midfield,Equatorial Guinea  Spain,24,12,0,1,0,0,10,7e+06,8e+06,9.631e+06,-0.2732
2019,22614,Robert Snodgrass,West Ham,31.81,Attack,Right Winger,Scotland,33,25,2,5,0,0,10,7e+06,7e+06,8.186e+06,-0.1449
2019,140191,Ryan Fredericks,West Ham,26.72,Defender,Right-Back,England  Scotland,15,12,1,0,0,0,10,5e+06,4e+06,5.688e+06,-0.1209
2019,18935,Samir Nasri,West Ham,32.01,Midfield,Attacking Midfield,France  Algeria,5,3,0,2,0,0,10,5e+06,6e+06,4.075e+06,0.227
2019,258011,Xande Silva,West Ham,22.29,Attack,Left Winger,Portugal  Angola,1,0,0,0,0,0,10,,2e+05,1.162e+06,
2019,204103,Adama Traoré,Wolves,23.43,Attack,Right Winger,Spain  Mali,29,8,1,1,0,0,7,1.5e+07,1.8e+07,8.956e+06,0.6748
2019,128901,Conor Coady,Wolves,26.34,Defender,Centre-Back,England,38,38,0,0,0,0,7,1e+07,5e+06,1.179e+07,-0.1519
2019,340950,Diogo Jota,Wolves,22.57,Attack,Left Winger,Portugal,33,29,9,5,0,0,7,3.5e+07,1.8e+07,2.674e+07,0.3091
2019,173900,Hélder Costa,Wolves,25.46,Attack,Right Winger,Angola  Portugal,25,16,1,2,0,0,7,1.5e+07,1e+07,8.328e+06,0.8011
2019,149716,Ivan Cavaleiro,Wolves,25.7,Attack,Left Winger,Angola  Portugal,23,6,3,1,0,0,7,1e+07,1e+07,9.346e+06,0.06992
2019,29712,John Ruddy,Wolves,32.68,Goalkeeper,Goalkeeper,England,1,1,0,0,1,0,7,3e+06,3e+06,2.165e+06,0.3856
2019,175446,Jonny Otto,Wolves,25.33,Defender,Right-Back,Spain,33,32,1,1,0,0,7,2e+07,1.2e+07,2.098e+07,-0.04654
2019,29364,João Moutinho,Wolves,32.81,Midfield,Central Midfield,Portugal,38,35,1,8,0,0,7,1e+07,1e+07,9.267e+06,0.07911
2019,168157,Leander Dendoncker,Wolves,24.21,Midfield,Defensive Midfield,Belgium,19,17,2,0,0,0,7,1.8e+07,1.7e+07,1.027e+07,0.7524
2019,181781,Léo Bonatini,Wolves,25.26,Attack,Centre-Forward,Brazil  Italy,7,0,0,1,0,0,7,4e+06,5e+06,4.999e+06,-0.1999
2019,171679,Matt Doherty,Wolves,27.46,Defender,Right-Back,Ireland,38,35,4,5,0,0,7,1.5e+07,2.5e+06,1.514e+07,-0.009317
2019,525247,Maximilian Kilman,Wolves,22.11,Defender,Centre-Back,England  Ukraine,1,0,0,0,0,0,7,,,1.578e+06,
2019,429014,Morgan Gibbs-White,Wolves,19.43,Midfield,Attacking Midfield,England  Jamaica,26,5,0,1,0,0,7,8e+06,1e+06,6.287e+06,0.2725
2019,206040,Raúl Jiménez,Wolves,28.16,Attack,Centre-Forward,Mexico,38,36,13,7,0,0,7,3.5e+07,1.5e+07,2.304e+07,0.5188
2019,204198,Romain Saïss,Wolves,29.26,Defender,Centre-Back,Morocco  France,19,12,2,0,0,0,7,5e+06,6e+06,6.48e+06,-0.2284
2019,45026,Rui Patrício,Wolves,31.37,Goalkeeper,Goalkeeper,Portugal,37,37,0,0,8,0,7,2e+07,1.6e+07,7.829e+06,1.555
2019,67252,Ryan Bennett,Wolves,29.32,Defender,Centre-Back,England,34,34,1,0,0,0,7,7e+06,2.5e+06,1.08e+07,-0.3517
2019,225161,Rúben Neves,Wolves,22.3,Midfield,Defensive Midfield,Portugal,35,34,4,3,0,0,7,4.5e+07,2.5e+07,1.785e+07,1.521
2019,357158,Rúben Vinagre,Wolves,20.23,Defender,Left-Back,Portugal,17,7,0,0,0,0,7,7e+06,2e+06,3.647e+06,0.9193
2019,285033,Will Norris,Wolves,25.88,Goalkeeper,Goalkeeper,England,1,0,0,0,1,0,7,,2.5e+05,1.47e+06,
2019,142310,Willy Boly,Wolves,28.41,Defender,Centre-Back,Cote d'Ivoire  France,36,36,4,0,0,0,7,1.2e+07,1e+07,1.514e+07,-0.2076
2020,285845,Ainsley Maitland-Niles,Arsenal,22.84,Defender,Right-Back,England  Jamaica,20,15,0,2,0,6,8,1.45e+07,1.2e+07,1.348e+07,0.07534
2020,93720,Alexandre Lacazette,Arsenal,29.1,Attack,Centre-Forward,France  Guadeloupe,30,22,10,6,0,5,8,4.8e+07,7e+07,5.233e+07,-0.08275
2020,72476,Bernd Leno,Arsenal,28.33,Goalkeeper,Goalkeeper,Germany,30,30,0,0,8,2,8,3.2e+07,3e+07,3.01e+07,0.06298
2020,433177,Bukayo Saka,Arsenal,18.82,Attack,Right Winger,England  Nigeria,26,19,1,5,0,6,8,3.5e+07,,2.634e+07,0.329
2020,215118,Calum Chambers,Arsenal,25.45,Defender,Centre-Back,England,14,13,1,1,0,3,8,1.45e+07,1.4e+07,1.698e+07,-0.1461
2020,319745,Dani Ceballos,Arsenal,23.9,Midfield,Central Midfield,Spain,24,18,0,2,0,6,8,3.2e+07,3e+07,1.729e+07,0.8513
2020,46741,David Luiz,Arsenal,33.19,Defender,Centre-Back,Brazil,33,32,2,1,0,5,8,8e+06,2e+07,1.427e+07,-0.4395
2020,340324,Eddie Nketiah,Arsenal,21.09,Attack,Centre-Forward,England  Ghana,13,7,2,0,0,0,8,1.5e+07,8e+06,9.996e+06,0.5006
2020,392765,Emile Smith Rowe,Arsenal,19.93,Midfield,Attacking Midfield,England,2,1,0,0,0,3,8,2.7e+06,4e+06,3.269e+06,-0.1741
2020,111873,Emiliano Martínez,Arsenal,27.83,Goalkeeper,Goalkeeper,Argentina  Spain,9,8,0,0,3,6,8,8e+06,2e+06,4.765e+06,0.6788
2020,655488,Gabriel Martinelli,Arsenal,19.04,Attack,Left Winger,Brazil  Italy,14,6,3,0,0,7,8,2.5e+07,5e+06,5.487e+06,3.556
2020,111455,Granit Xhaka,Arsenal,27.76,Midfield,Defensive Midfield,Switzerland,31,30,1,2,0,4,8,2.4e+07,4.5e+07,3.878e+07,-0.3811
2020,55735,Henrikh Mkhitaryan,Arsenal,31.44,Midfield,Central Midfield,Armenia,3,1,0,0,0,5,8,2e+07,2.5e+07,1.591e+07,0.2571
2020,191217,Héctor Bellerín,Arsenal,25.29,Defender,Right-Back,Spain,15,13,1,0,0,3,8,3.2e+07,4e+07,1.439e+07,1.224
2020,340329,Joe Willock,Arsenal,20.87,Midfield,Central Midfield,England  Montserrat,29,8,1,1,0,8,8,1.6e+07,6e+06,1.169e+07,0.3683
2020,300716,Kieran Tierney,Arsenal,23.07,Defender,Left-Back,Scotland  Isle of Man,15,12,1,1,0,4,8,2.8e+07,1.25e+07,9.928e+06,1.82
2020,318077,Lucas Torreira,Arsenal,24.39,Midfield,Defensive Midfield,Uruguay  Spain,29,17,1,1,0,6,8,3e+07,5.5e+07,2.662e+07,0.1269
2020,465830,Mattéo Guendouzi,Arsenal,21.22,Midfield,Central Midfield,France  Morocco,24,19,0,2,0,6,8,3.2e+07,3.5e+07,1.813e+07,0.765
2020,35664,Mesut Özil,Arsenal,31.71,Midfield,Attacking Midfield,Germany,18,18,1,2,0,2,8,1.2e+07,2.5e+07,1.496e+07,-0.1978
2020,43003,Nacho Monreal,Arsenal,34.34,Defender,Left-Back,Spain,3,3,0,0,0,0,8,3.2e+06,8e+06,4.134e+06,-0.2259
2020,343052,Nicolas Pépé,Arsenal,25.09,Attack,Right Winger,Cote d'Ivoire  France,31,22,5,6,0,6,8,4.5e+07,6.5e+07,4.564e+07,-0.01404
2020,210178,Pablo Marí,Arsenal,26.83,Defender,Centre-Back,Spain,2,2,0,0,0,0,8,4.8e+06,8e+05,2.894e+06,0.6589
2020,58864,Pierre-Emerick Aubameyang,Arsenal,31.04,Attack,Centre-Forward,Gabon  France,36,35,22,3,0,6,8,5.6e+07,7e+07,4.616e+07,0.2132
2020,340325,Reiss Nelson,Arsenal,20.56,Attack,Left Winger,England  Jamaica,17,7,1,0,0,2,8,1.25e+07,1.7e+07,1.184e+07,0.05617
2020,253341,Rob Holding,Arsenal,24.78,Defender,Centre-Back,England,8,6,0,0,0,3,8,9.5e+06,1.2e+07,6.406e+06,0.4829
2020,94005,Sead Kolasinac,Arsenal,27.03,Defender,Centre-Back,Bosnia-Herzegovina  Germany,26,19,0,2,0,1,8,1.6e+07,2e+07,1.773e+07,-0.09783
2020,88590,Shkodran Mustafi,Arsenal,28.21,Defender,Centre-Back,Germany  Albania,15,13,0,1,0,7,8,1.5e+07,2.5e+07,1.856e+07,-0.1918
2020,34322,Sokratis Papastathopoulos,Arsenal,32.06,Defender,Centre-Back,Greece,19,19,2,0,0,5,8,8e+06,2e+07,1.145e+07,-0.3013
2020,427568,Aaron Ramsdale,Bournemouth,22.13,Goalkeeper,Goalkeeper,England,37,37,0,0,5,0,18,1.25e+07,7.5e+05,1.188e+07,0.05249
2020,61841,Adam Smith,Bournemouth,29.17,Defender,Right-Back,England,24,24,0,1,0,0,18,7e+06,7e+06,8.095e+06,-0.1353
2020,29975,Andrew Surman,Bournemouth,33.86,Midfield,Central Midfield,England  South Africa,5,2,0,0,0,0,18,1.6e+06,2.5e+06,2.544e+06,-0.3711
2020,355861,Arnaut Danjuma,Bournemouth,23.41,Attack,Left Winger,Netherlands  Nigeria,14,6,0,0,0,0,18,9.5e+06,1.2e+07,4.52e+06,1.102
2020,123682,Callum Wilson,Bournemouth,28.34,Attack,Centre-Forward,England,35,32,8,3,0,0,18,2e+07,3e+07,2.094e+07,-0.04483
2020,480987,Chris Mepham,Bournemouth,22.65,Defender,Centre-Back,Wales  England,12,10,1,0,0,0,18,8e+06,1.3e+07,8.57e+06,-0.06652
2020,44983,Dan Gosling,Bournemouth,30.41,Midfield,Central Midfield,England,24,14,3,1,0,0,18,2e+06,3.5e+06,7.661e+06,-0.7389
2020,277033,David Brooks,Bournemouth,22.98,Attack,Right Winger,Wales  England,9,8,1,0,0,0,18,2e+07,3e+07,1.306e+07,0.5315
2020,249513,Diego Rico,Bournemouth,27.35,Defender,Left-Back,Spain,27,27,0,4,0,0,18,8e+06,9e+06,7.663e+06,0.04393
2020,258889,Dominic Solanke,Bournemouth,22.8,Attack,Centre-Forward,England  Nigeria,32,17,3,1,0,0,18,1.2e+07,1.8e+07,9.755e+06,0.2302
2020,279455,Harry Wilson,Bournemouth,23.28,Attack,Right Winger,Wales  England,31,20,7,0,0,0,18,1.75e+07,1.2e+07,1.472e+07,0.1893
2020,419930,Jack Simpson,Bournemouth,23.53,Defender,Centre-Back,England,4,1,0,0,0,0,18,1.2e+06,1.5e+06,2.715e+06,-0.558
2020,249356,Jack Stacey,Bournemouth,24.24,Defender,Right-Back,England,19,17,0,2,0,0,18,3.2e+06,4e+06,7.261e+06,-0.5593
2020,262980,Jefferson Lerma,Bournemouth,25.68,Midfield,Defensive Midfield,Colombia,33,31,1,2,0,0,18,2e+07,2.5e+07,1.626e+07,0.2297
2020,195652,Jordon Ibe,Bournemouth,24.56,Attack,Right Winger,England  Nigeria,2,0,0,0,0,0,18,4.8e+06,8e+06,6.07e+06,-0.2092
2020,91059,Joshua King,Bournemouth,28.46,Attack,Centre-Forward,Norway,26,24,6,4,0,0,18,1.6e+07,2e+07,2.051e+07,-0.22
2020,87672,Junior Stanislas,Bournemouth,30.6,Attack,Left Winger,England  St. Lucia,15,7,3,1,0,0,18,2e+06,4.5e+06,7.725e+06,-0.7411
2020,249089,Lewis Cook,Bournemouth,23.41,Midfield,Central Midfield,England,27,14,0,0,0,0,18,1.2e+07,2e+07,8e+06,0.5
2020,480116,Lloyd Kelly,Bournemouth,21.74,Defender,Centre-Back,England  Jamaica,8,7,0,0,0,0,18,8e+06,9e+06,2.999e+06,1.667
2020,357658,Mark Travers,Bournemouth,21.12,Goalkeeper,Goalkeeper,Ireland,1,1,0,0,0,0,18,2.5e+05,2.5e+05,7.169e+05,-0.6513
2020,177476,Nathan Aké,Bournemouth,25.37,Defender,Centre-Back,Netherlands  Cote d'Ivoire,29,29,2,2,0,0,18,2.8e+07,3e+07,1.684e+07,0.663
2020,320411,Philip Billing,Bournemouth,24.05,Midfield,Central Midfield,Denmark  Nigeria,34,29,1,1,0,0,18,1.45e+07,7e+06,1.637e+07,-0.1142
2020,146795,Ryan Fraser,Bournemouth,26.35,Attack,Left Winger,Scotland,28,21,1,4,0,0,18,1.75e+07,3e+07,1.782e+07,-0.01821
2020,398402,Sam Surridge,Bournemouth,21.93,Attack,Centre-Forward,England,4,0,0,0,0,0,18,4.5e+05,,2.62e+06,-0.8282
2020,13573,Simon Francis,Bournemouth,35.37,Defender,Right-Back,England,15,10,0,0,0,0,18,8e+05,2e+06,1.873e+06,-0.5729
2020,90836,Steve Cook,Bournemouth,29.2,Defender,Centre-Back,England,29,28,1,0,0,0,18,9.5e+06,1e+07,1.129e+07,-0.1583
2020,434207,Aaron Connolly,Brighton,20.42,Attack,Centre-Forward,Ireland,24,14,3,2,0,0,15,4e+06,,1.041e+07,-0.6156
2020,123951,Aaron Mooy,Brighton,29.79,Midfield,Central Midfield,Australia  Netherlands,31,25,2,2,0,0,15,9.5e+06,1.4e+07,9.284e+06,0.02327
2020,212847,Adam Webster,Brighton,25.49,Defender,Centre-Back,England,31,31,3,1,0,0,15,1.2e+07,9e+06,1.224e+07,-0.01961
2020,534033,Alexis Mac Allister,Brighton,21.52,Midfield,Central Midfield,Argentina  Italy,9,4,0,0,0,0,15,1.1e+07,1e+07,2.046e+06,4.376
2020,213268,Alireza Jahanbakhsh,Brighton,26.89,Attack,Right Winger,Iran  Netherlands,10,3,2,0,0,0,15,6.5e+06,1.5e+07,5.084e+06,0.2785
2020,364258,Bernardo,Brighton,25.13,Defender,Centre-Back,Brazil,14,7,0,0,0,0,15,4.8e+06,9e+06,8.991e+06,-0.4661
2020,49755,Dale Stephens,Brighton,31.05,Midfield,Central Midfield,England,33,28,0,1,0,0,15,4.8e+06,6e+06,7.195e+06,-0.3329
2020,134270,Dan Burn,Brighton,28.15,Defender,Centre-Back,England,34,33,0,0,0,0,15,4e+06,3e+06,7.985e+06,-0.4991
2020,79027,Davy Pröpper,Brighton,28.83,Midfield,Central Midfield,Netherlands,35,32,1,2,0,0,15,1.35e+07,1.5e+07,1.151e+07,0.1726
2020,119164,Ezequiel Schelotto,Brighton,31.11,Midfield,Right Midfield,Italy  Argentina,8,4,0,0,0,0,15,1.2e+06,3e+06,3.903e+06,-0.6925
2020,177065,Florin Andone,Brighton,27.22,Attack,Centre-Forward,Romania  Spain,3,1,1,0,0,3,15,2.8e+06,6e+06,6.529e+06,-0.5711
2020,36291,Gaëtan Bong,Brighton,32.18,Defender,Left-Back,Cameroon  France,4,0,0,0,0,0,15,8e+05,2e+06,3.112e+06,-0.7429
2020,45693,Glenn Murray,Brighton,36.77,Attack,Centre-Forward,England,23,7,1,1,0,0,15,1.6e+06,3e+06,1.9e+06,-0.1577
2020,166240,Jürgen Locadia,Brighton,26.65,Attack,Centre-Forward,Curacao  Netherlands,2,1,0,0,0,0,15,8e+06,1.2e+07,5.618e+06,0.424
2020,144028,Leandro Trossard,Brighton,25.57,Attack,Left Winger,Belgium,31,22,5,4,0,0,15,1.3e+07,1.6e+07,1.606e+07,-0.1905
2020,148153,Lewis Dunk,Brighton,28.61,Defender,Centre-Back,England,36,36,3,3,0,0,15,2e+07,1.2e+07,1.509e+07,0.3254
2020,68645,Martín Montoya,Brighton,29.22,Defender,Right-Back,Spain,27,23,0,1,0,0,15,6.5e+06,8e+06,7.324e+06,-0.1125
2020,128969,Mathew Ryan,Brighton,28.23,Goalkeeper,Goalkeeper,Australia  Scotland,38,38,0,0,9,0,15,8e+06,1e+07,1.773e+07,-0.5488
2020,217115,Neal Maupay,Brighton,23.88,Attack,Centre-Forward,France  Argentina,37,30,10,3,0,0,15,2e+07,1.2e+07,2.189e+07,-0.0862
2020,82873,Pascal Groß,Brighton,29.05,Midfield,Central Midfield,Germany,29,22,2,4,0,0,15,9.5e+06,1e+07,1.102e+07,-0.1379
2020,119269,Shane Duffy,Brighton,28.5,Defender,Centre-Back,Ireland  Northern Ireland,19,12,1,0,0,0,15,9.5e+06,1.2e+07,1.065e+07,-0.1084
2020,209212,Solly March,Brighton,25.95,Attack,Right Winger,England,19,11,0,1,0,0,15,6.5e+06,8e+06,1.081e+07,-0.3985
2020,476237,Steven Alzate,Brighton,21.81,Midfield,Central Midfield,Colombia  England,19,12,0,0,0,0,15,2.3e+06,,5.148e+06,-0.5532
2020,504148,Tariq Lamptey,Brighton,19.75,Defender,Right-Back,Ghana  England,9,7,0,1,0,0,15,8e+06,,4.494e+06,0.7801
2020,410425,Yves Bissouma,Brighton,23.84,Midfield,Defensive Midfield,Mali  Cote d'Ivoire,22,15,1,0,0,0,15,9.5e+06,1.5e+07,1.101e+07,-0.1373
2020,14221,Aaron Lennon,Burnley,33.21,Attack,Right Winger,England  Ireland,16,4,0,0,0,0,10,2.4e+06,5e+06,3.716e+06,-0.3541
2020,63200,Ashley Barnes,Burnley,30.67,Attack,Centre-Forward,England,19,17,6,0,0,0,10,8e+06,1e+07,1.436e+07,-0.443
2020,91317,Ashley Westwood,Burnley,30.25,Midfield,Defensive Midfield,England,35,35,2,6,0,0,10,5.5e+06,7e+06,1.953e+07,-0.7183
2020,74810,Ben Mee,Burnley,30.78,Defender,Centre-Back,England,32,32,1,1,0,0,10,8e+06,1e+07,1.231e+07,-0.3503
2020,195633,Charlie Taylor,Burnley,26.78,Defender,Left-Back,England,24,22,0,1,0,0,10,4e+06,7e+06,1.151e+07,-0.6524
2020,108725,Chris Wood,Burnley,28.57,Attack,Centre-Forward,New Zealand,32,29,14,1,0,0,10,1.45e+07,1.8e+07,2.777e+07,-0.4778
2020,584769,Dwight McNeil,Burnley,20.61,Attack,Left Winger,England  Jamaica,38,38,2,6,0,0,10,2.5e+07,1.5e+07,2.351e+07,0.06358
2020,43763,Erik Pieters,Burnley,31.9,Defender,Left-Back,Netherlands,24,21,0,4,0,0,10,4e+06,5e+06,8.406e+06,-0.5242
2020,40613,Jack Cork,Burnley,31.02,Midfield,Defensive Midfield,England,30,30,0,0,0,0,10,1.2e+07,1.5e+07,1.391e+07,-0.1374
2020,173504,James Tarkowski,Burnley,27.61,Defender,Centre-Back,England  Poland,38,38,2,2,0,0,10,2e+07,1.8e+07,1.815e+07,0.1017
2020,53360,Jay Rodríguez,Burnley,30.92,Attack,Centre-Forward,England  Spain,36,20,8,2,0,0,10,6e+06,1e+07,1.293e+07,-0.536
2020,148262,Jeff Hendrick,Burnley,28.42,Midfield,Central Midfield,Ireland,24,22,2,2,0,0,10,9e+06,1e+07,1.273e+07,-0.2933
2020,293569,Josh Brownhill,Burnley,24.53,Midfield,Central Midfield,England,10,9,0,0,0,0,10,5.5e+06,4.5e+06,7.888e+06,-0.3027
2020,89231,Jóhann Berg Gudmundsson,Burnley,29.68,Attack,Right Winger,Iceland,12,6,1,1,0,0,10,8e+06,1e+07,1.014e+07,-0.2113
2020,111114,Kevin Long,Burnley,29.87,Defender,Centre-Back,Ireland,8,6,0,0,0,0,10,1.6e+06,2.5e+06,4.361e+06,-0.6331
2020,101500,Matej Vydra,Burnley,28.17,Attack,Centre-Forward,Czech Republic,19,7,2,1,0,0,10,4e+06,8e+06,6.691e+06,-0.4022
2020,102258,Matthew Lowton,Burnley,31.06,Defender,Right-Back,England,17,17,0,1,0,0,10,4e+06,5e+06,7.147e+06,-0.4403
2020,598958,Max Thompson,Burnley,18.39,Attack,Right Winger,England,1,0,0,0,0,0,10,,,1.171e+06,
2020,192080,Nick Pope,Burnley,28.2,Goalkeeper,Goalkeeper,England,38,38,0,0,15,0,10,1.2e+07,1e+07,1.798e+07,-0.3327
2020,15773,Phil Bardsley,Burnley,35.01,Defender,Right-Back,Scotland  England,21,21,0,1,0,0,10,8e+05,1.5e+06,2.795e+06,-0.7138
2020,128229,Robbie Brady,Burnley,28.46,Midfield,Left Midfield,Ireland,17,5,1,2,0,0,10,4.8e+06,8e+06,7.243e+06,-0.3373
2020,196948,Andreas Christensen,Chelsea,24.22,Defender,Centre-Back,Denmark,21,21,0,0,0,4,4,2.4e+07,3e+07,2.616e+07,-0.08254
2020,86202,Antonio Rüdiger,Chelsea,27.33,Defender,Centre-Back,Germany  Sierra Leone,20,19,2,0,0,2,4,4e+07,5e+07,3.796e+07,0.05366
2020,571743,Armando Broja,Chelsea,18.81,Attack,Centre-Forward,Albania  England,1,0,0,0,0,0,4,1e+06,,1.247e+06,-0.1981
2020,423744,Billy Gilmour,Chelsea,19.06,Midfield,Defensive Midfield,Scotland,6,2,0,0,0,0,4,5.4e+06,,9.344e+06,-0.4221
2020,392768,Callum Hudson-Odoi,Chelsea,19.65,Attack,Left Winger,England  Ghana,22,7,1,5,0,5,4,3.15e+07,3.5e+07,2.068e+07,0.5229
2020,315779,Christian Pulisic,Chelsea,21.79,Attack,Right Winger,United States  Croatia,25,19,9,6,0,4,4,6e+07,6e+07,5.652e+07,0.06166
2020,57500,César Azpilicueta,Chelsea,30.84,Defender,Centre-Back,Spain,36,36,2,6,0,7,4,2.4e+07,3.5e+07,4.676e+07,-0.4868
2020,181778,Emerson,Chelsea,25.91,Defender,Left-Back,Italy  Brazil,15,13,0,0,0,3,4,2.4e+07,1.5e+07,1.499e+07,0.6013
2020,303254,Fikayo Tomori,Chelsea,22.53,Defender,Centre-Back,England  Canada,15,15,1,0,0,4,4,1.6e+07,7e+06,2.195e+07,-0.2711
2020,102017,Jorginho,Chelsea,28.53,Midfield,Defensive Midfield,Italy  Brazil,31,27,4,2,0,7,4,5.2e+07,6.5e+07,5.158e+07,0.008188
2020,192279,Kepa Arrizabalaga,Chelsea,25.74,Goalkeeper,Goalkeeper,Spain,33,33,0,0,8,6,4,2.8e+07,6e+07,5.781e+07,-0.5157
2020,157509,Kurt Zouma,Chelsea,25.68,Defender,Centre-Back,France  Central African Republic,28,25,0,0,0,7,4,2.8e+07,2.5e+07,4.787e+07,-0.4151
2020,112515,Marcos Alonso,Chelsea,29.51,Defender,Left-Back,Spain,18,15,4,3,0,5,4,1.8e+07,4e+07,4.742e+07,-0.6204
2020,346483,Mason Mount,Chelsea,21.47,Midfield,Attacking Midfield,England,37,32,7,6,0,8,4,4.05e+07,1.2e+07,5.365e+07,-0.245
2020,51471,Mateo Kovacic,Chelsea,26.15,Midfield,Central Midfield,Croatia,31,23,1,3,0,8,4,4e+07,3.5e+07,4.276e+07,-0.06462
2020,179184,Michy Batshuayi,Chelsea,26.75,Attack,Centre-Forward,Belgium  DR Congo,16,1,1,1,0,4,4,1.4e+07,3e+07,1.854e+07,-0.2447
2020,225083,Ngolo Kante,Chelsea,29.26,Midfield,Defensive Midfield,France  Mali,22,20,3,0,0,4,4,8e+07,1e+08,5.205e+07,0.5369
2020,82442,Olivier Giroud,Chelsea,33.75,Attack,Centre-Forward,France,18,12,8,0,0,3,4,7e+06,1.5e+07,1.28e+07,-0.453
2020,65278,Pedro,Chelsea,32.93,Attack,Right Winger,Spain,11,8,1,1,0,3,4,9.5e+06,2e+07,1.088e+07,-0.1269
2020,472423,Reece James,Chelsea,20.56,Defender,Right-Back,England,24,16,0,2,0,6,4,2.25e+07,7e+06,2.679e+07,-0.1602
2020,131978,Ross Barkley,Chelsea,26.57,Midfield,Central Midfield,England,21,13,1,4,0,3,4,2.15e+07,3e+07,3.072e+07,-0.3001
2020,202886,Ruben Loftus-Cheek,Chelsea,24.44,Midfield,Central Midfield,England  Guyana,7,2,0,1,0,0,4,2.4e+07,3e+07,1.705e+07,0.4079
2020,331726,Tammy Abraham,Chelsea,22.75,Attack,Centre-Forward,England  Nigeria,34,25,15,4,0,8,4,4e+07,2e+07,8.426e+07,-0.5253
2020,433181,Tino Anjorin,Chelsea,18.6,Midfield,Attacking Midfield,England  Nigeria,1,0,0,0,0,0,4,2.3e+06,,2.201e+06,0.04498
2020,52769,Willian,Chelsea,31.89,Attack,Left Winger,Brazil,36,29,9,7,0,7,4,2.25e+07,4e+07,4.079e+07,-0.4484
2020,19948,Willy Caballero,Chelsea,38.76,Goalkeeper,Goalkeeper,Argentina  Spain,5,5,0,0,1,2,4,6e+05,1e+06,1.733e+06,-0.6537
2020,242631,Alex Iwobi,Everton,24.16,Attack,Left Winger,Nigeria  England,25,19,1,0,0,0,12,2.55e+07,2.5e+07,1.692e+07,0.5072
2020,221025,André Gomes,Everton,26.92,Midfield,Central Midfield,Portugal,19,17,0,1,0,0,12,2.25e+07,2.8e+07,1.419e+07,0.5853
2020,503733,Anthony Gordon,Everton,19.35,Attack,Left Winger,England,11,4,0,1,0,0,12,5e+06,,4.874e+06,0.0259
2020,175169,Bernard,Everton,27.81,Attack,Left Winger,Brazil,27,15,3,2,0,0,12,1.6e+07,2e+07,1.132e+07,0.4134
2020,45671,Cenk Tosun,Everton,29.07,Attack,Centre-Forward,Türkiye  Germany,10,4,2,0,0,0,12,1.2e+07,1.8e+07,6.673e+06,0.7982
2020,161869,Djibril Sidibé,Everton,27.92,Defender,Right-Back,France  Mali,25,18,0,4,0,0,12,9.5e+06,1.5e+07,1.182e+07,-0.1965
2020,306024,Dominic Calvert-Lewin,Everton,23.29,Attack,Centre-Forward,England,36,30,13,1,0,0,12,2.4e+07,2e+07,3.168e+07,-0.2424
2020,50362,Fabian Delph,Everton,30.61,Midfield,Central Midfield,England  Guyana,16,13,0,0,0,0,12,1e+07,1.5e+07,6.707e+06,0.491
2020,90466,Gylfi Sigurdsson,Everton,30.81,Midfield,Attacking Midfield,Iceland,35,28,2,3,0,0,12,1.8e+07,3.5e+07,1.466e+07,0.2276
2020,661053,Jarrad Branthwaite,Everton,18.01,Defender,Centre-Back,England,4,2,0,0,0,0,12,2e+06,,2.082e+06,-0.0396
2020,182894,Jean-Philippe Gbamin,Everton,24.77,Midfield,Defensive Midfield,Cote d'Ivoire  France,2,1,0,0,0,0,12,2.25e+07,2.8e+07,1.352e+07,0.6637
2020,130164,Jordan Pickford,Everton,26.32,Goalkeeper,Goalkeeper,England,38,38,0,0,9,0,12,2.8e+07,4e+07,2.79e+07,0.003708
2020,13507,Leighton Baines,Everton,35.55,Defender,Left-Back,England,8,4,0,0,0,0,12,1.6e+06,3.5e+06,2.36e+06,-0.322
2020,126664,Lucas Digne,Everton,26.95,Defender,Left-Back,France,35,35,0,7,0,0,12,2.8e+07,3e+07,2.376e+07,0.1786
2020,348623,Mason Holgate,Everton,23.69,Defender,Centre-Back,Jamaica  England,27,24,0,3,0,0,12,1.8e+07,7e+06,1.519e+07,0.1848
2020,118534,Michael Keane,Everton,27.47,Defender,Centre-Back,England  Ireland,31,28,2,0,0,0,12,2e+07,3e+07,1.922e+07,0.04048
2020,364135,Moise Kean,Everton,20.34,Attack,Centre-Forward,Italy  Cote d'Ivoire,29,6,2,2,0,0,12,2.5e+07,4e+07,9.385e+06,1.664
2020,56818,Morgan Schneiderlin,Everton,30.64,Midfield,Defensive Midfield,France,15,12,0,0,0,0,12,9.5e+06,1.5e+07,8.553e+06,0.1107
2020,209781,Oumar Niasse,Everton,30.2,Attack,Centre-Forward,Senegal,3,0,0,0,0,0,12,3.2e+06,6e+06,5.619e+06,-0.4306
2020,378710,Richarlison,Everton,23.14,Attack,Centre-Forward,Brazil,36,36,13,4,0,0,12,5.2e+07,5e+07,4.1e+07,0.2683
2020,68390,Séamus Coleman,Everton,31.72,Defender,Right-Back,Ireland,27,21,0,1,0,0,12,9.5e+06,1.5e+07,7.469e+06,0.2718
2020,33713,Theo Walcott,Everton,31.29,Attack,Right Winger,England,25,17,2,3,0,0,12,1.2e+07,1.8e+07,1.022e+07,0.1746
2020,314210,Tom Davies,Everton,22,Midfield,Central Midfield,England,30,23,1,0,0,0,12,1.6e+07,1.5e+07,1.394e+07,0.148
2020,289446,Yerry Mina,Everton,25.77,Defender,Centre-Back,Colombia,29,25,2,1,0,0,12,2e+07,2.5e+07,1.588e+07,0.2593
2020,246968,Ayoze Pérez,Leicester,26.92,Attack,Centre-Forward,Spain,33,26,8,4,0,0,5,2.4e+07,2e+07,3.819e+07,-0.3716
2020,316125,Ben Chilwell,Leicester,23.53,Defender,Left-Back,England  New Zealand,27,27,3,3,0,0,5,4e+07,3.5e+07,3.324e+07,0.2032
2020,6636,Christian Fuchs,Leicester,34.23,Defender,Left-Back,Austria,11,8,0,0,0,0,5,1.6e+06,3e+06,3.767e+06,-0.5752
2020,292417,Demarai Gray,Leicester,24.01,Attack,Left Winger,Jamaica  England,21,3,2,3,0,0,5,1.45e+07,2e+07,1.623e+07,-0.1067
2020,129588,Dennis Praet,Leicester,26.13,Midfield,Central Midfield,Belgium,27,12,1,2,0,0,5,1.9e+07,2.4e+07,1.983e+07,-0.04169
2020,420808,George Hirst,Leicester,21.37,Attack,Centre-Forward,Scotland  England,2,0,0,0,0,0,5,4.5e+05,5e+05,2.516e+06,-0.8211
2020,341501,Hamza Choudhury,Leicester,22.75,Midfield,Defensive Midfield,Bangladesh  England,20,10,1,1,0,0,5,8e+06,5e+06,1.067e+07,-0.2504
2020,398065,Harvey Barnes,Leicester,22.56,Attack,Left Winger,England  Scotland,36,24,6,8,0,0,5,2.2e+07,1.2e+07,4.074e+07,-0.46
2020,413220,James Justin,Leicester,22.35,Defender,Right-Back,England  St. Lucia,13,11,0,1,0,0,5,6e+06,4e+06,1.036e+07,-0.4208
2020,294057,James Maddison,Leicester,23.6,Midfield,Attacking Midfield,England,31,29,6,3,0,0,5,5.5e+07,4e+07,4.381e+07,0.2554
2020,197838,Jamie Vardy,Leicester,33.47,Attack,Centre-Forward,England,35,34,23,5,0,0,5,1.6e+07,2e+07,2.048e+07,-0.2186
2020,42412,Jonny Evans,Leicester,32.49,Defender,Centre-Back,Northern Ireland,38,38,1,2,0,0,5,1.2e+07,1e+07,1.451e+07,-0.173
2020,16911,Kasper Schmeichel,Leicester,33.65,Goalkeeper,Goalkeeper,Denmark,38,38,0,0,13,0,5,9.5e+06,1.2e+07,1.161e+07,-0.1815
2020,295330,Kelechi Iheanacho,Leicester,23.74,Attack,Centre-Forward,Nigeria,20,12,5,5,0,0,5,1.5e+07,1.2e+07,2.406e+07,-0.3765
2020,505194,Luke Thomas,Leicester,19.06,Defender,Left-Back,England,3,3,0,1,0,0,5,1e+06,,5.242e+06,-0.8092
2020,61560,Marc Albrighton,Leicester,30.62,Midfield,Right Midfield,England,20,9,0,3,0,0,5,8e+06,1e+07,1.21e+07,-0.3388
2020,73522,Matty James,Leicester,28.94,Midfield,Central Midfield,England,1,0,0,0,0,0,5,1.2e+06,1.5e+06,3.959e+06,-0.6969
2020,111051,Nampalys Mendy,Leicester,28.02,Midfield,Defensive Midfield,Senegal  France,7,4,0,0,0,0,5,5.5e+06,8e+06,1.381e+07,-0.6018
2020,215876,Ricardo Pereira,Leicester,26.74,Defender,Right-Back,Portugal  Cape Verde,28,28,3,2,0,0,5,3.2e+07,2.5e+07,2.759e+07,0.1597
2020,10003,Wes Morgan,Leicester,36.44,Defender,Centre-Back,Jamaica  England,11,4,0,0,0,0,5,1.2e+06,2e+06,1.7e+06,-0.294
2020,274839,Wilfred Ndidi,Leicester,23.54,Midfield,Defensive Midfield,Nigeria  England,32,29,2,1,0,0,5,4.5e+07,3.5e+07,3.325e+07,0.3533
2020,249565,Youri Tielemans,Leicester,23.15,Midfield,Central Midfield,Belgium  DR Congo,37,32,3,6,0,0,5,4.4e+07,3.8e+07,3.903e+07,0.1274
2020,43530,Adam Lallana,Liverpool,32.14,Midfield,Attacking Midfield,England,15,3,1,1,0,0,1,9.5e+06,1.5e+07,9.245e+06,0.02759
2020,71271,Adrián,Liverpool,33.49,Goalkeeper,Goalkeeper,Spain,11,9,0,0,2,3,1,4e+06,3.5e+06,8.006e+06,-0.5004
2020,143424,Alex Oxlade-Chamberlain,Liverpool,26.88,Midfield,Central Midfield,England,30,17,4,1,0,5,1,2.8e+07,3.5e+07,3.841e+07,-0.2709
2020,105470,Alisson,Liverpool,27.75,Goalkeeper,Goalkeeper,Brazil,29,29,0,0,15,5,1,7.2e+07,8e+07,5.674e+07,0.2689
2020,234803,Andrew Robertson,Liverpool,26.31,Defender,Left-Back,Scotland,36,34,2,12,0,8,1,6.4e+07,6e+07,8.944e+07,-0.2844
2020,433188,Curtis Jones,Liverpool,19.42,Midfield,Central Midfield,England,6,1,1,0,0,0,1,5e+06,1.5e+06,7.269e+06,-0.3121
2020,37838,Dejan Lovren,Liverpool,30.99,Defender,Centre-Back,Croatia,10,9,0,1,0,3,1,1.2e+07,2e+07,2.017e+07,-0.4051
2020,148368,Divock Origi,Liverpool,25.2,Attack,Centre-Forward,Belgium  Kenya,28,7,4,3,0,6,1,1.6e+07,2e+07,3.474e+07,-0.5394
2020,225693,Fabinho,Liverpool,26.69,Midfield,Defensive Midfield,Brazil,28,22,2,4,0,7,1,5.6e+07,5e+07,6.2e+07,-0.09682
2020,49499,Georginio Wijnaldum,Liverpool,29.64,Midfield,Central Midfield,Netherlands  Suriname,37,35,4,0,0,8,1,4e+07,5e+07,5.574e+07,-0.2823
2020,565822,Harvey Elliott,Liverpool,17.24,Midfield,Attacking Midfield,England,2,0,0,0,0,0,1,3.6e+06,4e+06,9.078e+06,-0.6034
2020,3333,James Milner,Liverpool,34.49,Midfield,Central Midfield,England,22,9,2,2,0,8,1,6.5e+06,1.5e+07,1.073e+07,-0.3944
2020,256178,Joe Gomez,Liverpool,23.11,Defender,Centre-Back,England  The Gambia,28,22,0,0,0,7,1,4e+07,3.5e+07,4.095e+07,-0.02319
2020,61651,Jordan Henderson,Liverpool,30.04,Midfield,Defensive Midfield,England,30,26,4,5,0,6,1,2.8e+07,3.5e+07,5.403e+07,-0.4818
2020,148455,Mohamed Salah,Liverpool,28.04,Attack,Right Winger,Egypt,34,33,19,10,0,8,1,1.2e+08,1.5e+08,1.582e+08,-0.2414
2020,302215,Naby Keïta,Liverpool,25.39,Midfield,Central Midfield,Guinea,18,9,2,3,0,4,1,4e+07,6e+07,3.286e+07,0.2174
2020,503680,Neco Williams,Liverpool,19.22,Defender,Left-Back,Wales,6,3,0,0,0,0,1,4e+06,,7.458e+06,-0.4637
2020,131789,Roberto Firmino,Liverpool,28.75,Attack,Centre-Forward,Brazil,38,34,9,8,0,8,1,7.2e+07,8e+07,8.959e+07,-0.1963
2020,200512,Sadio Mané,Liverpool,28.22,Attack,Left Winger,Senegal,35,31,18,9,0,8,1,1.2e+08,1.2e+08,1.363e+08,-0.1196
2020,165793,Takumi Minamino,Liverpool,25.46,Attack,Left Winger,Japan,10,2,0,0,0,7,1,1e+07,5e+06,3.427e+07,-0.7082
2020,314353,Trent Alexander-Arnold,Liverpool,21.73,Defender,Right-Back,England,38,35,4,13,0,7,1,1.1e+08,8e+07,9.183e+07,0.1978
2020,139208,Virgil van Dijk,Liverpool,28.98,Defender,Centre-Back,Netherlands  Suriname,38,38,5,1,0,8,1,8e+07,9e+07,7.021e+07,0.1395
2020,86792,Xherdan Shaqiri,Liverpool,28.73,Midfield,Attacking Midfield,Switzerland  Kosovo,7,2,1,0,0,1,1,1.6e+07,2.5e+07,2.331e+07,-0.3136
2020,277179,Angeliño,Man City,23.49,Defender,Left-Back,Spain,6,4,0,0,0,5,2,2e+07,1.6e+07,2.589e+07,-0.2274
2020,176553,Aymeric Laporte,Man City,26.1,Defender,Centre-Back,Spain  France,15,14,1,0,0,3,2,6e+07,7.5e+07,5.055e+07,0.1869
2020,157495,Benjamin Mendy,Man City,25.96,Defender,Left-Back,France  Senegal,19,18,0,2,0,6,2,2.8e+07,3.5e+07,2.922e+07,-0.04166
2020,241641,Bernardo Silva,Man City,25.89,Midfield,Attacking Midfield,Portugal,34,23,6,7,0,7,2,8e+07,1e+08,8.201e+07,-0.02456
2020,40423,Claudio Bravo,Man City,37.22,Goalkeeper,Goalkeeper,Chile  Spain,4,3,0,0,1,2,2,1.2e+06,2.5e+06,2.157e+06,-0.4437
2020,35518,David Silva,Man City,34.48,Midfield,Attacking Midfield,Spain,27,22,6,11,0,4,2,1.2e+07,2e+07,2.339e+07,-0.487
2020,238223,Ederson,Man City,26.87,Goalkeeper,Goalkeeper,Brazil  Portugal,35,35,0,0,17,8,2,5.6e+07,7e+07,6.075e+07,-0.07826
2020,466794,Eric García,Man City,19.47,Defender,Centre-Back,Spain,13,8,0,0,0,2,2,1.6e+07,,1.257e+07,0.273
2020,26267,Fernandinho,Man City,35.16,Midfield,Defensive Midfield,Brazil,30,26,0,1,0,8,2,8e+06,1.2e+07,8.47e+06,-0.0555
2020,363205,Gabriel Jesus,Man City,23.24,Attack,Centre-Forward,Brazil,34,21,14,8,0,8,2,5.6e+07,7e+07,7.774e+07,-0.2796
2020,186590,John Stones,Man City,26.09,Defender,Centre-Back,England,16,12,0,0,0,1,2,3e+07,6e+07,2.61e+07,0.1494
2020,182712,João Cancelo,Man City,26.1,Defender,Right-Back,Portugal,17,13,0,0,0,8,2,3.6e+07,5.5e+07,2.797e+07,0.2873
2020,88755,Kevin De Bruyne,Man City,29.01,Midfield,Attacking Midfield,Belgium,35,32,13,20,0,7,2,1.2e+08,1.3e+08,8.846e+07,0.3565
2020,95424,Kyle Walker,Man City,30.09,Defender,Right-Back,England,29,28,1,4,0,6,2,4e+07,5e+07,4.092e+07,-0.02256
2020,192565,Leroy Sané,Man City,24.47,Attack,Right Winger,Germany  France,1,0,0,0,0,0,2,8e+07,1e+08,6.283e+07,0.2733
2020,54781,Nicolás Otamendi,Man City,32.38,Defender,Centre-Back,Argentina,24,18,2,1,0,8,2,1.45e+07,2.5e+07,1.58e+07,-0.08212
2020,203853,Oleksandr Zinchenko,Man City,23.54,Defender,Left-Back,Ukraine,19,13,0,0,0,2,2,2.4e+07,2e+07,1.743e+07,0.3769
2020,406635,Phil Foden,Man City,20.09,Attack,Right Winger,England,23,9,5,2,0,5,2,4e+07,2.5e+07,2.635e+07,0.5183
2020,134425,Raheem Sterling,Man City,25.56,Attack,Right Winger,England  Jamaica,33,30,20,4,0,9,2,1.28e+08,1.4e+08,1.679e+08,-0.2375
2020,171424,Riyad Mahrez,Man City,29.36,Attack,Right Winger,Algeria  France,33,21,11,12,0,7,2,4.8e+07,6e+07,7.387e+07,-0.3502
2020,357565,Rodri,Man City,24.02,Midfield,Defensive Midfield,Spain,35,29,3,2,0,8,2,6.4e+07,8e+07,7.094e+07,-0.09789
2020,26399,Sergio Agüero,Man City,32.08,Attack,Centre-Forward,Argentina  Spain,24,18,16,4,0,3,2,5.2e+07,6.5e+07,4.969e+07,0.04658
2020,433183,Tommy Doyle,Man City,18.7,Midfield,Central Midfield,England,1,0,0,0,0,0,2,,,3.149e+06,
2020,53622,İlkay Gündoğan,Man City,29.69,Midfield,Central Midfield,Germany,31,21,2,1,0,9,2,4e+07,5e+07,4.828e+07,-0.1715
2020,477758,Aaron Wan-Bissaka,Man United,22.6,Defender,Right-Back,DR Congo  England,35,34,0,4,0,5,3,4e+07,3.5e+07,4.598e+07,-0.13
2020,203394,Andreas Pereira,Man United,24.5,Midfield,Attacking Midfield,Brazil  Belgium,25,18,1,3,0,6,3,1.6e+07,1e+07,2.231e+07,-0.2828
2020,392770,Angel Gomes,Man United,19.83,Midfield,Attacking Midfield,England  Portugal,2,0,0,0,0,3,3,3.6e+06,4e+06,3.92e+06,-0.08157
2020,182877,Anthony Martial,Man United,24.57,Attack,Centre-Forward,France  Guadeloupe,32,31,17,7,0,7,3,5.8e+07,6e+07,8.475e+07,-0.3157
2020,14086,Ashley Young,Man United,34.98,Defender,Right-Back,England  Jamaica,12,10,0,0,0,8,3,3e+06,5e+06,8.962e+06,-0.6653
2020,342046,Axel Tuanzebe,Man United,22.63,Defender,Right-Back,DR Congo  England,5,2,0,0,0,3,3,8e+06,7e+06,3.735e+06,1.142
2020,507700,Brandon Williams,Man United,19.82,Defender,Left-Back,England,17,11,1,1,0,8,3,1.1e+07,,1.771e+07,-0.3789
2020,240306,Bruno Fernandes,Man United,25.81,Midfield,Attacking Midfield,Portugal,14,14,8,7,0,10,3,7e+07,5.5e+07,9.627e+07,-0.2729
2020,319301,Daniel James,Man United,22.64,Attack,Right Winger,Wales  England,33,26,3,6,0,6,3,1.9e+07,1.2e+07,4.114e+07,-0.5381
2020,59377,David de Gea,Man United,29.65,Goalkeeper,Goalkeeper,Spain,38,38,0,0,13,2,3,4e+07,6.5e+07,5.094e+07,-0.2147
2020,357147,Diogo Dalot,Man United,21.29,Defender,Right-Back,Portugal,4,1,0,0,0,3,3,1.2e+07,2e+07,7.292e+06,0.6456
2020,286384,Eric Bailly,Man United,26.22,Defender,Centre-Back,Cote d'Ivoire,4,1,0,0,0,4,3,1.75e+07,2.5e+07,1.263e+07,0.3856
2020,191614,Fred,Man United,27.32,Midfield,Central Midfield,Brazil,29,23,0,0,0,9,3,1.75e+07,3e+07,2.52e+07,-0.3057
2020,177907,Harry Maguire,Man United,27.32,Defender,Centre-Back,England,38,38,1,1,0,9,3,5.6e+07,5e+07,4.551e+07,0.2304
2020,505219,James Garner,Man United,19.3,Midfield,Defensive Midfield,England,1,0,0,0,0,4,3,2.7e+06,,3.473e+06,-0.2225
2020,141660,Jesse Lingard,Man United,27.54,Midfield,Attacking Midfield,England,22,9,1,0,0,9,3,1.75e+07,4e+07,2.289e+07,-0.2356
2020,44068,Juan Mata,Man United,32.18,Midfield,Attacking Midfield,Spain,19,8,0,2,0,11,3,9.5e+06,2e+07,1.522e+07,-0.3757
2020,183288,Luke Shaw,Man United,24.97,Defender,Left-Back,England,24,20,0,0,0,4,3,2.2e+07,3e+07,3.562e+07,-0.3823
2020,258923,Marcus Rashford,Man United,22.67,Attack,Left Winger,England  St. Kitts & Nevis,31,31,17,9,0,6,3,8e+07,8e+07,1.285e+08,-0.3775
2020,532826,Mason Greenwood,Man United,18.75,Attack,Right Winger,England,31,12,10,1,0,9,3,4.5e+07,7e+06,3.939e+07,0.1424
2020,74683,Nemanja Matic,Man United,31.92,Midfield,Defensive Midfield,Serbia  Slovakia,21,18,0,2,0,5,3,1.6e+07,3e+07,1.918e+07,-0.1659
2020,62121,Odion Ighalo,Man United,31.04,Attack,Centre-Forward,Nigeria  Italy,11,0,0,0,0,5,3,5.2e+06,9e+06,1.264e+07,-0.5886
2020,122153,Paul Pogba,Man United,27.3,Midfield,Central Midfield,France  Guinea,16,13,1,4,0,3,3,8e+07,1e+08,5.797e+07,0.38
2020,117996,Phil Jones,Man United,28.36,Defender,Centre-Back,England,2,2,0,0,0,3,3,7e+06,2e+07,1.446e+07,-0.5159
2020,315969,Scott McTominay,Man United,23.56,Midfield,Central Midfield,Scotland  England,27,20,4,1,0,7,3,2.25e+07,1.2e+07,2.776e+07,-0.1896
2020,344830,Tahith Chong,Man United,20.57,Midfield,Attacking Midfield,Curacao  Netherlands,3,0,0,0,0,6,3,6.3e+06,7e+06,7.382e+06,-0.1466
2020,315131,Timothy Fosu-Mensah,Man United,22.49,Defender,Right-Back,Netherlands  Ghana,3,2,0,0,0,2,3,6.3e+06,7e+06,9.729e+06,-0.3524
2020,184573,Victor Lindelöf,Man United,25.96,Defender,Centre-Back,Sweden,35,35,1,0,0,4,3,2.8e+07,3.5e+07,5.192e+07,-0.4607
2020,272642,Allan Saint-Maximin,Newcastle,23.3,Attack,Left Winger,France  Haiti,26,23,3,5,0,0,13,2.8e+07,2.5e+07,2.382e+07,0.1754
2020,48066,Andy Carroll,Newcastle,31.48,Attack,Centre-Forward,England,19,4,0,4,0,0,13,3.2e+06,8e+06,6.169e+06,-0.4813
2020,98240,Ciaran Clark,Newcastle,30.76,Defender,Centre-Back,Ireland  England,14,14,2,0,0,0,13,4.8e+06,6e+06,7.062e+06,-0.3203
2020,255916,DeAndre Yedlin,Newcastle,26.98,Defender,Right-Back,United States  Latvia,16,10,1,0,0,0,13,6.5e+06,8e+06,8.757e+06,-0.2577
2020,196522,Dwight Gayle,Newcastle,30.7,Attack,Centre-Forward,England  Jamaica,20,10,4,2,0,0,13,9.5e+06,1.5e+07,8.704e+06,0.09147
2020,184528,Emil Krafth,Newcastle,25.91,Defender,Right-Back,Sweden,17,11,0,1,0,0,13,4e+06,2.5e+06,8.486e+06,-0.5286
2020,135343,Fabian Schär,Newcastle,28.53,Defender,Centre-Back,Switzerland,22,18,2,0,0,0,13,1.3e+07,8e+06,9.721e+06,0.3374
2020,85475,Federico Fernández,Newcastle,31.36,Defender,Centre-Back,Argentina  Italy,32,29,2,3,0,0,13,5.5e+06,7e+06,1.049e+07,-0.4757
2020,127108,Florian Lejeune,Newcastle,29.12,Defender,Centre-Back,France,6,4,2,0,0,0,13,4.8e+06,8e+06,7.294e+06,-0.342
2020,206225,Isaac Hayden,Newcastle,25.28,Midfield,Defensive Midfield,Jamaica  England,29,26,1,2,0,0,13,8e+06,8e+06,1.81e+07,-0.558
2020,183318,Jamaal Lascelles,Newcastle,26.64,Defender,Centre-Back,England  Barbados,24,24,1,0,0,0,13,1.45e+07,1.5e+07,1.685e+07,-0.1394
2020,162029,Javier Manquillo,Newcastle,26.16,Defender,Right-Back,Spain,21,18,0,1,0,0,13,4e+06,5e+06,9.364e+06,-0.5728
2020,146258,Jetro Willems,Newcastle,26.26,Defender,Centre-Back,Netherlands  Curacao,19,18,2,2,0,0,13,5.5e+06,5e+06,8.928e+06,-0.3839
2020,333241,Joelinton,Newcastle,23.88,Midfield,Central Midfield,Brazil,38,32,2,2,0,0,13,2e+07,3.5e+07,2.225e+07,-0.101
2020,71292,Jonjo Shelvey,Newcastle,28.34,Midfield,Central Midfield,England  Ireland,26,25,6,2,0,0,13,1.45e+07,1.5e+07,1.731e+07,-0.1626
2020,484389,Kell Watts,Newcastle,20.66,Defender,Centre-Back,England,1,0,0,0,0,0,13,,,1.437e+06,
2020,74960,Martin Dúbravka,Newcastle,31.46,Goalkeeper,Goalkeeper,Slovakia,38,38,0,0,11,0,13,7.5e+06,7e+06,1.084e+07,-0.3081
2020,92469,Matt Ritchie,Newcastle,30.81,Midfield,Right Midfield,Scotland  England,18,14,2,1,0,0,13,9.5e+06,1.2e+07,9.14e+06,0.03941
2020,484387,Matty Longstaff,Newcastle,20.28,Midfield,Central Midfield,England,9,6,2,0,0,0,13,5e+06,,4.642e+06,0.07704
2020,272999,Miguel Almirón,Newcastle,26.39,Attack,Right Winger,Paraguay,36,35,4,2,0,0,13,1.6e+07,2e+07,1.52e+07,0.05285
2020,245537,Nabil Bentaleb,Newcastle,25.6,Midfield,Defensive Midfield,Algeria  France,12,8,0,0,0,0,13,4e+06,1.3e+07,1.409e+07,-0.7161
2020,170321,Paul Dummett,Newcastle,28.76,Defender,Left-Back,Wales  England,16,14,0,0,0,0,13,5.5e+06,5e+06,7.688e+06,-0.2846
2020,346707,Sean Longstaff,Newcastle,22.67,Midfield,Central Midfield,England,23,14,1,1,0,0,13,1.75e+07,7e+06,1.025e+07,0.7069
2020,81796,Sung-yueng Ki,Newcastle,31.43,Midfield,Defensive Midfield,"Korea, South",3,1,0,0,0,0,13,2.4e+06,6e+06,4.933e+06,-0.5135
2020,186368,Valentino Lazaro,Newcastle,24.27,Defender,Right-Back,Austria,13,4,1,0,0,4,13,1.5e+07,1.7e+07,1.876e+07,-0.2004
2020,230541,Yoshinori Muto,Newcastle,27.96,Attack,Centre-Forward,Japan,8,2,0,0,0,0,13,5.5e+06,9e+06,5.409e+06,0.01685
2020,434223,Adam Idah,Norwich,19.38,Attack,Centre-Forward,Ireland  Nigeria,12,1,0,0,0,0,20,1.5e+06,,3.528e+06,-0.5748
2020,425713,Akin Famewo,Norwich,21.64,Defender,Centre-Back,England  Nigeria,1,0,0,0,0,0,20,2.5e+04,,7.803e+05,-0.968
2020,12384,Alexander Tettey,Norwich,34.24,Midfield,Defensive Midfield,Norway,30,28,1,1,0,0,20,1.6e+06,2e+06,2.555e+06,-0.3739
2020,343475,Ben Godfrey,Norwich,22.46,Defender,Centre-Back,England  Jamaica,30,30,0,0,0,0,20,1.6e+07,6e+06,6.05e+06,1.645
2020,77812,Christoph Zimmermann,Norwich,27.47,Defender,Centre-Back,Germany,17,16,0,1,0,0,20,2.8e+06,3.5e+06,4.321e+06,-0.352
2020,159239,Dennis Srbeny,Norwich,26.16,Attack,Centre-Forward,Germany,8,0,1,0,0,0,20,8e+05,1.25e+06,2.419e+06,-0.6692
2020,321247,Emiliano Buendía,Norwich,23.52,Midfield,Attacking Midfield,Argentina  Spain,36,28,1,7,0,0,20,1.45e+07,8e+06,9.89e+06,0.4662
2020,121385,Grant Hanley,Norwich,28.61,Defender,Centre-Back,Scotland,15,14,0,0,0,0,20,2e+06,3e+06,2.625e+06,-0.238
2020,205503,Ibrahim Amadou,Norwich,27.24,Midfield,Defensive Midfield,France  Cameroon,11,8,0,0,0,0,20,5.5e+06,7e+06,4.739e+06,0.1605
2020,346018,Jamal Lewis,Norwich,22.43,Defender,Left-Back,Northern Ireland  England,28,25,1,0,0,0,20,1.1e+07,5e+06,5.131e+06,1.144
2020,563306,Jordan Thomas,Norwich,19.49,Defender,Right-Back,England,1,0,0,0,0,0,20,,,3.986e+05,
2020,547534,Josh Martin,Norwich,18.81,Attack,Left Winger,England  Ireland,5,0,0,0,0,0,20,1.8e+06,,7.537e+05,1.388
2020,140579,Josip Drmic,Norwich,27.9,Attack,Centre-Forward,Switzerland  Croatia,21,5,1,0,0,0,20,1.6e+06,3e+06,4.779e+06,-0.6652
2020,126600,Kenny McLean,Norwich,28.48,Midfield,Central Midfield,Scotland,37,32,1,1,0,0,20,3.5e+06,1.5e+06,5.207e+06,-0.3279
2020,82863,Lukas Rupp,Norwich,29.48,Midfield,Attacking Midfield,Germany,12,8,0,0,0,0,20,2.4e+06,2.5e+06,3.277e+06,-0.2676
2020,39372,Mario Vrancic,Norwich,31.11,Midfield,Central Midfield,Bosnia-Herzegovina  Germany,20,6,1,0,0,0,20,2e+06,3.5e+06,3.925e+06,-0.4904
2020,471690,Max Aarons,Norwich,20.49,Defender,Right-Back,England  Jamaica,36,36,0,2,0,0,20,2e+07,8e+06,7.018e+06,1.85
2020,29391,Michael McGovern,Norwich,35.97,Goalkeeper,Goalkeeper,Northern Ireland,2,1,0,0,0,0,20,3e+05,3.5e+05,6.448e+05,-0.5348
2020,82243,Moritz Leitner,Norwich,27.56,Midfield,Central Midfield,Germany  Austria,9,7,0,0,0,0,20,2.4e+06,1.5e+06,3.038e+06,-0.2101
2020,232418,Ondrej Duda,Norwich,25.57,Midfield,Central Midfield,Slovakia,10,9,0,0,0,0,20,1.05e+07,1.7e+07,9.507e+06,0.1044
2020,109751,Onel Hernández,Norwich,27.41,Attack,Left Winger,Cuba  Germany,26,14,1,2,0,0,20,3.2e+06,4e+06,4.726e+06,-0.323
2020,225452,Patrick Roberts,Norwich,23.4,Attack,Right Winger,England,3,0,0,0,0,0,20,2.8e+06,5e+06,2.581e+06,0.08468
2020,39015,Ralf Fährmann,Norwich,31.76,Goalkeeper,Goalkeeper,Germany,1,1,0,0,0,0,20,1.6e+06,5e+06,3.839e+06,-0.5832
2020,236953,Sam Byram,Norwich,26.79,Defender,Left-Back,England,17,15,0,0,0,0,20,2.8e+06,3.5e+06,2.634e+06,0.06308
2020,46972,Teemu Pukki,Norwich,30.26,Attack,Centre-Forward,Finland,36,33,11,3,0,0,20,8e+06,6e+06,1.093e+07,-0.2679
2020,33027,Tim Krul,Norwich,32.24,Goalkeeper,Goalkeeper,Netherlands,36,36,0,1,5,0,20,4e+06,3e+06,6.092e+06,-0.3434
2020,65255,Timm Klose,Norwich,32.15,Defender,Centre-Back,Switzerland  Germany,7,7,0,0,0,0,20,2e+06,3e+06,2.244e+06,-0.1088
2020,332341,Todd Cantwell,Norwich,22.34,Midfield,Attacking Midfield,England,37,30,6,2,0,0,20,2e+07,1e+06,8.362e+06,1.392
2020,93831,Tom Trybull,Norwich,27.31,Midfield,Defensive Midfield,Germany,16,14,0,0,0,0,20,3.2e+06,2e+06,3.613e+06,-0.1144
2020,95976,Alex McCarthy,Southampton,30.58,Goalkeeper,Goalkeeper,England,28,28,0,0,7,0,11,6.5e+06,5e+06,9.855e+06,-0.3404
2020,201574,Angus Gunn,Southampton,24.44,Goalkeeper,Goalkeeper,Scotland  England,10,10,0,0,2,0,11,5e+06,1e+07,8.364e+06,-0.4022
2020,346779,Ché Adams,Southampton,23.97,Attack,Centre-Forward,Scotland  England,30,12,4,3,0,0,11,1.2e+07,7e+06,1.531e+07,-0.2163
2020,112988,Cédric Soares,Southampton,28.84,Defender,Right-Back,Portugal  Germany,21,19,1,1,0,0,11,8e+06,1.2e+07,1.177e+07,-0.3203
2020,134294,Danny Ings,Southampton,27.94,Attack,Centre-Forward,England,38,32,22,2,0,0,11,2e+07,1.5e+07,2.919e+07,-0.3148
2020,163744,Jack Stephens,Southampton,26.43,Defender,Centre-Back,England,28,27,1,3,0,0,11,5.5e+06,8e+06,1.474e+07,-0.6269
2020,421424,Jake Vokins,Southampton,20.29,Defender,Left-Back,England,1,1,0,0,0,0,11,,,1.373e+06,
2020,181579,James Ward-Prowse,Southampton,25.66,Midfield,Central Midfield,England,38,38,5,3,0,0,11,1.8e+07,1.8e+07,2.183e+07,-0.1753
2020,243028,Jan Bednarek,Southampton,24.22,Defender,Centre-Back,Poland,34,34,1,1,0,0,11,1.5e+07,1.5e+07,2.162e+07,-0.3062
2020,99331,Jannik Vestergaard,Southampton,27.91,Defender,Centre-Back,Denmark  Germany,19,17,1,0,0,0,11,1.2e+07,2e+07,1.45e+07,-0.1723
2020,263236,Kevin Danso,Southampton,21.78,Defender,Centre-Back,Austria,6,3,0,1,0,0,11,6.3e+06,8e+06,8.122e+06,-0.2244
2020,341051,Kyle Walker-Peters,Southampton,23.22,Defender,Right-Back,England  Jamaica,13,10,0,0,0,1,11,8e+06,3.5e+06,7.679e+06,0.04177
2020,81789,Maya Yoshida,Southampton,31.85,Defender,Centre-Back,Japan,8,6,0,0,0,0,11,3.8e+06,7e+06,4.823e+06,-0.212
2020,444208,Michael Obafemi,Southampton,19.99,Attack,Centre-Forward,Ireland  Nigeria,21,8,3,2,0,0,11,4.5e+06,1e+06,9.322e+06,-0.5173
2020,485424,Moussa Djenepo,Southampton,22.05,Attack,Left Winger,Mali,18,10,2,2,0,0,11,1.1e+07,1.2e+07,9.315e+06,0.1808
2020,129078,Nathan Redmond,Southampton,26.32,Attack,Right Winger,England  Jamaica,32,32,4,4,0,0,11,1.8e+07,2e+07,2.998e+07,-0.3996
2020,340322,Nathan Tella,Southampton,20.99,Attack,Right Winger,Nigeria  England,1,0,0,0,0,0,11,,,1.233e+06,
2020,66100,Oriol Romeu,Southampton,28.77,Midfield,Defensive Midfield,Spain,30,20,0,0,0,0,11,8e+06,1e+07,1.359e+07,-0.4112
2020,167799,Pierre-Emile Højbjerg,Southampton,24.91,Midfield,Defensive Midfield,Denmark  France,33,30,0,1,0,0,11,2e+07,1.5e+07,2.464e+07,-0.1882
2020,40611,Ryan Bertrand,Southampton,30.9,Defender,Left-Back,England,32,31,1,1,0,0,11,1.05e+07,1.5e+07,1.096e+07,-0.04211
2020,37304,Shane Long,Southampton,33.44,Attack,Centre-Forward,Ireland,26,15,2,3,0,0,11,2.8e+06,7e+06,4.927e+06,-0.4317
2020,232271,Sofiane Boufal,Southampton,26.79,Midfield,Attacking Midfield,Morocco  France,20,8,0,2,0,0,11,8e+06,1.2e+07,1.139e+07,-0.2977
2020,130765,Stuart Armstrong,Southampton,28.25,Midfield,Central Midfield,Scotland,30,19,5,3,0,0,11,6.5e+06,8e+06,1.162e+07,-0.4405
2020,444211,Will Smallbone,Southampton,20.36,Midfield,Central Midfield,Ireland  England,9,4,0,2,0,0,11,1e+06,,5.06e+06,-0.8024
2020,406008,Yan Valery,Southampton,21.36,Defender,Right-Back,Tunisia  France,11,10,0,0,0,0,11,6.3e+06,7e+06,9.003e+06,-0.3002
2020,192765,Ben Davies,Tottenham,27.19,Defender,Centre-Back,Wales,18,16,0,0,0,3,6,1.75e+07,2.5e+07,1.812e+07,-0.03435
2020,69633,Christian Eriksen,Tottenham,28.38,Midfield,Attacking Midfield,Denmark,20,10,2,2,0,11,6,6e+07,1e+08,3.995e+07,0.5019
2020,50174,Danny Rose,Tottenham,30,Defender,Left-Back,England  Jamaica,23,20,0,0,0,4,6,1.6e+07,2.5e+07,1.703e+07,-0.06072
2020,341429,Davinson Sánchez,Tottenham,24.05,Defender,Centre-Back,Colombia,29,27,0,0,0,5,6,4.8e+07,5.5e+07,3.254e+07,0.4751
2020,207929,Dele Alli,Tottenham,24.22,Midfield,Attacking Midfield,England  Nigeria,25,21,8,4,0,7,6,6.4e+07,9e+07,6.301e+07,0.01578
2020,175722,Eric Dier,Tottenham,26.46,Defender,Centre-Back,England  Portugal,19,15,0,2,0,5,6,2e+07,4e+07,1.906e+07,0.0495
2020,111630,Erik Lamela,Tottenham,28.33,Attack,Right Winger,Argentina  Spain,25,12,2,2,0,5,6,1.6e+07,1.8e+07,1.878e+07,-0.148
2020,337800,Gedson Fernandes,Tottenham,21.48,Midfield,Central Midfield,Portugal  Sao Tome and Principe,7,0,0,0,0,4,6,1.35e+07,2e+07,1.017e+07,0.328
2020,215679,Georges Kevin Nkoudou,Tottenham,25.38,Attack,Left Winger,Cameroon  France,1,0,0,0,0,2,6,3.5e+06,5e+06,6.546e+06,-0.4653
2020,348795,Giovani Lo Celso,Tottenham,24.23,Midfield,Attacking Midfield,Argentina  Italy,28,15,0,2,0,5,6,4e+07,5e+07,3.093e+07,0.2931
2020,132098,Harry Kane,Tottenham,26.93,Attack,Centre-Forward,England  Ireland,29,29,18,2,0,5,6,1.2e+08,1.5e+08,9.75e+07,0.2308
2020,249126,Harry Winks,Tottenham,24.41,Midfield,Central Midfield,England,31,26,0,0,0,5,6,2.8e+07,2.5e+07,2.325e+07,0.2042
2020,91845,Heung-min Son,Tottenham,27.98,Attack,Left Winger,"Korea, South",30,28,11,11,0,6,6,6.4e+07,8e+07,9.208e+07,-0.305
2020,17965,Hugo Lloris,Tottenham,33.51,Goalkeeper,Goalkeeper,France,21,21,0,0,6,4,6,1.45e+07,2.5e+07,1.298e+07,0.117
2020,43250,Jan Vertonghen,Tottenham,33.19,Defender,Centre-Back,Belgium,23,19,1,1,0,3,6,1.45e+07,2.8e+07,7.254e+06,0.9989
2020,346478,Japhet Tanganga,Tottenham,21.25,Defender,Centre-Back,England  DR Congo,6,6,0,0,0,1,6,7.2e+06,,4.119e+06,0.748
2020,480763,Juan Foyth,Tottenham,22.47,Defender,Centre-Back,Argentina  Spain,4,1,0,0,0,3,6,1.35e+07,1.5e+07,6.466e+06,1.088
2020,77100,Lucas Moura,Tottenham,27.88,Attack,Right Winger,Brazil,35,25,4,4,0,6,6,3.2e+07,4e+07,3.792e+07,-0.156
2020,46001,Moussa Sissoko,Tottenham,30.87,Midfield,Central Midfield,France  Mali,29,28,2,1,0,6,6,2e+07,2.5e+07,3.001e+07,-0.3335
2020,406638,Oliver Skipp,Tottenham,19.79,Midfield,Defensive Midfield,England,7,1,0,0,0,2,6,7.2e+06,5e+06,6.503e+06,0.1072
2020,195488,Paulo Gazzaniga,Tottenham,28.5,Goalkeeper,Goalkeeper,Argentina  Italy,18,17,0,0,2,4,6,2.8e+06,2e+06,8.67e+06,-0.677
2020,392775,Ryan Sessegnon,Tottenham,20.12,Defender,Left-Back,England,6,4,0,0,0,3,6,2.5e+07,3.5e+07,1.434e+07,0.7437
2020,127032,Serge Aurier,Tottenham,27.52,Defender,Right-Back,Cote d'Ivoire,33,31,1,5,0,5,6,1.6e+07,1.8e+07,2.674e+07,-0.4016
2020,284165,Steven Bergwijn,Tottenham,22.73,Attack,Left Winger,Netherlands  Suriname,14,8,3,1,0,6,6,2.8e+07,3.5e+07,2.96e+07,-0.05395
2020,450936,Tanguy Ndombélé,Tottenham,23.51,Midfield,Central Midfield,France  DR Congo,21,12,2,2,0,6,6,4.5e+07,6.5e+07,2.703e+07,0.665
2020,42710,Toby Alderweireld,Tottenham,31.33,Defender,Centre-Back,Belgium,33,33,2,2,0,6,6,2.4e+07,4e+07,2.582e+07,-0.0706
2020,552655,Troy Parrott,Tottenham,18.4,Attack,Centre-Forward,Ireland,2,0,0,0,0,0,6,3.6e+06,,3.899e+06,-0.07662
2020,77760,Victor Wanyama,Tottenham,29.02,Midfield,Defensive Midfield,Kenya,2,0,0,0,0,1,6,6.5e+06,2e+07,8.861e+06,-0.2664
2020,127187,Abdoulaye Doucouré,Watford,27.5,Midfield,Attacking Midfield,Mali  France,37,36,4,2,0,0,19,2e+07,2.5e+07,1.906e+07,0.04909
2020,286949,Adam Masina,Watford,26.49,Defender,Centre-Back,Morocco  Italy,26,20,1,0,0,0,19,5.5e+06,7e+06,1.04e+07,-0.4714
2020,38145,Adrian Mariappa,Watford,33.74,Defender,Centre-Back,Jamaica  England,20,15,0,0,0,0,19,1.6e+06,3e+06,3.557e+06,-0.5501
2020,120565,Andre Gray,Watford,29.02,Attack,Centre-Forward,Jamaica  England,23,7,2,0,0,0,19,7e+06,1.5e+07,7.751e+06,-0.09689
2020,13572,Ben Foster,Watford,37.25,Goalkeeper,Goalkeeper,England,38,38,0,0,9,0,19,1.2e+06,3e+06,4.281e+06,-0.7197
2020,81512,Christian Kabasele,Watford,29.35,Defender,Centre-Back,Belgium  DR Congo,27,26,0,2,0,0,19,6.5e+06,8e+06,7.906e+06,-0.1779
2020,59606,Craig Cathcart,Watford,31.4,Defender,Centre-Back,Northern Ireland,29,28,0,0,0,0,19,4e+06,5e+06,7.644e+06,-0.4767
2020,121477,Craig Dawson,Watford,30.15,Defender,Centre-Back,England,29,26,2,0,0,0,19,4.8e+06,6e+06,7.105e+06,-0.3244
2020,67063,Danny Welbeck,Watford,29.6,Attack,Centre-Forward,England  Ghana,18,8,2,1,0,0,19,5.5e+06,1.2e+07,6.804e+06,-0.1917
2020,170472,Dimitri Foulquier,Watford,27.27,Defender,Right-Back,Guadeloupe  France,3,1,0,0,0,0,19,2e+06,3.5e+06,6.459e+06,-0.6904
2020,391719,Domingos Quina,Watford,20.62,Midfield,Central Midfield,Portugal  Guinea-Bissau,4,0,0,0,0,0,19,3.2e+06,5e+06,2.752e+06,0.1627
2020,129476,Gerard Deulofeu,Watford,26.3,Attack,Centre-Forward,Spain,28,25,4,5,0,0,19,2e+07,2.5e+07,2.047e+07,-0.0231
2020,283528,Ignacio Pussetto,Watford,24.53,Attack,Right Winger,Argentina  Italy,7,0,0,0,0,0,19,6.5e+06,1e+07,6.404e+06,0.01497
2020,295331,Isaac Success,Watford,24.48,Attack,Centre-Forward,Nigeria,5,0,0,0,0,0,19,3.2e+06,5e+06,6.219e+06,-0.4854
2020,410225,Ismaïla Sarr,Watford,22.35,Attack,Right Winger,Senegal,28,22,5,6,0,0,19,2.45e+07,3e+07,2.972e+07,-0.1756
2020,41112,Jose Cholevas,Watford,36.01,Defender,Left-Back,Greece  Germany,14,11,0,0,0,0,19,1.2e+06,2e+06,1.864e+06,-0.3563
2020,626724,João Pedro,Watford,18.76,Attack,Centre-Forward,Brazil,3,0,0,0,0,0,19,1.5e+07,2e+07,7.378e+05,19.33
2020,76467,Kiko Femenía,Watford,29.41,Defender,Right-Back,Spain,28,26,0,1,0,0,19,4.8e+06,5e+06,7.171e+06,-0.3306
2020,128900,Nathaniel Chalobah,Watford,25.55,Midfield,Defensive Midfield,England  Sierra Leone,22,10,0,1,0,0,19,4.8e+06,7e+06,5.72e+06,-0.1608
2020,112302,Roberto Pereyra,Watford,29.48,Midfield,Central Midfield,Argentina,28,17,3,0,0,0,19,9e+06,1.3e+07,1.131e+07,-0.2044
2020,37981,Sebastian Prödl,Watford,33.03,Defender,Centre-Back,Austria,1,1,0,0,0,0,19,9e+05,3.5e+06,1.674e+06,-0.4624
2020,73484,Tom Cleverley,Watford,30.89,Midfield,Central Midfield,England,18,11,1,0,0,0,19,4.8e+06,7e+06,6.408e+06,-0.2509
2020,65477,Troy Deeney,Watford,32.01,Attack,Centre-Forward,England  Jamaica,27,26,10,2,0,0,19,6.5e+06,1e+07,1.346e+07,-0.517
2020,207014,Will Hughes,Watford,25.21,Midfield,Central Midfield,England,30,27,1,1,0,0,19,1.45e+07,1.8e+07,1.434e+07,0.01137
2020,63494,Étienne Capoue,Watford,31.97,Midfield,Defensive Midfield,France  Guadeloupe,30,30,0,3,0,0,19,5.2e+06,8e+06,1.022e+07,-0.4914
2020,92571,Aaron Cresswell,West Ham,30.54,Defender,Left-Back,England,31,31,3,0,0,0,16,6.5e+06,1e+07,1.105e+07,-0.4117
2020,195906,Albian Ajeti,West Ham,23.34,Attack,Centre-Forward,Switzerland,9,0,0,0,0,0,16,4.8e+06,7e+06,5.725e+06,-0.1615
2020,69015,Andriy Yarmolenko,West Ham,30.69,Attack,Right Winger,Ukraine,23,10,5,1,0,0,16,9.5e+06,2e+07,6.245e+06,0.5212
2020,48002,Angelo Ogbonna,West Ham,32.11,Defender,Centre-Back,Italy  Nigeria,31,31,2,0,0,0,16,6.5e+06,8e+06,7.812e+06,-0.1679
2020,181380,Arthur Masuaku,West Ham,26.65,Defender,Left-Back,DR Congo  France,17,10,0,1,0,0,16,6.5e+06,7e+06,7.465e+06,-0.1292
2020,468002,Ben Johnson,West Ham,20.44,Defender,Right-Back,England,3,3,0,0,0,0,16,1e+06,,1.392e+06,-0.2814
2020,51226,Carlos Sánchez,West Ham,34.4,Midfield,Defensive Midfield,Colombia,6,1,0,0,0,0,16,1.2e+06,1.5e+06,2.201e+06,-0.4549
2020,50935,Chicharito,West Ham,32.08,Attack,Centre-Forward,Mexico,2,1,1,0,0,4,16,6.5e+06,1.2e+07,5.677e+06,0.1449
2020,51321,Darren Randolph,West Ham,33.14,Goalkeeper,Goalkeeper,Ireland  United States,2,2,0,0,0,0,16,2.8e+06,4.5e+06,2.172e+06,0.2893
2020,15930,David Martin,West Ham,34.44,Goalkeeper,Goalkeeper,England,5,4,0,0,2,0,16,2.5e+05,2.5e+05,1.193e+06,-0.7904
2020,357662,Declan Rice,West Ham,21.46,Midfield,Central Midfield,England  Ireland,38,38,1,3,0,0,16,4.95e+07,4.5e+07,2.483e+07,0.9937
2020,285548,Fabián Balbuena,West Ham,28.86,Defender,Centre-Back,Paraguay,17,13,1,0,0,0,16,9.5e+06,1.2e+07,6.721e+06,0.4135
2020,159372,Felipe Anderson,West Ham,27.21,Attack,Right Winger,Brazil,25,20,1,4,0,0,16,2.5e+07,4e+07,1.586e+07,0.5767
2020,272622,Issa Diop,West Ham,23.47,Defender,Centre-Back,France  Senegal,32,31,3,1,0,0,16,2.8e+07,3.5e+07,2.23e+07,0.2554
2020,74223,Jack Wilshere,West Ham,28.5,Midfield,Central Midfield,England,8,2,0,0,0,0,16,4.8e+06,1e+07,5.768e+06,-0.1678
2020,314875,Jarrod Bowen,West Ham,23.53,Attack,Right Winger,England,13,11,1,4,0,0,16,2.5e+07,1e+07,1.653e+07,0.5128
2020,503795,Jeremy Ngakia,West Ham,19.81,Defender,Right-Back,DR Congo  England,5,5,0,0,0,0,16,2.5e+05,,1.533e+06,-0.8369
2020,29692,Lukasz Fabianski,West Ham,35.2,Goalkeeper,Goalkeeper,Poland,25,25,0,0,6,0,16,3.2e+06,5e+06,4.51e+06,-0.2905
2020,135853,Manuel Lanzini,West Ham,27.37,Midfield,Attacking Midfield,Argentina  Italy,24,14,0,3,0,0,16,1.6e+07,2e+07,8.804e+06,0.8173
2020,31835,Mark Noble,West Ham,33.15,Midfield,Central Midfield,England  Ireland,33,32,4,3,0,0,16,4.8e+06,7e+06,8.228e+06,-0.4166
2020,104124,Michail Antonio,West Ham,30.26,Attack,Centre-Forward,Jamaica  England,24,19,10,3,0,0,16,9.5e+06,1.5e+07,1.587e+07,-0.4015
2020,337321,Nathan Holland,West Ham,22.03,Attack,Left Winger,England  Barbados,2,0,0,0,0,0,16,,,2.74e+06,
2020,357885,Pablo Fornals,West Ham,24.36,Midfield,Central Midfield,Spain,36,24,2,5,0,0,16,1.6e+07,2.5e+07,1.852e+07,-0.1362
2020,20007,Pablo Zabaleta,West Ham,35.46,Defender,Right-Back,Argentina  Spain,10,6,0,0,0,0,16,8e+05,3.5e+06,1.716e+06,-0.5337
2020,22614,Robert Snodgrass,West Ham,32.82,Attack,Right Winger,Scotland,24,17,5,5,0,0,16,4.8e+06,7e+06,8.415e+06,-0.4296
2020,37403,Roberto,West Ham,34.39,Goalkeeper,Goalkeeper,Spain,8,7,0,1,0,0,16,8e+05,1.5e+06,2.099e+06,-0.6189
2020,140191,Ryan Fredericks,West Ham,27.72,Defender,Right-Back,England  Scotland,27,25,0,3,0,0,16,4e+06,5e+06,7.899e+06,-0.4936
2020,181375,Sébastien Haller,West Ham,26.03,Attack,Centre-Forward,Cote d'Ivoire  France,32,24,7,2,0,0,16,3.6e+07,4e+07,2.271e+07,0.5852
2020,283628,Tomáš Souček,West Ham,25.34,Midfield,Defensive Midfield,Czech Republic,13,12,3,0,0,6,16,1.8e+07,7e+06,3.501e+07,-0.4858
2020,204103,Adama Traoré,Wolves,24.43,Attack,Right Winger,Spain  Mali,37,27,4,9,0,10,7,3.5e+07,1.5e+07,2.279e+07,0.5359
2020,415646,Bruno Jordão,Wolves,21.72,Midfield,Defensive Midfield,Portugal,1,0,0,0,0,1,7,2.3e+06,1e+06,1.951e+06,0.1791
2020,128901,Conor Coady,Wolves,27.35,Defender,Centre-Back,England,38,38,0,0,0,11,7,1.8e+07,1e+07,2.53e+07,-0.2885
2020,256977,Daniel Podence,Wolves,24.7,Attack,Left Winger,Portugal,9,3,1,1,0,10,7,1.7e+07,4.5e+06,2.543e+07,-0.3316
2020,340950,Diogo Jota,Wolves,23.57,Attack,Left Winger,Portugal,34,27,7,1,0,8,7,2.8e+07,3.5e+07,3.736e+07,-0.2505
2020,251896,Jesús Vallejo,Wolves,23.49,Defender,Centre-Back,Spain,2,1,0,0,0,0,7,6e+06,1e+07,3.941e+06,0.5224
2020,175446,Jonny Otto,Wolves,26.33,Defender,Right-Back,Spain,35,33,2,2,0,6,7,1.6e+07,2e+07,3.489e+07,-0.5414
2020,29364,João Moutinho,Wolves,33.81,Midfield,Central Midfield,Portugal,38,34,1,6,0,11,7,8e+06,1e+07,1.387e+07,-0.4231
2020,168157,Leander Dendoncker,Wolves,25.21,Midfield,Defensive Midfield,Belgium,38,32,4,0,0,11,7,2.8e+07,1.8e+07,2.941e+07,-0.04794
2020,171679,Matt Doherty,Wolves,28.46,Defender,Right-Back,Ireland,36,32,4,3,0,10,7,1.6e+07,1.5e+07,2.865e+07,-0.4415
2020,525247,Maximilian Kilman,Wolves,23.11,Defender,Centre-Back,England  Ukraine,3,2,0,0,0,4,7,8e+05,,3.559e+06,-0.7752
2020,429014,Morgan Gibbs-White,Wolves,20.43,Midfield,Attacking Midfield,England  Jamaica,7,1,0,0,0,4,7,7.2e+06,8e+06,7.795e+06,-0.07638
2020,265078,Patrick Cutrone,Wolves,22.49,Attack,Centre-Forward,Italy,12,3,2,0,0,6,7,1.55e+07,2.8e+07,1.649e+07,-0.06019
2020,487465,Pedro Neto,Wolves,20.31,Attack,Right Winger,Portugal,29,9,3,3,0,8,7,1.5e+07,2.5e+06,1.424e+07,0.05308
2020,206040,Raúl Jiménez,Wolves,29.16,Attack,Centre-Forward,Mexico,38,37,17,6,0,9,7,4e+07,3.5e+07,6.43e+07,-0.3779
2020,204198,Romain Saïss,Wolves,30.27,Defender,Centre-Back,Morocco  France,33,31,2,1,0,8,7,8e+06,5e+06,1.73e+07,-0.5376
2020,45026,Rui Patrício,Wolves,32.38,Goalkeeper,Goalkeeper,Portugal,38,38,0,0,13,10,7,1.6e+07,2e+07,1.544e+07,0.03659
2020,67252,Ryan Bennett,Wolves,30.32,Defender,Centre-Back,England,16,10,0,0,0,3,7,4e+06,7e+06,1.233e+07,-0.6755
2020,225161,Rúben Neves,Wolves,23.3,Midfield,Defensive Midfield,Portugal,38,35,2,2,0,9,7,5e+07,4.5e+07,3.538e+07,0.4133
2020,357158,Rúben Vinagre,Wolves,21.23,Defender,Left-Back,Portugal,16,6,0,0,0,8,7,9e+06,7e+06,8.665e+06,0.0387
2020,142310,Willy Boly,Wolves,29.41,Defender,Centre-Back,Cote d'Ivoire  France,22,22,0,1,0,8,7,1.45e+07,1.2e+07,2.261e+07,-0.3585
2021,93720,Alexandre Lacazette,Arsenal,30.09,Attack,Centre-Forward,France  Guadeloupe,31,22,13,2,0,8,8,2.8e+07,4.8e+07,3.835e+07,-0.2699
2021,72476,Bernd Leno,Arsenal,29.33,Goalkeeper,Goalkeeper,Germany,35,35,0,1,11,10,8,2.2e+07,3.2e+07,3.186e+07,-0.3094
2021,433177,Bukayo Saka,Arsenal,19.82,Attack,Right Winger,England  Nigeria,32,30,5,4,0,9,8,6.5e+07,3.5e+07,4.468e+07,0.4547
2021,215118,Calum Chambers,Arsenal,26.44,Defender,Centre-Back,England,10,8,0,2,0,6,8,1.2e+07,1.45e+07,1.36e+07,-0.1178
2021,112988,Cédric Soares,Arsenal,29.83,Defender,Right-Back,Portugal  Germany,10,8,0,1,0,9,8,6e+06,8e+06,9.508e+06,-0.3689
2021,319745,Dani Ceballos,Arsenal,24.9,Midfield,Central Midfield,Spain,25,17,0,4,0,12,8,2.7e+07,3.2e+07,1.901e+07,0.4205
2021,46741,David Luiz,Arsenal,34.19,Defender,Centre-Back,Brazil,20,17,1,0,0,7,8,4e+06,8e+06,6.836e+06,-0.4149
2021,340324,Eddie Nketiah,Arsenal,22.09,Attack,Centre-Forward,England  Ghana,17,4,2,1,0,8,8,1.6e+07,1.5e+07,1.152e+07,0.3892
2021,392765,Emile Smith Rowe,Arsenal,20.93,Midfield,Attacking Midfield,England,20,18,2,4,0,11,8,1.8e+07,2.7e+06,1.708e+07,0.05392
2021,435338,Gabriel Magalhães,Arsenal,23.53,Defender,Centre-Back,Brazil,23,22,2,0,0,6,8,2.5e+07,2e+07,2.553e+07,-0.02084
2021,655488,Gabriel Martinelli,Arsenal,20.04,Attack,Left Winger,Brazil  Italy,14,7,2,1,0,6,8,2.2e+07,2.5e+07,1.224e+07,0.798
2021,111455,Granit Xhaka,Arsenal,28.76,Midfield,Defensive Midfield,Switzerland,31,29,1,2,0,10,8,2.2e+07,2.4e+07,3.327e+07,-0.3387
2021,191217,Héctor Bellerín,Arsenal,26.29,Defender,Right-Back,Spain,25,24,1,3,0,7,8,2.5e+07,3.2e+07,1.889e+07,0.3235
2021,300716,Kieran Tierney,Arsenal,24.07,Defender,Left-Back,Scotland  Isle of Man,27,26,1,4,0,9,8,3.2e+07,2.8e+07,2.005e+07,0.596
2021,316264,Martin Ødegaard,Arsenal,22.54,Midfield,Attacking Midfield,Norway,14,9,1,2,0,8,8,4e+07,4.5e+07,2.904e+07,0.3774
2021,160438,Mohamed Elneny,Arsenal,28.97,Midfield,Defensive Midfield,Egypt,23,17,1,0,0,12,8,1e+07,5e+06,1.239e+07,-0.193
2021,343052,Nicolas Pépé,Arsenal,26.09,Attack,Right Winger,Cote d'Ivoire  France,29,16,10,1,0,13,8,3.5e+07,4.5e+07,3.577e+07,-0.02148
2021,210178,Pablo Marí,Arsenal,27.83,Defender,Centre-Back,Spain,10,10,0,0,0,5,8,7e+06,4.8e+06,6.622e+06,0.05714
2021,58864,Pierre-Emerick Aubameyang,Arsenal,32.04,Attack,Centre-Forward,Gabon  France,29,26,10,3,0,8,8,2.5e+07,5.6e+07,3.074e+07,-0.1869
2021,340325,Reiss Nelson,Arsenal,21.56,Attack,Left Winger,England  Jamaica,2,0,0,0,0,4,8,9e+06,1.25e+07,7.492e+06,0.2013
2021,253341,Rob Holding,Arsenal,25.78,Defender,Centre-Back,England,30,28,0,0,0,5,8,1.8e+07,9.5e+06,1.707e+07,0.05445
2021,205657,Rúnar Alex Rúnarsson,Arsenal,26.37,Goalkeeper,Goalkeeper,Iceland,1,0,0,0,1,4,8,1.5e+06,1.2e+06,6.021e+06,-0.7509
2021,94005,Sead Kolasinac,Arsenal,28.03,Defender,Centre-Back,Bosnia-Herzegovina  Germany,1,1,0,0,0,4,8,6.5e+06,1.6e+07,1.202e+07,-0.4594
2021,88590,Shkodran Mustafi,Arsenal,29.2,Defender,Centre-Back,Germany  Albania,3,0,0,0,0,5,8,2.5e+06,1.5e+07,9.632e+06,-0.7404
2021,230784,Thomas Partey,Arsenal,28.05,Midfield,Defensive Midfield,Ghana,24,18,0,2,0,8,8,4e+07,4e+07,2.402e+07,0.665
2021,52769,Willian,Arsenal,32.89,Attack,Left Winger,Brazil,25,16,1,5,0,9,8,9e+06,2.25e+07,1.068e+07,-0.1573
2021,434207,Aaron Connolly,Brighton,21.42,Attack,Centre-Forward,Ireland,17,9,2,1,0,0,16,7e+06,4e+06,7.71e+06,-0.09204
2021,43530,Adam Lallana,Brighton,33.14,Midfield,Attacking Midfield,England,30,16,1,1,0,0,16,4e+06,9.5e+06,4.013e+06,-0.003247
2021,212847,Adam Webster,Brighton,26.49,Defender,Centre-Back,England,29,29,1,0,0,0,16,1.8e+07,1.2e+07,1.138e+07,0.5815
2021,534033,Alexis Mac Allister,Brighton,22.52,Midfield,Central Midfield,Argentina  Italy,21,13,1,1,0,0,16,1e+07,1.1e+07,6.003e+06,0.6659
2021,213268,Alireza Jahanbakhsh,Brighton,27.89,Attack,Right Winger,Iran  Netherlands,21,6,0,1,0,0,16,5e+06,6.5e+06,3.907e+06,0.2796
2021,345468,Andi Zeqiri,Brighton,22.03,Attack,Centre-Forward,Switzerland  Kosovo,9,0,0,0,0,0,16,2.5e+06,1.5e+06,4.252e+06,-0.412
2021,335721,Ben White,Brighton,23.73,Defender,Right-Back,England,36,36,0,0,0,0,16,2.8e+07,5.5e+06,1.001e+07,1.798
2021,364258,Bernardo,Brighton,26.13,Defender,Centre-Back,Brazil,3,2,0,0,0,0,16,4e+06,4.8e+06,5.379e+06,-0.2564
2021,134270,Dan Burn,Brighton,29.14,Defender,Centre-Back,England,27,23,1,0,0,0,16,5e+06,4e+06,8.328e+06,-0.3996
2021,67063,Danny Welbeck,Brighton,30.6,Attack,Centre-Forward,England  Ghana,24,17,6,3,0,0,16,4e+06,5.5e+06,8.153e+06,-0.5094
2021,79027,Davy Pröpper,Brighton,29.83,Midfield,Central Midfield,Netherlands,7,2,0,0,0,0,16,8e+06,1.35e+07,4.931e+06,0.6224
2021,384461,Jakub Moder,Brighton,22.23,Midfield,Central Midfield,Poland,12,7,0,0,0,6,16,1e+07,3e+06,9.175e+06,0.08995
2021,357656,Jayson Molumby,Brighton,21.9,Midfield,Central Midfield,Ireland,1,0,0,0,0,0,16,1e+06,9e+05,1.525e+06,-0.3444
2021,111195,Joël Veltman,Brighton,29.46,Defender,Right-Back,Netherlands,28,25,1,1,0,0,16,6e+06,8e+06,4.73e+06,0.2684
2021,144028,Leandro Trossard,Brighton,26.57,Attack,Left Winger,Belgium,35,30,5,5,0,0,16,1.7e+07,1.3e+07,1.41e+07,0.2057
2021,148153,Lewis Dunk,Brighton,29.61,Defender,Centre-Back,England,33,33,5,0,0,0,16,2.5e+07,2e+07,1.226e+07,1.038
2021,128969,Mathew Ryan,Brighton,29.23,Goalkeeper,Goalkeeper,Australia  Scotland,14,14,0,0,3,0,16,6e+06,8e+06,7.428e+06,-0.1922
2021,217115,Neal Maupay,Brighton,24.88,Attack,Centre-Forward,France  Argentina,33,29,8,2,0,0,16,2e+07,2e+07,1.999e+07,0.0006184
2021,82873,Pascal Groß,Brighton,30.05,Midfield,Central Midfield,Germany,34,27,3,8,0,0,16,7e+06,9.5e+06,9.003e+06,-0.2224
2021,405686,Reda Khadra,Brighton,19.99,Midfield,Attacking Midfield,Germany,1,0,0,0,0,0,16,1.5e+05,,1.058e+06,-0.8582
2021,403151,Robert Sánchez,Brighton,23.62,Goalkeeper,Goalkeeper,Spain  England,27,27,0,0,10,0,16,8e+06,1.5e+05,8.821e+06,-0.09307
2021,209212,Solly March,Brighton,26.95,Attack,Right Winger,England,21,19,2,1,0,0,16,9e+06,6.5e+06,7.256e+06,0.2404
2021,476237,Steven Alzate,Brighton,22.81,Midfield,Central Midfield,Colombia  England,15,10,1,0,0,0,16,6e+06,2.3e+06,5.856e+06,0.0246
2021,504148,Tariq Lamptey,Brighton,20.75,Defender,Right-Back,Ghana  England,11,11,1,3,0,0,16,1.8e+07,8e+06,8.112e+06,1.219
2021,410425,Yves Bissouma,Brighton,24.84,Midfield,Defensive Midfield,Mali  Cote d'Ivoire,36,35,1,0,0,0,16,2.5e+07,9.5e+06,1.408e+07,0.776
2021,63200,Ashley Barnes,Burnley,31.67,Attack,Centre-Forward,England,22,15,3,0,0,0,17,3.5e+06,8e+06,5.749e+06,-0.3912
2021,91317,Ashley Westwood,Burnley,31.25,Midfield,Defensive Midfield,England,38,38,3,3,0,0,17,5e+06,5.5e+06,1.084e+07,-0.5388
2021,410436,Bailey Peacock-Farrell,Burnley,24.67,Goalkeeper,Goalkeeper,Northern Ireland  England,4,4,0,0,0,0,17,1e+06,1.2e+06,1.968e+06,-0.492
2021,74810,Ben Mee,Burnley,31.78,Defender,Centre-Back,England,30,30,2,0,0,0,17,6e+06,8e+06,7.137e+06,-0.1593
2021,195633,Charlie Taylor,Burnley,27.78,Defender,Left-Back,England,29,28,0,1,0,0,17,4e+06,4e+06,8.106e+06,-0.5065
2021,108725,Chris Wood,Burnley,29.57,Attack,Centre-Forward,New Zealand,33,32,12,3,0,0,17,8e+06,1.45e+07,1.853e+07,-0.5682
2021,49755,Dale Stephens,Burnley,32.05,Midfield,Central Midfield,England,7,3,0,0,0,0,17,2.5e+06,4.8e+06,2.923e+06,-0.1446
2021,584769,Dwight McNeil,Burnley,21.61,Attack,Left Winger,England  Jamaica,36,34,2,5,0,0,17,2.2e+07,2.5e+07,2.154e+07,0.02138
2021,43763,Erik Pieters,Burnley,32.9,Defender,Left-Back,Netherlands,20,13,0,2,0,0,17,1.5e+06,4e+06,3.269e+06,-0.5411
2021,40613,Jack Cork,Burnley,32.02,Midfield,Defensive Midfield,England,16,15,0,0,0,0,17,5e+06,1.2e+07,5.602e+06,-0.1075
2021,173504,James Tarkowski,Burnley,28.61,Defender,Centre-Back,England  Poland,36,36,1,0,0,0,17,2.5e+07,2e+07,1.24e+07,1.017
2021,53360,Jay Rodríguez,Burnley,31.92,Attack,Centre-Forward,England  Spain,31,12,1,2,0,0,17,4e+06,6e+06,5.637e+06,-0.2904
2021,396174,Jimmy Dunne,Burnley,23.7,Defender,Right-Back,Ireland  Northern Ireland,3,3,1,0,0,0,17,6e+05,2e+05,1.242e+06,-0.517
2021,381156,Joel Mumbongo,Burnley,22.48,Attack,Centre-Forward,Sweden  DR Congo,4,0,0,0,0,0,17,3e+05,,1.617e+06,-0.8145
2021,397102,Josh Benson,Burnley,21.57,Midfield,Central Midfield,England,6,2,0,0,0,0,17,4e+05,,2.119e+06,-0.8112
2021,293569,Josh Brownhill,Burnley,25.53,Midfield,Central Midfield,England,33,32,0,1,0,0,17,7e+06,5.5e+06,9.182e+06,-0.2376
2021,89231,Jóhann Berg Gudmundsson,Burnley,30.68,Attack,Right Winger,Iceland,22,16,2,0,0,0,17,3e+06,8e+06,5.561e+06,-0.4606
2021,111114,Kevin Long,Burnley,30.87,Defender,Centre-Back,Ireland,8,7,0,0,0,0,17,1e+06,1.6e+06,2.783e+06,-0.6406
2021,657863,Lewis Richardson,Burnley,18.4,Midfield,Attacking Midfield,England,2,0,0,0,0,0,17,2e+05,,9.919e+05,-0.7984
2021,101500,Matej Vydra,Burnley,29.17,Attack,Centre-Forward,Czech Republic,28,15,3,2,0,0,17,3e+06,4e+06,5.944e+06,-0.4953
2021,102258,Matthew Lowton,Burnley,32.06,Defender,Right-Back,England,34,34,1,1,0,0,17,2.5e+06,4e+06,5.657e+06,-0.558
2021,192080,Nick Pope,Burnley,29.2,Goalkeeper,Goalkeeper,England,32,32,0,0,11,0,17,1.5e+07,1.2e+07,1.179e+07,0.2718
2021,15773,Phil Bardsley,Burnley,36.01,Defender,Right-Back,Scotland  England,4,3,0,0,0,0,17,3e+05,8e+05,1.006e+06,-0.7018
2021,128229,Robbie Brady,Burnley,29.46,Midfield,Left Midfield,Ireland,19,12,1,1,0,0,17,3e+06,4.8e+06,6.111e+06,-0.5091
2021,285033,Will Norris,Burnley,27.89,Goalkeeper,Goalkeeper,England,2,2,0,0,0,0,17,4e+05,2.5e+05,1.265e+06,-0.6838
2021,196948,Andreas Christensen,Chelsea,25.22,Defender,Centre-Back,Denmark,17,15,0,0,0,7,4,3e+07,2.4e+07,2.542e+07,0.1802
2021,86202,Antonio Rüdiger,Chelsea,28.33,Defender,Centre-Back,Germany  Sierra Leone,19,19,1,0,0,11,4,2.8e+07,4e+07,2.423e+07,0.1556
2021,316125,Ben Chilwell,Chelsea,24.53,Defender,Left-Back,England  New Zealand,27,27,3,5,0,10,4,4.5e+07,4e+07,3.723e+07,0.2087
2021,423744,Billy Gilmour,Chelsea,20.05,Midfield,Defensive Midfield,Scotland,5,3,0,0,0,2,4,1e+07,5.4e+06,6.023e+06,0.6602
2021,392768,Callum Hudson-Odoi,Chelsea,20.65,Attack,Left Winger,England  Ghana,23,10,2,3,0,7,4,3.2e+07,3.15e+07,2.138e+07,0.4964
2021,315779,Christian Pulisic,Chelsea,22.78,Attack,Right Winger,United States  Croatia,27,18,4,2,0,10,4,5e+07,6e+07,3.59e+07,0.3928
2021,57500,César Azpilicueta,Chelsea,31.84,Defender,Centre-Back,Spain,26,24,1,2,0,11,4,1.3e+07,2.4e+07,2.531e+07,-0.4864
2021,442531,Edouard Mendy,Chelsea,29.33,Goalkeeper,Goalkeeper,Senegal  Guinea-Bissau,31,31,0,0,16,12,4,2.5e+07,7e+06,2.93e+07,-0.1469
2021,181778,Emerson,Chelsea,26.91,Defender,Left-Back,Italy  Brazil,2,0,0,0,0,6,4,1.4e+07,2.4e+07,9.936e+06,0.409
2021,303254,Fikayo Tomori,Chelsea,23.53,Defender,Centre-Back,England  Canada,1,0,0,0,0,4,4,2.8e+07,1.6e+07,8.013e+06,2.494
2021,217111,Hakim Ziyech,Chelsea,28.28,Attack,Right Winger,Morocco  Netherlands,23,15,2,3,0,10,4,3.8e+07,4e+07,2.76e+07,0.3766
2021,102017,Jorginho,Chelsea,29.53,Midfield,Defensive Midfield,Italy  Brazil,28,23,7,1,0,12,4,4.5e+07,5.2e+07,4.291e+07,0.04868
2021,309400,Kai Havertz,Chelsea,22.06,Attack,Centre-Forward,Germany,27,18,4,6,0,12,4,7e+07,8.1e+07,5.4e+07,0.2963
2021,192279,Kepa Arrizabalaga,Chelsea,26.74,Goalkeeper,Goalkeeper,Spain,7,6,0,0,2,1,4,1.3e+07,2.8e+07,1.614e+07,-0.1944
2021,157509,Kurt Zouma,Chelsea,26.68,Defender,Centre-Back,France  Central African Republic,24,22,5,0,0,5,4,3.2e+07,2.8e+07,4.002e+07,-0.2004
2021,112515,Marcos Alonso,Chelsea,30.51,Defender,Left-Back,Spain,13,11,2,0,0,2,4,1.2e+07,1.8e+07,1.856e+07,-0.3536
2021,346483,Mason Mount,Chelsea,22.47,Midfield,Attacking Midfield,England,36,32,6,6,0,11,4,7.5e+07,4.05e+07,5.258e+07,0.4263
2021,51471,Mateo Kovacic,Chelsea,27.15,Midfield,Central Midfield,Croatia,27,21,0,1,0,10,4,4.5e+07,4e+07,3.404e+07,0.3219
2021,225083,Ngolo Kante,Chelsea,30.26,Midfield,Defensive Midfield,France  Mali,30,24,0,2,0,13,4,5.5e+07,8e+07,2.876e+07,0.9126
2021,82442,Olivier Giroud,Chelsea,34.75,Attack,Centre-Forward,France,17,8,4,0,0,8,4,4e+06,7e+06,3.789e+06,0.05558
2021,472423,Reece James,Chelsea,21.56,Defender,Right-Back,England,32,25,1,2,0,10,4,4e+07,2.25e+07,3.112e+07,0.2853
2021,331726,Tammy Abraham,Chelsea,23.75,Attack,Centre-Forward,England  Nigeria,22,12,6,2,0,5,4,3.8e+07,4e+07,4.246e+07,-0.1051
2021,29241,Thiago Silva,Chelsea,36.77,Defender,Centre-Back,Brazil  France,23,23,2,0,0,8,4,3e+06,4.8e+06,5.087e+06,-0.4103
2021,170527,Timo Werner,Chelsea,25.32,Attack,Left Winger,Germany,35,29,6,12,0,12,4,6.5e+07,6.4e+07,8.494e+07,-0.2348
2021,19948,Willy Caballero,Chelsea,39.76,Goalkeeper,Goalkeeper,Argentina  Spain,1,1,0,0,0,0,4,2.5e+05,6e+05,1.112e+06,-0.7752
2021,127187,Abdoulaye Doucouré,Everton,28.5,Midfield,Attacking Midfield,Mali  France,29,29,2,3,0,0,10,2.5e+07,2e+07,1.882e+07,0.3284
2021,242631,Alex Iwobi,Everton,25.16,Attack,Left Winger,Nigeria  England,30,17,1,3,0,0,10,2.2e+07,2.55e+07,1.089e+07,1.021
2021,126422,Allan,Everton,30.48,Midfield,Defensive Midfield,Brazil  Portugal,24,23,0,0,0,0,10,2.2e+07,2.8e+07,9.627e+06,1.285
2021,221025,André Gomes,Everton,27.92,Midfield,Central Midfield,Portugal,28,17,0,1,0,0,10,2e+07,2.25e+07,1.04e+07,0.9224
2021,503733,Anthony Gordon,Everton,20.35,Attack,Left Winger,England,3,1,0,0,0,0,10,5e+06,5e+06,3.279e+06,0.5249
2021,343475,Ben Godfrey,Everton,23.46,Defender,Centre-Back,England  Jamaica,31,29,0,2,0,0,10,2.5e+07,1.6e+07,1.556e+07,0.6069
2021,175169,Bernard,Everton,28.81,Attack,Left Winger,Brazil,12,3,1,0,0,0,10,1.2e+07,1.6e+07,6.05e+06,0.9835
2021,45671,Cenk Tosun,Everton,30.07,Attack,Centre-Forward,Türkiye  Germany,5,0,0,0,0,0,10,5e+06,1.2e+07,3.197e+06,0.564
2021,306024,Dominic Calvert-Lewin,Everton,24.29,Attack,Centre-Forward,England,33,32,16,3,0,0,10,4.5e+07,2.4e+07,4.043e+07,0.1131
2021,50362,Fabian Delph,Everton,31.61,Midfield,Central Midfield,England  Guyana,8,2,0,0,0,0,10,3.5e+06,1e+07,3.839e+06,-0.08822
2021,90466,Gylfi Sigurdsson,Everton,31.81,Midfield,Attacking Midfield,Iceland,36,24,6,5,0,0,10,1.3e+07,1.8e+07,1.137e+07,0.1436
2021,88103,James Rodríguez,Everton,29.97,Midfield,Attacking Midfield,Colombia  Spain,23,21,6,5,0,0,10,2.8e+07,3.2e+07,1.37e+07,1.043
2021,182894,Jean-Philippe Gbamin,Everton,25.77,Midfield,Defensive Midfield,Cote d'Ivoire  France,1,0,0,0,0,0,10,1.5e+07,2.25e+07,2.668e+06,4.622
2021,258883,Jonjoe Kenny,Everton,24.3,Defender,Right-Back,England  Ireland,4,1,0,0,0,0,10,5.8e+06,9.5e+06,6.964e+06,-0.1671
2021,130164,Jordan Pickford,Everton,27.32,Goalkeeper,Goalkeeper,England,31,31,0,0,10,0,10,2.5e+07,2.8e+07,1.979e+07,0.2633
2021,91059,Joshua King,Everton,29.46,Attack,Centre-Forward,Norway,11,0,0,0,0,0,10,8e+06,1.6e+07,5.811e+06,0.3766
2021,329813,João Virgínia,Everton,21.72,Goalkeeper,Goalkeeper,Portugal,1,0,0,0,1,0,10,1e+06,1.5e+05,1.081e+06,-0.075
2021,126664,Lucas Digne,Everton,27.95,Defender,Left-Back,France,30,30,0,7,0,0,10,3.5e+07,2.8e+07,2.12e+07,0.6513
2021,348623,Mason Holgate,Everton,24.69,Defender,Centre-Back,Jamaica  England,28,26,1,0,0,0,10,2e+07,1.8e+07,1.858e+07,0.07658
2021,118534,Michael Keane,Everton,28.47,Defender,Centre-Back,England  Ireland,35,33,3,1,0,0,10,2.5e+07,2e+07,1.689e+07,0.48
2021,364135,Moise Kean,Everton,21.34,Attack,Centre-Forward,Italy  Cote d'Ivoire,2,0,0,0,0,9,10,3.5e+07,2.5e+07,1.045e+07,2.35
2021,344009,Nathan Broadhead,Everton,23.24,Attack,Left Winger,Wales,1,0,0,0,0,0,10,5e+05,,1.124e+06,-0.555
2021,591193,Niels Nkounkou,Everton,20.66,Defender,Left-Back,France  Congo,2,1,0,0,0,0,10,3e+06,5e+05,1.429e+06,1.099
2021,378710,Richarlison,Everton,24.14,Attack,Centre-Forward,Brazil,34,33,7,3,0,0,10,5.5e+07,5.2e+07,2.958e+07,0.8593
2021,75458,Robin Olsen,Everton,31.48,Goalkeeper,Goalkeeper,Sweden  Denmark,7,7,0,0,2,0,10,3e+06,5e+06,4.34e+06,-0.3088
2021,68390,Séamus Coleman,Everton,32.72,Defender,Right-Back,Ireland,25,18,0,3,0,0,10,5e+06,9.5e+06,4.765e+06,0.04921
2021,314210,Tom Davies,Everton,23,Midfield,Central Midfield,England,25,17,0,1,0,0,10,1.8e+07,1.6e+07,1.238e+07,0.4535
2021,289446,Yerry Mina,Everton,26.77,Defender,Centre-Back,Colombia,24,23,2,0,0,0,10,2e+07,2e+07,1.303e+07,0.5351
2021,290951,Aboubakar Kamara,Fulham,26.32,Attack,Centre-Forward,Mauritania  France,11,2,0,0,0,0,18,2e+06,1.6e+06,2.804e+06,-0.2868
2021,406040,Ademola Lookman,Fulham,23.7,Attack,Second Striker,Nigeria  England,34,31,4,4,0,0,18,1.1e+07,1.35e+07,1.157e+07,-0.04958
2021,51152,Aleksandar Mitrović,Fulham,26.79,Attack,Centre-Forward,Serbia,27,13,3,3,0,0,18,1.6e+07,2e+07,9.523e+06,0.6802
2021,120629,Alphonse Areola,Fulham,28.34,Goalkeeper,Goalkeeper,France  Philippines,36,36,0,0,9,0,18,1.7e+07,1.3e+07,1.035e+07,0.6421
2021,349701,Antonee Robinson,Fulham,23.9,Defender,Left-Back,United States  England,28,24,0,0,0,0,18,7e+06,3.5e+06,5.948e+06,0.177
2021,186186,Bobby De Cordova-Reid,Fulham,28.41,Attack,Right Winger,Jamaica  England,33,28,5,3,0,0,18,1e+07,8e+06,8.991e+06,0.1122
2021,59641,Denis Odoi,Fulham,33.1,Defender,Right-Back,Ghana  Belgium,3,3,0,0,0,0,18,6e+05,1.6e+06,1.292e+06,-0.5357
2021,354361,Frank Anguissa,Fulham,25.62,Midfield,Central Midfield,Cameroon,36,29,0,3,0,0,18,2.5e+07,2e+07,1.277e+07,0.9571
2021,559263,Fábio Carvalho,Fulham,18.84,Midfield,Attacking Midfield,Portugal  England,4,3,1,0,0,0,18,2.5e+05,,2.904e+06,-0.9139
2021,226973,Harrison Reed,Fulham,26.43,Midfield,Central Midfield,England,31,26,0,2,0,0,18,1e+07,2.4e+06,6.01e+06,0.6638
2021,149716,Ivan Cavaleiro,Fulham,27.7,Attack,Left Winger,Angola  Portugal,36,27,3,0,0,0,18,7e+06,8e+06,8.2e+06,-0.1464
2021,260827,Joachim Andersen,Fulham,25.08,Defender,Centre-Back,Denmark,31,30,1,1,0,0,18,2.2e+07,1.6e+07,1.366e+07,0.6106
2021,194460,Joe Bryan,Fulham,27.79,Defender,Left-Back,England,16,7,1,1,0,0,18,5e+06,5.5e+06,4.546e+06,0.09995
2021,453824,Josh Maja,Fulham,22.51,Attack,Centre-Forward,Nigeria  England,15,9,3,0,0,0,18,5e+06,6.3e+06,7.262e+06,-0.3115
2021,243589,Josh Onomah,Fulham,24.18,Midfield,Central Midfield,England  Nigeria,11,4,0,0,0,0,18,6e+06,4e+06,2.942e+06,1.039
2021,206746,Kenny Tete,Fulham,25.73,Defender,Right-Back,Netherlands  Mozambique,22,18,0,1,0,0,18,5e+06,5.5e+06,5.507e+06,-0.09209
2021,186901,Marek Rodák,Fulham,24.55,Goalkeeper,Goalkeeper,Slovakia,2,2,0,0,0,0,18,5e+06,4e+06,2.386e+06,1.095
2021,170934,Mario Lemina,Fulham,27.83,Midfield,Defensive Midfield,Gabon  France,28,19,1,1,0,0,18,1e+07,1e+07,6.148e+06,0.6266
2021,60558,Maxime Le Marchand,Fulham,31.72,Defender,Centre-Back,France,2,1,0,0,0,2,18,1.5e+06,1.6e+06,1.888e+06,-0.2055
2021,157490,Michael Hector,Fulham,28.95,Defender,Centre-Back,Jamaica  England,4,3,0,0,0,0,18,3.5e+06,4.8e+06,1.98e+06,0.7681
2021,111422,Neeskens Kebano,Fulham,29.31,Attack,Left Winger,DR Congo  France,5,1,0,0,0,0,18,1e+06,1.2e+06,1.926e+06,-0.4807
2021,236490,Ola Aina,Fulham,24.73,Defender,Right-Back,Nigeria  England,31,31,2,1,0,0,18,6e+06,7e+06,1.086e+07,-0.4473
2021,202886,Ruben Loftus-Cheek,Fulham,25.44,Midfield,Central Midfield,England  Guyana,31,22,1,0,0,0,18,1.8e+07,2.4e+07,8.143e+06,1.21
2021,152651,Terence Kongolo,Fulham,27.38,Defender,Centre-Back,Netherlands  DR Congo,1,1,0,0,0,0,18,3.5e+06,8e+06,1.863e+06,0.879
2021,145466,Tim Ream,Fulham,33.74,Defender,Centre-Back,United States,7,7,0,0,0,0,18,6e+05,1.2e+06,1.758e+06,-0.6587
2021,123275,Tom Cairney,Fulham,30.44,Midfield,Central Midfield,Scotland  England,10,9,1,1,0,0,18,9e+06,1.2e+07,4.18e+06,1.153
2021,258878,Tosin Adarabioyo,Fulham,23.77,Defender,Centre-Back,England  Nigeria,33,33,0,0,0,0,18,1.2e+07,2.8e+06,8.54e+06,0.4051
2021,528888,Tyrese Francois,Fulham,20.96,Midfield,Central Midfield,Australia  England,1,0,0,0,0,0,18,1.5e+05,,4.8e+05,-0.6875
2021,246291,Diego Llorente,Leeds,27.87,Defender,Centre-Back,Spain,15,14,1,0,0,0,9,2e+07,2e+07,1.376e+07,0.4539
2021,129604,Ezgjan Alioski,Leeds,29.38,Defender,Left-Back,North Macedonia  Switzerland,36,29,2,3,0,0,9,5e+06,3.5e+06,1.031e+07,-0.5149
2021,43084,Gaetano Berardi,Leeds,32.86,Defender,Right-Back,Switzerland  Italy,2,1,0,0,0,0,9,3e+05,4e+05,1.498e+06,-0.7998
2021,173900,Hélder Costa,Leeds,27.47,Attack,Right Winger,Angola  Portugal,22,13,3,3,0,0,9,1e+07,8e+06,9.798e+06,0.02062
2021,392763,Ian Poveda,Leeds,21.39,Attack,Right Winger,Colombia  England,14,0,0,0,0,0,9,1.5e+06,6.75e+05,3.382e+06,-0.5565
2021,542586,Illan Meslier,Leeds,21.33,Goalkeeper,Goalkeeper,France,35,35,0,1,11,0,9,2e+07,4.5e+06,1.489e+07,0.3429
2021,417346,Jack Harrison,Leeds,24.61,Attack,Left Winger,England,36,34,8,8,0,0,9,1.5e+07,5.2e+06,2.876e+07,-0.4784
2021,534700,Jamie Shackleton,Leeds,21.73,Defender,Right-Back,England,13,3,0,0,0,0,9,2.5e+06,2.3e+06,3.33e+06,-0.2492
2021,351749,Kalvin Phillips,Leeds,25.58,Midfield,Defensive Midfield,England  Jamaica,29,28,1,2,0,0,9,4e+07,1.2e+07,1.409e+07,1.839
2021,27486,Kiko Casilla,Leeds,34.75,Goalkeeper,Goalkeeper,Spain,3,3,0,0,1,0,9,8e+05,2e+06,1.648e+06,-0.5146
2021,596446,Leif Davis,Leeds,21.5,Defender,Left-Back,England,2,0,0,0,0,0,9,8e+05,1e+05,1.54e+06,-0.4806
2021,75067,Liam Cooper,Leeds,29.84,Defender,Centre-Back,Scotland  England,25,25,1,0,0,0,9,7e+06,5.5e+06,7.357e+06,-0.04852
2021,67420,Luke Ayling,Leeds,29.85,Defender,Right-Back,England,38,38,0,0,0,0,9,5e+06,2.4e+06,7.494e+06,-0.3328
2021,92738,Mateusz Klich,Leeds,31.05,Midfield,Central Midfield,Poland,35,28,4,5,0,0,9,4e+06,2.8e+06,9.295e+06,-0.5697
2021,559801,Niall Huggins,Leeds,20.53,Defender,Right-Back,Wales  England,1,0,0,0,0,0,9,2e+05,,6.996e+05,-0.7141
2021,46220,Pablo Hernández,Leeds,36.22,Attack,Right Winger,Spain,16,3,0,2,0,0,9,8e+05,1.2e+06,2.6e+06,-0.6923
2021,410708,Pascal Struijk,Leeds,21.89,Defender,Centre-Back,Netherlands  Belgium,27,22,1,0,0,0,9,9e+06,,1.06e+07,-0.151
2021,183334,Patrick Bamford,Leeds,27.82,Attack,Centre-Forward,England  Ireland,38,37,17,9,0,0,9,2.2e+07,6.5e+06,2.659e+07,-0.1727
2021,411295,Raphinha,Leeds,24.54,Attack,Left Winger,Brazil  Italy,30,26,6,9,0,0,9,3e+07,1.6e+07,3.438e+07,-0.1273
2021,328784,Robin Koch,Leeds,24.96,Defender,Centre-Back,Germany,17,13,0,0,0,0,9,1.7e+07,1.7e+07,1.482e+07,0.147
2021,131505,Rodrigo,Leeds,30.32,Attack,Centre-Forward,Spain  Brazil,26,14,7,2,0,0,9,1.8e+07,4e+07,1.628e+07,0.1059
2021,158764,Stuart Dallas,Leeds,30.2,Midfield,Left Midfield,Northern Ireland,38,38,8,2,0,0,9,4e+06,2.4e+06,1.206e+07,-0.6684
2021,296986,Tyler Roberts,Leeds,22.47,Attack,Second Striker,Wales  England,27,14,1,2,0,0,9,6e+06,3.6e+06,8.106e+06,-0.2598
2021,246968,Ayoze Pérez,Leicester,27.92,Attack,Centre-Forward,Spain,25,15,2,1,0,4,5,1.8e+07,2.4e+07,2.457e+07,-0.2675
2021,341647,Cengiz Ünder,Leicester,23.96,Attack,Right Winger,Türkiye,9,1,0,2,0,8,5,1.8e+07,2.3e+07,1.026e+07,0.7537
2021,6636,Christian Fuchs,Leicester,35.23,Defender,Left-Back,Austria,9,8,0,0,0,5,5,8e+05,1.6e+06,2.438e+06,-0.6719
2021,214056,Daniel Amartey,Leicester,26.53,Defender,Centre-Back,Ghana,12,8,1,0,0,2,5,5e+06,3.5e+06,9.214e+06,-0.4573
2021,292417,Demarai Gray,Leicester,25.01,Attack,Left Winger,Jamaica  England,1,0,0,0,0,2,5,8e+06,1.45e+07,9.14e+06,-0.1247
2021,129588,Dennis Praet,Leicester,27.13,Midfield,Central Midfield,Belgium,15,10,1,1,0,6,5,1.8e+07,1.9e+07,1.413e+07,0.274
2021,341501,Hamza Choudhury,Leicester,23.75,Midfield,Defensive Midfield,Bangladesh  England,10,4,0,0,0,8,5,7e+06,8e+06,9.035e+06,-0.2252
2021,398065,Harvey Barnes,Leicester,23.56,Attack,Left Winger,England  Scotland,25,22,9,4,0,8,5,3.5e+07,2.2e+07,4.669e+07,-0.2504
2021,174915,Islam Slimani,Leicester,33.03,Attack,Centre-Forward,Algeria,1,0,0,0,0,0,5,3e+06,6.5e+06,3.802e+06,-0.2109
2021,413220,James Justin,Leicester,23.35,Defender,Right-Back,England  St. Lucia,23,23,2,2,0,6,5,1.7e+07,6e+06,1.796e+07,-0.05333
2021,294057,James Maddison,Leicester,24.6,Midfield,Attacking Midfield,England,31,24,8,7,0,6,5,5.5e+07,5.5e+07,5.194e+07,0.05885
2021,197838,Jamie Vardy,Leicester,34.47,Attack,Centre-Forward,England,34,31,15,10,0,4,5,7e+06,1.6e+07,1.43e+07,-0.5106
2021,42412,Jonny Evans,Leicester,33.49,Defender,Centre-Back,Northern Ireland,28,28,2,2,0,5,5,7e+06,1.2e+07,1.38e+07,-0.4926
2021,16911,Kasper Schmeichel,Leicester,34.65,Goalkeeper,Goalkeeper,Denmark,38,38,0,1,11,6,5,6e+06,9.5e+06,1.183e+07,-0.4926
2021,295330,Kelechi Iheanacho,Leicester,24.74,Attack,Centre-Forward,Nigeria,25,16,12,2,0,7,5,2e+07,1.5e+07,4.065e+07,-0.508
2021,461882,Khanya Leshabela,Leicester,21.79,Midfield,Central Midfield,South Africa,1,0,0,0,0,0,5,,,9.669e+05,
2021,505194,Luke Thomas,Leicester,20.06,Defender,Left-Back,England,14,12,1,0,0,7,5,5e+06,1e+06,1.055e+07,-0.5261
2021,61560,Marc Albrighton,Leicester,31.62,Midfield,Right Midfield,England,31,17,1,5,0,5,5,4e+06,8e+06,1.386e+07,-0.7114
2021,111051,Nampalys Mendy,Leicester,29.02,Midfield,Defensive Midfield,Senegal  France,23,15,0,1,0,4,5,8e+06,5.5e+06,1.198e+07,-0.3324
2021,215876,Ricardo Pereira,Leicester,27.73,Defender,Right-Back,Portugal  Cape Verde,15,10,0,1,0,2,5,3e+07,3.2e+07,1.667e+07,0.7995
2021,511813,Sidnei Tavares,Leicester,19.75,Midfield,Central Midfield,Cape Verde  Portugal,2,1,0,0,0,1,5,3e+05,,2.123e+06,-0.8587
2021,262226,Timothy Castagne,Leicester,25.57,Defender,Right-Back,Belgium,27,27,2,3,0,2,5,2.8e+07,1.8e+07,2.113e+07,0.3252
2021,10003,Wes Morgan,Leicester,37.44,Defender,Centre-Back,Jamaica  England,3,0,0,0,0,5,5,4e+05,1.2e+06,1.29e+06,-0.69
2021,475411,Wesley Fofana,Leicester,20.54,Defender,Centre-Back,France  Cote d'Ivoire,28,27,0,1,0,6,5,4e+07,1e+07,2.382e+07,0.679
2021,274839,Wilfred Ndidi,Leicester,24.54,Midfield,Defensive Midfield,Nigeria  England,26,25,1,4,0,4,5,6e+07,4.5e+07,3.597e+07,0.6683
2021,249565,Youri Tielemans,Leicester,24.15,Midfield,Central Midfield,Belgium  DR Congo,38,37,6,4,0,7,5,5.5e+07,4.4e+07,4.767e+07,0.1539
2021,71271,Adrián,Liverpool,34.49,Goalkeeper,Goalkeeper,Spain,3,3,0,0,1,1,3,1e+06,4e+06,2.97e+06,-0.6633
2021,143424,Alex Oxlade-Chamberlain,Liverpool,27.88,Midfield,Central Midfield,England,13,2,1,1,0,3,3,1.8e+07,2.8e+07,1.534e+07,0.1732
2021,105470,Alisson,Liverpool,28.74,Goalkeeper,Goalkeeper,Brazil,33,33,0,0,10,7,3,6e+07,7.2e+07,4.398e+07,0.3643
2021,234803,Andrew Robertson,Liverpool,27.31,Defender,Left-Back,Scotland,38,38,1,7,0,10,3,6.5e+07,6.4e+07,5.273e+07,0.2326
2021,340918,Caoimhín Kelleher,Liverpool,22.6,Goalkeeper,Goalkeeper,Ireland,2,2,0,0,1,2,3,2.5e+06,9e+05,2.99e+06,-0.1638
2021,433188,Curtis Jones,Liverpool,20.42,Midfield,Central Midfield,England,24,13,1,2,0,5,3,3e+07,5e+06,2.886e+07,0.03958
2021,340950,Diogo Jota,Liverpool,24.57,Attack,Left Winger,Portugal,19,12,9,0,0,9,3,4.5e+07,2.8e+07,6.156e+07,-0.269
2021,148368,Divock Origi,Liverpool,26.2,Attack,Centre-Forward,Belgium  Kenya,9,2,0,0,0,4,3,1.2e+07,1.6e+07,1.699e+07,-0.2936
2021,225693,Fabinho,Liverpool,27.69,Midfield,Defensive Midfield,Brazil,30,28,0,1,0,8,3,6e+07,5.6e+07,4.78e+07,0.2551
2021,49499,Georginio Wijnaldum,Liverpool,30.64,Midfield,Central Midfield,Netherlands  Suriname,38,34,2,0,0,9,3,3e+07,4e+07,3.291e+07,-0.08848
2021,3333,James Milner,Liverpool,35.49,Midfield,Central Midfield,England,26,11,0,1,0,6,3,3e+06,6.5e+06,4.876e+06,-0.3847
2021,256178,Joe Gomez,Liverpool,24.11,Defender,Centre-Back,England  The Gambia,7,6,0,0,0,3,3,3e+07,4e+07,2.191e+07,0.3694
2021,61651,Jordan Henderson,Liverpool,31.04,Midfield,Defensive Midfield,England,21,20,1,1,0,6,3,2e+07,2.8e+07,2.79e+07,-0.2831
2021,338070,Konstantinos Tsimikas,Liverpool,25.14,Defender,Left-Back,Greece,2,0,0,0,0,4,3,8e+06,9e+06,8.84e+06,-0.09506
2021,148455,Mohamed Salah,Liverpool,29.04,Attack,Right Winger,Egypt,37,34,22,5,0,10,3,1e+08,1.2e+08,1.14e+08,-0.1231
2021,302215,Naby Keïta,Liverpool,26.39,Midfield,Central Midfield,Guinea,10,7,0,0,0,4,3,3.2e+07,4e+07,1.797e+07,0.7811
2021,371814,Nat Phillips,Liverpool,24.28,Defender,Centre-Back,England,17,15,1,1,0,3,3,8e+06,8e+05,1.379e+07,-0.4197
2021,503680,Neco Williams,Liverpool,20.22,Defender,Left-Back,Wales,6,3,0,0,0,4,3,8e+06,4e+06,1.116e+07,-0.2831
2021,361260,Ozan Kabak,Liverpool,21.27,Defender,Centre-Back,Türkiye,9,9,0,0,0,4,3,2.5e+07,2.9e+07,2.587e+07,-0.03371
2021,503679,Rhys Williams,Liverpool,20.41,Defender,Centre-Back,England  Jamaica,9,7,0,0,0,6,3,5e+06,,1.011e+07,-0.5054
2021,131789,Roberto Firmino,Liverpool,29.75,Attack,Centre-Forward,Brazil,36,33,9,7,0,9,3,5e+07,7.2e+07,6.96e+07,-0.2816
2021,200512,Sadio Mané,Liverpool,29.22,Attack,Left Winger,Senegal,35,31,11,8,0,10,3,8.5e+07,1.2e+08,8.411e+07,0.01059
2021,60444,Thiago Alcántara,Liverpool,30.22,Midfield,Central Midfield,Spain  Brazil,24,20,1,0,0,4,3,3e+07,4.8e+07,2.773e+07,0.08175
2021,314353,Trent Alexander-Arnold,Liverpool,22.73,Defender,Right-Back,England,36,34,2,7,0,8,3,7.5e+07,1.1e+08,5.181e+07,0.4475
2021,139208,Virgil van Dijk,Liverpool,29.98,Defender,Centre-Back,Netherlands  Suriname,5,5,1,0,0,0,3,5.5e+07,8e+07,3.067e+07,0.7935
2021,86792,Xherdan Shaqiri,Liverpool,29.72,Midfield,Attacking Midfield,Switzerland  Kosovo,14,5,0,2,0,5,3,1.2e+07,1.6e+07,1.368e+07,-0.1229
2021,176553,Aymeric Laporte,Man City,27.1,Defender,Centre-Back,Spain  France,16,14,0,0,0,4,1,4.5e+07,6e+07,2.812e+07,0.6005
2021,157495,Benjamin Mendy,Man City,26.96,Defender,Left-Back,France  Senegal,13,11,2,1,0,1,1,2e+07,2.8e+07,2.136e+07,-0.06349
2021,241641,Bernardo Silva,Man City,26.89,Midfield,Attacking Midfield,Portugal,26,24,2,6,0,13,1,7e+07,8e+07,6.359e+07,0.1008
2021,238223,Ederson,Man City,27.87,Goalkeeper,Goalkeeper,Brazil  Portugal,36,36,0,0,19,12,1,5e+07,5.6e+07,5.695e+07,-0.1221
2021,466794,Eric García,Man City,20.47,Defender,Centre-Back,Spain,6,3,0,0,0,3,1,2e+07,1.6e+07,1.047e+07,0.9103
2021,26267,Fernandinho,Man City,36.16,Midfield,Defensive Midfield,Brazil,21,12,0,2,0,7,1,2e+06,8e+06,3.921e+06,-0.4899
2021,398184,Ferran Torres,Man City,21.34,Attack,Centre-Forward,Spain,24,15,7,2,0,6,1,5e+07,4.5e+07,5.251e+07,-0.04786
2021,363205,Gabriel Jesus,Man City,24.24,Attack,Centre-Forward,Brazil,29,22,9,4,0,7,1,6e+07,5.6e+07,6.895e+07,-0.1298
2021,186590,John Stones,Man City,27.09,Defender,Centre-Back,England,22,22,4,0,0,11,1,3e+07,3e+07,3.162e+07,-0.0513
2021,182712,João Cancelo,Man City,27.1,Defender,Right-Back,Portugal,28,27,2,3,0,9,1,5.5e+07,3.6e+07,3.296e+07,0.6689
2021,88755,Kevin De Bruyne,Man City,30.01,Midfield,Attacking Midfield,Belgium,25,23,6,12,0,8,1,1e+08,1.2e+08,1.013e+08,-0.01317
2021,95424,Kyle Walker,Man City,31.09,Defender,Right-Back,England,24,22,1,1,0,11,1,2.8e+07,4e+07,3.175e+07,-0.1181
2021,610849,Liam Delap,Man City,18.39,Attack,Centre-Forward,England  Ireland,1,0,0,0,0,0,1,,,2.945e+06,
2021,177476,Nathan Aké,Man City,26.37,Defender,Centre-Back,Netherlands  Cote d'Ivoire,10,9,1,0,0,2,1,3.2e+07,2.8e+07,2.584e+07,0.2382
2021,203853,Oleksandr Zinchenko,Man City,24.54,Defender,Left-Back,Ukraine,20,15,0,0,0,9,1,2.8e+07,2.4e+07,2.124e+07,0.3183
2021,406635,Phil Foden,Man City,21.09,Attack,Right Winger,England,28,17,9,5,0,13,1,8e+07,4e+07,5.582e+07,0.4332
2021,134425,Raheem Sterling,Man City,26.56,Attack,Right Winger,England  Jamaica,31,28,10,8,0,11,1,9e+07,1.28e+08,1.034e+08,-0.1296
2021,171424,Riyad Mahrez,Man City,30.36,Attack,Right Winger,Algeria  France,27,23,9,6,0,12,1,4.2e+07,4.8e+07,7.132e+07,-0.4111
2021,357565,Rodri,Man City,25.02,Midfield,Defensive Midfield,Spain,34,31,2,2,0,10,1,7e+07,6.4e+07,6.505e+07,0.07616
2021,258004,Rúben Dias,Man City,24.13,Defender,Centre-Back,Portugal,32,32,1,0,0,11,1,7.5e+07,3.5e+07,4.69e+07,0.5992
2021,14555,Scott Carson,Man City,35.82,Goalkeeper,Goalkeeper,England,1,1,0,0,0,0,1,3e+05,8e+05,9.902e+05,-0.697
2021,26399,Sergio Agüero,Man City,33.08,Attack,Centre-Forward,Argentina  Spain,12,7,4,1,0,7,1,1.8e+07,5.2e+07,1.712e+07,0.0515
2021,221624,Zack Steffen,Man City,26.25,Goalkeeper,Goalkeeper,United States,1,1,0,0,0,1,1,6e+06,6e+06,1.086e+07,-0.4473
2021,53622,İlkay Gündoğan,Man City,30.69,Midfield,Central Midfield,Germany,28,23,13,3,0,12,1,4e+07,4e+07,6.218e+07,-0.3567
2021,477758,Aaron Wan-Bissaka,Man United,23.59,Defender,Right-Back,DR Congo  England,34,34,2,4,0,15,2,4e+07,4e+07,4.673e+07,-0.144
2021,255755,Alex Telles,Man United,28.54,Defender,Left-Back,Brazil  Italy,9,8,0,2,0,11,2,2e+07,4e+07,1.841e+07,0.08642
2021,536835,Amad Diallo,Man United,18.97,Attack,Right Winger,Cote d'Ivoire  Italy,3,2,0,1,0,5,2,1.8e+07,,1.349e+07,0.3342
2021,583189,Anthony Elanga,Man United,19.18,Attack,Right Winger,Sweden  Cameroon,2,2,1,0,0,0,2,8e+05,,2.836e+06,-0.7179
2021,182877,Anthony Martial,Man United,25.57,Attack,Centre-Forward,France  Guadeloupe,22,17,4,6,0,8,2,4.5e+07,5.8e+07,7.403e+07,-0.3921
2021,342046,Axel Tuanzebe,Man United,23.63,Defender,Right-Back,DR Congo  England,9,4,0,0,0,8,2,8e+06,8e+06,8.634e+06,-0.07342
2021,507700,Brandon Williams,Man United,20.82,Defender,Left-Back,England,4,2,0,0,0,6,2,1e+07,1.1e+07,1.704e+07,-0.4131
2021,240306,Bruno Fernandes,Man United,26.81,Midfield,Attacking Midfield,Portugal,37,35,18,11,0,15,2,9e+07,7e+07,1.014e+08,-0.1127
2021,319301,Daniel James,Man United,23.64,Attack,Right Winger,Wales  England,15,11,3,1,0,9,2,1.8e+07,1.9e+07,3.644e+07,-0.5061
2021,59377,David de Gea,Man United,30.65,Goalkeeper,Goalkeeper,Spain,26,26,0,0,9,10,2,1.8e+07,4e+07,3.998e+07,-0.5497
2021,258919,Dean Henderson,Man United,24.3,Goalkeeper,Goalkeeper,England,13,12,0,0,5,5,2,2.2e+07,2e+07,2.606e+07,-0.1557
2021,288255,Donny van de Beek,Man United,24.2,Midfield,Central Midfield,Netherlands,19,4,1,1,0,9,2,3e+07,4.4e+07,2.561e+07,0.1714
2021,48280,Edinson Cavani,Man United,34.38,Attack,Centre-Forward,Uruguay  Italy,26,13,10,3,0,9,2,6e+06,2e+07,8.713e+06,-0.3114
2021,286384,Eric Bailly,Man United,27.22,Defender,Centre-Back,Cote d'Ivoire,12,10,0,0,0,5,2,1.5e+07,1.75e+07,1.216e+07,0.2332
2021,191614,Fred,Man United,28.32,Midfield,Central Midfield,Brazil,30,27,1,0,0,12,2,2.2e+07,1.75e+07,3.955e+07,-0.4437
2021,607224,Hannibal,Man United,18.44,Midfield,Attacking Midfield,Tunisia  France,1,0,0,0,0,0,2,3e+06,,1.513e+06,0.9829
2021,177907,Harry Maguire,Man United,28.32,Defender,Centre-Back,England,34,34,2,1,0,11,2,5e+07,5.6e+07,5.185e+07,-0.03563
2021,44068,Juan Mata,Man United,33.17,Midfield,Attacking Midfield,Spain,9,6,1,2,0,6,2,4e+06,9.5e+06,1.109e+07,-0.6394
2021,183288,Luke Shaw,Man United,25.97,Defender,Left-Back,England,32,30,1,5,0,10,2,4.2e+07,2.2e+07,3.864e+07,0.087
2021,258923,Marcus Rashford,Man United,23.67,Attack,Left Winger,England  St. Kitts & Nevis,37,33,11,13,0,13,2,8.5e+07,8e+07,1.265e+08,-0.3279
2021,532826,Mason Greenwood,Man United,19.75,Attack,Right Winger,England,31,21,7,2,0,14,2,5e+07,4.5e+07,4.844e+07,0.03223
2021,74683,Nemanja Matic,Man United,32.91,Midfield,Defensive Midfield,Serbia  Slovakia,20,12,0,1,0,11,2,8e+06,1.6e+07,1.133e+07,-0.294
2021,62121,Odion Ighalo,Man United,32.04,Attack,Centre-Forward,Nigeria  Italy,1,0,0,0,0,1,2,3.5e+06,5.2e+06,5.348e+06,-0.3455
2021,122153,Paul Pogba,Man United,28.3,Midfield,Central Midfield,France  Guinea,26,21,3,5,0,11,2,6e+07,8e+07,3.735e+07,0.6066
2021,315969,Scott McTominay,Man United,24.56,Midfield,Central Midfield,Scotland  England,32,24,4,1,0,11,2,3.5e+07,2.25e+07,4.308e+07,-0.1876
2021,640026,Shola Shoretire,Man United,17.41,Attack,Left Winger,England  Nigeria,2,0,0,0,0,1,2,3e+06,,3.653e+06,-0.1788
2021,315131,Timothy Fosu-Mensah,Man United,23.49,Defender,Right-Back,Netherlands  Ghana,1,1,0,0,0,2,2,4e+06,6.3e+06,4.781e+06,-0.1634
2021,184573,Victor Lindelöf,Man United,26.96,Defender,Centre-Back,Sweden,29,29,1,1,0,11,2,2.4e+07,2.8e+07,4.54e+07,-0.4714
2021,640245,Will Fish,Man United,18.37,Defender,Centre-Back,England,1,0,0,0,0,0,2,5e+05,,1.101e+06,-0.5459
2021,272642,Allan Saint-Maximin,Newcastle,24.3,Attack,Left Winger,France  Haiti,25,19,3,4,0,0,12,3e+07,2.8e+07,1.6e+07,0.8752
2021,48066,Andy Carroll,Newcastle,32.48,Attack,Centre-Forward,England,18,4,1,0,0,0,12,1.5e+06,3.2e+06,3.656e+06,-0.5897
2021,123682,Callum Wilson,Newcastle,29.34,Attack,Centre-Forward,England,26,23,12,5,0,0,12,2.2e+07,2e+07,1.767e+07,0.245
2021,98240,Ciaran Clark,Newcastle,31.76,Defender,Centre-Back,Ireland  England,22,21,1,0,0,0,12,3e+06,4.8e+06,4.749e+06,-0.3682
2021,255916,DeAndre Yedlin,Newcastle,27.98,Defender,Right-Back,United States  Latvia,6,5,0,0,0,0,12,5e+06,6.5e+06,4.387e+06,0.1397
2021,196522,Dwight Gayle,Newcastle,31.7,Attack,Centre-Forward,England  Jamaica,18,4,1,1,0,0,12,4e+06,9.5e+06,4.165e+06,-0.0397
2021,567576,Elliot Anderson,Newcastle,18.65,Midfield,Central Midfield,England  Scotland,1,0,0,0,0,0,12,2e+05,,1.467e+06,-0.8636
2021,184528,Emil Krafth,Newcastle,26.91,Defender,Right-Back,Sweden,16,14,1,1,0,0,12,3.5e+06,4e+06,5.819e+06,-0.3985
2021,135343,Fabian Schär,Newcastle,29.53,Defender,Centre-Back,Switzerland,18,13,1,0,0,0,12,9e+06,1.3e+07,6.495e+06,0.3857
2021,85475,Federico Fernández,Newcastle,32.36,Defender,Centre-Back,Argentina  Italy,24,24,0,0,0,0,12,3e+06,5.5e+06,6.717e+06,-0.5533
2021,206225,Isaac Hayden,Newcastle,26.28,Midfield,Defensive Midfield,Jamaica  England,24,22,0,0,0,0,12,1e+07,8e+06,1.14e+07,-0.1229
2021,199527,Jacob Murphy,Newcastle,26.35,Attack,Right Winger,England  Ireland,26,17,2,3,0,0,12,4e+06,3.5e+06,8.651e+06,-0.5376
2021,183318,Jamaal Lascelles,Newcastle,27.64,Defender,Centre-Back,England  Barbados,19,19,2,0,0,0,12,1.3e+07,1.45e+07,1.047e+07,0.2416
2021,346018,Jamal Lewis,Newcastle,23.43,Defender,Left-Back,Northern Ireland  England,24,20,0,1,0,0,12,1.5e+07,1.1e+07,7.901e+06,0.8986
2021,162029,Javier Manquillo,Newcastle,27.16,Defender,Right-Back,Spain,13,10,0,0,0,0,12,3e+06,4e+06,5.669e+06,-0.4708
2021,148262,Jeff Hendrick,Newcastle,29.42,Midfield,Central Midfield,Ireland,22,17,2,1,0,0,12,9e+06,9e+06,6.499e+06,0.3848
2021,340329,Joe Willock,Newcastle,21.86,Midfield,Central Midfield,England  Montserrat,21,13,8,0,0,5,12,1.6e+07,1.6e+07,1.783e+07,-0.1028
2021,333241,Joelinton,Newcastle,24.88,Midfield,Central Midfield,Brazil,31,23,4,2,0,0,12,1.7e+07,2e+07,1.72e+07,-0.01169
2021,71292,Jonjo Shelvey,Newcastle,29.34,Midfield,Central Midfield,England  Ireland,30,29,1,3,0,0,12,1.3e+07,1.45e+07,1.083e+07,0.2
2021,99397,Karl Darlow,Newcastle,30.73,Goalkeeper,Goalkeeper,Wales  England,25,25,0,0,4,0,12,3e+06,2.4e+06,4.963e+06,-0.3955
2021,74960,Martin Dúbravka,Newcastle,32.46,Goalkeeper,Goalkeeper,Slovakia,13,13,0,0,3,0,12,5e+06,7.5e+06,4.856e+06,0.02976
2021,92469,Matt Ritchie,Newcastle,31.81,Midfield,Right Midfield,Scotland  England,18,15,0,3,0,0,12,3e+06,9.5e+06,4.793e+06,-0.374
2021,484387,Matty Longstaff,Newcastle,21.28,Midfield,Central Midfield,England,5,4,0,0,0,0,12,5e+06,5e+06,3.307e+06,0.5119
2021,272999,Miguel Almirón,Newcastle,27.39,Attack,Right Winger,Paraguay,34,28,4,1,0,0,12,1.75e+07,1.6e+07,1.323e+07,0.3223
2021,170321,Paul Dummett,Newcastle,29.76,Defender,Left-Back,Wales  England,15,14,1,0,0,0,12,3e+06,5.5e+06,5.79e+06,-0.4818
2021,146795,Ryan Fraser,Newcastle,27.35,Attack,Left Winger,Scotland,18,9,0,3,0,0,12,1e+07,1.75e+07,7.658e+06,0.3059
2021,346707,Sean Longstaff,Newcastle,23.67,Midfield,Central Midfield,England,22,15,0,1,0,0,12,1.5e+07,1.75e+07,8.319e+06,0.8031
2021,95976,Alex McCarthy,Southampton,31.58,Goalkeeper,Goalkeeper,England,30,30,0,0,7,0,15,5e+06,6.5e+06,6.562e+06,-0.238
2021,507472,Alexandre Jankewitz,Southampton,19.52,Midfield,Central Midfield,Switzerland,2,1,0,0,0,0,15,5e+05,,1.254e+06,-0.6012
2021,465294,Allan Tchaptchet,Southampton,19.53,Defender,Centre-Back,France  Cameroon,1,0,0,0,0,0,15,1.5e+05,,7.492e+05,-0.7998
2021,610665,Caleb Watts,Southampton,19.46,Midfield,Attacking Midfield,Australia  England,3,0,0,0,0,0,15,2.5e+05,,1.479e+06,-0.831
2021,346779,Ché Adams,Southampton,24.97,Attack,Centre-Forward,Scotland  England,36,30,9,5,0,0,15,2e+07,1.2e+07,1.661e+07,0.204
2021,346482,Dan Nlundulu,Southampton,22.4,Attack,Centre-Forward,England  DR Congo,13,0,0,0,0,0,15,1.5e+06,,3.512e+06,-0.5729
2021,134294,Danny Ings,Southampton,28.94,Attack,Centre-Forward,England,29,26,12,4,0,0,15,2.2e+07,2e+07,2.212e+07,-0.005248
2021,52570,Fraser Forster,Southampton,33.29,Goalkeeper,Goalkeeper,England,8,8,0,0,2,0,15,3e+06,6.5e+06,2.575e+06,0.1652
2021,413032,Ibrahima Diallo,Southampton,22.32,Midfield,Defensive Midfield,France  Senegal,22,10,0,0,0,0,15,1.5e+07,1.5e+07,7.601e+06,0.9735
2021,163744,Jack Stephens,Southampton,27.43,Defender,Centre-Back,England,18,17,0,0,0,0,15,5e+06,5.5e+06,7.851e+06,-0.3632
2021,421424,Jake Vokins,Southampton,21.29,Defender,Left-Back,England,1,1,0,0,0,0,15,,,1.052e+06,
2021,181579,James Ward-Prowse,Southampton,26.66,Midfield,Central Midfield,England,38,38,8,7,0,0,15,3e+07,1.8e+07,2.679e+07,0.12
2021,243028,Jan Bednarek,Southampton,25.22,Defender,Centre-Back,Poland,36,36,1,1,0,0,15,2.5e+07,1.5e+07,1.798e+07,0.3901
2021,99331,Jannik Vestergaard,Southampton,28.91,Defender,Centre-Back,Denmark  Germany,30,29,3,0,0,0,15,1.8e+07,1.2e+07,1.376e+07,0.3082
2021,530879,Kayne Ramsay,Southampton,20.72,Defender,Right-Back,England,1,1,0,0,0,0,15,2.5e+05,,8.729e+05,-0.7136
2021,341051,Kyle Walker-Peters,Southampton,24.22,Defender,Right-Back,England  Jamaica,30,30,0,3,0,0,15,1.8e+07,8e+06,9.716e+06,0.8526
2021,444208,Michael Obafemi,Southampton,20.99,Attack,Centre-Forward,Ireland  Nigeria,4,0,0,0,0,0,15,3e+06,4.5e+06,3.811e+06,-0.2127
2021,563963,Mohammed Salisu,Southampton,22.21,Defender,Centre-Back,Ghana,12,8,0,0,0,0,15,1e+07,1.2e+07,7.985e+06,0.2523
2021,485424,Moussa Djenepo,Southampton,23.04,Attack,Left Winger,Mali,27,15,1,0,0,0,15,1.3e+07,1.1e+07,7.922e+06,0.641
2021,129078,Nathan Redmond,Southampton,27.32,Attack,Right Winger,England  Jamaica,29,17,2,3,0,0,15,1.8e+07,1.8e+07,1.423e+07,0.265
2021,340322,Nathan Tella,Southampton,21.99,Attack,Right Winger,Nigeria  England,18,7,1,1,0,0,15,2e+06,,4.451e+06,-0.5506
2021,66100,Oriol Romeu,Southampton,29.77,Midfield,Defensive Midfield,Spain,21,20,1,1,0,0,15,6e+06,8e+06,8.894e+06,-0.3254
2021,40611,Ryan Bertrand,Southampton,31.9,Defender,Left-Back,England,29,29,0,1,0,0,15,8e+06,1.05e+07,7.496e+06,0.06726
2021,37304,Shane Long,Southampton,34.44,Attack,Centre-Forward,Ireland,11,1,0,0,0,0,15,1.2e+06,2.8e+06,1.652e+06,-0.2737
2021,130765,Stuart Armstrong,Southampton,29.25,Midfield,Central Midfield,Scotland,33,32,4,5,0,0,15,8e+06,6.5e+06,1.057e+07,-0.2429
2021,165793,Takumi Minamino,Southampton,26.46,Attack,Left Winger,Japan,19,11,3,0,0,4,15,1.2e+07,1e+07,1.229e+07,-0.02357
2021,33713,Theo Walcott,Southampton,32.29,Attack,Right Winger,England,22,20,3,3,0,0,15,5e+06,1.2e+07,6.743e+06,-0.2585
2021,444211,Will Smallbone,Southampton,21.36,Midfield,Central Midfield,Ireland  England,3,2,0,0,0,0,15,2e+06,1e+06,2.869e+06,-0.3029
2021,406008,Yan Valery,Southampton,22.35,Defender,Right-Back,Tunisia  France,3,1,0,0,0,0,15,3e+06,6.3e+06,2.562e+06,0.1712
2021,192765,Ben Davies,Tottenham,28.19,Defender,Centre-Back,Wales,20,14,0,2,0,10,7,1.6e+07,1.75e+07,1.527e+07,0.04799
2021,525287,Carlos Vinícius,Tottenham,26.27,Attack,Centre-Forward,Brazil,9,3,1,0,0,9,7,1.8e+07,2e+07,1.26e+07,0.4284
2021,670883,Dane Scarlett,Tottenham,17.27,Attack,Centre-Forward,England  Jamaica,1,0,0,0,0,2,7,,,2.203e+06,
2021,341429,Davinson Sánchez,Tottenham,25.05,Defender,Centre-Back,Colombia,18,17,0,0,0,7,7,3.2e+07,4.8e+07,2.527e+07,0.2662
2021,207929,Dele Alli,Tottenham,25.22,Midfield,Attacking Midfield,England  Nigeria,15,7,0,1,0,8,7,3e+07,6.4e+07,2.547e+07,0.178
2021,175722,Eric Dier,Tottenham,27.46,Defender,Centre-Back,England  Portugal,28,28,0,0,0,6,7,2.2e+07,2e+07,2.521e+07,-0.1272
2021,111630,Erik Lamela,Tottenham,29.33,Attack,Right Winger,Argentina  Spain,23,5,1,0,0,6,7,1.6e+07,1.6e+07,1.063e+07,0.5048
2021,39381,Gareth Bale,Tottenham,31.96,Attack,Right Winger,Wales,20,10,11,2,0,10,7,1.8e+07,2.8e+07,1.507e+07,0.1944
2021,348795,Giovani Lo Celso,Tottenham,25.23,Midfield,Attacking Midfield,Argentina  Italy,18,11,1,1,0,6,7,2.7e+07,4e+07,1.673e+07,0.6139
2021,132098,Harry Kane,Tottenham,27.93,Attack,Centre-Forward,England  Ireland,35,35,23,14,0,5,7,1.2e+08,1.2e+08,8.511e+07,0.41
2021,249126,Harry Winks,Tottenham,25.41,Midfield,Central Midfield,England,15,9,0,0,0,8,7,2e+07,2.8e+07,1.601e+07,0.2492
2021,91845,Heung-min Son,Tottenham,28.98,Attack,Left Winger,"Korea, South",37,36,17,11,0,7,7,8.5e+07,6.4e+07,7.934e+07,0.07129
2021,17965,Hugo Lloris,Tottenham,34.51,Goalkeeper,Goalkeeper,France,38,38,0,0,12,4,7,9e+06,1.45e+07,1.095e+07,-0.1781
2021,346478,Japhet Tanganga,Tottenham,22.25,Defender,Centre-Back,England  DR Congo,6,6,0,0,0,3,7,8e+06,7.2e+06,4.817e+06,0.6606
2021,297212,Joe Rodon,Tottenham,23.69,Defender,Centre-Back,Wales,12,8,0,0,0,0,7,1e+07,2e+06,4.405e+06,1.27
2021,77100,Lucas Moura,Tottenham,28.88,Attack,Right Winger,Brazil,30,14,3,4,0,10,7,2.5e+07,3.2e+07,2.501e+07,-0.0005913
2021,171679,Matt Doherty,Tottenham,29.46,Defender,Right-Back,Ireland,17,13,0,2,0,7,7,1.6e+07,1.6e+07,1.615e+07,-0.009292
2021,46001,Moussa Sissoko,Tottenham,31.87,Midfield,Central Midfield,France  Mali,25,15,0,0,0,8,7,1e+07,2e+07,1.367e+07,-0.2684
2021,167799,Pierre-Emile Højbjerg,Tottenham,25.91,Midfield,Defensive Midfield,Denmark  France,38,38,2,5,0,7,7,4e+07,2e+07,3.49e+07,0.1462
2021,127032,Serge Aurier,Tottenham,28.52,Defender,Right-Back,Cote d'Ivoire,19,19,2,3,0,4,7,2e+07,1.6e+07,2.706e+07,-0.2608
2021,282429,Sergio Reguilón,Tottenham,24.54,Defender,Left-Back,Spain,27,26,0,4,0,4,7,2.5e+07,2.5e+07,2.809e+07,-0.11
2021,284165,Steven Bergwijn,Tottenham,23.73,Attack,Left Winger,Netherlands  Suriname,21,13,1,4,0,8,7,2.2e+07,2.8e+07,2.276e+07,-0.03328
2021,450936,Tanguy Ndombélé,Tottenham,24.51,Midfield,Central Midfield,France  DR Congo,33,28,3,2,0,7,7,5e+07,4.5e+07,2.522e+07,0.9827
2021,42710,Toby Alderweireld,Tottenham,32.33,Defender,Centre-Back,Belgium,25,25,1,0,0,3,7,1e+07,2.4e+07,1.26e+07,-0.2066
2021,111524,Ahmed Hegazy,West Brom,30.43,Defender,Centre-Back,Egypt,1,1,0,0,0,0,19,4e+06,3.5e+06,1.67e+06,1.395
2021,285845,Ainsley Maitland-Niles,West Brom,23.84,Defender,Right-Back,England  Jamaica,26,19,0,1,0,5,19,1.6e+07,1.45e+07,1.005e+07,0.5914
2021,36827,Branislav Ivanovic,West Brom,37.36,Defender,Right-Back,Serbia,13,8,0,0,0,0,19,5e+05,1e+06,1.141e+06,-0.5619
2021,183299,Callum Robinson,West Brom,26.41,Attack,Centre-Forward,Ireland  England,28,20,5,0,0,0,19,6e+06,5.5e+06,7.421e+06,-0.1914
2021,129627,Charlie Austin,West Brom,31.99,Attack,Centre-Forward,England,5,0,0,0,0,0,19,2e+06,3.2e+06,2.469e+06,-0.1899
2021,488362,Conor Gallagher,West Brom,21.4,Midfield,Central Midfield,England,30,28,2,2,0,0,19,1.5e+07,5.4e+06,9.478e+06,0.5826
2021,146509,Conor Townsend,West Brom,28.33,Defender,Left-Back,England,25,25,0,2,0,0,19,2e+06,8e+05,4.45e+06,-0.5505
2021,401320,Dara Oshea,West Brom,22.33,Defender,Centre-Back,Ireland,28,25,0,0,0,0,19,3e+06,9e+05,7.13e+06,-0.5792
2021,351755,Darnell Furlong,West Brom,25.67,Defender,Right-Back,England  Montserrat,35,32,1,3,0,0,19,5e+06,3.2e+06,6.119e+06,-0.1829
2021,61814,David Button,West Brom,32.34,Goalkeeper,Goalkeeper,England,1,1,0,0,0,0,19,1e+06,1.2e+06,1.282e+06,-0.2202
2021,261988,Filip Krovinovic,West Brom,25.84,Midfield,Defensive Midfield,Croatia,11,5,0,0,0,0,19,3e+06,3.2e+06,3.133e+06,-0.04244
2021,342048,Grady Diangana,West Brom,23.2,Attack,Right Winger,DR Congo  England,20,15,1,0,0,0,19,1e+07,4.5e+06,5.288e+06,0.8909
2021,65976,Hal Robson-Kanu,West Brom,32.11,Attack,Centre-Forward,Wales  England,19,2,2,0,0,0,19,1.5e+06,2.4e+06,2.746e+06,-0.4538
2021,61832,Jake Livermore,West Brom,31.63,Midfield,Defensive Midfield,England,18,15,0,0,0,0,19,2.5e+06,5.5e+06,3.643e+06,-0.3138
2021,37920,Kamil Grosicki,West Brom,33.06,Attack,Left Winger,Poland,3,2,0,1,0,0,19,1e+06,2.4e+06,3.39e+06,-0.705
2021,314183,Karlan Grant,West Brom,23.78,Attack,Centre-Forward,England  Scotland,21,14,1,0,0,0,19,8e+06,6.5e+06,6.824e+06,0.1723
2021,44792,Kieran Gibbs,West Brom,31.76,Defender,Left-Back,England,10,9,0,0,0,0,19,2.5e+06,3.2e+06,2.216e+06,0.1283
2021,67421,Kyle Bartley,West Brom,30.11,Defender,Centre-Back,England  Jamaica,30,28,3,1,0,0,19,2.5e+06,2.8e+06,4.812e+06,-0.4805
2021,314366,Kyle Edwards,West Brom,23.37,Attack,Left Winger,England,5,1,0,0,0,0,19,1e+06,1.3e+06,1.867e+06,-0.4643
2021,38094,Lee Peltier,West Brom,34.55,Defender,Right-Back,England  Antigua and Barbuda,4,3,0,0,0,0,19,4e+05,8e+05,8.826e+05,-0.5468
2021,225984,Matheus Pereira,West Brom,25.16,Midfield,Attacking Midfield,Brazil  Portugal,33,30,11,6,0,0,19,1.5e+07,9.5e+06,1.943e+07,-0.2279
2021,77274,Matt Phillips,West Brom,30.3,Attack,Right Winger,Scotland  England,33,20,2,1,0,0,19,4e+06,5.5e+06,5.099e+06,-0.2155
2021,271966,Mbaye Diagne,West Brom,29.68,Attack,Centre-Forward,Senegal,16,14,3,2,0,0,19,3e+06,3.2e+06,5.08e+06,-0.4095
2021,137616,Okay Yokuşlu,West Brom,27.31,Midfield,Defensive Midfield,Türkiye,16,15,0,1,0,0,19,7.5e+06,6e+06,8.679e+06,-0.1358
2021,456877,Rekeem Harper,West Brom,21.31,Midfield,Central Midfield,England  Jamaica,2,0,0,0,0,0,19,2.5e+06,2.3e+06,8.569e+05,1.918
2021,22614,Robert Snodgrass,West Brom,33.82,Attack,Right Winger,Scotland,11,6,0,0,0,0,19,1.5e+06,4.8e+06,2.528e+06,-0.4067
2021,113036,Romaine Sawyers,West Brom,29.66,Midfield,Central Midfield,St. Kitts & Nevis  England,19,17,0,0,0,0,19,2e+06,3.2e+06,3.075e+06,-0.3496
2021,387331,Sam Field,West Brom,23.15,Midfield,Defensive Midfield,England,3,0,0,0,0,0,19,1e+06,1e+06,1.589e+06,-0.3708
2021,110864,Sam Johnstone,West Brom,28.27,Goalkeeper,Goalkeeper,England,37,37,0,0,6,0,19,8e+06,5.5e+06,7.991e+06,0.001159
2021,251912,Semi Ajayi,West Brom,27.64,Defender,Centre-Back,Nigeria  England,33,31,2,0,0,0,19,6e+06,4e+06,6.678e+06,-0.1016
2021,92571,Aaron Cresswell,West Ham,31.54,Defender,Left-Back,England,36,36,0,8,0,0,6,5e+06,6.5e+06,1.666e+07,-0.6998
2021,69015,Andriy Yarmolenko,West Ham,31.69,Attack,Right Winger,Ukraine,15,1,0,1,0,0,6,4e+06,9.5e+06,6.181e+06,-0.3529
2021,48002,Angelo Ogbonna,West Ham,33.11,Defender,Centre-Back,Italy  Nigeria,28,28,3,0,0,0,6,2.5e+06,6.5e+06,8.219e+06,-0.6958
2021,181380,Arthur Masuaku,West Ham,27.65,Defender,Left-Back,DR Congo  France,12,12,0,2,0,0,6,7e+06,6.5e+06,1.44e+07,-0.514
2021,468002,Ben Johnson,West Ham,21.43,Defender,Right-Back,England,14,5,1,0,0,0,6,3e+06,1e+06,5.708e+06,-0.4745
2021,121477,Craig Dawson,West Ham,31.15,Defender,Centre-Back,England,22,22,3,0,0,0,6,3e+06,4.8e+06,1.156e+07,-0.7405
2021,51321,Darren Randolph,West Ham,34.14,Goalkeeper,Goalkeeper,Ireland  United States,3,3,0,0,1,0,6,1.5e+06,2.8e+06,1.455e+06,0.03075
2021,357662,Declan Rice,West Ham,22.46,Midfield,Central Midfield,England  Ireland,32,32,2,1,0,0,6,7e+07,4.95e+07,3.777e+07,0.8532
2021,285548,Fabián Balbuena,West Ham,29.86,Defender,Centre-Back,Paraguay,14,13,1,0,0,0,6,5e+06,9.5e+06,9.841e+06,-0.4919
2021,159372,Felipe Anderson,West Ham,28.21,Attack,Right Winger,Brazil,2,0,0,0,0,1,6,1e+07,2.5e+07,1.165e+07,-0.1414
2021,272622,Issa Diop,West Ham,24.47,Defender,Centre-Back,France  Senegal,18,15,2,0,0,0,6,1.8e+07,2.8e+07,2.323e+07,-0.2252
2021,314875,Jarrod Bowen,West Ham,24.53,Attack,Right Winger,England,38,30,8,5,0,0,6,3e+07,2.5e+07,3.224e+07,-0.06957
2021,141660,Jesse Lingard,West Ham,28.54,Midfield,Attacking Midfield,England,16,16,9,5,0,0,6,2.2e+07,1.75e+07,2.662e+07,-0.1735
2021,29692,Lukasz Fabianski,West Ham,36.2,Goalkeeper,Goalkeeper,Poland,35,35,0,0,10,0,6,1.5e+06,3.2e+06,3.982e+06,-0.6233
2021,135853,Manuel Lanzini,West Ham,28.37,Midfield,Attacking Midfield,Argentina  Italy,17,5,1,1,0,0,6,1e+07,1.6e+07,1.01e+07,-0.009734
2021,31835,Mark Noble,West Ham,34.15,Midfield,Central Midfield,England  Ireland,21,8,0,0,0,0,6,2e+06,4.8e+06,4.13e+06,-0.5157
2021,104124,Michail Antonio,West Ham,31.26,Attack,Centre-Forward,Jamaica  England,26,24,10,5,0,0,6,1.2e+07,9.5e+06,1.976e+07,-0.3927
2021,357885,Pablo Fornals,West Ham,25.36,Midfield,Central Midfield,Spain,33,31,5,4,0,0,6,1.8e+07,1.6e+07,3.315e+07,-0.457
2021,140191,Ryan Fredericks,West Ham,28.72,Defender,Right-Back,England  Scotland,14,6,1,1,0,0,6,2.5e+06,4e+06,8.372e+06,-0.7014
2021,290532,Saïd Benrahma,West Ham,25.89,Attack,Left Winger,Algeria  France,30,14,1,6,0,0,6,2.2e+07,1.05e+07,1.936e+07,0.1366
2021,181375,Sébastien Haller,West Ham,27.03,Attack,Centre-Forward,Cote d'Ivoire  France,16,10,3,0,0,0,6,2.7e+07,3.6e+07,1.966e+07,0.3735
2021,283628,Tomáš Souček,West Ham,26.34,Midfield,Defensive Midfield,Czech Republic,38,38,10,1,0,0,6,4e+07,1.8e+07,3.354e+07,0.1926
2021,157672,Vladimír Coufal,West Ham,28.86,Defender,Right-Back,Czech Republic,34,34,0,7,0,0,6,1.2e+07,2e+06,1.51e+07,-0.2053
2021,204103,Adama Traoré,Wolves,25.43,Attack,Right Winger,Spain  Mali,37,28,2,3,0,0,13,3e+07,3.5e+07,1.65e+07,0.8179
2021,128901,Conor Coady,Wolves,28.34,Defender,Centre-Back,England,37,37,1,0,0,0,13,2.5e+07,1.8e+07,1.279e+07,0.9545
2021,256977,Daniel Podence,Wolves,25.69,Attack,Left Winger,Portugal,24,22,3,2,0,0,13,2.5e+07,1.7e+07,9.683e+06,1.582
2021,505653,Fábio Silva,Wolves,18.95,Attack,Centre-Forward,Portugal,32,11,4,3,0,0,13,2.5e+07,1.2e+07,8.241e+06,2.034
2021,29712,John Ruddy,Wolves,34.69,Goalkeeper,Goalkeeper,England,2,1,0,0,1,0,13,8e+05,2e+06,1.267e+06,-0.3687
2021,175446,Jonny Otto,Wolves,27.33,Defender,Right-Back,Spain,7,7,0,0,0,0,13,1.5e+07,1.6e+07,1.142e+07,0.314
2021,29364,João Moutinho,Wolves,34.81,Midfield,Central Midfield,Portugal,33,28,1,1,0,0,13,4e+06,8e+06,4.754e+06,-0.1587
2021,485583,Ki-Jana Hoever,Wolves,19.45,Defender,Right-Back,Netherlands  Suriname,12,5,0,0,0,0,13,7e+06,3.6e+06,2.954e+06,1.37
2021,168157,Leander Dendoncker,Wolves,26.21,Midfield,Defensive Midfield,Belgium,33,28,1,0,0,0,13,3e+07,2.8e+07,1.449e+07,1.071
2021,137745,Marçal,Wolves,32.36,Defender,Left-Back,Brazil,13,7,0,0,0,0,13,1.8e+06,2.4e+06,2.848e+06,-0.368
2021,525247,Maximilian Kilman,Wolves,24.11,Defender,Centre-Back,England  Ukraine,18,14,0,1,0,0,13,4.5e+06,8e+05,5.612e+06,-0.1981
2021,429014,Morgan Gibbs-White,Wolves,21.43,Midfield,Attacking Midfield,England  Jamaica,11,4,1,0,0,0,13,7e+06,7.2e+06,4.495e+06,0.5571
2021,231572,Nélson Semedo,Wolves,27.62,Defender,Right-Back,Portugal  Cape Verde,34,34,1,1,0,0,13,2.8e+07,4e+07,1.123e+07,1.493
2021,293283,Oskar Buur,Wolves,23.25,Defender,Right-Back,Denmark,1,0,0,0,0,0,13,3e+05,,1.067e+06,-0.719
2021,511815,Owen Otasowie,Wolves,20.48,Midfield,Defensive Midfield,United States  England,6,2,0,1,0,0,13,1.5e+06,,2.244e+06,-0.3316
2021,265078,Patrick Cutrone,Wolves,23.49,Attack,Centre-Forward,Italy,2,0,0,0,0,0,13,9e+06,1.55e+07,7.558e+06,0.1908
2021,487465,Pedro Neto,Wolves,21.31,Attack,Right Winger,Portugal,31,30,5,6,0,0,13,3.5e+07,1.5e+07,1.912e+07,0.8302
2021,578391,Rayan Aït-Nouri,Wolves,20.07,Defender,Left-Back,Algeria  France,21,16,1,1,0,0,13,1.8e+07,2e+07,7.82e+06,1.302
2021,206040,Raúl Jiménez,Wolves,30.16,Attack,Centre-Forward,Mexico,10,10,4,0,0,0,13,2.8e+07,4e+07,1.923e+07,0.4564
2021,204198,Romain Saïss,Wolves,31.27,Defender,Centre-Back,Morocco  France,27,27,3,0,0,0,13,1e+07,8e+06,7.266e+06,0.3762
2021,45026,Rui Patrício,Wolves,33.37,Goalkeeper,Goalkeeper,Portugal,37,37,0,0,10,0,13,1e+07,1.6e+07,6.838e+06,0.4624
2021,225161,Rúben Neves,Wolves,24.3,Midfield,Defensive Midfield,Portugal,36,31,5,1,0,0,13,4.5e+07,5e+07,2.057e+07,1.188
2021,357158,Rúben Vinagre,Wolves,22.23,Defender,Left-Back,Portugal,2,1,0,0,0,2,13,5e+06,9e+06,5.036e+06,-0.007133
2021,568535,Theo Corbeanu,Wolves,19.12,Attack,Right Winger,Canada  Romania,1,0,0,0,0,0,13,1e+06,,1.525e+06,-0.3445
2021,487469,Vitinha,Wolves,21.38,Midfield,Central Midfield,Portugal,19,5,0,1,0,0,13,7e+06,5e+06,5.998e+06,0.1671
2021,122155,Willian José,Wolves,29.6,Attack,Centre-Forward,Brazil  Spain,17,12,1,1,0,6,13,1.8e+07,2.4e+07,1.214e+07,0.4827
2021,142310,Willy Boly,Wolves,30.41,Defender,Centre-Back,Cote d'Ivoire  France,21,21,1,1,0,0,13,1.4e+07,1.45e+07,7.643e+06,0.8318
2022,427568,Aaron Ramsdale,Arsenal,24.13,Goalkeeper,Goalkeeper,England,34,34,0,0,12,0,5,2.8e+07,1.2e+07,4.569e+07,-0.3871
2022,285845,Ainsley Maitland-Niles,Arsenal,24.84,Defender,Right-Back,England  Jamaica,8,2,0,0,0,3,5,1e+07,1.6e+07,1.483e+07,-0.3258
2022,381967,Albert Sambi Lokonga,Arsenal,22.69,Midfield,Central Midfield,Belgium  DR Congo,19,12,0,0,0,0,5,1.4e+07,1.2e+07,1.218e+07,0.1495
2022,93720,Alexandre Lacazette,Arsenal,31.09,Attack,Centre-Forward,France  Guadeloupe,30,20,4,7,0,0,5,1.5e+07,2.8e+07,2.643e+07,-0.4325
2022,335721,Ben White,Arsenal,24.73,Defender,Right-Back,England,32,32,0,0,0,0,5,4e+07,2.8e+07,3.284e+07,0.218
2022,72476,Bernd Leno,Arsenal,30.32,Goalkeeper,Goalkeeper,Germany,4,4,0,0,1,0,5,9e+06,2.2e+07,2.24e+07,-0.5982
2022,433177,Bukayo Saka,Arsenal,20.82,Attack,Right Winger,England  Nigeria,38,36,11,7,0,0,5,6.5e+07,6.5e+07,8.095e+07,-0.197
2022,112988,Cédric Soares,Arsenal,30.83,Defender,Right-Back,Portugal  Germany,21,16,1,1,0,0,5,6e+06,6e+06,1.105e+07,-0.457
2022,340324,Eddie Nketiah,Arsenal,23.09,Attack,Centre-Forward,England  Ghana,21,8,5,1,0,0,5,1.6e+07,1.6e+07,1.876e+07,-0.1472
2022,392765,Emile Smith Rowe,Arsenal,21.92,Midfield,Attacking Midfield,England,33,21,10,2,0,0,5,4e+07,1.8e+07,4.344e+07,-0.07917
2022,503770,Folarin Balogun,Arsenal,20.99,Attack,Centre-Forward,United States  England,2,1,0,0,0,0,5,4e+06,4e+06,3.979e+06,0.005359
2022,435338,Gabriel Magalhães,Arsenal,24.53,Defender,Centre-Back,Brazil,35,35,5,0,0,0,5,3.8e+07,2.5e+07,4.392e+07,-0.1348
2022,655488,Gabriel Martinelli,Arsenal,21.03,Attack,Left Winger,Brazil  Italy,29,21,6,6,0,0,5,4e+07,2.2e+07,3.558e+07,0.1242
2022,111455,Granit Xhaka,Arsenal,29.76,Midfield,Defensive Midfield,Switzerland,27,27,1,2,0,0,5,2e+07,2.2e+07,3.423e+07,-0.4156
2022,300716,Kieran Tierney,Arsenal,25.07,Defender,Left-Back,Scotland  Isle of Man,22,22,1,3,0,0,5,3.2e+07,3.2e+07,2.472e+07,0.2947
2022,316264,Martin Ødegaard,Arsenal,23.54,Midfield,Attacking Midfield,Norway,36,32,7,4,0,0,5,4.5e+07,4e+07,3.635e+07,0.2378
2022,160438,Mohamed Elneny,Arsenal,29.97,Midfield,Defensive Midfield,Egypt,14,8,0,2,0,0,5,1.1e+07,1e+07,1.262e+07,-0.1283
2022,343052,Nicolas Pépé,Arsenal,27.09,Attack,Right Winger,Cote d'Ivoire  France,20,5,1,2,0,0,5,2.5e+07,3.5e+07,2.375e+07,0.05275
2022,535955,Nuno Tavares,Arsenal,22.43,Defender,Left-Back,Portugal  Cape Verde,22,13,1,1,0,0,5,1.5e+07,7e+06,1.005e+07,0.4925
2022,210178,Pablo Marí,Arsenal,28.83,Defender,Centre-Back,Spain,2,2,0,0,0,0,5,5e+06,7e+06,6.311e+06,-0.2077
2022,58864,Pierre-Emerick Aubameyang,Arsenal,33.03,Attack,Centre-Forward,Gabon  France,14,12,4,1,0,6,5,1.5e+07,2.5e+07,2.12e+07,-0.2924
2022,340325,Reiss Nelson,Arsenal,22.56,Attack,Left Winger,England  Jamaica,1,0,0,0,0,10,5,6.5e+06,9e+06,9.966e+06,-0.3478
2022,253341,Rob Holding,Arsenal,26.78,Defender,Centre-Back,England,15,9,1,0,0,0,5,1e+07,1.8e+07,1.953e+07,-0.4879
2022,94005,Sead Kolasinac,Arsenal,29.03,Defender,Centre-Back,Bosnia-Herzegovina  Germany,2,1,0,0,0,3,5,3e+06,6.5e+06,1.433e+07,-0.7907
2022,331560,Takehiro Tomiyasu,Arsenal,23.65,Defender,Centre-Back,Japan,21,20,0,1,0,0,5,2.5e+07,2e+07,2.835e+07,-0.1181
2022,230784,Thomas Partey,Arsenal,29.05,Midfield,Defensive Midfield,Ghana,24,23,2,1,0,0,5,3.8e+07,4e+07,2.359e+07,0.6105
2022,413039,Bryan Mbeumo,Brentford,22.9,Attack,Right Winger,Cameroon  France,35,34,4,7,0,0,13,2.2e+07,1.6e+07,2.419e+07,-0.09037
2022,376856,Charlie Goode,Brentford,26.91,Defender,Centre-Back,England,6,4,0,0,0,0,13,9e+05,6e+05,3.273e+06,-0.725
2022,69633,Christian Eriksen,Brentford,30.38,Midfield,Attacking Midfield,Denmark,11,10,1,4,0,0,13,2e+07,4e+07,1.39e+07,0.4385
2022,148367,Christian Nørgaard,Brentford,28.31,Midfield,Defensive Midfield,Denmark,35,35,3,4,0,0,13,1.4e+07,3.5e+06,1.211e+07,0.1564
2022,262749,David Raya,Brentford,26.79,Goalkeeper,Goalkeeper,Spain,24,24,0,0,8,0,13,2.2e+07,1.4e+07,8.189e+06,1.687
2022,503688,Dominic Thompson,Brentford,21.93,Defender,Left-Back,England  Jamaica,2,2,0,0,0,0,13,8e+05,8e+05,2.601e+06,-0.6924
2022,442248,Ethan Pinnock,Brentford,29.09,Defender,Centre-Back,Jamaica  England,32,32,1,1,0,0,13,1.2e+07,7e+06,1.02e+07,0.177
2022,587019,Fin Stevens,Brentford,19.23,Defender,Right-Back,Wales  England,1,0,0,0,0,0,13,4e+05,4e+05,1.568e+06,-0.745
2022,421637,Frank Onyeka,Brentford,24.5,Midfield,Central Midfield,Nigeria,20,12,0,0,0,0,13,9e+06,6e+06,6.712e+06,0.3409
2022,251664,Ivan Toney,Brentford,26.29,Attack,Centre-Forward,England  Jamaica,33,32,12,5,0,0,13,3.5e+07,2.8e+07,2.472e+07,0.4157
2022,48870,Jonas Lössl,Brentford,33.41,Goalkeeper,Goalkeeper,Denmark,2,2,0,0,0,3,13,1e+06,1.5e+06,2.183e+06,-0.5418
2022,340321,Josh Dasilva,Brentford,23.69,Midfield,Central Midfield,England  Angola,9,2,0,0,0,0,13,1e+07,1e+07,4.751e+06,1.105
2022,328658,Kristoffer Ajer,Brentford,24.21,Defender,Centre-Back,Norway,24,23,1,2,0,0,13,1.8e+07,7e+06,1.297e+07,0.3874
2022,372240,Mads Bech Sørensen,Brentford,23.48,Defender,Centre-Back,Denmark,11,9,0,0,0,0,13,5e+06,4e+06,5.657e+06,-0.1161
2022,462832,Mads Bidstrup,Brentford,21.34,Midfield,Central Midfield,Denmark,4,0,0,0,0,0,13,1e+06,,1.373e+06,-0.2715
2022,391005,Mads Roerslev,Brentford,23.02,Defender,Right-Back,Denmark,21,12,1,1,0,0,13,2.5e+06,1.5e+06,5.338e+06,-0.5317
2022,404584,Marcus Forss,Brentford,23.04,Attack,Centre-Forward,Finland,7,1,0,1,0,0,13,4e+06,4.5e+06,4.096e+06,-0.02352
2022,319859,Mathias Jensen,Brentford,26.5,Midfield,Central Midfield,Denmark,31,19,0,1,0,0,13,1e+07,8e+06,8.377e+06,0.1937
2022,581679,Nathan Young-Coombes,Brentford,19.46,Attack,Right Winger,England  Jamaica,1,0,0,0,0,0,13,,,3.649e+05,
2022,125314,Pontus Jansson,Brentford,31.38,Defender,Centre-Back,Sweden,37,37,3,2,0,0,13,7e+06,5e+06,7.373e+06,-0.05053
2022,339556,Rico Henry,Brentford,24.98,Defender,Left-Back,England  Jamaica,34,33,3,0,0,0,13,2e+07,7e+06,1.369e+07,0.4614
2022,204294,Saman Ghoddos,Brentford,28.82,Midfield,Attacking Midfield,Iran  Sweden,17,4,1,2,0,0,13,2.5e+06,3e+06,5.707e+06,-0.5619
2022,251845,Sergi Canós,Brentford,25.41,Attack,Left Winger,Spain,31,25,3,2,0,0,13,1.4e+07,1e+07,1.376e+07,0.01742
2022,533916,Shandon Baptiste,Brentford,24.23,Midfield,Central Midfield,Grenada  England,22,9,1,0,0,0,13,3e+06,8e+05,5.565e+06,-0.4609
2022,249873,Tariqe Fosu,Brentford,26.65,Attack,Left Winger,Ghana  England,1,0,0,0,0,0,13,2e+06,2.5e+06,3.018e+06,-0.3374
2022,270171,Vitaly Janelt,Brentford,24.14,Midfield,Defensive Midfield,Germany  Bosnia-Herzegovina,31,27,4,0,0,0,13,1.4e+07,7e+06,1.619e+07,-0.1355
2022,388165,Yoane Wissa,Brentford,25.82,Attack,Centre-Forward,DR Congo  France,30,12,7,1,0,0,13,1.2e+07,1e+07,1.768e+07,-0.3213
2022,52059,Zanka,Brentford,32.19,Defender,Centre-Back,Denmark,8,6,1,0,0,0,13,1.2e+06,1.5e+06,3.029e+06,-0.6039
2022,453704,Álvaro Fernández,Brentford,24.22,Goalkeeper,Goalkeeper,Spain,12,12,0,1,1,0,13,4e+06,4e+06,8.644e+06,-0.5373
2022,434207,Aaron Connolly,Brighton,22.42,Attack,Centre-Forward,Ireland,4,1,0,0,0,0,9,6e+06,7e+06,6.248e+06,-0.0397
2022,43530,Adam Lallana,Brighton,34.14,Midfield,Attacking Midfield,England,24,18,0,1,0,0,9,2e+06,4e+06,3.259e+06,-0.3863
2022,212847,Adam Webster,Brighton,27.49,Defender,Centre-Back,England,22,16,2,0,0,0,9,1.7e+07,1.8e+07,1.265e+07,0.3435
2022,534033,Alexis Mac Allister,Brighton,23.52,Midfield,Central Midfield,Argentina  Italy,33,22,5,2,0,0,9,1.6e+07,1e+07,1.612e+07,-0.007467
2022,67063,Danny Welbeck,Brighton,31.59,Attack,Centre-Forward,England  Ghana,25,15,6,2,0,0,9,4e+06,4e+06,9.72e+06,-0.5885
2022,490307,Enock Mwepu,Brighton,24.5,Midfield,Central Midfield,Zambia,18,12,2,5,0,0,9,1.8e+07,1.3e+07,1.293e+07,0.3921
2022,648046,Evan Ferguson,Brighton,17.7,Attack,Centre-Forward,Ireland  England,1,0,0,0,0,0,9,6e+05,,2.123e+06,-0.7174
2022,384461,Jakub Moder,Brighton,23.23,Midfield,Central Midfield,Poland,28,19,0,3,0,0,9,1.2e+07,1e+07,1.312e+07,-0.08538
2022,73564,Jason Steele,Brighton,31.87,Goalkeeper,Goalkeeper,England,1,1,0,0,0,0,9,6e+05,8e+05,1.573e+06,-0.6185
2022,568005,Jeremy Sarmiento,Brighton,20.04,Attack,Left Winger,Ecuador  England,5,1,0,0,0,0,9,3e+06,,1.535e+06,0.955
2022,111195,Joël Veltman,Brighton,30.46,Defender,Right-Back,Netherlands,34,33,1,1,0,0,9,1e+07,6e+06,9.271e+06,0.07861
2022,166240,Jürgen Locadia,Brighton,28.65,Attack,Centre-Forward,Curacao  Netherlands,1,0,0,0,0,0,9,2e+06,5e+06,3.386e+06,-0.4094
2022,144028,Leandro Trossard,Brighton,27.57,Attack,Left Winger,Belgium,34,32,8,3,0,0,9,2e+07,1.7e+07,2.541e+07,-0.213
2022,148153,Lewis Dunk,Brighton,30.61,Defender,Centre-Back,England,29,29,1,0,0,0,9,2e+07,2.5e+07,1.223e+07,0.6347
2022,284857,Marc Cucurella,Brighton,23.94,Defender,Left-Back,Spain,35,35,1,1,0,0,9,2.8e+07,2e+07,2.631e+07,0.06411
2022,687626,Moisés Caicedo,Brighton,20.66,Midfield,Defensive Midfield,Ecuador,8,8,1,1,0,0,9,6e+06,5e+06,4.311e+06,0.3918
2022,217115,Neal Maupay,Brighton,25.88,Attack,Centre-Forward,France  Argentina,32,25,8,2,0,0,9,1.8e+07,2e+07,2.586e+07,-0.304
2022,82873,Pascal Groß,Brighton,31.04,Midfield,Central Midfield,Germany,29,24,2,4,0,0,9,6e+06,7e+06,1.043e+07,-0.4246
2022,403151,Robert Sánchez,Brighton,24.62,Goalkeeper,Goalkeeper,Spain  England,37,37,0,0,11,0,9,1.6e+07,8e+06,2.914e+07,-0.4509
2022,119269,Shane Duffy,Brighton,30.5,Defender,Centre-Back,Ireland  Northern Ireland,18,15,1,0,0,0,9,5e+06,5e+06,6.132e+06,-0.1846
2022,209212,Solly March,Brighton,27.95,Attack,Right Winger,England,31,17,0,2,0,0,9,9e+06,9e+06,1.139e+07,-0.2099
2022,476237,Steven Alzate,Brighton,23.81,Midfield,Central Midfield,Colombia  England,9,5,0,0,0,0,9,5e+06,6e+06,6.92e+06,-0.2774
2022,504148,Tariq Lamptey,Brighton,21.75,Defender,Right-Back,Ghana  England,30,16,0,2,0,0,9,1.8e+07,1.8e+07,1.417e+07,0.2702
2022,484551,Taylor Richards,Brighton,21.57,Midfield,Central Midfield,England,2,0,0,0,0,0,9,4e+05,,4.468e+06,-0.9105
2022,410425,Yves Bissouma,Brighton,25.83,Midfield,Defensive Midfield,Mali  Cote d'Ivoire,26,25,1,2,0,0,9,3.5e+07,2.5e+07,1.772e+07,0.9747
2022,14221,Aaron Lennon,Burnley,35.21,Attack,Right Winger,England  Ireland,28,17,2,0,0,0,18,1e+06,1.1e+06,3.331e+06,-0.6998
2022,63200,Ashley Barnes,Burnley,32.67,Attack,Centre-Forward,England,23,8,1,0,0,0,18,1.5e+06,3.5e+06,4.164e+06,-0.6398
2022,91317,Ashley Westwood,Burnley,32.25,Midfield,Defensive Midfield,England,27,26,0,3,0,0,18,2e+06,5e+06,9.383e+06,-0.7868
2022,74810,Ben Mee,Burnley,32.77,Defender,Centre-Back,England,21,21,3,0,0,0,18,2.5e+06,6e+06,6.331e+06,-0.6051
2022,195633,Charlie Taylor,Burnley,28.78,Defender,Left-Back,England,31,30,0,3,0,0,18,3e+06,4e+06,1.123e+07,-0.7329
2022,108725,Chris Wood,Burnley,30.57,Attack,Centre-Forward,New Zealand,34,32,5,0,0,0,18,1e+07,8e+06,1.162e+07,-0.1391
2022,214666,Connor Roberts,Burnley,26.77,Defender,Right-Back,Wales,21,19,1,1,0,0,18,2.5e+06,4.5e+06,6.76e+06,-0.6302
2022,49755,Dale Stephens,Burnley,33.05,Midfield,Central Midfield,England,3,1,0,0,0,0,18,1e+06,2.5e+06,2.091e+06,-0.5217
2022,584769,Dwight McNeil,Burnley,22.61,Attack,Left Winger,England  Jamaica,38,35,0,1,0,0,18,1.8e+07,2.2e+07,2.229e+07,-0.1926
2022,43763,Erik Pieters,Burnley,33.9,Defender,Left-Back,Netherlands,12,8,0,1,0,0,18,9e+05,1.5e+06,2.816e+06,-0.6804
2022,40613,Jack Cork,Burnley,33.02,Midfield,Defensive Midfield,England,20,20,1,0,0,0,18,1.8e+06,5e+06,4.103e+06,-0.5613
2022,173504,James Tarkowski,Burnley,29.61,Defender,Centre-Back,England  Poland,35,35,1,2,0,0,18,2.2e+07,2.5e+07,1.273e+07,0.7287
2022,53360,Jay Rodríguez,Burnley,32.92,Attack,Centre-Forward,England  Spain,29,13,2,2,0,0,18,2e+06,4e+06,4.763e+06,-0.5801
2022,293569,Josh Brownhill,Burnley,26.53,Midfield,Central Midfield,England,35,32,2,3,0,0,18,7e+06,7e+06,1.313e+07,-0.4668
2022,89231,Jóhann Berg Gudmundsson,Burnley,31.68,Attack,Right Winger,Iceland,18,13,0,1,0,0,18,2e+06,3e+06,5.047e+06,-0.6037
2022,111114,Kevin Long,Burnley,31.87,Defender,Centre-Back,Ireland,6,4,0,0,0,0,18,1e+06,1e+06,2.312e+06,-0.5674
2022,101500,Matej Vydra,Burnley,30.17,Attack,Centre-Forward,Czech Republic,22,5,2,3,0,0,18,2e+06,3e+06,7.647e+06,-0.7385
2022,102258,Matthew Lowton,Burnley,33.06,Defender,Right-Back,England,25,20,1,2,0,0,18,1.2e+06,2.5e+06,4.055e+06,-0.7041
2022,234781,Maxwel Cornet,Burnley,25.76,Attack,Left Winger,Cote d'Ivoire  France,26,21,9,1,0,0,18,1.5e+07,1.2e+07,2.267e+07,-0.3384
2022,469050,Nathan Collins,Burnley,21.17,Defender,Centre-Back,Ireland,19,18,2,0,0,0,18,1e+07,8e+06,7.262e+06,0.377
2022,192080,Nick Pope,Burnley,30.2,Goalkeeper,Goalkeeper,England,36,36,0,0,9,0,18,1.5e+07,1.5e+07,1.383e+07,0.08473
2022,45494,Wayne Hennessey,Burnley,35.43,Goalkeeper,Goalkeeper,Wales,2,2,0,0,0,0,18,5e+05,1e+06,1.362e+06,-0.6329
2022,228645,Wout Weghorst,Burnley,29.9,Attack,Centre-Forward,Netherlands,20,17,2,3,0,5,18,1.4e+07,3e+07,2.684e+07,-0.4783
2022,196948,Andreas Christensen,Chelsea,26.22,Defender,Centre-Back,Denmark,19,17,0,0,0,8,3,3.5e+07,3e+07,3.101e+07,0.1288
2022,86202,Antonio Rüdiger,Chelsea,29.33,Defender,Centre-Back,Germany  Sierra Leone,34,34,3,2,0,9,3,4e+07,2.8e+07,5.488e+07,-0.2711
2022,316125,Ben Chilwell,Chelsea,25.52,Defender,Left-Back,England  New Zealand,7,6,3,1,0,4,3,3.8e+07,4.5e+07,4.909e+07,-0.226
2022,392768,Callum Hudson-Odoi,Chelsea,21.65,Attack,Left Winger,England  Ghana,15,11,1,3,0,5,3,2.5e+07,3.2e+07,3.313e+07,-0.2454
2022,315779,Christian Pulisic,Chelsea,23.78,Attack,Right Winger,United States  Croatia,22,13,6,2,0,7,3,4.2e+07,5e+07,4.488e+07,-0.06414
2022,57500,César Azpilicueta,Chelsea,32.84,Defender,Centre-Back,Spain,27,24,1,2,0,9,3,9e+06,1.3e+07,2.356e+07,-0.618
2022,442531,Edouard Mendy,Chelsea,30.33,Goalkeeper,Goalkeeper,Senegal  Guinea-Bissau,34,34,0,0,14,9,3,3.2e+07,2.5e+07,5.209e+07,-0.3857
2022,181778,Emerson,Chelsea,27.91,Defender,Left-Back,Italy  Brazil,1,0,0,0,0,7,3,1.4e+07,1.4e+07,1.003e+07,0.3964
2022,217111,Hakim Ziyech,Chelsea,29.28,Attack,Right Winger,Morocco  Netherlands,23,14,4,3,0,9,3,2.8e+07,3.8e+07,3.248e+07,-0.138
2022,102017,Jorginho,Chelsea,30.53,Midfield,Defensive Midfield,Italy  Brazil,29,26,6,2,0,8,3,4e+07,4.5e+07,5.215e+07,-0.2329
2022,309400,Kai Havertz,Chelsea,23.06,Attack,Centre-Forward,Germany,29,22,8,4,0,9,3,7e+07,7e+07,7.259e+07,-0.03563
2022,281404,Kenedy,Chelsea,26.39,Attack,Left Winger,Brazil,1,1,0,1,0,0,3,7e+06,1e+07,5.67e+07,-0.8765
2022,192279,Kepa Arrizabalaga,Chelsea,27.74,Goalkeeper,Goalkeeper,Spain,4,4,0,0,2,1,3,1e+07,1.3e+07,9.368e+06,0.06752
2022,344596,Malang Sarr,Chelsea,23.44,Defender,Centre-Back,France  Senegal,8,6,0,0,0,2,3,8e+06,1e+07,9.623e+06,-0.1686
2022,112515,Marcos Alonso,Chelsea,31.51,Defender,Left-Back,Spain,28,25,4,5,0,8,3,1.2e+07,1.2e+07,3.048e+07,-0.6062
2022,346483,Mason Mount,Chelsea,23.47,Midfield,Attacking Midfield,England,32,27,11,10,0,7,3,7.5e+07,7.5e+07,1.184e+08,-0.3663
2022,51471,Mateo Kovacic,Chelsea,28.15,Midfield,Central Midfield,Croatia,25,16,2,5,0,6,3,4.2e+07,4.5e+07,4.181e+07,0.004462
2022,225083,Ngolo Kante,Chelsea,31.26,Midfield,Defensive Midfield,France  Mali,26,21,2,4,0,6,3,4e+07,5.5e+07,3.646e+07,0.09707
2022,472423,Reece James,Chelsea,22.56,Defender,Right-Back,England,26,22,5,9,0,6,3,6e+07,4e+07,5.916e+07,0.01428
2022,96341,Romelu Lukaku,Chelsea,29.13,Attack,Centre-Forward,Belgium  DR Congo,26,16,8,1,0,6,3,7e+07,1e+08,6.768e+07,0.03434
2022,131978,Ross Barkley,Chelsea,28.57,Midfield,Central Midfield,England,6,1,1,0,0,3,3,1.2e+07,2e+07,1.588e+07,-0.2441
2022,202886,Ruben Loftus-Cheek,Chelsea,26.44,Midfield,Central Midfield,England  Guyana,24,13,0,3,0,8,3,2e+07,1.8e+07,2.959e+07,-0.324
2022,148928,Saúl Ñíguez,Chelsea,27.61,Midfield,Central Midfield,Spain,10,5,0,0,0,5,3,2.5e+07,4e+07,2.666e+07,-0.06222
2022,29241,Thiago Silva,Chelsea,37.77,Defender,Centre-Back,Brazil  France,32,28,3,1,0,9,3,2.5e+06,3e+06,5.73e+06,-0.5637
2022,170527,Timo Werner,Chelsea,26.32,Attack,Left Winger,Germany,21,15,4,1,0,5,3,3.5e+07,6.5e+07,6.088e+07,-0.4251
2022,346314,Trevoh Chalobah,Chelsea,22.99,Defender,Centre-Back,England  Sierra Leone,20,17,3,1,0,3,3,2e+07,3.5e+06,2.683e+07,-0.2545
2022,127187,Abdoulaye Doucouré,Everton,29.49,Midfield,Attacking Midfield,Mali  France,30,29,2,4,0,0,16,2.2e+07,2.5e+07,1.659e+07,0.3259
2022,242631,Alex Iwobi,Everton,26.16,Attack,Left Winger,Nigeria  England,28,22,2,2,0,0,16,1.8e+07,2.2e+07,1.203e+07,0.4963
2022,126422,Allan,Everton,31.48,Midfield,Defensive Midfield,Brazil  Portugal,28,25,0,2,0,0,16,1.5e+07,2.2e+07,7.829e+06,0.916
2022,61842,Andros Townsend,Everton,30.96,Attack,Right Winger,England,21,17,3,2,0,0,16,5e+06,7e+06,9.848e+06,-0.4923
2022,221025,André Gomes,Everton,28.92,Midfield,Central Midfield,Portugal,14,7,0,1,0,0,16,1.8e+07,2e+07,8.732e+06,1.061
2022,503733,Anthony Gordon,Everton,21.35,Attack,Left Winger,England,35,25,4,2,0,0,16,2e+07,5e+06,1.375e+07,0.4544
2022,33873,Asmir Begovic,Everton,35.03,Goalkeeper,Goalkeeper,Bosnia-Herzegovina  Canada,3,3,0,0,1,0,16,1e+06,1.2e+06,1.716e+06,-0.4171
2022,343475,Ben Godfrey,Everton,24.46,Defender,Centre-Back,England  Jamaica,23,23,0,0,0,0,16,2e+07,2.5e+07,1.359e+07,0.4722
2022,45671,Cenk Tosun,Everton,31.07,Attack,Centre-Forward,Türkiye  Germany,1,0,0,0,0,0,16,2e+06,5e+06,2.693e+06,-0.2573
2022,207929,Dele Alli,Everton,26.22,Midfield,Attacking Midfield,England  Nigeria,21,9,1,0,0,4,16,1.6e+07,3e+07,1.095e+07,0.4609
2022,292417,Demarai Gray,Everton,26.01,Attack,Left Winger,Jamaica  England,34,28,5,4,0,0,16,2.2e+07,8e+06,1.736e+07,0.2675
2022,306024,Dominic Calvert-Lewin,Everton,25.29,Attack,Centre-Forward,England,17,15,5,2,0,0,16,4e+07,4.5e+07,2.657e+07,0.5057
2022,511550,Ellis Simms,Everton,21.48,Attack,Centre-Forward,England,1,1,0,0,0,0,16,6e+05,,2.816e+06,-0.7869
2022,50362,Fabian Delph,Everton,32.61,Midfield,Central Midfield,England  Guyana,11,8,0,0,0,0,16,1.8e+06,3.5e+06,3.434e+06,-0.4759
2022,612749,Isaac Price,Everton,18.76,Midfield,Central Midfield,Northern Ireland  England,1,0,0,0,0,0,16,,,9.469e+05,
2022,661053,Jarrad Branthwaite,Everton,20.01,Defender,Centre-Back,England,6,4,1,0,0,0,16,3e+06,3e+06,2.315e+06,0.296
2022,182894,Jean-Philippe Gbamin,Everton,26.77,Midfield,Defensive Midfield,Cote d'Ivoire  France,3,1,0,0,0,0,16,9e+06,1.5e+07,3.209e+06,1.805
2022,258883,Jonjoe Kenny,Everton,25.3,Defender,Right-Back,England  Ireland,15,11,0,1,0,0,16,4e+06,5.8e+06,6.586e+06,-0.3926
2022,130164,Jordan Pickford,Everton,28.32,Goalkeeper,Goalkeeper,England,35,35,0,0,7,0,16,2e+07,2.5e+07,1.928e+07,0.03757
2022,627248,Lewis Dobbin,Everton,19.49,Attack,Left Winger,England,3,0,0,0,0,0,16,,,1.627e+06,
2022,348623,Mason Holgate,Everton,25.69,Defender,Centre-Back,Jamaica  England,25,23,2,1,0,0,16,1.8e+07,2e+07,1.37e+07,0.314
2022,118534,Michael Keane,Everton,29.47,Defender,Centre-Back,England  Ireland,32,31,3,2,0,0,16,2e+07,2.5e+07,1.44e+07,0.3886
2022,364135,Moise Kean,Everton,22.34,Attack,Centre-Forward,Italy  Cote d'Ivoire,1,0,0,0,0,6,16,2.4e+07,3.5e+07,2.256e+07,0.06402
2022,378710,Richarlison,Everton,25.14,Attack,Centre-Forward,Brazil,30,28,10,5,0,0,16,4.8e+07,5.5e+07,3.367e+07,0.4258
2022,80197,Salomón Rondón,Everton,32.79,Attack,Centre-Forward,Venezuela,20,8,1,1,0,0,16,2.5e+06,5e+06,3.86e+06,-0.3523
2022,68390,Séamus Coleman,Everton,33.72,Defender,Right-Back,Ireland,30,30,1,1,0,0,16,3e+06,5e+06,4.452e+06,-0.3262
2022,314210,Tom Davies,Everton,24,Midfield,Central Midfield,England,6,2,1,0,0,0,16,1.8e+07,1.8e+07,7.136e+06,1.522
2022,663225,Tyler Onyango,Everton,19.33,Midfield,Central Midfield,England  Kenya,3,0,0,0,0,0,16,4.5e+05,2e+05,1.637e+06,-0.7251
2022,404842,Vitaliy Mykolenko,Everton,23.09,Defender,Left-Back,Ukraine,13,12,1,0,0,5,16,1.8e+07,1.7e+07,1.368e+07,0.3153
2022,289446,Yerry Mina,Everton,27.77,Defender,Centre-Back,Colombia,13,11,0,0,0,0,16,2e+07,2e+07,9.854e+06,1.03
2022,121257,Adam Forshaw,Leeds,30.73,Midfield,Central Midfield,England,22,17,0,1,0,0,17,2e+06,2e+06,4.604e+06,-0.5656
2022,597659,Charlie Cresswell,Leeds,19.87,Defender,Centre-Back,England,5,1,0,0,0,0,17,3e+06,2e+05,1.552e+06,0.9326
2022,531957,Cody Drameh,Leeds,20.56,Defender,Right-Back,England  The Gambia,3,1,0,0,0,0,17,3e+06,,1.553e+06,0.9323
2022,474701,Crysencio Summerville,Leeds,20.67,Attack,Left Winger,Netherlands  Suriname,6,0,0,0,0,0,17,2e+06,,2.213e+06,-0.09627
2022,319301,Daniel James,Leeds,24.64,Attack,Right Winger,Wales  England,34,31,4,5,0,0,17,1.8e+07,1.8e+07,1.74e+07,0.03438
2022,246291,Diego Llorente,Leeds,28.87,Defender,Centre-Back,Spain,28,28,3,0,0,0,17,1.8e+07,2e+07,1.275e+07,0.4115
2022,173900,Hélder Costa,Leeds,28.47,Attack,Right Winger,Angola  Portugal,1,0,0,0,0,0,17,5e+06,1e+07,6.06e+06,-0.1749
2022,542586,Illan Meslier,Leeds,22.33,Goalkeeper,Goalkeeper,France,38,38,0,0,5,0,17,2e+07,2e+07,2.544e+07,-0.2139
2022,417346,Jack Harrison,Leeds,25.61,Attack,Left Winger,England,35,32,8,1,0,0,17,1.8e+07,1.5e+07,2.189e+07,-0.1777
2022,534700,Jamie Shackleton,Leeds,22.73,Defender,Right-Back,England,14,7,0,0,0,0,17,2.5e+06,2.5e+06,5.05e+06,-0.5049
2022,503980,Joe Gelhardt,Leeds,20.16,Attack,Centre-Forward,England,20,5,2,4,0,0,17,6e+06,1.3e+06,6.068e+06,-0.01125
2022,374139,Junior Firpo,Leeds,25.86,Defender,Left-Back,Dominican Republic  Spain,24,19,0,2,0,0,17,1.2e+07,8e+06,8.064e+06,0.4881
2022,351749,Kalvin Phillips,Leeds,26.58,Midfield,Defensive Midfield,England  Jamaica,20,18,0,1,0,0,17,5e+07,4e+07,9.398e+06,4.32
2022,418561,Kristoffer Klaesson,Leeds,21.59,Goalkeeper,Goalkeeper,Norway,1,0,0,0,0,0,17,2e+06,2e+06,9.688e+05,1.064
2022,661208,Leo Hjelde,Leeds,18.85,Defender,Left-Back,Norway  England,2,0,0,0,0,0,17,8e+05,3e+05,1.083e+06,-0.261
2022,587003,Lewis Bate,Leeds,19.67,Midfield,Central Midfield,England,3,1,0,0,0,0,17,,1e+06,1.24e+06,
2022,75067,Liam Cooper,Leeds,30.84,Defender,Centre-Back,Scotland  England,21,21,0,1,0,0,17,7e+06,7e+06,5.436e+06,0.2877
2022,614082,Liam McCarron,Leeds,21.32,Defender,Left-Back,Scotland  England,1,0,0,0,0,0,17,5e+05,,8.092e+05,-0.3821
2022,67420,Luke Ayling,Leeds,30.85,Defender,Right-Back,England,26,26,2,2,0,0,17,4e+06,5e+06,6.719e+06,-0.4046
2022,92738,Mateusz Klich,Leeds,32.05,Midfield,Central Midfield,Poland,33,26,1,2,0,0,17,3e+06,4e+06,5.815e+06,-0.4841
2022,410708,Pascal Struijk,Leeds,22.89,Defender,Centre-Back,Netherlands  Belgium,29,22,1,0,0,0,17,1.5e+07,9e+06,1.305e+07,0.1496
2022,183334,Patrick Bamford,Leeds,28.82,Attack,Centre-Forward,England  Ireland,9,7,2,2,0,0,17,1.6e+07,2.2e+07,1.402e+07,0.1416
2022,411295,Raphinha,Leeds,25.54,Attack,Left Winger,Brazil  Italy,35,34,11,3,0,0,17,4.5e+07,3e+07,3.035e+07,0.4826
2022,328784,Robin Koch,Leeds,25.95,Defender,Centre-Back,Germany,20,17,0,0,0,0,17,1.6e+07,1.7e+07,9.043e+06,0.7694
2022,131505,Rodrigo,Leeds,31.32,Attack,Centre-Forward,Spain  Brazil,31,27,6,1,0,0,17,1.2e+07,1.8e+07,8.762e+06,0.3696
2022,532178,Sam Greenwood,Leeds,20.43,Midfield,Attacking Midfield,England,7,1,0,2,0,0,17,2.5e+06,2e+05,2.856e+06,-0.1248
2022,158764,Stuart Dallas,Leeds,31.2,Midfield,Left Midfield,Northern Ireland,34,34,1,1,0,0,17,4e+06,4e+06,7.927e+06,-0.4954
2022,592474,Stuart McKinstry,Leeds,19.78,Midfield,Left Midfield,Scotland,1,0,0,0,0,0,17,,,8.126e+05,
2022,296986,Tyler Roberts,Leeds,23.47,Attack,Second Striker,Wales  England,23,7,1,1,0,0,17,8e+06,6e+06,9.461e+06,-0.1544
2022,406040,Ademola Lookman,Leicester,24.7,Attack,Second Striker,Nigeria  England,26,16,6,0,0,12,8,1e+07,1.1e+07,2.474e+07,-0.5958
2022,246968,Ayoze Pérez,Leicester,28.92,Attack,Centre-Forward,Spain,14,6,2,3,0,9,8,1e+07,1.8e+07,1.329e+07,-0.2474
2022,344605,Boubakary Soumaré,Leicester,23.34,Midfield,Defensive Midfield,France  Senegal,19,12,0,1,0,8,8,2.5e+07,2.8e+07,1.77e+07,0.4125
2022,214056,Daniel Amartey,Leicester,27.53,Defender,Centre-Back,Ghana,28,23,0,0,0,9,8,1e+07,5e+06,1.348e+07,-0.2582
2022,203026,Danny Ward,Leicester,29.02,Goalkeeper,Goalkeeper,Wales,1,1,0,0,0,0,8,6e+06,6e+06,2.252e+06,1.664
2022,341501,Hamza Choudhury,Leicester,24.75,Midfield,Defensive Midfield,Bangladesh  England,6,4,0,0,0,4,8,4e+06,7e+06,5.645e+06,-0.2915
2022,398065,Harvey Barnes,Leicester,24.56,Attack,Left Winger,England  Scotland,32,24,6,10,0,12,8,3.2e+07,3.5e+07,4.267e+07,-0.2501
2022,413220,James Justin,Leicester,24.35,Defender,Right-Back,England  St. Lucia,13,11,0,0,0,5,8,2.5e+07,1.7e+07,1.197e+07,1.088
2022,294057,James Maddison,Leicester,25.6,Midfield,Attacking Midfield,England,35,28,12,8,0,13,8,5e+07,5.5e+07,5.982e+07,-0.1642
2022,197838,Jamie Vardy,Leicester,35.47,Attack,Centre-Forward,England,25,20,15,2,0,6,8,5e+06,7e+06,1.039e+07,-0.5186
2022,99331,Jannik Vestergaard,Leicester,29.91,Defender,Centre-Back,Denmark  Germany,10,6,0,0,0,6,8,1.3e+07,1.8e+07,1.273e+07,0.02083
2022,42412,Jonny Evans,Leicester,34.49,Defender,Centre-Back,Northern Ireland,18,16,1,1,0,8,8,4e+06,7e+06,5.815e+06,-0.3121
2022,621193,Kasey McAteer,Leicester,20.61,Attack,Right Winger,Ireland  England,1,0,0,0,0,0,8,,,1.31e+06,
2022,16911,Kasper Schmeichel,Leicester,35.65,Goalkeeper,Goalkeeper,Denmark,37,37,0,0,7,14,8,4e+06,6e+06,8.787e+06,-0.5448
2022,295330,Kelechi Iheanacho,Leicester,25.74,Attack,Centre-Forward,Nigeria,26,13,4,5,0,12,8,2e+07,2e+07,3.002e+07,-0.3339
2022,475188,Kiernan Dewsbury-Hall,Leicester,23.82,Midfield,Central Midfield,England  Ireland,28,23,1,2,0,11,8,8e+06,2e+06,1.793e+07,-0.5538
2022,533657,Lewis Brunt,Leicester,21.65,Defender,Centre-Back,England,1,0,0,0,0,0,8,,,1.417e+06,
2022,505194,Luke Thomas,Leicester,21.06,Defender,Left-Back,England,22,21,0,1,0,6,8,1.2e+07,5e+06,1.6e+07,-0.2499
2022,61560,Marc Albrighton,Leicester,32.62,Midfield,Right Midfield,England,17,11,1,2,0,10,8,2.5e+06,4e+06,8.079e+06,-0.6906
2022,111051,Nampalys Mendy,Leicester,30.02,Midfield,Defensive Midfield,Senegal  France,14,12,0,0,0,0,8,4e+06,8e+06,1.126e+07,-0.6448
2022,365172,Patson Daka,Leicester,23.73,Attack,Centre-Forward,Zambia,23,13,5,3,0,10,8,2e+07,2.2e+07,2.697e+07,-0.2585
2022,215876,Ricardo Pereira,Leicester,28.73,Defender,Right-Back,Portugal  Cape Verde,14,13,1,3,0,6,8,2e+07,3e+07,1.215e+07,0.6456
2022,40611,Ryan Bertrand,Leicester,32.9,Defender,Left-Back,England,4,4,0,0,0,4,8,3e+06,8e+06,5.854e+06,-0.4875
2022,262226,Timothy Castagne,Leicester,26.57,Defender,Right-Back,Belgium,27,22,1,0,0,9,8,2.8e+07,2.8e+07,1.985e+07,0.4108
2022,475411,Wesley Fofana,Leicester,21.54,Defender,Centre-Back,France  Cote d'Ivoire,7,7,0,0,0,5,8,4e+07,4e+07,1.584e+07,1.525
2022,274839,Wilfred Ndidi,Leicester,25.54,Midfield,Defensive Midfield,Nigeria  England,19,18,0,0,0,8,8,6e+07,6e+07,2.334e+07,1.57
2022,249565,Youri Tielemans,Leicester,25.15,Midfield,Central Midfield,Belgium  DR Congo,32,29,6,4,0,13,8,5.5e+07,5.5e+07,4.475e+07,0.229
2022,143424,Alex Oxlade-Chamberlain,Liverpool,28.88,Midfield,Central Midfield,England,17,9,2,1,0,6,2,1.6e+07,1.8e+07,2.23e+07,-0.2824
2022,105470,Alisson,Liverpool,29.74,Goalkeeper,Goalkeeper,Brazil,36,36,0,1,20,13,2,5e+07,6e+07,5.987e+07,-0.1649
2022,234803,Andrew Robertson,Liverpool,28.31,Defender,Left-Back,Scotland,29,29,3,10,0,10,2,6.5e+07,6.5e+07,7.627e+07,-0.1477
2022,340918,Caoimhín Kelleher,Liverpool,23.6,Goalkeeper,Goalkeeper,Ireland,2,2,0,0,1,0,2,8e+06,2.5e+06,3.682e+06,1.173
2022,433188,Curtis Jones,Liverpool,21.42,Midfield,Central Midfield,England,15,10,1,1,0,4,2,2.8e+07,3e+07,3.053e+07,-0.08293
2022,340950,Diogo Jota,Liverpool,25.57,Attack,Left Winger,Portugal,35,27,15,6,0,11,2,6e+07,4.5e+07,7.482e+07,-0.198
2022,148368,Divock Origi,Liverpool,27.2,Attack,Centre-Forward,Belgium  Kenya,7,0,3,1,0,7,2,1.2e+07,1.2e+07,2.331e+07,-0.4852
2022,225693,Fabinho,Liverpool,28.69,Midfield,Defensive Midfield,Brazil,29,26,5,1,0,13,2,6e+07,6e+07,7.552e+07,-0.2055
2022,565822,Harvey Elliott,Liverpool,19.24,Midfield,Attacking Midfield,England,6,4,0,0,0,1,2,2.2e+07,1.5e+07,2.092e+07,0.0517
2022,357119,Ibrahima Konaté,Liverpool,23.1,Defender,Centre-Back,France  Mali,11,11,0,0,0,8,2,4e+07,3.5e+07,2.729e+07,0.4656
2022,3333,James Milner,Liverpool,36.49,Midfield,Central Midfield,England,24,9,0,1,0,8,2,2e+06,3e+06,3.578e+06,-0.441
2022,256178,Joe Gomez,Liverpool,25.11,Defender,Centre-Back,England  The Gambia,8,4,0,1,0,7,2,1.8e+07,3e+07,2.164e+07,-0.1683
2022,61651,Jordan Henderson,Liverpool,32.04,Midfield,Defensive Midfield,England,35,29,2,5,0,12,2,1.5e+07,2e+07,3.441e+07,-0.5641
2022,732119,Kaide Gordon,Liverpool,17.74,Attack,Right Winger,England  Jamaica,1,0,0,0,0,0,2,1.5e+06,,2.625e+06,-0.4285
2022,338070,Konstantinos Tsimikas,Liverpool,26.14,Defender,Left-Back,Greece,13,9,0,2,0,5,2,1.5e+07,8e+06,1.661e+07,-0.09672
2022,480692,Luis Díaz,Liverpool,25.46,Attack,Left Winger,Colombia,13,11,4,3,0,13,2,6.5e+07,2.5e+07,4.872e+07,0.3341
2022,148455,Mohamed Salah,Liverpool,30.04,Attack,Right Winger,Egypt,35,30,23,13,0,13,2,9e+07,1e+08,1.512e+08,-0.4047
2022,302215,Naby Keïta,Liverpool,27.39,Midfield,Central Midfield,Guinea,23,14,3,1,0,10,2,2.5e+07,3.2e+07,3.595e+07,-0.3046
2022,503680,Neco Williams,Liverpool,21.22,Defender,Left-Back,Wales,1,0,0,1,0,3,2,8e+06,8e+06,1.3e+07,-0.3847
2022,131789,Roberto Firmino,Liverpool,30.75,Attack,Centre-Forward,Brazil,20,10,5,4,0,7,2,3.2e+07,5e+07,6.115e+07,-0.4767
2022,200512,Sadio Mané,Liverpool,30.22,Attack,Left Winger,Senegal,34,32,16,4,0,13,2,7e+07,8.5e+07,1.155e+08,-0.3941
2022,165793,Takumi Minamino,Liverpool,27.46,Attack,Left Winger,Japan,11,1,3,0,0,4,2,1.2e+07,1.2e+07,2.093e+07,-0.4266
2022,60444,Thiago Alcántara,Liverpool,31.22,Midfield,Central Midfield,Spain  Brazil,25,17,1,4,0,10,2,2e+07,3e+07,2.895e+07,-0.3091
2022,314353,Trent Alexander-Arnold,Liverpool,23.73,Defender,Right-Back,England,32,32,2,12,0,9,2,8e+07,7.5e+07,8.496e+07,-0.05843
2022,618494,Tyler Morton,Liverpool,19.67,Midfield,Defensive Midfield,England,2,1,0,0,0,2,2,3e+06,,8.809e+06,-0.6595
2022,139208,Virgil van Dijk,Liverpool,30.98,Defender,Centre-Back,Netherlands  Suriname,34,34,3,2,0,9,2,5.5e+07,5.5e+07,4.142e+07,0.3279
2022,176553,Aymeric Laporte,Man City,28.1,Defender,Centre-Back,Spain  France,33,33,4,0,0,9,1,4.5e+07,4.5e+07,6.213e+07,-0.2757
2022,157495,Benjamin Mendy,Man City,27.96,Defender,Left-Back,France  Senegal,1,1,0,0,0,0,1,,2e+07,1.539e+07,
2022,241641,Bernardo Silva,Man City,27.89,Midfield,Attacking Midfield,Portugal,35,33,8,4,0,11,1,8e+07,7e+07,8.542e+07,-0.06343
2022,581669,CJ Egan-Riley,Man City,19.49,Defender,Centre-Back,England  Ireland,1,0,0,0,0,1,1,8e+05,,3.035e+06,-0.7364
2022,568177,Cole Palmer,Man City,20.15,Midfield,Attacking Midfield,England  St. Kitts & Nevis,4,1,0,0,0,3,1,6e+06,5e+05,6.228e+06,-0.03659
2022,238223,Ederson,Man City,28.87,Goalkeeper,Goalkeeper,Brazil  Portugal,37,37,0,0,20,11,1,4.5e+07,5e+07,6.991e+07,-0.3563
2022,26267,Fernandinho,Man City,37.16,Midfield,Defensive Midfield,Brazil,19,10,2,1,0,8,1,1.5e+06,2e+06,3.073e+06,-0.5118
2022,398184,Ferran Torres,Man City,22.34,Attack,Centre-Forward,Spain,4,4,2,1,0,7,1,4.5e+07,5e+07,5.031e+07,-0.1056
2022,363205,Gabriel Jesus,Man City,25.24,Attack,Centre-Forward,Brazil,28,21,8,9,0,8,1,5e+07,6e+07,9.095e+07,-0.4503
2022,203460,Jack Grealish,Man City,26.81,Attack,Left Winger,England  Ireland,26,22,3,3,0,7,1,7e+07,6.5e+07,5.2e+07,0.3463
2022,583199,James McAtee,Man City,19.7,Midfield,Attacking Midfield,England,2,0,0,0,0,1,1,3e+06,,8.072e+06,-0.6283
2022,186590,John Stones,Man City,28.09,Defender,Centre-Back,England,14,12,1,0,0,8,1,2.8e+07,3e+07,3.995e+07,-0.2991
2022,182712,João Cancelo,Man City,28.1,Defender,Right-Back,Portugal,36,36,1,7,0,9,1,6.5e+07,5.5e+07,6.313e+07,0.02958
2022,668265,Kayky,Man City,19.06,Attack,Right Winger,Brazil,1,0,0,0,0,0,1,,1.4e+07,5.754e+05,
2022,88755,Kevin De Bruyne,Man City,31.01,Midfield,Attacking Midfield,Belgium,30,25,15,8,0,10,1,8.5e+07,1e+08,8.954e+07,-0.05072
2022,95424,Kyle Walker,Man City,32.09,Defender,Right-Back,England,20,20,0,2,0,7,1,1.8e+07,2.8e+07,2.508e+07,-0.2823
2022,610849,Liam Delap,Man City,19.39,Attack,Centre-Forward,England  Ireland,1,0,0,0,0,1,1,1.5e+06,1e+06,4.846e+06,-0.6905
2022,177476,Nathan Aké,Man City,27.36,Defender,Centre-Back,Netherlands  Cote d'Ivoire,14,10,2,0,0,6,1,2.5e+07,3.2e+07,2.705e+07,-0.0757
2022,203853,Oleksandr Zinchenko,Man City,25.54,Defender,Left-Back,Ukraine,15,10,0,4,0,8,1,2.5e+07,2.8e+07,2.855e+07,-0.1245
2022,406635,Phil Foden,Man City,22.09,Attack,Right Winger,England,28,24,9,5,0,11,1,9e+07,8e+07,9.306e+07,-0.03288
2022,134425,Raheem Sterling,Man City,27.56,Attack,Right Winger,England  Jamaica,30,23,13,6,0,12,1,7e+07,9e+07,1.223e+08,-0.4275
2022,171424,Riyad Mahrez,Man City,31.36,Attack,Right Winger,Algeria  France,28,15,11,5,0,12,1,3.5e+07,4.2e+07,5.912e+07,-0.408
2022,357565,Rodri,Man City,26.02,Midfield,Defensive Midfield,Spain,33,33,7,2,0,10,1,8e+07,7e+07,8.593e+07,-0.06902
2022,258004,Rúben Dias,Man City,25.13,Defender,Centre-Back,Portugal,29,27,2,4,0,8,1,7.5e+07,7.5e+07,6.47e+07,0.1592
2022,221624,Zack Steffen,Man City,27.25,Goalkeeper,Goalkeeper,United States,1,1,0,0,1,1,1,6e+06,6e+06,4.629e+06,0.2961
2022,53622,İlkay Gündoğan,Man City,31.69,Midfield,Central Midfield,Germany,27,20,8,3,0,10,1,2.5e+07,4e+07,4.448e+07,-0.4379
2022,477758,Aaron Wan-Bissaka,Man United,24.59,Defender,Right-Back,DR Congo  England,20,20,0,0,0,6,6,2.5e+07,4e+07,2.327e+07,0.07447
2022,811779,Alejandro Garnacho,Man United,18,Attack,Left Winger,Argentina  Spain,2,0,0,0,0,0,6,2e+06,,3.966e+06,-0.4958
2022,255755,Alex Telles,Man United,29.54,Defender,Left-Back,Brazil  Italy,21,18,0,4,0,4,6,1.8e+07,2e+07,1.07e+07,0.6819
2022,583189,Anthony Elanga,Man United,20.18,Attack,Right Winger,Sweden  Cameroon,21,14,2,2,0,3,6,2e+07,8e+05,1.48e+07,0.3518
2022,182877,Anthony Martial,Man United,26.57,Attack,Centre-Forward,France  Guadeloupe,8,2,1,0,0,5,6,1.6e+07,4.5e+07,2.406e+07,-0.335
2022,240306,Bruno Fernandes,Man United,27.81,Midfield,Attacking Midfield,Portugal,36,35,10,6,0,7,6,8.5e+07,9e+07,7.49e+07,0.1349
2022,8198,Cristiano Ronaldo,Man United,37.4,Attack,Centre-Forward,Portugal,30,27,18,3,0,7,6,3e+07,4.5e+07,9.446e+06,2.176
2022,59377,David de Gea,Man United,31.65,Goalkeeper,Goalkeeper,Spain,38,38,0,0,8,7,6,1.5e+07,1.8e+07,2.508e+07,-0.402
2022,357147,Diogo Dalot,Man United,23.29,Defender,Right-Back,Portugal,24,19,0,0,0,3,6,2e+07,1e+07,1.364e+07,0.4658
2022,288255,Donny van de Beek,Man United,25.2,Midfield,Central Midfield,Netherlands,15,5,2,0,0,4,6,2.5e+07,3e+07,1.098e+07,1.276
2022,48280,Edinson Cavani,Man United,35.38,Attack,Centre-Forward,Uruguay  Italy,15,7,2,1,0,4,6,4e+06,6e+06,3.676e+06,0.08812
2022,286384,Eric Bailly,Man United,28.22,Defender,Centre-Back,Cote d'Ivoire,4,3,0,0,0,2,6,6e+06,1.5e+07,9.176e+06,-0.3461
2022,191614,Fred,Man United,29.32,Midfield,Central Midfield,Brazil,28,24,4,5,0,6,6,2e+07,2.2e+07,2.666e+07,-0.2499
2022,607224,Hannibal,Man United,19.44,Midfield,Attacking Midfield,Tunisia  France,2,1,0,0,0,0,6,6e+06,3e+06,2.532e+06,1.369
2022,177907,Harry Maguire,Man United,29.32,Defender,Centre-Back,England,30,28,1,0,0,6,6,3.8e+07,5e+07,3.062e+07,0.2409
2022,401173,Jadon Sancho,Man United,22.27,Attack,Left Winger,England  Jamaica,29,20,3,3,0,7,6,7.5e+07,1e+08,4.719e+07,0.5893
2022,141660,Jesse Lingard,Man United,29.54,Midfield,Attacking Midfield,England,16,2,2,0,0,4,6,1.8e+07,2.2e+07,1.283e+07,0.4031
2022,44068,Juan Mata,Man United,34.17,Midfield,Attacking Midfield,Spain,7,2,0,0,0,3,6,2.5e+06,4e+06,4.287e+06,-0.4168
2022,183288,Luke Shaw,Man United,26.97,Defender,Left-Back,England,20,19,0,3,0,5,6,3.8e+07,4.2e+07,2.3e+07,0.6519
2022,258923,Marcus Rashford,Man United,24.67,Attack,Left Winger,England  St. Kitts & Nevis,25,13,4,2,0,5,6,6e+07,8.5e+07,4.447e+07,0.3493
2022,532826,Mason Greenwood,Man United,20.75,Attack,Right Winger,England,18,16,5,1,0,4,6,,5e+07,3.276e+07,
2022,74683,Nemanja Matic,Man United,33.91,Midfield,Defensive Midfield,Serbia  Slovakia,23,16,0,4,0,8,6,5e+06,8e+06,6.103e+06,-0.1807
2022,122153,Paul Pogba,Man United,29.3,Midfield,Central Midfield,France  Guinea,20,16,1,9,0,6,6,4.8e+07,6e+07,4.228e+07,0.1353
2022,117996,Phil Jones,Man United,30.36,Defender,Centre-Back,England,4,2,0,0,0,0,6,3e+06,5e+06,3.148e+06,-0.04695
2022,164770,Raphaël Varane,Man United,29.18,Defender,Centre-Back,France  Martinique,22,20,1,1,0,5,6,4.8e+07,7e+07,2.883e+07,0.6647
2022,315969,Scott McTominay,Man United,25.56,Midfield,Central Midfield,Scotland  England,30,28,1,1,0,5,6,3.2e+07,3.5e+07,4.114e+07,-0.2221
2022,640026,Shola Shoretire,Man United,18.41,Attack,Left Winger,England  Nigeria,1,0,0,0,0,1,6,4e+06,3e+06,3.179e+06,0.2583
2022,184573,Victor Lindelöf,Man United,27.96,Defender,Centre-Back,Sweden,28,26,0,2,0,5,6,2.2e+07,2.4e+07,3.029e+07,-0.2736
2022,272642,Allan Saint-Maximin,Newcastle,25.3,Attack,Left Winger,France  Haiti,35,31,5,5,0,0,11,3.2e+07,3e+07,2.601e+07,0.2304
2022,520624,Bruno Guimarães,Newcastle,24.62,Midfield,Defensive Midfield,Brazil  Spain,17,11,5,1,0,5,11,4e+07,3e+07,2.188e+07,0.8282
2022,123682,Callum Wilson,Newcastle,30.34,Attack,Centre-Forward,England,18,16,8,0,0,0,11,1.8e+07,2.2e+07,1.596e+07,0.1276
2022,98240,Ciaran Clark,Newcastle,32.76,Defender,Centre-Back,Ireland  England,13,12,0,1,0,0,11,1.8e+06,3e+06,5.41e+06,-0.6673
2022,134270,Dan Burn,Newcastle,30.14,Defender,Centre-Back,England,29,28,1,1,0,0,11,1.2e+07,5e+06,1.119e+07,0.07222
2022,196522,Dwight Gayle,Newcastle,32.7,Attack,Centre-Forward,England  Jamaica,8,0,0,0,0,0,11,1.5e+06,4e+06,2.532e+06,-0.4075
2022,184528,Emil Krafth,Newcastle,27.91,Defender,Right-Back,Sweden,20,18,0,1,0,0,11,5e+06,3.5e+06,7.225e+06,-0.3079
2022,135343,Fabian Schär,Newcastle,30.53,Defender,Centre-Back,Switzerland,25,25,2,2,0,0,11,7e+06,9e+06,7.897e+06,-0.1135
2022,85475,Federico Fernández,Newcastle,33.36,Defender,Centre-Back,Argentina  Italy,7,5,0,0,0,0,11,1.5e+06,3e+06,3.301e+06,-0.5456
2022,226049,Freddie Woodman,Newcastle,25.33,Goalkeeper,Goalkeeper,England,4,4,0,0,0,0,11,9e+06,1e+07,5.225e+06,0.7226
2022,206225,Isaac Hayden,Newcastle,27.28,Midfield,Defensive Midfield,Jamaica  England,14,12,1,0,0,0,11,8e+06,1e+07,1.127e+07,-0.29
2022,199527,Jacob Murphy,Newcastle,27.35,Attack,Right Winger,England  Ireland,33,13,1,2,0,0,11,5e+06,4e+06,1.101e+07,-0.546
2022,183318,Jamaal Lascelles,Newcastle,28.64,Defender,Centre-Back,England  Barbados,26,22,1,0,0,0,11,1e+07,1.3e+07,1.028e+07,-0.02769
2022,346018,Jamal Lewis,Newcastle,24.43,Defender,Left-Back,Northern Ireland  England,5,4,0,0,0,0,11,1e+07,1.5e+07,6.532e+06,0.5309
2022,162029,Javier Manquillo,Newcastle,28.16,Defender,Right-Back,Spain,19,15,1,2,0,0,11,3e+06,3e+06,7.807e+06,-0.6157
2022,148262,Jeff Hendrick,Newcastle,30.41,Midfield,Central Midfield,Ireland,3,0,1,0,0,0,11,5e+06,9e+06,5.707e+06,-0.1239
2022,340329,Joe Willock,Newcastle,22.86,Midfield,Central Midfield,England  Montserrat,29,24,2,0,0,0,11,2.2e+07,1.6e+07,1.736e+07,0.2674
2022,333241,Joelinton,Newcastle,25.88,Midfield,Central Midfield,Brazil,35,30,4,2,0,0,11,2e+07,1.7e+07,2.293e+07,-0.128
2022,71292,Jonjo Shelvey,Newcastle,30.34,Midfield,Central Midfield,England  Ireland,24,22,2,1,0,0,11,1e+07,1.3e+07,1.262e+07,-0.2076
2022,99397,Karl Darlow,Newcastle,31.73,Goalkeeper,Goalkeeper,Wales  England,8,8,0,0,0,0,11,2.5e+06,3e+06,3.789e+06,-0.3401
2022,95810,Kieran Trippier,Newcastle,31.78,Defender,Right-Back,England,6,5,2,0,0,3,11,1.5e+07,2e+07,8.573e+06,0.7496
2022,74960,Martin Dúbravka,Newcastle,33.46,Goalkeeper,Goalkeeper,Slovakia,26,26,0,0,8,0,11,4e+06,5e+06,5.319e+06,-0.248
2022,92469,Matt Ritchie,Newcastle,32.8,Midfield,Right Midfield,Scotland  England,18,14,0,2,0,0,11,1.8e+06,3e+06,4.719e+06,-0.6186
2022,272999,Miguel Almirón,Newcastle,28.39,Attack,Right Winger,Paraguay,30,19,1,0,0,0,11,1.6e+07,1.75e+07,1.217e+07,0.3147
2022,170321,Paul Dummett,Newcastle,30.76,Defender,Left-Back,Wales  England,3,2,0,0,0,0,11,1.5e+06,3e+06,5.1e+06,-0.7059
2022,146795,Ryan Fraser,Newcastle,28.35,Attack,Left Winger,Scotland,27,18,2,3,0,0,11,1e+07,1e+07,1.153e+07,-0.1328
2022,346707,Sean Longstaff,Newcastle,24.67,Midfield,Central Midfield,England,24,15,1,1,0,0,11,1.3e+07,1.5e+07,1.167e+07,0.1136
2022,434223,Adam Idah,Norwich,21.38,Attack,Centre-Forward,Ireland  Nigeria,17,6,1,1,0,0,20,3e+06,3e+06,1.741e+06,0.7233
2022,621993,Andrew Omobamidele,Norwich,20.02,Defender,Centre-Back,Ireland  Nigeria,5,4,1,0,0,0,20,1.2e+06,1.2e+06,1.222e+06,-0.01793
2022,201574,Angus Gunn,Norwich,26.44,Goalkeeper,Goalkeeper,Scotland  England,9,9,0,0,1,0,20,3e+06,3e+06,1.965e+06,0.5271
2022,433186,Bali Mumba,Norwich,20.73,Defender,Right-Back,England  DR Congo,1,0,0,0,0,0,20,4e+05,5e+05,3.525e+05,0.1348
2022,128904,Ben Gibson,Norwich,29.46,Defender,Centre-Back,England,28,28,0,0,0,0,20,6e+06,7e+06,3.758e+06,0.5966
2022,423744,Billy Gilmour,Norwich,21.05,Midfield,Defensive Midfield,Scotland,24,21,0,1,0,0,20,1.2e+07,1e+07,5.091e+06,1.357
2022,507700,Brandon Williams,Norwich,21.82,Defender,Left-Back,England,26,23,0,1,0,0,20,1.2e+07,1e+07,4.72e+06,1.542
2022,77812,Christoph Zimmermann,Norwich,29.46,Defender,Centre-Back,Germany,3,2,0,0,0,0,20,1e+06,1.8e+06,9.874e+05,0.01273
2022,451677,Christos Tzolis,Norwich,20.42,Attack,Left Winger,Greece,14,3,0,0,0,0,20,8e+06,1.2e+07,4.456e+06,0.7953
2022,295630,Dimitrios Giannoulis,Norwich,26.7,Defender,Left-Back,Greece,18,14,0,1,0,0,20,5e+06,7e+06,3.226e+06,0.5498
2022,121385,Grant Hanley,Norwich,30.61,Defender,Centre-Back,Scotland,33,33,1,0,0,0,20,3.5e+06,4e+06,4.485e+06,-0.2195
2022,390664,Jacob Lungi Sørensen,Norwich,24.33,Midfield,Defensive Midfield,Denmark,10,6,0,0,0,0,20,1.5e+06,1.8e+06,2.275e+06,-0.3406
2022,672381,Jonathan Rowe,Norwich,19.17,Attack,Left Winger,England  Jamaica,13,0,0,1,0,0,20,8e+05,,2.831e+06,-0.7174
2022,393325,Josh Sargent,Norwich,22.36,Attack,Centre-Forward,United States,26,18,2,1,0,0,20,7e+06,8e+06,1.18e+07,-0.4069
2022,126600,Kenny McLean,Norwich,30.48,Midfield,Central Midfield,Scotland,31,29,1,0,0,0,20,2.5e+06,3e+06,4.821e+06,-0.4814
2022,258916,Kieran Dowell,Norwich,24.72,Midfield,Attacking Midfield,England,19,11,1,1,0,0,20,2.5e+06,3e+06,3.591e+06,-0.3038
2022,82863,Lukas Rupp,Norwich,31.48,Midfield,Attacking Midfield,Germany,19,7,0,0,0,0,20,1.2e+06,1.8e+06,2.396e+06,-0.4992
2022,257805,Mathias Normann,Norwich,26.09,Midfield,Defensive Midfield,Norway,23,20,1,2,0,0,20,1e+07,1.3e+07,4.242e+06,1.357
2022,471690,Max Aarons,Norwich,22.49,Defender,Right-Back,England  Jamaica,34,32,0,2,0,0,20,2.2e+07,2.2e+07,1.004e+07,1.191
2022,291739,Milot Rashica,Norwich,26.01,Attack,Right Winger,Kosovo  Albania,31,25,1,2,0,0,20,7e+06,9e+06,1.11e+07,-0.3695
2022,361260,Ozan Kabak,Norwich,22.27,Defender,Centre-Back,Türkiye,11,11,0,0,0,0,20,1e+07,2.5e+07,8.362e+06,0.1958
2022,377393,Pierre Lees-Melou,Norwich,29.1,Midfield,Defensive Midfield,France,33,27,1,1,0,0,20,5e+06,7e+06,9.886e+06,-0.4942
2022,383109,Przemyslaw Placheta,Norwich,24.27,Attack,Left Winger,Poland,12,6,0,0,0,0,20,1.8e+06,2e+06,2.265e+06,-0.2054
2022,236953,Sam Byram,Norwich,28.79,Defender,Left-Back,England,15,11,0,0,0,0,20,2e+06,2e+06,2.016e+06,-0.0079
2022,46972,Teemu Pukki,Norwich,32.26,Attack,Centre-Forward,Finland,37,37,11,3,0,0,20,4e+06,7e+06,9.022e+06,-0.5566
2022,33027,Tim Krul,Norwich,34.24,Goalkeeper,Goalkeeper,Netherlands,29,29,0,1,5,0,20,2e+06,2.5e+06,3.019e+06,-0.3376
2022,332341,Todd Cantwell,Norwich,24.34,Midfield,Attacking Midfield,England,8,5,0,0,0,0,20,1.8e+07,2.2e+07,3.984e+06,3.518
2022,570864,Tony Springett,Norwich,19.77,Attack,Right Winger,Ireland  England,3,1,0,0,0,0,20,,,1.608e+06,
2022,250426,Adam Armstrong,Southampton,25.39,Attack,Centre-Forward,England,23,17,2,3,0,0,15,1.5e+07,1.8e+07,1.158e+07,0.2955
2022,95976,Alex McCarthy,Southampton,32.57,Goalkeeper,Goalkeeper,England,17,17,0,0,5,0,15,3e+06,5e+06,5.525e+06,-0.457
2022,571743,Armando Broja,Southampton,20.8,Attack,Centre-Forward,Albania  England,32,21,6,1,0,0,15,2.2e+07,3e+06,1.34e+07,0.6417
2022,346779,Ché Adams,Southampton,25.97,Attack,Centre-Forward,Scotland  England,30,23,7,3,0,0,15,1.8e+07,2e+07,1.843e+07,-0.02333
2022,52570,Fraser Forster,Southampton,34.29,Goalkeeper,Goalkeeper,England,19,19,0,0,3,0,15,2e+06,3e+06,2.956e+06,-0.3234
2022,413032,Ibrahima Diallo,Southampton,23.32,Midfield,Defensive Midfield,France  Senegal,23,10,0,2,0,0,15,1e+07,1.5e+07,1.006e+07,-0.005821
2022,163744,Jack Stephens,Southampton,28.42,Defender,Centre-Back,England,11,9,0,0,0,0,15,7e+06,5e+06,6.422e+06,0.08993
2022,181579,James Ward-Prowse,Southampton,27.66,Midfield,Central Midfield,England,36,36,10,5,0,0,15,3.2e+07,3e+07,3.514e+07,-0.08945
2022,243028,Jan Bednarek,Southampton,26.22,Defender,Centre-Back,Poland,31,30,4,0,0,0,15,2.2e+07,2.5e+07,1.805e+07,0.2185
2022,341051,Kyle Walker-Peters,Southampton,25.22,Defender,Right-Back,England  Jamaica,32,29,1,2,0,0,15,2.2e+07,1.8e+07,1.429e+07,0.54
2022,379807,Lyanco,Southampton,25.41,Defender,Centre-Back,Brazil  Serbia,15,9,0,0,0,0,15,5e+06,5e+06,9.332e+06,-0.4642
2022,186644,Mohamed Elyounoussi,Southampton,27.91,Attack,Right Winger,Norway,30,23,4,2,0,0,15,1.2e+07,1.2e+07,1.085e+07,0.1062
2022,563963,Mohammed Salisu,Southampton,23.21,Defender,Centre-Back,Ghana,34,33,0,0,0,0,15,1.8e+07,1e+07,1.428e+07,0.2604
2022,485424,Moussa Djenepo,Southampton,24.04,Attack,Left Winger,Mali,12,5,0,0,0,0,15,1e+07,1.3e+07,7.976e+06,0.2538
2022,129078,Nathan Redmond,Southampton,28.32,Attack,Right Winger,England  Jamaica,27,20,1,5,0,0,15,1.8e+07,1.8e+07,1.487e+07,0.2105
2022,340322,Nathan Tella,Southampton,22.99,Attack,Right Winger,Nigeria  England,14,10,0,1,0,0,15,1.8e+06,2e+06,8.609e+06,-0.7909
2022,66100,Oriol Romeu,Southampton,30.77,Midfield,Defensive Midfield,Spain,36,34,2,2,0,0,15,5e+06,6e+06,1.088e+07,-0.5404
2022,318523,Romain Perraud,Southampton,24.77,Defender,Left-Back,France,20,18,0,1,0,0,15,8e+06,8e+06,1.299e+07,-0.3843
2022,37304,Shane Long,Southampton,35.44,Attack,Centre-Forward,Ireland,13,3,1,0,0,0,15,8e+05,1.2e+06,1.69e+06,-0.5267
2022,130765,Stuart Armstrong,Southampton,30.25,Midfield,Central Midfield,Scotland,25,15,2,1,0,0,15,6e+06,8e+06,9.113e+06,-0.3416
2022,33713,Theo Walcott,Southampton,33.29,Attack,Right Winger,England,9,5,0,0,0,0,15,1.8e+06,5e+06,3.588e+06,-0.4983
2022,503981,Tino Livramento,Southampton,19.63,Defender,Right-Back,England  Scotland,28,25,1,2,0,0,15,2.5e+07,5e+06,1.242e+07,1.013
2022,444211,Will Smallbone,Southampton,22.36,Midfield,Central Midfield,Ireland  England,4,2,0,0,0,0,15,2e+06,2e+06,2.218e+06,-0.09838
2022,19948,Willy Caballero,Southampton,40.76,Goalkeeper,Goalkeeper,Argentina  Spain,2,2,0,0,0,0,15,2.5e+05,2.5e+05,6.699e+05,-0.6268
2022,406008,Yan Valery,Southampton,23.35,Defender,Right-Back,Tunisia  France,5,3,0,0,0,0,15,2.5e+06,3e+06,2.551e+06,-0.01987
2022,192765,Ben Davies,Tottenham,29.19,Defender,Centre-Back,Wales,29,28,1,1,0,4,4,2e+07,1.6e+07,3.646e+07,-0.4515
2022,537382,Bryan Gil,Tottenham,21.38,Attack,Left Winger,Spain,9,0,0,0,0,4,4,1.8e+07,3e+07,1.855e+07,-0.02977
2022,355915,Cristian Romero,Tottenham,24.18,Defender,Centre-Back,Argentina,22,21,1,0,0,2,4,4.8e+07,3.5e+07,3.802e+07,0.2624
2022,670883,Dane Scarlett,Tottenham,18.27,Attack,Centre-Forward,England  Jamaica,1,0,0,0,0,3,4,2e+06,2.5e+05,4.059e+06,-0.5073
2022,341429,Davinson Sánchez,Tottenham,26.05,Defender,Centre-Back,Colombia,23,17,2,0,0,3,4,2.8e+07,3.2e+07,2.659e+07,0.05299
2022,431755,Dejan Kulusevski,Tottenham,22.18,Midfield,Attacking Midfield,Sweden  North Macedonia,18,14,5,8,0,5,4,4e+07,4e+07,9.601e+07,-0.5834
2022,476344,Emerson Royal,Tottenham,23.46,Defender,Right-Back,Brazil,31,26,1,1,0,3,4,2.5e+07,2.5e+07,3.609e+07,-0.3073
2022,175722,Eric Dier,Tottenham,28.46,Defender,Centre-Back,England  Portugal,35,35,0,0,0,2,4,2.8e+07,2.2e+07,4.701e+07,-0.4044
2022,348795,Giovani Lo Celso,Tottenham,26.23,Midfield,Attacking Midfield,Argentina  Italy,9,2,0,0,0,9,4,2.2e+07,2.7e+07,2.662e+07,-0.1736
2022,132098,Harry Kane,Tottenham,28.93,Attack,Centre-Forward,England  Ireland,37,36,17,9,0,4,4,9e+07,1.2e+08,1.399e+08,-0.3567
2022,249126,Harry Winks,Tottenham,26.41,Midfield,Central Midfield,England,19,9,0,1,0,3,4,1.5e+07,2e+07,1.55e+07,-0.03241
2022,91845,Heung-min Son,Tottenham,29.98,Attack,Left Winger,"Korea, South",35,35,23,9,0,3,4,7.5e+07,8.5e+07,9.803e+07,-0.2349
2022,17965,Hugo Lloris,Tottenham,35.51,Goalkeeper,Goalkeeper,France,38,38,0,0,16,1,4,7e+06,9e+06,1.111e+07,-0.3701
2022,346478,Japhet Tanganga,Tottenham,23.25,Defender,Centre-Back,England  DR Congo,11,10,0,0,0,3,4,1.2e+07,8e+06,1.039e+07,0.1552
2022,297212,Joe Rodon,Tottenham,24.69,Defender,Centre-Back,Wales,3,0,0,0,0,4,4,8e+06,1e+07,8.908e+06,-0.1019
2022,77100,Lucas Moura,Tottenham,29.88,Attack,Right Winger,Brazil,34,19,2,6,0,4,4,2e+07,2.5e+07,2.87e+07,-0.3033
2022,171679,Matt Doherty,Tottenham,30.46,Defender,Right-Back,Ireland,15,9,2,4,0,3,4,1.2e+07,1.6e+07,1.556e+07,-0.2287
2022,406638,Oliver Skipp,Tottenham,21.79,Midfield,Defensive Midfield,England,18,14,0,0,0,4,4,1.8e+07,1e+07,2.111e+07,-0.1472
2022,167799,Pierre-Emile Højbjerg,Tottenham,26.9,Midfield,Defensive Midfield,Denmark  France,36,36,2,2,0,4,4,4e+07,4e+07,6.278e+07,-0.3629
2022,354362,Rodrigo Bentancur,Tottenham,25.02,Midfield,Defensive Midfield,Uruguay,17,16,0,4,0,5,4,2.8e+07,3.5e+07,5.532e+07,-0.4938
2022,392775,Ryan Sessegnon,Tottenham,22.12,Defender,Left-Back,England,15,13,0,2,0,1,4,1.8e+07,1.8e+07,1.949e+07,-0.07626
2022,282429,Sergio Reguilón,Tottenham,25.54,Defender,Left-Back,Spain,25,22,2,3,0,2,4,2.5e+07,2.5e+07,3.204e+07,-0.2197
2022,284165,Steven Bergwijn,Tottenham,24.73,Attack,Left Winger,Netherlands  Suriname,25,4,3,1,0,2,4,1.8e+07,2.2e+07,1.887e+07,-0.04624
2022,450936,Tanguy Ndombélé,Tottenham,25.51,Midfield,Central Midfield,France  DR Congo,9,6,1,1,0,7,4,3e+07,5e+07,3.354e+07,-0.1055
2022,286949,Adam Masina,Watford,28.49,Defender,Centre-Back,Morocco  Italy,15,13,0,1,0,0,19,3e+06,4.5e+06,3.56e+06,-0.1572
2022,289846,Ashley Fletcher,Watford,26.75,Attack,Centre-Forward,England,3,0,0,0,0,0,19,1.2e+06,3e+06,1.151e+06,0.04234
2022,13572,Ben Foster,Watford,39.24,Goalkeeper,Goalkeeper,England,26,26,0,0,4,0,19,3e+05,3e+05,2.093e+06,-0.8567
2022,81512,Christian Kabasele,Watford,31.35,Defender,Centre-Back,Belgium  DR Congo,16,12,0,0,0,0,19,3e+06,4e+06,1.889e+06,0.5883
2022,59606,Craig Cathcart,Watford,33.4,Defender,Centre-Back,Northern Ireland,31,27,0,1,0,0,19,1.2e+06,1.5e+06,2.385e+06,-0.4969
2022,459463,Cucho Hernández,Watford,23.2,Attack,Centre-Forward,Colombia  Spain,25,11,5,2,0,0,19,9e+06,9e+06,9.863e+06,-0.08746
2022,44983,Dan Gosling,Watford,32.41,Midfield,Central Midfield,England,4,2,1,0,0,0,19,1e+06,1.5e+06,1.918e+06,-0.4787
2022,120186,Daniel Bachmann,Watford,27.98,Goalkeeper,Goalkeeper,Austria,12,12,0,0,0,0,19,2.5e+06,2e+06,2.213e+06,0.1297
2022,50174,Danny Rose,Watford,32,Defender,Left-Back,England  Jamaica,8,7,0,0,0,0,19,2.2e+06,3e+06,1.14e+06,0.9304
2022,486477,Edo Kayembe,Watford,24.08,Midfield,Central Midfield,DR Congo,13,9,0,0,0,0,19,3e+06,8e+05,2.926e+06,0.02515
2022,448854,Emmanuel Dennis,Watford,24.62,Attack,Centre-Forward,Nigeria,33,30,10,6,0,0,19,1.4e+07,5e+06,1.384e+07,0.01133
2022,371436,Francisco Sierralta,Watford,25.15,Defender,Centre-Back,Chile  Spain,5,5,0,0,0,0,19,1.5e+06,1.5e+06,1.721e+06,-0.1284
2022,290017,Hassane Kamara,Watford,28.32,Defender,Left-Back,Cote d'Ivoire  France,19,18,1,0,0,0,19,4e+06,8e+06,7.473e+06,-0.4647
2022,635336,Imrân Louza,Watford,23.17,Midfield,Central Midfield,Morocco  France,20,17,0,0,0,0,19,9e+06,1.2e+07,9.812e+06,-0.08278
2022,410225,Ismaïla Sarr,Watford,24.34,Attack,Right Winger,Senegal,22,21,5,2,0,0,19,2.7e+07,2.2e+07,9.832e+06,1.746
2022,503795,Jeremy Ngakia,Watford,21.81,Defender,Right-Back,DR Congo  England,16,9,0,0,0,0,19,3.5e+06,3e+06,2.319e+06,0.5092
2022,91059,Joshua King,Watford,30.46,Attack,Centre-Forward,Norway,32,27,5,3,0,0,19,8e+06,8e+06,7.101e+06,0.1266
2022,626724,João Pedro,Watford,20.76,Attack,Centre-Forward,Brazil,28,15,3,1,0,0,19,1.4e+07,1e+07,6.685e+06,1.094
2022,74943,Juraj Kucka,Watford,35.34,Midfield,Central Midfield,Slovakia,26,22,1,1,0,0,19,1.8e+06,3e+06,1.93e+06,-0.06746
2022,252345,Ken Sema,Watford,28.75,Attack,Left Winger,Sweden  DR Congo,18,7,0,0,0,0,19,2.5e+06,4.5e+06,3.553e+06,-0.2963
2022,76467,Kiko Femenía,Watford,31.41,Defender,Right-Back,Spain,27,26,0,5,0,0,19,2.5e+06,3.5e+06,4.285e+06,-0.4166
2022,46001,Moussa Sissoko,Watford,32.87,Midfield,Central Midfield,France  Mali,36,36,2,1,0,0,19,4.5e+06,1e+07,7.605e+06,-0.4083
2022,60577,Nicolas Nkoulou,Watford,32.26,Defender,Centre-Back,Cameroon,3,2,0,0,0,0,19,2.5e+06,5e+06,2.969e+06,-0.1579
2022,236471,Ozan Tufan,Watford,27.27,Midfield,Central Midfield,Türkiye,7,4,0,0,0,2,19,3.8e+06,1.1e+07,3.574e+06,0.06309
2022,409106,Peter Etebo,Watford,26.64,Midfield,Defensive Midfield,Nigeria,9,4,0,0,0,0,19,2e+06,3.2e+06,2.51e+06,-0.2031
2022,255744,Samir Caetano,Watford,27.57,Defender,Centre-Back,Brazil,19,19,0,0,0,0,19,5e+06,5e+06,9.375e+06,-0.4667
2022,424051,Samuel Kalu,Watford,24.85,Attack,Right Winger,Nigeria,4,2,0,0,0,0,19,3e+06,7e+06,4.106e+06,-0.2693
2022,73484,Tom Cleverley,Watford,32.88,Midfield,Central Midfield,England,28,20,0,2,0,0,19,1.8e+06,3e+06,3.13e+06,-0.4249
2022,65477,Troy Deeney,Watford,34,Attack,Centre-Forward,England  Jamaica,2,0,0,0,0,0,19,1e+06,2.5e+06,1.008e+06,-0.008194
2022,192875,William Troost-Ekong,Watford,28.83,Defender,Centre-Back,Nigeria  Netherlands,17,15,0,0,0,0,19,4e+06,4e+06,3.482e+06,0.1488
2022,92571,Aaron Cresswell,West Ham,32.54,Defender,Left-Back,England,31,31,2,3,0,9,7,3e+06,5e+06,1.463e+07,-0.795
2022,337333,Alex Král,West Ham,24.12,Midfield,Central Midfield,Czech Republic,1,0,0,0,0,3,7,7e+06,1e+07,3.419e+06,1.047
2022,120629,Alphonse Areola,West Ham,29.34,Goalkeeper,Goalkeeper,France  Philippines,1,1,0,0,0,11,7,8e+06,1.7e+07,1.315e+07,-0.3917
2022,69015,Andriy Yarmolenko,West Ham,32.69,Attack,Right Winger,Ukraine,19,1,1,0,0,8,7,2.5e+06,4e+06,6.259e+06,-0.6006
2022,48002,Angelo Ogbonna,West Ham,34.11,Defender,Centre-Back,Italy  Nigeria,11,11,1,0,0,0,7,1.2e+06,2.5e+06,4.419e+06,-0.7284
2022,181380,Arthur Masuaku,West Ham,28.65,Defender,Left-Back,DR Congo  France,13,6,1,1,0,4,7,5e+06,7e+06,9.043e+06,-0.4471
2022,468002,Ben Johnson,West Ham,22.43,Defender,Right-Back,England,20,16,1,0,0,8,7,9e+06,3e+06,9.98e+06,-0.09822
2022,121477,Craig Dawson,West Ham,32.15,Defender,Centre-Back,England,34,30,2,2,0,10,7,3e+06,3e+06,1.46e+07,-0.7945
2022,561452,Dan Chesters,West Ham,20.24,Midfield,Right Midfield,England,1,0,0,0,0,1,7,,,9.617e+05,
2022,357662,Declan Rice,West Ham,23.46,Midfield,Central Midfield,England  Ireland,36,35,1,4,0,10,7,8e+07,7e+07,4.163e+07,0.9216
2022,559130,Harrison Ashby,West Ham,20.63,Defender,Right-Back,Scotland  England,1,0,0,0,0,1,7,,3e+05,1.573e+06,
2022,272622,Issa Diop,West Ham,25.47,Defender,Centre-Back,France  Senegal,13,10,0,1,0,7,7,1e+07,1.8e+07,1.549e+07,-0.3546
2022,314875,Jarrod Bowen,West Ham,25.53,Attack,Right Winger,England,36,34,12,12,0,9,7,4.2e+07,3e+07,6.208e+07,-0.3234
2022,157509,Kurt Zouma,West Ham,27.68,Defender,Centre-Back,France  Central African Republic,24,24,1,0,0,6,7,2.8e+07,3.2e+07,3.16e+07,-0.114
2022,29692,Lukasz Fabianski,West Ham,37.2,Goalkeeper,Goalkeeper,Poland,37,37,0,0,8,1,7,1e+06,1.5e+06,4.083e+06,-0.7551
2022,135853,Manuel Lanzini,West Ham,29.37,Midfield,Attacking Midfield,Argentina  Italy,30,19,5,3,0,10,7,1.2e+07,1e+07,1.823e+07,-0.3416
2022,31835,Mark Noble,West Ham,35.15,Midfield,Central Midfield,England  Ireland,11,3,1,0,0,9,7,1e+06,2e+06,2.63e+06,-0.6197
2022,104124,Michail Antonio,West Ham,32.26,Attack,Centre-Forward,Jamaica  England,36,34,10,8,0,9,7,1e+07,1.2e+07,2.154e+07,-0.5357
2022,293200,Nikola Vlašić,West Ham,24.74,Midfield,Attacking Midfield,Croatia,19,6,1,0,0,6,7,2.2e+07,3e+07,1.454e+07,0.5133
2022,357885,Pablo Fornals,West Ham,26.35,Midfield,Central Midfield,Spain,36,32,6,4,0,12,7,2.2e+07,1.8e+07,3.615e+07,-0.3915
2022,140191,Ryan Fredericks,West Ham,29.72,Defender,Right-Back,England  Scotland,7,3,0,0,0,5,7,1.5e+06,2.5e+06,5.903e+06,-0.7459
2022,290532,Saïd Benrahma,West Ham,26.89,Attack,Left Winger,Algeria  France,32,26,8,6,0,12,7,2.5e+07,2.2e+07,3.26e+07,-0.2332
2022,670877,Sonny Perkins,West Ham,18.39,Attack,Right Winger,England  Ireland,1,0,0,0,0,2,7,1.2e+06,,2.248e+06,-0.4662
2022,283628,Tomáš Souček,West Ham,27.34,Midfield,Defensive Midfield,Czech Republic,35,34,5,1,0,11,7,4.5e+07,4e+07,3.476e+07,0.2947
2022,157672,Vladimír Coufal,West Ham,29.86,Defender,Right-Back,Czech Republic,28,25,0,4,0,4,7,1.2e+07,1.2e+07,1.599e+07,-0.2494
2022,204103,Adama Traoré,Wolves,26.43,Attack,Right Winger,Spain  Mali,20,10,1,0,0,6,10,2e+07,3e+07,1.671e+07,0.1969
2022,614603,Chem Campbell,Wolves,19.5,Midfield,Attacking Midfield,Wales  England,1,0,0,0,0,0,10,,,1.695e+06,
2022,695454,Chiquinho,Wolves,22.4,Attack,Left Winger,Portugal  Cape Verde,8,1,0,3,0,0,10,3e+06,2.5e+05,6.227e+06,-0.5182
2022,128901,Conor Coady,Wolves,29.34,Defender,Centre-Back,England,38,38,4,0,0,0,10,2.5e+07,2.5e+07,1.766e+07,0.4157
2022,256977,Daniel Podence,Wolves,26.69,Attack,Left Winger,Portugal,26,15,2,3,0,0,10,2e+07,2.5e+07,1.153e+07,0.7347
2022,412669,Francisco Trincão,Wolves,22.51,Attack,Right Winger,Portugal,28,16,2,1,0,0,10,2e+07,2.2e+07,1.001e+07,0.9989
2022,505653,Fábio Silva,Wolves,19.95,Attack,Centre-Forward,Portugal,22,6,0,0,0,0,10,1.5e+07,2.5e+07,1.1e+07,0.3642
2022,292246,Hee-chan Hwang,Wolves,26.43,Attack,Centre-Forward,"Korea, South",30,20,5,1,0,0,10,1.6e+07,1.1e+07,1.106e+07,0.4472
2022,29712,John Ruddy,Wolves,35.69,Goalkeeper,Goalkeeper,England,2,1,0,0,0,0,10,3e+05,8e+05,1.213e+06,-0.7527
2022,175446,Jonny Otto,Wolves,28.33,Defender,Right-Back,Spain,13,10,2,0,0,0,10,1.5e+07,1.5e+07,1.119e+07,0.3406
2022,249994,José Sá,Wolves,29.45,Goalkeeper,Goalkeeper,Portugal,37,37,0,1,11,0,10,1.8e+07,7.5e+06,1.098e+07,0.6387
2022,29364,João Moutinho,Wolves,35.81,Midfield,Central Midfield,Portugal,35,34,2,1,0,0,10,2.5e+06,4e+06,3.656e+06,-0.3162
2022,485583,Ki-Jana Hoever,Wolves,20.45,Defender,Right-Back,Netherlands  Suriname,8,4,0,0,0,0,10,6e+06,7e+06,4.616e+06,0.2998
2022,168157,Leander Dendoncker,Wolves,27.21,Midfield,Defensive Midfield,Belgium,30,21,2,2,0,0,10,2.8e+07,3e+07,1.514e+07,0.8492
2022,532541,Luke Cundle,Wolves,20.18,Midfield,Central Midfield,England,4,2,0,0,0,0,10,8e+05,,2.667e+06,-0.7001
2022,137745,Marçal,Wolves,33.36,Defender,Left-Back,Brazil,18,17,0,0,0,0,10,1.5e+06,1.8e+06,2.871e+06,-0.4775
2022,525247,Maximilian Kilman,Wolves,25.11,Defender,Centre-Back,England  Ukraine,30,30,1,0,0,0,10,1.6e+07,4.5e+06,1.695e+07,-0.05606
2022,429014,Morgan Gibbs-White,Wolves,22.43,Midfield,Attacking Midfield,England  Jamaica,2,0,0,0,0,0,10,1.1e+07,7e+06,6.891e+06,0.5963
2022,231572,Nélson Semedo,Wolves,28.62,Defender,Right-Back,Portugal  Cape Verde,25,25,0,1,0,0,10,2.2e+07,2.8e+07,1.25e+07,0.7605
2022,487465,Pedro Neto,Wolves,22.31,Attack,Right Winger,Portugal,13,5,1,1,0,0,10,3.2e+07,3.5e+07,1.61e+07,0.9876
2022,578391,Rayan Aït-Nouri,Wolves,21.07,Defender,Left-Back,Algeria  France,23,20,1,4,0,0,10,2e+07,1.8e+07,1.449e+07,0.3803
2022,206040,Raúl Jiménez,Wolves,31.16,Attack,Centre-Forward,Mexico,34,30,6,4,0,0,10,1.8e+07,2.8e+07,1.115e+07,0.6146
2022,204198,Romain Saïss,Wolves,32.27,Defender,Centre-Back,Morocco  France,31,31,2,0,0,0,10,8e+06,1e+07,7.965e+06,0.004382
2022,225161,Rúben Neves,Wolves,25.3,Midfield,Defensive Midfield,Portugal,33,31,4,2,0,0,10,4e+07,4.5e+07,2.604e+07,0.5362
2022,606718,Toti,Wolves,23.46,Defender,Centre-Back,Portugal  Guinea-Bissau,4,4,0,0,0,0,10,1.5e+06,7e+05,3.741e+06,-0.5991
2022,142310,Willy Boly,Wolves,31.41,Defender,Centre-Back,Cote d'Ivoire  France,10,10,0,0,0,0,10,6e+06,1.4e+07,5.88e+06,0.02034
2023,427568,Aaron Ramsdale,Arsenal,25.13,Goalkeeper,Goalkeeper,England,38,38,0,0,14,3,2,4e+07,2.8e+07,7.579e+07,-0.4722
2023,335721,Ben White,Arsenal,25.73,Defender,Right-Back,England,38,36,2,5,0,7,2,5.5e+07,4e+07,7.105e+07,-0.2259
2023,433177,Bukayo Saka,Arsenal,21.82,Attack,Right Winger,England  Nigeria,38,37,14,12,0,8,2,1.2e+08,6.5e+07,1.489e+08,-0.1943
2023,340324,Eddie Nketiah,Arsenal,24.09,Attack,Centre-Forward,England  Ghana,30,9,4,2,0,6,2,2.5e+07,1.6e+07,3.264e+07,-0.2341
2023,392765,Emile Smith Rowe,Arsenal,22.92,Midfield,Attacking Midfield,England,12,0,0,2,0,1,2,3.5e+07,4e+07,2.06e+07,0.6991
2023,890719,Ethan Nwaneri,Arsenal,16.28,Midfield,Attacking Midfield,England  Nigeria,1,0,0,0,0,0,2,,,2.59e+06,
2023,537598,Fábio Vieira,Arsenal,23.09,Midfield,Attacking Midfield,Portugal,22,3,1,2,0,8,2,2.5e+07,2.5e+07,2.956e+07,-0.1542
2023,363205,Gabriel Jesus,Arsenal,26.24,Attack,Centre-Forward,Brazil,26,24,11,7,0,6,2,7.5e+07,5e+07,1.327e+08,-0.435
2023,435338,Gabriel Magalhães,Arsenal,25.53,Defender,Centre-Back,Brazil,38,38,3,0,0,7,2,5.5e+07,3.8e+07,8.53e+07,-0.3552
2023,655488,Gabriel Martinelli,Arsenal,22.03,Attack,Left Winger,Brazil  Italy,36,34,15,6,0,7,2,8e+07,4e+07,1.115e+08,-0.2827
2023,111455,Granit Xhaka,Arsenal,30.76,Midfield,Defensive Midfield,Switzerland,37,36,7,7,0,7,2,2e+07,2e+07,6.774e+07,-0.7048
2023,425918,Jakub Kiwior,Arsenal,23.37,Defender,Centre-Back,Poland,7,5,1,0,0,1,2,2.5e+07,3e+06,2.542e+07,-0.01641
2023,300716,Kieran Tierney,Arsenal,26.07,Defender,Left-Back,Scotland  Isle of Man,27,6,0,1,0,6,2,2.5e+07,3.2e+07,2.386e+07,0.04777
2023,144028,Leandro Trossard,Arsenal,28.57,Attack,Left Winger,Belgium,36,26,8,13,0,1,2,3.5e+07,2e+07,5.748e+07,-0.391
2023,668268,Marquinhos,Arsenal,20.23,Attack,Right Winger,Brazil,1,0,0,0,0,3,2,1.2e+07,7e+06,1.824e+06,5.579
2023,316264,Martin Ødegaard,Arsenal,24.54,Midfield,Attacking Midfield,Norway,37,37,15,7,0,7,2,9e+07,4.5e+07,1.312e+08,-0.3142
2023,160438,Mohamed Elneny,Arsenal,30.97,Midfield,Defensive Midfield,Egypt,5,1,0,0,0,1,2,6e+06,1.1e+07,1.216e+07,-0.5064
2023,203853,Oleksandr Zinchenko,Arsenal,26.54,Defender,Left-Back,Ukraine,27,26,1,2,0,3,2,4.2e+07,2.5e+07,3.859e+07,0.0883
2023,340325,Reiss Nelson,Arsenal,23.56,Attack,Left Winger,England  Jamaica,11,0,3,2,0,6,2,1.2e+07,6.5e+06,1.864e+07,-0.3561
2023,253341,Rob Holding,Arsenal,27.78,Defender,Centre-Back,England,14,6,1,0,0,7,2,8e+06,1e+07,1.903e+07,-0.5797
2023,331560,Takehiro Tomiyasu,Arsenal,24.65,Defender,Centre-Back,Japan,21,6,0,1,0,8,2,2.5e+07,2.5e+07,2.815e+07,-0.112
2023,230784,Thomas Partey,Arsenal,30.05,Midfield,Defensive Midfield,Ghana,33,28,3,0,0,6,2,3.5e+07,3.8e+07,4.217e+07,-0.17
2023,495666,William Saliba,Arsenal,22.27,Defender,Centre-Back,France  Cameroon,27,27,2,1,0,4,2,6.5e+07,3e+07,8.36e+07,-0.2225
2023,61841,Adam Smith,Bournemouth,32.17,Defender,Right-Back,England,37,34,0,1,0,0,15,1.2e+06,1.5e+06,5.678e+06,-0.7887
2023,583255,Antoine Semenyo,Bournemouth,23.48,Attack,Right Winger,Ghana  England,11,2,1,0,0,0,15,9e+06,2.5e+06,6.274e+06,0.4346
2023,183302,Ben Pearson,Bournemouth,28.49,Midfield,Central Midfield,England,7,3,0,0,0,0,15,2.2e+06,2.5e+06,2.514e+06,-0.1248
2023,480987,Chris Mepham,Bournemouth,25.65,Defender,Centre-Back,Wales  England,26,24,0,0,0,0,15,8e+06,4e+06,8.171e+06,-0.02096
2023,823231,Dango Ouattara,Bournemouth,21.38,Attack,Left Winger,Burkina Faso,19,15,1,3,0,0,15,2.5e+07,9e+05,1.487e+07,0.6818
2023,277033,David Brooks,Bournemouth,25.98,Attack,Right Winger,Wales  England,6,2,0,0,0,0,15,1.2e+07,1.6e+07,6.135e+06,0.9558
2023,258889,Dominic Solanke,Bournemouth,25.79,Attack,Centre-Forward,England  Nigeria,33,32,6,7,0,0,15,2e+07,1.6e+07,2.696e+07,-0.2582
2023,232964,Emiliano Marcondes,Bournemouth,28.31,Midfield,Attacking Midfield,Denmark  Brazil,1,0,0,0,0,0,15,1.5e+06,2e+06,1.679e+06,-0.1066
2023,391065,Hamed Traoré,Bournemouth,23.37,Attack,Left Winger,Cote d'Ivoire,7,5,0,0,0,0,15,2.2e+07,2.2e+07,1.442e+07,0.5254
2023,659089,Ilya Zabarnyi,Bournemouth,20.83,Defender,Centre-Back,Ukraine,5,3,0,0,0,5,15,2e+07,1.5e+07,4.969e+06,3.025
2023,249356,Jack Stacey,Bournemouth,27.23,Defender,Right-Back,England,10,3,0,0,0,0,15,2e+06,3e+06,3.043e+06,-0.3427
2023,163744,Jack Stephens,Bournemouth,29.42,Defender,Centre-Back,England,17,13,0,0,0,0,15,3.5e+06,7e+06,6.597e+06,-0.4694
2023,684210,Jaidon Anthony,Bournemouth,23.58,Attack,Left Winger,England  Jamaica,30,11,3,1,0,0,15,9e+06,6e+06,1.24e+07,-0.274
2023,239949,Jamal Lowe,Bournemouth,28.94,Attack,Centre-Forward,Jamaica  England,2,0,0,0,0,0,15,1.5e+06,1.8e+06,2.944e+06,-0.4905
2023,262980,Jefferson Lerma,Bournemouth,28.68,Midfield,Defensive Midfield,Colombia,37,37,5,0,0,0,15,2e+07,1.5e+07,1.654e+07,0.2089
2023,183293,Joe Rothwell,Bournemouth,28.47,Midfield,Central Midfield,England  Scotland,20,12,0,1,0,0,15,4e+06,3.5e+06,6.699e+06,-0.4029
2023,633530,Jordan Zemura,Bournemouth,23.63,Defender,Left-Back,Zimbabwe  England,19,17,0,1,0,0,15,6e+06,3e+06,7.662e+06,-0.2169
2023,87672,Junior Stanislas,Bournemouth,33.59,Attack,Left Winger,England  St. Lucia,4,0,0,0,0,0,15,5e+05,7e+05,2.763e+06,-0.819
2023,275590,Kieffer Moore,Bournemouth,30.89,Attack,Centre-Forward,Wales  England,27,12,4,0,0,0,15,4e+06,5e+06,7.019e+06,-0.4301
2023,249089,Lewis Cook,Bournemouth,26.4,Midfield,Central Midfield,England,28,18,0,2,0,0,15,1e+07,9e+06,9.672e+06,0.03388
2023,480116,Lloyd Kelly,Bournemouth,24.73,Defender,Centre-Back,England  Jamaica,23,23,0,2,0,0,15,1.8e+07,1.2e+07,1.081e+07,0.6648
2023,469781,Marcos Senesi,Bournemouth,26.14,Defender,Centre-Back,Argentina  Italy,31,29,2,0,0,0,15,2.2e+07,1.7e+07,1.192e+07,0.8452
2023,399434,Marcus Tavernier,Bournemouth,24.28,Midfield,Left Midfield,England,23,19,5,4,0,0,15,1.7e+07,4.5e+06,1.628e+07,0.04394
2023,357658,Mark Travers,Bournemouth,24.12,Goalkeeper,Goalkeeper,Ireland,12,11,0,0,2,0,15,2e+06,2.5e+06,8.072e+06,-0.7522
2023,439072,Matías Viña,Bournemouth,25.64,Defender,Left-Back,Uruguay  Italy,12,5,2,0,0,4,15,8e+06,7.5e+06,1.146e+07,-0.3017
2023,111819,Neto,Bournemouth,33.95,Goalkeeper,Goalkeeper,Brazil  Italy,27,27,0,0,6,0,15,2.5e+06,3e+06,4.68e+06,-0.4658
2023,583990,Owen Bevan,Bournemouth,19.68,Defender,Centre-Back,Wales  England,1,0,0,0,0,0,15,,,6.769e+05,
2023,320411,Philip Billing,Bournemouth,27.05,Midfield,Central Midfield,Denmark  Nigeria,36,34,7,1,0,0,15,2e+07,1.8e+07,2.247e+07,-0.1099
2023,188077,Ryan Christie,Bournemouth,28.35,Midfield,Central Midfield,Scotland,32,22,1,1,0,0,15,1e+07,9e+06,9.03e+06,0.1075
2023,140191,Ryan Fredericks,Bournemouth,30.72,Defender,Right-Back,England  Scotland,12,5,0,0,0,0,15,1.5e+06,1.5e+06,3.609e+06,-0.5844
2023,488656,Siriki Dembélé,Bournemouth,26.81,Attack,Left Winger,Scotland  Cote d'Ivoire,6,0,0,0,0,0,15,2e+06,2.8e+06,3.914e+06,-0.489
2023,591949,Aaron Hickey,Brentford,21.06,Defender,Right-Back,Scotland,26,23,0,1,0,0,9,2.5e+07,1.8e+07,2.489e+07,0.004568
2023,74810,Ben Mee,Brentford,33.77,Defender,Centre-Back,England,37,37,3,2,0,0,9,2e+06,2.5e+06,9.645e+06,-0.7926
2023,413039,Bryan Mbeumo,Brentford,23.9,Attack,Right Winger,Cameroon  France,38,36,9,8,0,0,9,3.5e+07,2.2e+07,5.902e+07,-0.407
2023,148367,Christian Nørgaard,Brentford,29.31,Midfield,Defensive Midfield,Denmark,22,21,1,4,0,0,9,1.6e+07,1.4e+07,2.193e+07,-0.2703
2023,262749,David Raya,Brentford,27.79,Goalkeeper,Goalkeeper,Spain,38,38,0,1,12,0,9,3e+07,2.2e+07,2.909e+07,0.0314
2023,442248,Ethan Pinnock,Brentford,30.09,Defender,Centre-Back,Jamaica  England,30,30,3,0,0,0,9,1.4e+07,1.2e+07,1.811e+07,-0.2268
2023,421637,Frank Onyeka,Brentford,25.49,Midfield,Central Midfield,Nigeria,21,8,0,2,0,0,9,8e+06,9e+06,9.193e+06,-0.1298
2023,465606,Halil Dervişoğlu,Brentford,23.56,Attack,Centre-Forward,Türkiye  Netherlands,1,0,0,0,0,0,9,2e+06,3e+06,2.582e+06,-0.2255
2023,251664,Ivan Toney,Brentford,27.29,Attack,Centre-Forward,England  Jamaica,33,33,20,4,0,0,9,3.5e+07,3.5e+07,5.1e+07,-0.3137
2023,340321,Josh Dasilva,Brentford,24.69,Midfield,Central Midfield,England  Angola,36,14,4,2,0,0,9,1.6e+07,1e+07,1.536e+07,0.04183
2023,644401,Keane Lewis-Potter,Brentford,22.35,Attack,Left Winger,England,10,3,0,1,0,0,9,1.2e+07,1.2e+07,9.548e+06,0.2569
2023,473050,Kevin Schade,Brentford,21.59,Attack,Left Winger,Germany  Nigeria,18,7,0,1,0,4,9,2.5e+07,7e+06,1.534e+07,0.6292
2023,328658,Kristoffer Ajer,Brentford,25.2,Defender,Centre-Back,Norway,9,9,0,0,0,0,9,1.6e+07,1.8e+07,1.342e+07,0.1927
2023,372240,Mads Bech Sørensen,Brentford,24.48,Defender,Centre-Back,Denmark,4,0,0,0,0,0,9,2.5e+06,5e+06,4.486e+06,-0.4427
2023,391005,Mads Roerslev,Brentford,24.02,Defender,Right-Back,Denmark,20,12,0,0,0,0,9,6e+06,2.5e+06,9.71e+06,-0.3821
2023,319859,Mathias Jensen,Brentford,27.5,Midfield,Central Midfield,Denmark,37,37,5,6,0,0,9,2.2e+07,1e+07,2.631e+07,-0.1637
2023,540941,Mikkel Damsgaard,Brentford,22.99,Midfield,Attacking Midfield,Denmark,26,9,0,0,0,0,9,1.3e+07,1.5e+07,1.18e+07,0.1021
2023,125314,Pontus Jansson,Brentford,32.38,Defender,Centre-Back,Sweden,12,9,1,0,0,0,9,2.5e+06,7e+06,9.912e+06,-0.7478
2023,339556,Rico Henry,Brentford,25.98,Defender,Left-Back,England  Jamaica,37,37,0,3,0,0,9,2.8e+07,2e+07,2.809e+07,-0.003263
2023,204294,Saman Ghoddos,Brentford,29.82,Midfield,Attacking Midfield,Iran  Sweden,15,0,0,0,0,0,9,2e+06,2.5e+06,6.198e+06,-0.6773
2023,251845,Sergi Canós,Brentford,26.41,Attack,Left Winger,Spain,5,0,0,0,0,0,9,9e+06,1.4e+07,1.089e+07,-0.1738
2023,533916,Shandon Baptiste,Brentford,25.23,Midfield,Central Midfield,Grenada  England,23,4,0,1,0,0,9,3e+06,3e+06,8.844e+06,-0.6608
2023,270171,Vitaly Janelt,Brentford,25.14,Midfield,Defensive Midfield,Germany  Bosnia-Herzegovina,35,24,3,1,0,0,9,2e+07,1.4e+07,2.683e+07,-0.2547
2023,388165,Yoane Wissa,Brentford,26.82,Attack,Centre-Forward,DR Congo  France,38,16,7,3,0,0,9,1.8e+07,1.2e+07,2.202e+07,-0.1825
2023,52059,Zanka,Brentford,33.19,Defender,Centre-Back,Denmark,18,11,0,0,0,0,9,1.5e+06,1.2e+06,4.244e+06,-0.6466
2023,43530,Adam Lallana,Brighton,35.14,Midfield,Attacking Midfield,England,16,12,2,1,0,0,6,1.2e+06,2e+06,4.132e+06,-0.7096
2023,212847,Adam Webster,Brighton,28.49,Defender,Centre-Back,England,27,23,0,0,0,0,6,2.5e+07,1.7e+07,2.248e+07,0.1121
2023,534033,Alexis Mac Allister,Brighton,24.52,Midfield,Central Midfield,Argentina  Italy,35,31,10,2,0,0,6,6.5e+07,1.6e+07,4.327e+07,0.5024
2023,724537,Andrew Moran,Brighton,19.71,Midfield,Attacking Midfield,Ireland,1,0,0,0,0,0,6,,3e+05,1.873e+06,
2023,423744,Billy Gilmour,Brighton,22.05,Midfield,Defensive Midfield,Scotland,14,7,0,1,0,0,6,1.2e+07,1.2e+07,1.672e+07,-0.2824
2023,703626,Cameron Peupion,Brighton,20.77,Attack,Left Winger,Australia  France,1,0,0,0,0,0,6,,1.25e+05,2.156e+06,
2023,67063,Danny Welbeck,Brighton,32.59,Attack,Centre-Forward,England  Ghana,31,21,6,4,0,0,6,7e+06,4e+06,1.369e+07,-0.4888
2023,339314,Deniz Undav,Brighton,26.95,Attack,Centre-Forward,Germany  Türkiye,22,6,5,0,0,0,6,1e+07,8e+06,1.8e+07,-0.4444
2023,490307,Enock Mwepu,Brighton,25.49,Midfield,Central Midfield,Zambia,6,2,0,1,0,0,6,,1.8e+07,1.196e+07,
2023,648046,Evan Ferguson,Brighton,18.7,Attack,Centre-Forward,Ireland  England,19,10,6,2,0,0,6,3e+07,6e+05,2.68e+07,0.1192
2023,983989,Facundo Buonanotte,Brighton,18.52,Midfield,Attacking Midfield,Argentina  Italy,13,6,1,1,0,0,6,1.2e+07,5e+04,6.802e+06,0.7643
2023,867688,Jack Hinshelwood,Brighton,18.22,Midfield,Defensive Midfield,England,1,0,0,0,0,0,6,,,2.092e+06,
2023,576314,Jan Paul van Hecke,Brighton,23.06,Defender,Centre-Back,Netherlands,8,3,0,0,0,0,6,5e+06,5e+06,6.341e+06,-0.2115
2023,73564,Jason Steele,Brighton,32.87,Goalkeeper,Goalkeeper,England,15,15,0,1,6,0,6,4e+06,6e+05,5.696e+06,-0.2977
2023,568005,Jeremy Sarmiento,Brighton,21.04,Attack,Left Winger,Ecuador  England,9,1,0,1,0,0,6,5e+06,3e+06,5.447e+06,-0.08206
2023,111195,Joël Veltman,Brighton,31.46,Defender,Right-Back,Netherlands,31,25,1,1,0,0,6,1e+07,1e+07,1.186e+07,-0.1571
2023,660867,Julio Enciso,Brighton,19.44,Midfield,Attacking Midfield,Paraguay,20,7,4,2,0,0,6,2.2e+07,1.1e+07,1.507e+07,0.4594
2023,504849,Kaoru Mitoma,Brighton,26.11,Attack,Left Winger,Japan,33,24,7,7,0,0,6,3.2e+07,2.5e+06,3.581e+07,-0.1063
2023,614258,Levi Colwill,Brighton,20.34,Defender,Centre-Back,England,17,13,0,2,0,0,6,3.5e+07,5e+06,1.422e+07,1.462
2023,148153,Lewis Dunk,Brighton,31.61,Defender,Centre-Back,England,36,36,1,0,0,0,6,1.6e+07,2e+07,1.778e+07,-0.1001
2023,687626,Moisés Caicedo,Brighton,21.66,Midfield,Defensive Midfield,Ecuador,37,34,1,1,0,0,6,7.5e+07,6e+06,2.956e+07,1.538
2023,567597,Odeluga Offiah,Brighton,20.68,Defender,Right-Back,England  Nigeria,2,0,0,0,0,0,6,,2e+05,1.66e+06,
2023,82873,Pascal Groß,Brighton,32.04,Midfield,Central Midfield,Germany,37,37,9,8,0,0,6,8e+06,6e+06,2.583e+07,-0.6902
2023,349599,Pervis Estupiñán,Brighton,25.44,Defender,Left-Back,Ecuador  Spain,35,31,1,7,0,0,6,3.2e+07,2e+07,3.313e+07,-0.03397
2023,403151,Robert Sánchez,Brighton,25.62,Goalkeeper,Goalkeeper,Spain  England,23,23,0,0,6,0,6,2.2e+07,1.6e+07,2.955e+07,-0.2556
2023,209212,Solly March,Brighton,28.95,Attack,Right Winger,England,33,31,7,9,0,0,6,2.2e+07,9e+06,4.282e+07,-0.4863
2023,504148,Tariq Lamptey,Brighton,22.75,Defender,Right-Back,Ghana  England,20,3,0,0,0,0,6,1.2e+07,1.8e+07,1.314e+07,-0.08658
2023,667287,Yasin Ayari,Brighton,19.73,Midfield,Central Midfield,Sweden  Tunisia,3,1,0,0,0,0,6,6e+06,5e+05,2.092e+06,1.869
2023,571743,Armando Broja,Chelsea,21.8,Attack,Centre-Forward,Albania  England,12,2,1,1,0,5,12,2.8e+07,2.2e+07,2.007e+07,0.3952
2023,316125,Ben Chilwell,Chelsea,26.52,Defender,Left-Back,England  New Zealand,23,15,2,3,0,7,12,3.5e+07,3.8e+07,2.153e+07,0.6258
2023,463603,Benoît Badiashile,Chelsea,22.26,Defender,Centre-Back,France  DR Congo,11,10,1,0,0,5,12,4e+07,3e+07,2.218e+07,0.8031
2023,659459,Carney Chukwuemeka,Chelsea,19.7,Midfield,Central Midfield,England  Nigeria,14,2,0,0,0,0,12,1.5e+07,6e+06,7.937e+06,0.8898
2023,315779,Christian Pulisic,Chelsea,24.78,Attack,Right Winger,United States  Croatia,24,8,1,1,0,5,12,2.5e+07,4.2e+07,2.227e+07,0.1226
2023,488362,Conor Gallagher,Chelsea,23.4,Midfield,Central Midfield,England,35,18,3,1,0,8,12,3.2e+07,2.5e+07,3.48e+07,-0.08046
2023,57500,César Azpilicueta,Chelsea,33.84,Defender,Centre-Back,Spain,25,16,0,0,0,5,12,5e+06,9e+06,8.425e+06,-0.4066
2023,787232,David Datro Fofana,Chelsea,20.52,Attack,Centre-Forward,Cote d'Ivoire,3,1,0,0,0,4,12,1e+07,7e+05,2.28e+06,3.387
2023,334526,Denis Zakaria,Chelsea,26.61,Midfield,Defensive Midfield,Switzerland  DR Congo,7,5,0,0,0,2,12,1.8e+07,2.7e+07,1.621e+07,0.1105
2023,442531,Edouard Mendy,Chelsea,31.33,Goalkeeper,Goalkeeper,Senegal  Guinea-Bissau,10,9,0,0,1,1,12,1.2e+07,3.2e+07,1.349e+07,-0.1103
2023,648195,Enzo Fernández,Chelsea,22.45,Midfield,Central Midfield,Argentina,18,18,0,2,0,9,12,8e+07,1.5e+07,2.067e+07,2.87
2023,217111,Hakim Ziyech,Chelsea,30.28,Attack,Right Winger,Morocco  Netherlands,18,6,0,3,0,4,12,1.6e+07,2.8e+07,1.396e+07,0.1461
2023,102017,Jorginho,Chelsea,31.53,Midfield,Defensive Midfield,Italy  Brazil,32,24,2,1,0,8,12,2.5e+07,4e+07,2.312e+07,0.08109
2023,462250,João Félix,Chelsea,23.64,Attack,Second Striker,Portugal,16,11,4,0,0,9,12,5e+07,7e+07,3.431e+07,0.4571
2023,309400,Kai Havertz,Chelsea,24.05,Attack,Centre-Forward,Germany,35,30,7,1,0,10,12,5.5e+07,7e+07,5.618e+07,-0.02107
2023,93128,Kalidou Koulibaly,Chelsea,32.03,Defender,Centre-Back,Senegal  France,23,20,2,1,0,7,12,1.5e+07,3.5e+07,1.471e+07,0.01963
2023,192279,Kepa Arrizabalaga,Chelsea,28.74,Goalkeeper,Goalkeeper,Spain,29,29,0,0,9,9,12,1.8e+07,1e+07,2.435e+07,-0.2609
2023,670858,Lewis Hall,Chelsea,18.81,Defender,Left-Back,England,9,8,0,0,0,0,12,1e+07,,9.447e+06,0.05851
2023,284857,Marc Cucurella,Chelsea,24.94,Defender,Left-Back,Spain,24,21,0,2,0,8,12,3.5e+07,2.8e+07,3.051e+07,0.147
2023,346483,Mason Mount,Chelsea,24.47,Midfield,Attacking Midfield,England,24,20,3,2,0,9,12,6e+07,7.5e+07,5.426e+07,0.1058
2023,51471,Mateo Kovacic,Chelsea,29.15,Midfield,Central Midfield,Croatia,27,17,1,2,0,8,12,3.8e+07,4.2e+07,2.499e+07,0.5203
2023,537860,Mykhaylo Mudryk,Chelsea,22.48,Attack,Left Winger,Ukraine,15,7,0,2,0,8,12,5e+07,9e+06,2.058e+07,1.429
2023,225083,Ngolo Kante,Chelsea,32.26,Midfield,Defensive Midfield,France  Mali,7,6,0,1,0,2,12,1.5e+07,4e+07,1.157e+07,0.296
2023,503987,Noni Madueke,Chelsea,21.31,Attack,Right Winger,England  Nigeria,12,7,1,0,0,3,12,3e+07,1.8e+07,1.188e+07,1.526
2023,741238,Omari Hutchinson,Chelsea,19.67,Midfield,Attacking Midfield,England  Jamaica,1,0,0,0,0,0,12,,,2.205e+06,
2023,58864,Pierre-Emerick Aubameyang,Chelsea,34.03,Attack,Centre-Forward,Gabon  France,15,5,1,0,0,6,12,4e+06,1.5e+07,8.864e+06,-0.5487
2023,134425,Raheem Sterling,Chelsea,28.56,Attack,Right Winger,England  Jamaica,28,23,6,3,0,9,12,5.5e+07,7e+07,5.186e+07,0.06061
2023,472423,Reece James,Chelsea,23.56,Defender,Right-Back,England,16,14,1,1,0,8,12,6.5e+07,6e+07,2.897e+07,1.244
2023,202886,Ruben Loftus-Cheek,Chelsea,27.44,Midfield,Central Midfield,England  Guyana,25,19,0,1,0,7,12,2.5e+07,2e+07,1.985e+07,0.2593
2023,29241,Thiago Silva,Chelsea,38.77,Defender,Centre-Back,Brazil  France,27,26,0,2,0,8,12,2e+06,2.5e+06,6.778e+06,-0.7049
2023,346314,Trevoh Chalobah,Chelsea,23.99,Defender,Centre-Back,England  Sierra Leone,25,18,0,0,0,6,12,1.8e+07,2e+07,2.263e+07,-0.2047
2023,475411,Wesley Fofana,Chelsea,22.54,Defender,Centre-Back,France  Cote d'Ivoire,17,14,1,0,0,5,12,5.5e+07,4e+07,1.617e+07,2.402
2023,127187,Abdoulaye Doucouré,Everton,30.49,Midfield,Attacking Midfield,Mali  France,25,17,5,2,0,0,17,1.2e+07,2.2e+07,1.629e+07,-0.2633
2023,242631,Alex Iwobi,Everton,27.16,Attack,Left Winger,Nigeria  England,38,38,2,8,0,0,17,2.8e+07,1.8e+07,2.206e+07,0.2691
2023,485706,Amadou Onana,Everton,21.87,Midfield,Defensive Midfield,Belgium  Senegal,33,29,1,3,0,0,17,4.5e+07,1e+07,2.221e+07,1.026
2023,503733,Anthony Gordon,Everton,22.35,Attack,Left Winger,England,32,16,4,0,0,0,17,3.8e+07,2e+07,1.681e+07,1.26
2023,33873,Asmir Begovic,Everton,36.03,Goalkeeper,Goalkeeper,Bosnia-Herzegovina  Canada,1,1,0,0,1,0,17,8e+05,1e+06,1.053e+06,-0.2406
2023,343475,Ben Godfrey,Everton,25.46,Defender,Centre-Back,England  Jamaica,13,10,0,1,0,0,17,1.3e+07,2e+07,1.172e+07,0.109
2023,128901,Conor Coady,Everton,30.34,Defender,Centre-Back,England,24,23,1,1,0,0,17,1.2e+07,2.5e+07,1.056e+07,0.1365
2023,207929,Dele Alli,Everton,27.22,Midfield,Attacking Midfield,England  Nigeria,2,0,0,0,0,0,17,8e+06,1.6e+07,9.47e+06,-0.1553
2023,292417,Demarai Gray,Everton,27.01,Attack,Left Winger,Jamaica  England,33,27,4,1,0,0,17,2e+07,2.2e+07,1.874e+07,0.0673
2023,306024,Dominic Calvert-Lewin,Everton,26.29,Attack,Centre-Forward,England,17,15,2,1,0,0,17,2.5e+07,4e+07,1.525e+07,0.6388
2023,584769,Dwight McNeil,Everton,23.61,Attack,Left Winger,England  Jamaica,36,28,7,3,0,0,17,2e+07,1.8e+07,2.856e+07,-0.2997
2023,511550,Ellis Simms,Everton,22.48,Attack,Centre-Forward,England,11,2,1,0,0,0,17,4e+06,6e+05,4.668e+06,-0.143
2023,126665,Idrissa Gueye,Everton,33.76,Midfield,Defensive Midfield,Senegal,33,32,0,1,0,0,17,5e+06,1.2e+07,7.202e+06,-0.3058
2023,612749,Isaac Price,Everton,19.76,Midfield,Central Midfield,Northern Ireland  England,1,0,0,0,0,0,17,,,1.716e+06,
2023,505219,James Garner,Everton,22.3,Midfield,Defensive Midfield,England,16,7,0,1,0,0,17,1.6e+07,7e+06,8.381e+06,0.9092
2023,173504,James Tarkowski,Everton,30.61,Defender,Centre-Back,England  Poland,38,38,1,1,0,0,17,1.8e+07,2.2e+07,1.307e+07,0.3775
2023,130164,Jordan Pickford,Everton,29.32,Goalkeeper,Goalkeeper,England,37,37,0,0,8,0,17,2.2e+07,2e+07,2.505e+07,-0.1217
2023,348623,Mason Holgate,Everton,26.69,Defender,Centre-Back,Jamaica  England,8,5,0,0,0,0,17,9e+06,1.8e+07,9.824e+06,-0.08392
2023,118534,Michael Keane,Everton,30.47,Defender,Centre-Back,England  Ireland,12,10,1,2,0,0,17,1e+07,2e+07,1.354e+07,-0.2614
2023,424015,Nathan Patterson,Everton,21.71,Defender,Right-Back,Scotland,19,14,0,0,0,0,17,1.6e+07,8e+06,5.609e+06,1.853
2023,217115,Neal Maupay,Everton,26.88,Attack,Centre-Forward,France  Argentina,27,11,1,0,0,0,17,1e+07,1.8e+07,1.477e+07,-0.323
2023,357158,Rúben Vinagre,Everton,24.23,Defender,Left-Back,Portugal,2,0,0,0,0,0,17,4e+06,5e+06,2.4e+06,0.6666
2023,80197,Salomón Rondón,Everton,33.79,Attack,Centre-Forward,Venezuela,7,1,0,0,0,0,17,1.5e+06,2.5e+06,2.941e+06,-0.49
2023,68390,Séamus Coleman,Everton,34.72,Defender,Right-Back,Ireland,23,20,1,0,0,0,17,1e+06,3e+06,4.039e+06,-0.7524
2023,669366,Tom Cannon,Everton,20.51,Attack,Centre-Forward,Ireland  England,2,0,0,0,0,0,17,5e+06,,2.376e+06,1.104
2023,314210,Tom Davies,Everton,25,Midfield,Central Midfield,England,19,4,0,0,0,0,17,9e+06,1.8e+07,7.797e+06,0.1543
2023,404842,Vitaliy Mykolenko,Everton,24.09,Defender,Left-Back,Ukraine,34,30,0,0,0,0,17,2.5e+07,1.8e+07,1.453e+07,0.7207
2023,289446,Yerry Mina,Everton,28.77,Defender,Centre-Back,Colombia,7,7,2,0,0,0,17,1e+07,2e+07,7.729e+06,0.2939
2023,51152,Aleksandar Mitrović,Fulham,28.79,Attack,Centre-Forward,Serbia,24,23,14,1,0,0,10,2.8e+07,2e+07,2.81e+07,-0.003617
2023,203394,Andreas Pereira,Fulham,27.5,Midfield,Attacking Midfield,Brazil  Belgium,33,33,4,6,0,0,10,1.8e+07,7e+06,3.319e+07,-0.4577
2023,349701,Antonee Robinson,Fulham,25.89,Defender,Left-Back,United States  England,35,35,0,1,0,0,10,1.5e+07,8e+06,1.515e+07,-0.009778
2023,72476,Bernd Leno,Fulham,31.32,Goalkeeper,Goalkeeper,Germany,36,36,0,0,8,0,10,1.2e+07,9e+06,1.839e+07,-0.3475
2023,186186,Bobby De Cordova-Reid,Fulham,30.41,Attack,Right Winger,Jamaica  England,36,29,4,1,0,0,10,7e+06,7e+06,1.033e+07,-0.3224
2023,525287,Carlos Vinícius,Fulham,28.27,Attack,Centre-Forward,Brazil,28,11,5,2,0,0,10,6e+06,8e+06,1.401e+07,-0.5717
2023,112988,Cédric Soares,Fulham,31.83,Defender,Right-Back,Portugal  Germany,8,2,0,0,0,1,10,3e+06,6e+06,4.022e+06,-0.2541
2023,319301,Daniel James,Fulham,25.64,Attack,Right Winger,Wales  England,24,7,2,1,0,0,10,1.2e+07,1.8e+07,1.638e+07,-0.2674
2023,226973,Harrison Reed,Fulham,28.42,Midfield,Central Midfield,England,37,35,3,4,0,0,10,1.8e+07,1e+07,1.345e+07,0.3379
2023,279455,Harry Wilson,Fulham,26.28,Attack,Right Winger,Wales  England,29,13,2,5,0,0,10,1.6e+07,1.7e+07,2.028e+07,-0.211
2023,272622,Issa Diop,Fulham,26.47,Defender,Centre-Back,France  Senegal,25,21,1,0,0,0,10,1.8e+07,1e+07,1.776e+07,0.01366
2023,696346,Jay Stansfield,Fulham,20.6,Attack,Centre-Forward,England,3,1,0,0,0,0,10,1.2e+06,5e+05,3.862e+06,-0.6893
2023,243589,Josh Onomah,Fulham,26.18,Midfield,Central Midfield,England  Nigeria,2,0,0,0,0,0,10,1.5e+06,3.5e+06,2.696e+06,-0.4436
2023,257455,João Palhinha,Fulham,27.98,Midfield,Defensive Midfield,Portugal,35,35,3,0,0,0,10,4e+07,2.5e+07,1.584e+07,1.525
2023,206746,Kenny Tete,Fulham,27.73,Defender,Right-Back,Netherlands  Mozambique,31,29,1,5,0,0,10,1.5e+07,4e+06,1.343e+07,0.1167
2023,183321,Kevin Mbabu,Fulham,28.2,Defender,Right-Back,Switzerland  DR Congo,6,1,0,1,0,0,10,3.5e+06,9e+06,6.839e+06,-0.4882
2023,126710,Layvin Kurzawa,Fulham,30.82,Defender,Left-Back,France  Guadeloupe,3,2,0,0,0,0,10,3e+06,5e+06,3.534e+06,-0.1512
2023,817612,Luke Harris,Fulham,18.32,Midfield,Attacking Midfield,Wales  Jersey,3,0,0,0,0,0,10,,,2.944e+06,
2023,396638,Manor Solomon,Fulham,23.94,Attack,Left Winger,Israel  Portugal,19,4,4,0,0,0,10,1.8e+07,1.8e+07,6.411e+06,1.808
2023,186901,Marek Rodák,Fulham,26.55,Goalkeeper,Goalkeeper,Slovakia,2,2,0,0,1,0,10,3e+06,5e+06,4.01e+06,-0.2519
2023,128900,Nathaniel Chalobah,Fulham,28.55,Midfield,Defensive Midfield,England  Sierra Leone,4,1,0,0,0,0,10,1.8e+06,4e+06,2.92e+06,-0.3835
2023,111422,Neeskens Kebano,Fulham,31.31,Attack,Left Winger,DR Congo  France,17,9,0,4,0,0,10,2e+06,3e+06,7.341e+06,-0.7275
2023,245056,Saša Lukić,Fulham,26.88,Midfield,Central Midfield,Serbia,12,4,0,0,0,0,10,1.2e+07,1.5e+07,1.808e+07,-0.3365
2023,119269,Shane Duffy,Fulham,31.5,Defender,Centre-Back,Ireland  Northern Ireland,5,0,0,0,0,0,10,2e+06,5e+06,4.051e+06,-0.5063
2023,145466,Tim Ream,Fulham,35.74,Defender,Centre-Back,United States,33,33,1,0,0,0,10,1e+06,5e+05,3.593e+06,-0.7217
2023,123275,Tom Cairney,Fulham,32.44,Midfield,Central Midfield,Scotland  England,33,6,2,0,0,0,10,2e+06,5e+06,4.951e+06,-0.596
2023,258878,Tosin Adarabioyo,Fulham,25.77,Defender,Centre-Back,England  Nigeria,25,23,1,0,0,0,10,1.6e+07,1.5e+07,1.443e+07,0.1086
2023,528888,Tyrese Francois,Fulham,22.96,Midfield,Central Midfield,Australia  England,1,0,0,0,0,0,10,5e+05,5e+05,1.262e+06,-0.6039
2023,52769,Willian,Fulham,34.89,Attack,Left Winger,Brazil,27,25,5,5,0,0,10,3e+06,4e+06,8.574e+06,-0.6501
2023,121257,Adam Forshaw,Leeds,31.73,Midfield,Central Midfield,England,12,5,0,0,0,0,19,1.2e+06,2e+06,4.708e+06,-0.7451
2023,393323,Brenden Aaronson,Leeds,22.69,Midfield,Attacking Midfield,United States,36,28,1,3,0,0,19,2.5e+07,2.5e+07,1.374e+07,0.82
2023,531957,Cody Drameh,Leeds,21.56,Defender,Right-Back,England  The Gambia,1,1,0,0,0,0,19,3.5e+06,3e+06,2.303e+06,0.5201
2023,474701,Crysencio Summerville,Leeds,21.67,Attack,Left Winger,Netherlands  Suriname,28,12,4,3,0,0,19,1.5e+07,2e+06,1.247e+07,0.2027
2023,663264,Darko Gyabi,Leeds,19.36,Midfield,Central Midfield,England  Ghana,1,0,0,0,0,0,19,,,1.146e+06,
2023,246291,Diego Llorente,Leeds,29.87,Defender,Centre-Back,Spain,8,7,0,0,0,3,19,1.2e+07,1.8e+07,1.029e+07,0.1657
2023,538977,Georginio Rutter,Leeds,21.2,Attack,Centre-Forward,France  Martinique,11,1,0,1,0,0,19,1.8e+07,1.6e+07,8.197e+06,1.196
2023,542586,Illan Meslier,Leeds,23.33,Goalkeeper,Goalkeeper,France,34,34,0,0,5,0,19,2e+07,2e+07,3.046e+07,-0.3434
2023,417346,Jack Harrison,Leeds,26.61,Attack,Left Winger,England,36,34,5,7,0,0,19,2.2e+07,1.8e+07,2.569e+07,-0.1437
2023,503980,Joe Gelhardt,Leeds,21.16,Attack,Centre-Forward,England,15,1,0,2,0,0,19,8e+06,6e+06,7.713e+06,0.03719
2023,101118,Joel Robles,Leeds,33.04,Goalkeeper,Goalkeeper,Spain,4,4,0,0,0,0,19,1e+06,1.5e+06,1.733e+06,-0.4229
2023,374139,Junior Firpo,Leeds,26.86,Defender,Left-Back,Dominican Republic  Spain,19,14,1,1,0,0,19,1e+07,1.2e+07,8.981e+06,0.1135
2023,75067,Liam Cooper,Leeds,31.84,Defender,Centre-Back,Scotland  England,18,16,1,0,0,0,19,3e+06,7e+06,5.863e+06,-0.4883
2023,512385,Luis Sinisterra,Leeds,24.04,Attack,Left Winger,Colombia,19,13,5,0,0,0,19,2.2e+07,2.5e+07,1.696e+07,0.2972
2023,67420,Luke Ayling,Leeds,31.85,Defender,Right-Back,England,29,22,2,1,0,0,19,1.8e+06,4e+06,6.21e+06,-0.7101
2023,336869,Marc Roca,Leeds,26.59,Midfield,Defensive Midfield,Spain,32,29,1,2,0,0,19,1e+07,7e+06,1.645e+07,-0.3919
2023,834742,Mateo Joseph,Leeds,19.7,Attack,Centre-Forward,Spain  England,3,0,0,0,0,0,19,9e+05,,1.565e+06,-0.4251
2023,92738,Mateusz Klich,Leeds,33.05,Midfield,Central Midfield,Poland,14,0,0,0,0,0,19,2e+06,3e+06,3.224e+06,-0.3796
2023,263361,Maximilian Wöber,Leeds,25.4,Defender,Centre-Back,Austria,16,14,0,0,0,3,19,1.4e+07,1.2e+07,1.444e+07,-0.03038
2023,410708,Pascal Struijk,Leeds,23.89,Defender,Centre-Back,Netherlands  Belgium,29,26,2,1,0,0,19,1.8e+07,1.5e+07,1.731e+07,0.03963
2023,183334,Patrick Bamford,Leeds,29.82,Attack,Centre-Forward,England  Ireland,28,18,4,3,0,0,19,9e+06,1.6e+07,9.896e+06,-0.09059
2023,369684,Rasmus Kristensen,Leeds,25.97,Defender,Right-Back,Denmark,26,21,3,1,0,0,19,1.3e+07,1.5e+07,1.101e+07,0.1805
2023,328784,Robin Koch,Leeds,26.95,Defender,Centre-Back,Germany,36,36,0,0,0,0,19,1.8e+07,1.6e+07,1.877e+07,-0.04106
2023,131505,Rodrigo,Leeds,32.32,Attack,Centre-Forward,Spain  Brazil,31,23,13,1,0,0,19,6e+06,1.2e+07,1.316e+07,-0.5441
2023,532178,Sam Greenwood,Leeds,21.43,Midfield,Attacking Midfield,England,18,3,1,2,0,0,19,5e+06,2.5e+06,8.119e+06,-0.3841
2023,332705,Tyler Adams,Leeds,24.38,Midfield,Defensive Midfield,United States,24,24,0,0,0,0,19,1.8e+07,1.7e+07,1.628e+07,0.1056
2023,332697,Weston McKennie,Leeds,24.84,Midfield,Central Midfield,United States,19,16,0,1,0,5,19,1.8e+07,2.5e+07,2.373e+07,-0.2413
2023,627626,Wilfried Gnonto,Leeds,19.65,Attack,Right Winger,Italy  Cote d'Ivoire,24,14,2,4,0,0,19,1.8e+07,1e+07,1.471e+07,0.2241
2023,246968,Ayoze Pérez,Leicester,29.92,Attack,Centre-Forward,Spain,8,3,0,1,0,2,18,6e+06,1e+07,8.25e+06,-0.2728
2023,344605,Boubakary Soumaré,Leicester,24.34,Midfield,Defensive Midfield,France  Senegal,26,20,0,0,0,0,18,2e+07,2.5e+07,1.63e+07,0.2271
2023,214056,Daniel Amartey,Leicester,28.53,Defender,Centre-Back,Ghana,20,18,0,0,0,0,18,1.2e+07,1e+07,1.044e+07,0.1496
2023,260841,Daniel Iversen,Leicester,25.95,Goalkeeper,Goalkeeper,Denmark,12,12,0,1,1,0,18,5e+06,2e+06,7.484e+06,-0.3319
2023,203026,Danny Ward,Leicester,30.02,Goalkeeper,Goalkeeper,Wales,26,26,0,0,6,0,18,6e+06,6e+06,6.491e+06,-0.07563
2023,129588,Dennis Praet,Leicester,29.13,Midfield,Central Midfield,Belgium,22,6,1,0,0,0,18,7e+06,1.3e+07,7.619e+06,-0.08125
2023,298091,Harry Souttar,Leicester,24.69,Defender,Centre-Back,Australia  Scotland,12,11,0,1,0,0,18,1.5e+07,5e+06,6.111e+06,1.455
2023,398065,Harvey Barnes,Leicester,25.56,Attack,Left Winger,England  Scotland,34,32,13,1,0,0,18,3.5e+07,3.2e+07,4.376e+07,-0.2002
2023,413220,James Justin,Leicester,25.35,Defender,Right-Back,England  St. Lucia,14,14,0,2,0,0,18,2e+07,2.5e+07,9.05e+06,1.21
2023,294057,James Maddison,Leicester,26.6,Midfield,Attacking Midfield,England,30,28,10,9,0,0,18,6e+07,5e+07,4.648e+07,0.2909
2023,197838,Jamie Vardy,Leicester,36.47,Attack,Centre-Forward,England,37,19,3,4,0,0,18,2.5e+06,5e+06,3.415e+06,-0.268
2023,42412,Jonny Evans,Leicester,35.49,Defender,Centre-Back,Northern Ireland,13,12,0,0,0,0,18,2e+06,4e+06,2.534e+06,-0.2109
2023,295330,Kelechi Iheanacho,Leicester,26.74,Attack,Centre-Forward,Nigeria,28,11,5,5,0,0,18,1.8e+07,2e+07,1.953e+07,-0.07829
2023,475188,Kiernan Dewsbury-Hall,Leicester,24.82,Midfield,Central Midfield,England  Ireland,31,28,2,2,0,0,18,2.5e+07,8e+06,1.81e+07,0.3816
2023,533657,Lewis Brunt,Leicester,22.65,Defender,Centre-Back,England,1,0,0,0,0,0,18,,,1.271e+06,
2023,505194,Luke Thomas,Leicester,22.06,Defender,Left-Back,England,17,11,0,0,0,0,18,1.2e+07,1.2e+07,1.085e+07,0.1063
2023,61560,Marc Albrighton,Leicester,33.62,Midfield,Right Midfield,England,6,1,1,0,0,0,18,1e+06,2.5e+06,3.727e+06,-0.7317
2023,111051,Nampalys Mendy,Leicester,31.02,Midfield,Defensive Midfield,Senegal  France,19,7,1,0,0,0,18,2.5e+06,4e+06,5.533e+06,-0.5482
2023,365172,Patson Daka,Leicester,24.73,Attack,Centre-Forward,Zambia,30,13,4,4,0,0,18,1.8e+07,2e+07,1.701e+07,0.05834
2023,215876,Ricardo Pereira,Leicester,29.73,Defender,Right-Back,Portugal  Cape Verde,10,5,1,1,0,0,18,1e+07,2e+07,8.429e+06,0.1864
2023,371256,Tetê,Leicester,23.37,Attack,Right Winger,Brazil,13,9,1,0,0,0,18,2.5e+07,2.2e+07,1.071e+07,1.335
2023,262226,Timothy Castagne,Leicester,27.57,Defender,Right-Back,Belgium,37,36,2,3,0,0,18,2.5e+07,2.8e+07,1.741e+07,0.4364
2023,564529,Victor Kristiansen,Leicester,20.54,Defender,Left-Back,Denmark,12,11,0,1,0,6,18,1.2e+07,4e+06,1.575e+07,-0.238
2023,274839,Wilfred Ndidi,Leicester,26.54,Midfield,Defensive Midfield,Nigeria  England,27,19,0,0,0,0,18,2.5e+07,6e+07,1.6e+07,0.5621
2023,292808,Wout Faes,Leicester,25.24,Defender,Centre-Back,Belgium,31,31,1,2,0,0,18,2e+07,1e+07,2.672e+07,-0.2515
2023,249565,Youri Tielemans,Leicester,26.15,Midfield,Central Midfield,Belgium  DR Congo,31,27,3,2,0,0,18,2.5e+07,5.5e+07,2.448e+07,0.02103
2023,143424,Alex Oxlade-Chamberlain,Liverpool,29.88,Midfield,Central Midfield,England,9,4,1,0,0,1,5,7e+06,1.6e+07,1.542e+07,-0.546
2023,105470,Alisson,Liverpool,30.74,Goalkeeper,Goalkeeper,Brazil,37,37,0,0,14,8,5,3.5e+07,5e+07,5.438e+07,-0.3564
2023,234803,Andrew Robertson,Liverpool,29.31,Defender,Left-Back,Scotland,34,29,0,8,0,5,5,4e+07,6.5e+07,6.214e+07,-0.3563
2023,719673,Ben Doak,Liverpool,17.63,Attack,Right Winger,Scotland,2,0,0,0,0,0,5,3e+06,,2.583e+06,0.1616
2023,712117,Bobby Clark,Liverpool,18.39,Midfield,Central Midfield,England,1,0,0,0,0,0,5,,,3.115e+06,
2023,340918,Caoimhín Kelleher,Liverpool,24.6,Goalkeeper,Goalkeeper,Ireland,1,1,0,0,0,0,5,1.2e+07,8e+06,3.254e+06,2.688
2023,434675,Cody Gakpo,Liverpool,24.15,Attack,Left Winger,Netherlands  Togo,21,17,7,3,0,7,5,5.5e+07,3e+07,8.578e+07,-0.3588
2023,433188,Curtis Jones,Liverpool,22.41,Midfield,Central Midfield,England,18,12,3,1,0,2,5,2.5e+07,2.8e+07,2.506e+07,-0.002575
2023,546543,Darwin Núñez,Liverpool,24.02,Attack,Centre-Forward,Uruguay,29,19,9,3,0,8,5,6.5e+07,5.5e+07,6.115e+07,0.06304
2023,340950,Diogo Jota,Liverpool,26.57,Attack,Left Winger,Portugal,22,12,7,4,0,6,5,5e+07,6e+07,7.771e+07,-0.3566
2023,225693,Fabinho,Liverpool,29.69,Midfield,Defensive Midfield,Brazil,36,31,0,2,0,8,5,4.2e+07,6e+07,6.344e+07,-0.338
2023,559263,Fábio Carvalho,Liverpool,20.84,Midfield,Attacking Midfield,Portugal  England,13,4,2,0,0,4,5,1.6e+07,1.2e+07,3.183e+07,-0.4973
2023,565822,Harvey Elliott,Liverpool,20.24,Midfield,Attacking Midfield,England,32,18,1,2,0,8,5,3.5e+07,2.2e+07,3.875e+07,-0.09685
2023,357119,Ibrahima Konaté,Liverpool,24.1,Defender,Centre-Back,France  Mali,18,17,0,0,0,3,5,3.8e+07,4e+07,3.014e+07,0.2608
2023,3333,James Milner,Liverpool,37.49,Midfield,Central Midfield,England,31,7,0,1,0,8,5,1.5e+06,2e+06,3.004e+06,-0.5007
2023,256178,Joe Gomez,Liverpool,26.11,Defender,Centre-Back,England  The Gambia,21,15,0,0,0,5,5,2.2e+07,1.8e+07,2.608e+07,-0.1564
2023,61651,Jordan Henderson,Liverpool,33.04,Midfield,Defensive Midfield,England,35,23,0,2,0,4,5,1e+07,1.5e+07,2.135e+07,-0.5316
2023,338070,Konstantinos Tsimikas,Liverpool,27.13,Defender,Left-Back,Greece,20,9,0,4,0,6,5,1.8e+07,1.5e+07,1.977e+07,-0.08976
2023,480692,Luis Díaz,Liverpool,26.46,Attack,Left Winger,Colombia,17,11,4,2,0,3,5,7.5e+07,6.5e+07,4.923e+07,0.5234
2023,148455,Mohamed Salah,Liverpool,31.04,Attack,Right Winger,Egypt,38,37,19,12,0,8,5,6.5e+07,9e+07,1.244e+08,-0.4775
2023,302215,Naby Keïta,Liverpool,28.39,Midfield,Central Midfield,Guinea,8,3,0,0,0,0,5,1.2e+07,2.5e+07,1.748e+07,-0.3135
2023,371814,Nat Phillips,Liverpool,26.28,Defender,Centre-Back,England,2,1,0,0,0,0,5,4e+06,8e+06,2.907e+06,0.3762
2023,131789,Roberto Firmino,Liverpool,31.75,Attack,Centre-Forward,Brazil,25,13,11,4,0,8,5,1.8e+07,3.2e+07,4.453e+07,-0.5958
2023,864799,Stefan Bajcetic,Liverpool,18.69,Midfield,Defensive Midfield,Spain  Serbia,11,6,1,0,0,4,5,1.3e+07,,1.542e+07,-0.1569
2023,60444,Thiago Alcántara,Liverpool,32.22,Midfield,Central Midfield,Spain  Brazil,18,14,0,0,0,5,5,1.5e+07,2e+07,1.613e+07,-0.07022
2023,314353,Trent Alexander-Arnold,Liverpool,24.73,Defender,Right-Back,England,37,34,2,10,0,7,5,6.5e+07,8e+07,8.58e+07,-0.2425
2023,139208,Virgil van Dijk,Liverpool,31.98,Defender,Centre-Back,Netherlands  Suriname,32,32,3,1,0,8,5,3.5e+07,5.5e+07,3.573e+07,-0.02033
2023,176553,Aymeric Laporte,Man City,29.1,Defender,Centre-Back,Spain  France,12,11,0,0,0,4,1,2.5e+07,4.5e+07,5.138e+07,-0.5134
2023,241641,Bernardo Silva,Man City,28.89,Midfield,Attacking Midfield,Portugal,34,24,4,6,0,13,1,8e+07,8e+07,8.609e+07,-0.07071
2023,568177,Cole Palmer,Man City,21.15,Midfield,Attacking Midfield,England  St. Kitts & Nevis,14,2,0,1,0,4,1,1.8e+07,6e+06,2.306e+07,-0.2193
2023,238223,Ederson,Man City,29.87,Goalkeeper,Goalkeeper,Brazil  Portugal,35,35,0,0,11,11,1,4e+07,4.5e+07,8.675e+07,-0.5389
2023,418560,Erling Haaland,Man City,22.94,Attack,Centre-Forward,Norway,35,33,36,8,0,11,1,1.8e+08,1.5e+08,2.056e+08,-0.1245
2023,203460,Jack Grealish,Man City,27.81,Attack,Left Winger,England  Ireland,28,23,5,7,0,13,1,7.5e+07,7e+07,8.36e+07,-0.1029
2023,186590,John Stones,Man City,29.09,Defender,Centre-Back,England,23,21,2,2,0,8,1,4e+07,2.8e+07,4.408e+07,-0.09252
2023,182712,João Cancelo,Man City,29.1,Defender,Right-Back,Portugal,17,16,2,2,0,10,1,5e+07,6.5e+07,8.012e+07,-0.3759
2023,576024,Julián Alvarez,Man City,23.41,Attack,Centre-Forward,Argentina  Italy,31,13,9,1,0,10,1,6e+07,2.3e+07,6.047e+07,-0.007831
2023,351749,Kalvin Phillips,Man City,27.58,Midfield,Defensive Midfield,England  Jamaica,12,2,0,0,0,3,1,3.2e+07,5e+07,1.939e+07,0.6506
2023,88755,Kevin De Bruyne,Man City,32.01,Midfield,Attacking Midfield,Belgium,32,28,7,18,0,10,1,7e+07,8.5e+07,7.162e+07,-0.02267
2023,95424,Kyle Walker,Man City,33.09,Defender,Right-Back,England,27,22,0,0,0,5,1,1.3e+07,1.8e+07,2.29e+07,-0.4323
2023,284730,Manuel Akanji,Man City,27.95,Defender,Centre-Back,Switzerland  Nigeria,29,24,0,1,0,11,1,3.8e+07,3e+07,6.649e+07,-0.4285
2023,668547,Máximo Perrone,Man City,20.48,Midfield,Defensive Midfield,Argentina  Spain,1,0,0,0,0,0,1,1e+07,2e+06,8.174e+05,11.23
2023,177476,Nathan Aké,Man City,28.36,Defender,Centre-Back,Netherlands  Cote d'Ivoire,26,22,1,0,0,8,1,4.2e+07,2.5e+07,4.526e+07,-0.07212
2023,406635,Phil Foden,Man City,23.09,Attack,Right Winger,England,32,22,11,5,0,8,1,1.1e+08,9e+07,1.062e+08,0.03549
2023,701057,Rico Lewis,Man City,18.61,Defender,Right-Back,England,14,10,0,0,0,2,1,2e+07,,3.049e+07,-0.344
2023,171424,Riyad Mahrez,Man City,32.36,Attack,Right Winger,Algeria  France,30,22,5,10,0,9,1,2e+07,3.5e+07,3.873e+07,-0.4836
2023,357565,Rodri,Man City,27.02,Midfield,Defensive Midfield,Spain,36,34,2,6,0,12,1,9e+07,8e+07,1.016e+08,-0.1145
2023,258004,Rúben Dias,Man City,26.13,Defender,Centre-Back,Portugal,26,22,0,0,0,12,1,8e+07,7.5e+07,6.991e+07,0.1443
2023,366930,Sergio Gómez,Man City,22.82,Defender,Left-Back,Spain,12,2,0,1,0,5,1,1.3e+07,1e+07,3.5e+07,-0.6285
2023,747951,Shea Charles,Man City,19.65,Midfield,Defensive Midfield,Northern Ireland  England,1,0,0,0,0,0,1,8e+06,,4.315e+06,0.8541
2023,85941,Stefan Ortega,Man City,30.65,Goalkeeper,Goalkeeper,Germany  Spain,3,3,0,0,2,2,1,9e+06,6e+06,2.387e+07,-0.6229
2023,53622,İlkay Gündoğan,Man City,32.68,Midfield,Central Midfield,Germany,31,27,8,5,0,13,1,2e+07,2.5e+07,3.587e+07,-0.4424
2023,477758,Aaron Wan-Bissaka,Man United,25.59,Defender,Right-Back,DR Congo  England,19,16,0,0,0,6,3,2.5e+07,2.5e+07,2.614e+07,-0.04343
2023,811779,Alejandro Garnacho,Man United,19,Attack,Left Winger,Argentina  Spain,19,5,3,2,0,6,3,2.5e+07,2e+06,3.098e+07,-0.1931
2023,583189,Anthony Elanga,Man United,21.18,Attack,Right Winger,Sweden  Cameroon,16,5,0,1,0,5,3,1.8e+07,2e+07,2.686e+07,-0.3299
2023,182877,Anthony Martial,Man United,27.57,Attack,Centre-Forward,France  Guadeloupe,21,11,6,2,0,3,3,1.5e+07,1.6e+07,3.3e+07,-0.5455
2023,602105,Antony,Man United,23.35,Attack,Right Winger,Brazil,25,23,4,2,0,9,3,6e+07,3.5e+07,5.918e+07,0.01379
2023,240306,Bruno Fernandes,Man United,28.81,Midfield,Attacking Midfield,Portugal,37,37,8,8,0,11,3,7.5e+07,8.5e+07,1.017e+08,-0.2624
2023,16306,Casemiro,Man United,31.35,Midfield,Defensive Midfield,Brazil  Spain,28,24,4,3,0,12,3,4e+07,4e+07,4.867e+07,-0.1782
2023,69633,Christian Eriksen,Man United,31.38,Midfield,Attacking Midfield,Denmark,28,25,1,8,0,8,3,2.2e+07,2e+07,4.158e+07,-0.4708
2023,8198,Cristiano Ronaldo,Man United,38.4,Attack,Centre-Forward,Portugal,10,4,1,0,0,6,3,1.5e+07,3e+07,5.441e+06,1.757
2023,59377,David de Gea,Man United,32.65,Goalkeeper,Goalkeeper,Spain,38,38,0,0,17,12,3,1.3e+07,1.5e+07,3.429e+07,-0.6208
2023,357147,Diogo Dalot,Man United,24.29,Defender,Right-Back,Portugal,26,24,1,3,0,10,3,4e+07,2e+07,3.678e+07,0.08755
2023,288255,Donny van de Beek,Man United,26.2,Midfield,Central Midfield,Netherlands,7,2,0,0,0,2,3,1.3e+07,2.5e+07,1.16e+07,0.1209
2023,676318,Facundo Pellistri,Man United,21.53,Attack,Right Winger,Uruguay  Spain,4,0,0,0,0,3,3,6e+06,2.5e+06,9.684e+06,-0.3804
2023,191614,Fred,Man United,30.32,Midfield,Central Midfield,Brazil,35,12,2,2,0,9,3,2e+07,2e+07,2.671e+07,-0.2513
2023,177907,Harry Maguire,Man United,30.32,Defender,Centre-Back,England,16,8,0,0,0,7,3,2e+07,3.8e+07,2.645e+07,-0.2437
2023,401173,Jadon Sancho,Man United,23.27,Attack,Left Winger,England  Jamaica,26,21,6,3,0,10,3,4.5e+07,7.5e+07,5.575e+07,-0.1929
2023,820374,Kobbie Mainoo,Man United,18.2,Midfield,Central Midfield,England  Ghana,1,0,0,0,0,0,3,8e+05,,2.26e+06,-0.6461
2023,480762,Lisandro Martínez,Man United,25.45,Defender,Centre-Back,Argentina,27,24,1,0,0,10,3,5e+07,3.2e+07,4.345e+07,0.1508
2023,183288,Luke Shaw,Man United,27.97,Defender,Left-Back,England,31,30,1,3,0,9,3,4.2e+07,3.8e+07,4.349e+07,-0.03436
2023,106987,Marcel Sabitzer,Man United,29.29,Midfield,Central Midfield,Austria,11,7,0,1,0,9,3,2e+07,1.5e+07,2.888e+07,-0.3075
2023,258923,Marcus Rashford,Man United,25.66,Attack,Left Winger,England  St. Kitts & Nevis,35,32,17,6,0,9,3,8e+07,6e+07,8.659e+07,-0.07615
2023,164770,Raphaël Varane,Man United,30.18,Defender,Centre-Back,France  Martinique,24,22,0,0,0,5,3,3.5e+07,4.8e+07,3.298e+07,0.0612
2023,315969,Scott McTominay,Man United,26.56,Midfield,Central Midfield,Scotland  England,24,10,1,0,0,7,3,2.5e+07,3.2e+07,4.058e+07,-0.384
2023,339340,Tyrell Malacia,Man United,23.87,Defender,Left-Back,Netherlands  Curacao,22,14,0,0,0,9,3,2.2e+07,1.7e+07,2.987e+07,-0.2634
2023,184573,Victor Lindelöf,Man United,28.96,Defender,Centre-Back,Sweden,20,14,0,0,0,7,3,1.8e+07,2.2e+07,3.117e+07,-0.4225
2023,228645,Wout Weghorst,Man United,30.9,Attack,Centre-Forward,Netherlands,17,10,0,1,0,6,3,1.2e+07,1.4e+07,3.459e+07,-0.6531
2023,349066,Alexander Isak,Newcastle,23.78,Attack,Centre-Forward,Sweden  Eritrea,22,17,10,2,0,0,4,7e+07,3e+07,6.629e+07,0.05592
2023,272642,Allan Saint-Maximin,Newcastle,26.3,Attack,Left Winger,France  Haiti,25,12,1,5,0,0,4,3.2e+07,3.2e+07,3.781e+07,-0.1537
2023,520624,Bruno Guimarães,Newcastle,25.62,Midfield,Defensive Midfield,Brazil  Spain,32,32,4,5,0,0,4,7e+07,4e+07,6.283e+07,0.1141
2023,123682,Callum Wilson,Newcastle,31.34,Attack,Centre-Forward,England,31,21,18,5,0,0,4,1.6e+07,1.8e+07,3.632e+07,-0.5595
2023,108725,Chris Wood,Newcastle,31.56,Attack,Centre-Forward,New Zealand,25,9,3,0,0,0,4,8e+06,1e+07,1.606e+07,-0.5017
2023,134270,Dan Burn,Newcastle,31.14,Defender,Centre-Back,England,38,35,1,0,0,0,4,1e+07,1.2e+07,2.585e+07,-0.6132
2023,567576,Elliot Anderson,Newcastle,20.65,Midfield,Central Midfield,England  Scotland,22,3,0,1,0,0,4,8e+06,,1.221e+07,-0.3449
2023,184528,Emil Krafth,Newcastle,28.91,Defender,Right-Back,Sweden,1,0,0,0,0,0,4,3e+06,5e+06,1.405e+07,-0.7865
2023,135343,Fabian Schär,Newcastle,31.53,Defender,Centre-Back,Switzerland,36,36,1,3,0,0,4,1e+07,7e+06,2.196e+07,-0.5447
2023,199527,Jacob Murphy,Newcastle,28.35,Attack,Right Winger,England  Ireland,36,14,4,2,0,0,4,1.5e+07,5e+06,2.016e+07,-0.2561
2023,183318,Jamaal Lascelles,Newcastle,29.63,Defender,Centre-Back,England  Barbados,7,2,0,0,0,0,4,4.5e+06,1e+07,1.271e+07,-0.6459
2023,346018,Jamal Lewis,Newcastle,25.43,Defender,Left-Back,Northern Ireland  England,2,0,0,0,0,0,4,6e+06,1e+07,8.483e+06,-0.2927
2023,162029,Javier Manquillo,Newcastle,29.16,Defender,Right-Back,Spain,4,0,0,0,0,0,4,2.5e+06,3e+06,9.426e+06,-0.7348
2023,340329,Joe Willock,Newcastle,23.86,Midfield,Central Midfield,England  Montserrat,35,31,3,6,0,0,4,3.8e+07,2.2e+07,4.945e+07,-0.2315
2023,333241,Joelinton,Newcastle,26.88,Midfield,Central Midfield,Brazil,32,30,6,4,0,0,4,4.2e+07,2e+07,6.044e+07,-0.3051
2023,95810,Kieran Trippier,Newcastle,32.78,Defender,Right-Back,England,38,38,1,7,0,0,4,1.1e+07,1.5e+07,1.543e+07,-0.2872
2023,922769,Lewis Miley,Newcastle,17.17,Midfield,Central Midfield,England,1,0,0,0,0,0,4,,,2.167e+06,
2023,74960,Martin Dúbravka,Newcastle,34.46,Goalkeeper,Goalkeeper,Slovakia,2,1,0,0,1,0,4,1.5e+06,4e+06,3.557e+06,-0.5783
2023,92469,Matt Ritchie,Newcastle,33.8,Midfield,Right Midfield,Scotland  England,7,0,0,0,0,0,4,1e+06,1.8e+06,4.747e+06,-0.7893
2023,250478,Matt Targett,Newcastle,27.78,Defender,Left-Back,England  Scotland,17,6,0,0,0,0,4,1.3e+07,1.7e+07,1.917e+07,-0.3218
2023,272999,Miguel Almirón,Newcastle,29.39,Attack,Right Winger,Paraguay,34,29,11,2,0,0,4,3.2e+07,1.6e+07,3.653e+07,-0.1239
2023,192080,Nick Pope,Newcastle,31.2,Goalkeeper,Goalkeeper,England,37,37,0,0,14,0,4,2e+07,1.5e+07,3.225e+07,-0.3798
2023,146795,Ryan Fraser,Newcastle,29.35,Attack,Left Winger,Scotland,8,3,0,0,0,0,4,6e+06,1e+07,1.516e+07,-0.6042
2023,346707,Sean Longstaff,Newcastle,25.67,Midfield,Central Midfield,England,33,28,1,4,0,0,4,2.5e+07,1.3e+07,4.178e+07,-0.4016
2023,361093,Sven Botman,Newcastle,23.47,Defender,Centre-Back,Netherlands,36,35,0,1,0,0,4,4.5e+07,3e+07,5.378e+07,-0.1632
2023,503988,Alex Mighten,Nott'm Forest,21.22,Attack,Left Winger,England  United States,1,0,0,0,0,0,16,6e+05,6e+05,1.184e+06,-0.4934
2023,45403,André Ayew,Nott'm Forest,33.54,Attack,Centre-Forward,Ghana  France,13,1,0,0,0,0,16,1.8e+06,2.5e+06,3.592e+06,-0.4989
2023,470607,Brennan Johnson,Nott'm Forest,22.11,Attack,Left Winger,Wales  England,38,33,8,3,0,0,16,3.8e+07,1.5e+07,2.941e+07,0.2923
2023,203655,Cafú,Nott'm Forest,30.34,Midfield,Central Midfield,Portugal  Guinea-Bissau,1,0,0,0,0,0,16,6e+05,7e+05,2.432e+06,-0.7532
2023,66934,Cheikhou Kouyaté,Nott'm Forest,33.52,Midfield,Defensive Midfield,Senegal  Belgium,21,10,1,0,0,0,16,2e+06,4e+06,4.826e+06,-0.5856
2023,808509,Danilo,Nott'm Forest,22.17,Midfield,Defensive Midfield,Brazil,13,12,3,2,0,0,16,2.8e+07,2.5e+07,7.601e+06,2.684
2023,258919,Dean Henderson,Nott'm Forest,26.3,Goalkeeper,Goalkeeper,England,18,18,0,0,6,0,16,1.8e+07,1.8e+07,9.306e+06,0.9343
2023,448854,Emmanuel Dennis,Nott'm Forest,25.62,Attack,Centre-Forward,Nigeria,19,6,2,2,0,0,16,8e+06,1.4e+07,1.558e+07,-0.4865
2023,156501,Felipe,Nott'm Forest,34.12,Defender,Centre-Back,Brazil,16,15,0,1,0,1,16,2e+06,6e+06,3.492e+06,-0.4273
2023,536507,Giulian Biancone,Nott'm Forest,23.25,Defender,Centre-Back,France,2,0,0,0,0,0,16,6e+06,4e+06,7.419e+06,-0.1913
2023,330085,Gustavo Scarpa,Nott'm Forest,29.48,Midfield,Attacking Midfield,Brazil  Italy,6,2,0,0,0,0,16,1e+07,1e+07,3.703e+06,1.7
2023,198516,Harry Toffolo,Nott'm Forest,27.87,Defender,Left-Back,England  Italy,19,9,0,0,0,0,16,3.5e+06,2.5e+06,5.898e+06,-0.4066
2023,61644,Jack Colback,Nott'm Forest,33.68,Midfield,Defensive Midfield,England,11,4,0,0,0,0,16,6e+05,6e+05,3.084e+06,-0.8054
2023,141660,Jesse Lingard,Nott'm Forest,30.54,Midfield,Attacking Midfield,England,17,12,0,0,0,0,16,8e+06,1.8e+07,6.814e+06,0.174
2023,415970,Joe Worrall,Nott'm Forest,26.47,Defender,Centre-Back,England,30,21,1,0,0,0,16,1.2e+07,4e+06,9.609e+06,0.2488
2023,71292,Jonjo Shelvey,Nott'm Forest,31.34,Midfield,Central Midfield,England  Ireland,11,6,0,0,0,0,16,5e+06,1e+07,6.979e+06,-0.2836
2023,79422,Keylor Navas,Nott'm Forest,36.54,Goalkeeper,Goalkeeper,Costa Rica  Spain,17,17,0,0,2,0,16,4e+06,8e+06,3.339e+06,0.198
2023,560694,Lewis Obrien,Nott'm Forest,24.71,Midfield,Central Midfield,England,13,6,1,0,0,0,16,,3.5e+06,7.609e+06,
2023,429014,Morgan Gibbs-White,Nott'm Forest,23.43,Midfield,Attacking Midfield,England  Jamaica,37,36,5,8,0,0,16,4e+07,1.1e+07,2.862e+07,0.3974
2023,291200,Moussa Niakhaté,Nott'm Forest,27.31,Defender,Centre-Back,Senegal  France,14,14,0,0,0,0,16,1.8e+07,1.8e+07,1.598e+07,0.1267
2023,503680,Neco Williams,Nott'm Forest,22.21,Defender,Left-Back,Wales,31,20,1,0,0,0,16,2e+07,8e+06,1.006e+07,0.9872
2023,289592,Orel Mangala,Nott'm Forest,25.29,Midfield,Defensive Midfield,Belgium  DR Congo,27,20,1,1,0,0,16,1.6e+07,1.5e+07,1.662e+07,-0.03716
2023,148252,Remo Freuler,Nott'm Forest,31.21,Midfield,Central Midfield,Switzerland,28,24,0,0,0,0,16,8e+06,2e+07,1.191e+07,-0.3285
2023,476352,Renan Lodi,Nott'm Forest,25.23,Defender,Left-Back,Brazil  Italy,28,26,0,1,0,0,16,2e+07,3e+07,1.673e+07,0.1952
2023,425902,Ryan Yates,Nott'm Forest,25.61,Midfield,Central Midfield,England,26,21,0,2,0,0,16,1.1e+07,4e+06,1.434e+07,-0.233
2023,398402,Sam Surridge,Nott'm Forest,24.93,Attack,Centre-Forward,England,20,1,1,0,0,0,16,5.5e+06,2e+06,6.34e+06,-0.1325
2023,255906,Scott McKenna,Nott'm Forest,26.63,Defender,Centre-Back,Scotland,20,19,0,0,0,0,16,1e+07,3.5e+06,8.374e+06,0.1942
2023,127032,Serge Aurier,Nott'm Forest,30.52,Defender,Right-Back,Cote d'Ivoire,24,22,1,0,0,0,16,8e+06,1e+07,1.072e+07,-0.2537
2023,90836,Steve Cook,Nott'm Forest,32.2,Defender,Centre-Back,England,12,11,0,0,0,0,16,1.8e+06,2.8e+06,3.981e+06,-0.5478
2023,295313,Taiwo Awoniyi,Nott'm Forest,25.88,Attack,Centre-Forward,Nigeria,27,17,10,1,0,0,16,2.5e+07,2e+07,3.195e+07,-0.2175
2023,45494,Wayne Hennessey,Nott'm Forest,36.43,Goalkeeper,Goalkeeper,Wales,4,3,0,0,1,0,16,4e+05,5e+05,1.167e+06,-0.6574
2023,142310,Willy Boly,Nott'm Forest,32.41,Defender,Centre-Back,Cote d'Ivoire  France,11,9,0,1,0,0,16,2.5e+06,6e+06,4.037e+06,-0.3807
2023,250426,Adam Armstrong,Southampton,26.38,Attack,Centre-Forward,England,30,14,2,1,0,0,20,1e+07,1.5e+07,1.209e+07,-0.1729
2023,285845,Ainsley Maitland-Niles,Southampton,25.84,Defender,Right-Back,England  Jamaica,22,13,0,1,0,0,20,8e+06,1e+07,7.998e+06,0.0002973
2023,95976,Alex McCarthy,Southampton,33.57,Goalkeeper,Goalkeeper,England,6,6,0,0,0,0,20,1.2e+06,3e+06,2.929e+06,-0.5903
2023,467563,Armel Bella-Kotchap,Southampton,21.55,Defender,Centre-Back,Germany  Cameroon,24,24,0,2,0,0,20,2e+07,1e+07,1.509e+07,0.3258
2023,748319,Carlos Alcaraz,Southampton,20.58,Midfield,Central Midfield,Argentina,18,13,4,2,0,0,20,1.5e+07,8e+06,5.501e+06,1.727
2023,346779,Ché Adams,Southampton,26.97,Attack,Centre-Forward,Scotland  England,28,23,5,3,0,0,20,2e+07,1.8e+07,2.076e+07,-0.03658
2023,864496,Dom Ballard,Southampton,18.25,Attack,Centre-Forward,England,2,0,0,0,0,0,20,,,2.367e+06,
2023,238266,Duje Caleta-Car,Southampton,26.78,Defender,Centre-Back,Croatia,13,9,1,0,0,0,20,1.1e+07,1.6e+07,1.353e+07,-0.1873
2023,585550,Gavin Bazunu,Southampton,21.36,Goalkeeper,Goalkeeper,Ireland  Nigeria,32,32,0,0,4,0,20,1.5e+07,5e+06,1.557e+07,-0.03634
2023,413032,Ibrahima Diallo,Southampton,24.31,Midfield,Defensive Midfield,France  Senegal,18,11,0,0,0,0,20,7e+06,1e+07,1.149e+07,-0.3908
2023,324223,James Bree,Southampton,25.55,Defender,Right-Back,England,5,4,0,0,0,0,20,2e+06,2.5e+06,4.871e+06,-0.5894
2023,181579,James Ward-Prowse,Southampton,28.66,Midfield,Central Midfield,England,38,38,9,4,0,0,20,3.8e+07,3.2e+07,3.307e+07,0.1489
2023,243028,Jan Bednarek,Southampton,27.22,Defender,Centre-Back,Poland,23,21,0,0,0,0,20,1.4e+07,2.2e+07,1.399e+07,0.0009349
2023,468198,Joe Aribo,Southampton,26.94,Midfield,Central Midfield,Nigeria  England,21,13,2,0,0,0,20,1.1e+07,1e+07,8.199e+06,0.3415
2023,646738,Juan Larios,Southampton,19.47,Defender,Left-Back,Spain,5,2,0,0,0,0,20,7e+06,,1.415e+06,3.947
2023,746695,Kamaldeen Sulemana,Southampton,21.37,Attack,Left Winger,Ghana,18,10,2,1,0,4,20,2.2e+07,1.8e+07,1.324e+07,0.6611
2023,864480,Kamari Doyle,Southampton,17.91,Midfield,Attacking Midfield,England  Jamaica,1,0,0,0,0,0,20,,,2.282e+06,
2023,341051,Kyle Walker-Peters,Southampton,26.21,Defender,Right-Back,England  Jamaica,31,30,1,0,0,0,20,2.5e+07,2.2e+07,1.85e+07,0.3512
2023,379807,Lyanco,Southampton,26.41,Defender,Centre-Back,Brazil  Serbia,21,11,1,1,0,0,20,3.5e+06,5e+06,1.022e+07,-0.6574
2023,119150,Mislav Orsic,Southampton,30.5,Attack,Left Winger,Croatia,1,0,0,0,0,6,20,5e+06,1e+07,2.109e+07,-0.7629
2023,186644,Mohamed Elyounoussi,Southampton,28.91,Attack,Right Winger,Norway,33,27,1,1,0,0,20,9e+06,1.2e+07,1.209e+07,-0.2558
2023,563963,Mohammed Salisu,Southampton,24.21,Defender,Centre-Back,Ghana,22,21,0,1,0,0,20,1.8e+07,1.8e+07,1.706e+07,0.05504
2023,485424,Moussa Djenepo,Southampton,25.04,Attack,Left Winger,Mali,16,7,0,2,0,0,20,8e+06,1e+07,7.98e+06,0.002535
2023,129078,Nathan Redmond,Southampton,29.32,Attack,Right Winger,England  Jamaica,1,0,0,0,0,0,20,1e+07,1.8e+07,1.145e+07,-0.1265
2023,66100,Oriol Romeu,Southampton,31.77,Midfield,Defensive Midfield,Spain,1,1,0,0,0,0,20,5e+06,5e+06,6.909e+06,-0.2763
2023,272855,Paul Onuachu,Southampton,29.09,Attack,Centre-Forward,Nigeria,11,4,0,0,0,0,20,1.3e+07,1.7e+07,7.29e+06,0.7833
2023,318523,Romain Perraud,Southampton,25.77,Defender,Left-Back,France,29,22,2,2,0,0,20,1.2e+07,8e+06,1.436e+07,-0.1643
2023,628451,Roméo Lavia,Southampton,19.48,Midfield,Defensive Midfield,Belgium,29,26,1,0,0,0,20,3.2e+07,2e+06,1.468e+07,1.181
2023,933900,Samuel Amo-Ameyaw,Southampton,16.95,Attack,Right Winger,England  Ghana,1,0,0,0,0,0,20,,,1.141e+06,
2023,680806,Samuel Edozie,Southampton,20.42,Attack,Left Winger,England  Nigeria,17,5,0,0,0,0,20,8e+06,8e+05,3.612e+06,1.215
2023,130765,Stuart Armstrong,Southampton,31.25,Midfield,Central Midfield,Scotland,32,14,2,1,0,0,20,4.5e+06,6e+06,6.965e+06,-0.3539
2023,557612,Sékou Mara,Southampton,20.92,Attack,Centre-Forward,France  Senegal,22,4,1,2,0,0,20,1e+07,3e+06,8.676e+06,0.1527
2023,33713,Theo Walcott,Southampton,34.29,Attack,Right Winger,England,20,13,2,2,0,0,20,1e+06,1.8e+06,3.47e+06,-0.7118
2023,503981,Tino Livramento,Southampton,20.63,Defender,Right-Back,England  Scotland,2,0,0,0,0,0,20,2.5e+07,2.5e+07,6.729e+06,2.715
2023,406008,Yan Valery,Southampton,24.35,Defender,Right-Back,Tunisia  France,1,1,0,0,0,0,20,2e+06,2.5e+06,4.054e+06,-0.5066
2023,355861,Arnaut Danjuma,Tottenham,26.41,Attack,Left Winger,Netherlands  Nigeria,9,1,1,0,0,6,8,2.5e+07,5e+07,2.352e+07,0.06296
2023,192765,Ben Davies,Tottenham,30.18,Defender,Centre-Back,Wales,31,26,2,2,0,7,8,1.5e+07,2e+07,3.587e+07,-0.5818
2023,537382,Bryan Gil,Tottenham,22.38,Attack,Left Winger,Spain,4,2,0,1,0,11,8,1.5e+07,1.8e+07,2.313e+07,-0.3515
2023,182904,Clément Lenglet,Tottenham,28.04,Defender,Centre-Back,France,26,24,0,2,0,7,8,1e+07,1.2e+07,2.895e+07,-0.6545
2023,355915,Cristian Romero,Tottenham,25.18,Defender,Centre-Back,Argentina,27,26,0,1,0,7,8,6e+07,4.8e+07,4.283e+07,0.4009
2023,341429,Davinson Sánchez,Tottenham,27.05,Defender,Centre-Back,Colombia,18,8,0,0,0,2,8,1.5e+07,2.8e+07,1.911e+07,-0.215
2023,431755,Dejan Kulusevski,Tottenham,23.18,Midfield,Attacking Midfield,Sweden  North Macedonia,30,23,2,7,0,4,8,5e+07,4e+07,5.663e+07,-0.117
2023,483348,Djed Spence,Tottenham,22.89,Defender,Left-Back,England  Jamaica,4,0,0,0,0,2,8,1e+07,8e+06,6.42e+06,0.5575
2023,476344,Emerson Royal,Tottenham,24.46,Defender,Right-Back,Brazil,26,20,2,1,0,8,8,2e+07,2.5e+07,3.859e+07,-0.4817
2023,175722,Eric Dier,Tottenham,29.46,Defender,Centre-Back,England  Portugal,33,31,2,1,0,7,8,1.8e+07,2.8e+07,4.603e+07,-0.6089
2023,52570,Fraser Forster,Tottenham,35.29,Goalkeeper,Goalkeeper,England,14,13,0,0,3,2,8,1.5e+06,2e+06,3.283e+06,-0.5431
2023,907215,George Abbott,Tottenham,17.87,Midfield,Defensive Midfield,England,1,0,0,0,0,0,8,,,1.365e+06,
2023,132098,Harry Kane,Tottenham,29.92,Attack,Centre-Forward,England  Ireland,38,38,30,4,0,8,8,9e+07,9e+07,1.496e+08,-0.3982
2023,581598,Harvey White,Tottenham,21.78,Midfield,Defensive Midfield,England,1,0,0,0,0,0,8,6e+05,,2.492e+06,-0.7592
2023,91845,Heung-min Son,Tottenham,30.98,Attack,Left Winger,"Korea, South",36,33,10,6,0,8,8,5e+07,7.5e+07,7.215e+07,-0.307
2023,17965,Hugo Lloris,Tottenham,36.51,Goalkeeper,Goalkeeper,France,25,25,0,1,7,6,8,3e+06,7e+06,1.187e+07,-0.7473
2023,42460,Ivan Perišić,Tottenham,34.41,Attack,Left Winger,Croatia,34,23,1,8,0,7,8,7e+06,1e+07,1.349e+07,-0.4812
2023,346478,Japhet Tanganga,Tottenham,24.25,Defender,Centre-Back,England  DR Congo,4,2,0,0,0,1,8,7e+06,1.2e+07,7.335e+06,-0.04562
2023,77100,Lucas Moura,Tottenham,30.88,Attack,Right Winger,Brazil,15,0,1,0,0,3,8,6e+06,2e+07,1.553e+07,-0.6136
2023,171679,Matt Doherty,Tottenham,31.46,Defender,Right-Back,Ireland,12,7,1,0,0,2,8,5e+06,1.2e+07,1.09e+07,-0.5415
2023,633659,Matthew Craig,Tottenham,20.21,Midfield,Defensive Midfield,Scotland  England,1,0,0,0,0,0,8,,,1.579e+06,
2023,406638,Oliver Skipp,Tottenham,22.79,Midfield,Defensive Midfield,England,23,18,1,0,0,4,8,1.5e+07,1.8e+07,2.536e+07,-0.4085
2023,568693,Pape Matar Sarr,Tottenham,20.79,Midfield,Central Midfield,Senegal,11,2,0,1,0,1,8,1.5e+07,1.5e+07,1.609e+07,-0.06748
2023,553875,Pedro Porro,Tottenham,23.8,Defender,Right-Back,Spain,15,13,3,3,0,6,8,4e+07,2.5e+07,5.112e+07,-0.2175
2023,167799,Pierre-Emile Højbjerg,Tottenham,27.9,Midfield,Defensive Midfield,Denmark  France,35,35,4,5,0,7,8,4.5e+07,4e+07,7.286e+07,-0.3824
2023,378710,Richarlison,Tottenham,26.14,Attack,Centre-Forward,Brazil,27,12,1,4,0,6,8,4.8e+07,4.8e+07,4.205e+07,0.1414
2023,354362,Rodrigo Bentancur,Tottenham,26.02,Midfield,Defensive Midfield,Uruguay,18,17,5,2,0,6,8,4e+07,2.8e+07,7.198e+07,-0.4443
2023,392775,Ryan Sessegnon,Tottenham,23.12,Defender,Left-Back,England,17,9,2,0,0,3,8,1.8e+07,1.8e+07,1.98e+07,-0.0907
2023,410425,Yves Bissouma,Tottenham,26.83,Midfield,Defensive Midfield,Mali  Cote d'Ivoire,23,10,0,0,0,3,8,1.8e+07,3.5e+07,2.518e+07,-0.2852
2023,92571,Aaron Cresswell,West Ham,33.54,Defender,Left-Back,England,28,24,0,1,0,7,14,1.2e+06,3e+06,9.501e+06,-0.8737
2023,120629,Alphonse Areola,West Ham,30.34,Goalkeeper,Goalkeeper,France  Philippines,5,2,0,0,2,13,14,8e+06,8e+06,4.803e+06,0.6656
2023,48002,Angelo Ogbonna,West Ham,35.1,Defender,Centre-Back,Italy  Nigeria,16,13,0,0,0,8,14,9e+05,1.2e+06,3.037e+06,-0.7037
2023,468002,Ben Johnson,West Ham,23.43,Defender,Right-Back,England,17,9,0,0,0,6,14,1e+07,9e+06,1.164e+07,-0.1406
2023,419025,Conor Coventry,West Ham,23.27,Midfield,Defensive Midfield,Ireland  England,1,0,0,0,0,3,14,1.8e+06,5e+05,4.163e+06,-0.5677
2023,357662,Declan Rice,West Ham,24.46,Midfield,Central Midfield,England  Ireland,37,36,4,2,0,11,14,9e+07,8e+07,5.087e+07,0.7692
2023,670848,Divin Mubama,West Ham,18.68,Attack,Centre-Forward,England  DR Congo,3,0,0,0,0,2,14,,,3.459e+06,
2023,181778,Emerson,West Ham,28.91,Defender,Left-Back,Italy  Brazil,22,16,1,0,0,8,14,1.2e+07,1.4e+07,1.302e+07,-0.07811
2023,506189,Flynn Downes,West Ham,24.44,Midfield,Defensive Midfield,England,21,7,0,0,0,9,14,9e+06,2e+06,1.09e+07,-0.1745
2023,315867,Gianluca Scamacca,West Ham,24.5,Attack,Centre-Forward,Italy,16,11,3,0,0,7,14,2.2e+07,3e+07,2.313e+07,-0.04885
2023,314875,Jarrod Bowen,West Ham,26.53,Attack,Right Winger,England,38,36,6,6,0,11,14,3.8e+07,4.2e+07,5.035e+07,-0.2453
2023,157509,Kurt Zouma,West Ham,28.68,Defender,Centre-Back,France  Central African Republic,25,24,2,0,0,6,14,2.2e+07,2.8e+07,2.524e+07,-0.1285
2023,444523,Lucas Paquetá,West Ham,25.84,Midfield,Attacking Midfield,Brazil  Portugal,28,27,4,3,0,11,14,4.5e+07,3.5e+07,4.074e+07,0.1047
2023,29692,Lukasz Fabianski,West Ham,38.2,Goalkeeper,Goalkeeper,Poland,36,36,0,0,10,0,14,9e+05,1e+06,3.877e+06,-0.7678
2023,135853,Manuel Lanzini,West Ham,30.37,Midfield,Attacking Midfield,Argentina  Italy,10,2,1,0,0,9,14,6e+06,1.2e+07,1.313e+07,-0.5429
2023,234781,Maxwel Cornet,West Ham,26.76,Attack,Left Winger,Cote d'Ivoire  France,14,2,0,0,0,5,14,1.2e+07,1.5e+07,1.393e+07,-0.1385
2023,104124,Michail Antonio,West Ham,33.26,Attack,Centre-Forward,Jamaica  England,33,21,5,3,0,9,14,7e+06,1e+07,1.349e+07,-0.481
2023,361914,Nayef Aguerd,West Ham,27.25,Defender,Centre-Back,Morocco,18,17,2,0,0,8,14,3.5e+07,1.2e+07,2.285e+07,0.532
2023,357885,Pablo Fornals,West Ham,27.35,Midfield,Central Midfield,Spain,32,17,3,1,0,12,14,2.2e+07,2.2e+07,2.633e+07,-0.1643
2023,290532,Saïd Benrahma,West Ham,27.89,Attack,Left Winger,Algeria  France,35,22,6,3,0,11,14,2.5e+07,2.5e+07,2.904e+07,-0.139
2023,228948,Thilo Kehrer,West Ham,26.77,Defender,Centre-Back,Germany  Burundi,27,25,0,2,0,8,14,1.8e+07,2.2e+07,2.218e+07,-0.1886
2023,283628,Tomáš Souček,West Ham,28.34,Midfield,Defensive Midfield,Czech Republic,36,32,2,3,0,9,14,3.5e+07,4.5e+07,3.044e+07,0.1497
2023,157672,Vladimír Coufal,West Ham,30.86,Defender,Right-Back,Czech Republic,27,24,0,1,0,9,14,9e+06,1.2e+07,1.085e+07,-0.1708
2023,204103,Adama Traoré,Wolves,27.43,Attack,Right Winger,Spain  Mali,34,12,2,2,0,0,13,1e+07,2e+07,1.364e+07,-0.2671
2023,649020,Boubacar Traoré,Wolves,21.86,Midfield,Defensive Midfield,Mali,10,4,0,1,0,0,13,5e+06,1.8e+06,9.128e+06,-0.4522
2023,614603,Chem Campbell,Wolves,20.5,Midfield,Attacking Midfield,Wales  England,5,0,0,0,0,0,13,1e+06,,3.762e+06,-0.7342
2023,337787,Connor Ronan,Wolves,25.32,Midfield,Central Midfield,Ireland  England,1,0,0,0,0,0,13,1e+06,7.5e+05,4.161e+06,-0.7597
2023,121477,Craig Dawson,Wolves,33.15,Defender,Centre-Back,England,25,25,1,0,0,4,13,2e+06,3e+06,1.164e+07,-0.8282
2023,136401,Daniel Bentley,Wolves,29.97,Goalkeeper,Goalkeeper,England,2,2,0,0,0,0,13,2e+06,2.5e+06,2.817e+06,-0.2899
2023,256977,Daniel Podence,Wolves,27.69,Attack,Left Winger,Portugal,32,20,6,0,0,0,13,2e+07,2e+07,1.647e+07,0.2141
2023,712099,Dexter Lembikisa,Wolves,19.66,Defender,Right-Back,Jamaica  England,1,0,0,0,0,0,13,,,1.561e+06,
2023,44779,Diego Costa,Wolves,34.73,Attack,Centre-Forward,Spain  Brazil,23,16,1,0,0,0,13,2e+06,4e+06,3.666e+06,-0.4544
2023,225122,Gonçalo Guedes,Wolves,26.58,Attack,Left Winger,Portugal,13,8,1,1,0,2,13,2.3e+07,4e+07,2.674e+07,-0.1398
2023,292246,Hee-chan Hwang,Wolves,27.43,Attack,Centre-Forward,"Korea, South",27,12,3,1,0,0,13,1.2e+07,1.6e+07,1.297e+07,-0.07486
2023,698678,Hugo Bueno,Wolves,20.78,Defender,Left-Back,Spain,21,16,0,1,0,0,13,6e+06,,1.007e+07,-0.404
2023,503975,Joe Hodge,Wolves,20.79,Midfield,Defensive Midfield,Ireland  England,6,1,0,0,0,0,13,2e+06,,2.877e+06,-0.3048
2023,175446,Jonny Otto,Wolves,29.33,Defender,Right-Back,Spain,18,14,1,0,0,0,13,1.3e+07,1.5e+07,1.065e+07,0.221
2023,249994,José Sá,Wolves,30.45,Goalkeeper,Goalkeeper,Portugal,36,36,0,0,11,0,13,1.8e+07,1.8e+07,1.571e+07,0.1456
2023,735570,João Gomes,Wolves,22.38,Midfield,Central Midfield,Brazil,11,7,1,0,0,0,13,1.8e+07,1e+07,5.033e+06,2.577
2023,29364,João Moutinho,Wolves,36.81,Midfield,Central Midfield,Portugal,31,20,0,2,0,0,13,1.5e+06,2.5e+06,3.713e+06,-0.5961
2023,170934,Mario Lemina,Wolves,29.83,Midfield,Defensive Midfield,Gabon  France,19,17,0,1,0,5,13,1e+07,9e+06,1.719e+07,-0.4182
2023,517894,Matheus Cunha,Wolves,24.1,Attack,Second Striker,Brazil,17,12,2,0,0,5,13,2.5e+07,3e+07,2.859e+07,-0.1257
2023,601883,Matheus Nunes,Wolves,24.84,Midfield,Central Midfield,Portugal  Brazil,34,30,1,1,0,0,13,4.5e+07,3.5e+07,1.516e+07,1.968
2023,525247,Maximilian Kilman,Wolves,26.11,Defender,Centre-Back,England  Ukraine,37,37,0,0,0,0,13,3e+07,1.6e+07,2.464e+07,0.2176
2023,469050,Nathan Collins,Wolves,22.17,Defender,Centre-Back,Ireland,26,19,0,0,0,0,13,2.2e+07,1e+07,1.496e+07,0.4706
2023,231572,Nélson Semedo,Wolves,29.62,Defender,Right-Back,Portugal  Cape Verde,36,31,0,1,0,0,13,1.5e+07,2.2e+07,1.357e+07,0.105
2023,74230,Pablo Sarabia,Wolves,31.14,Attack,Right Winger,Spain,13,9,1,0,0,3,13,1.4e+07,2.5e+07,1.684e+07,-0.1687
2023,487465,Pedro Neto,Wolves,23.31,Attack,Right Winger,Portugal,18,13,0,1,0,0,13,2.8e+07,3.2e+07,1.124e+07,1.491
2023,578391,Rayan Aït-Nouri,Wolves,22.07,Defender,Left-Back,Algeria  France,21,9,1,0,0,0,13,2.2e+07,2e+07,1.203e+07,0.8287
2023,206040,Raúl Jiménez,Wolves,32.16,Attack,Centre-Forward,Mexico,15,8,0,1,0,0,13,6e+06,1.8e+07,7.234e+06,-0.1706
2023,225161,Rúben Neves,Wolves,26.3,Midfield,Defensive Midfield,Portugal,35,33,6,1,0,0,13,4e+07,4e+07,2.927e+07,0.3668
2023,369567,Sasa Kalajdzic,Wolves,25.98,Attack,Centre-Forward,Austria,1,1,0,0,0,0,13,1.5e+07,2.5e+07,1.125e+07,0.3331
2023,606718,Toti,Wolves,24.45,Defender,Centre-Back,Portugal  Guinea-Bissau,17,10,1,0,0,0,13,6e+06,1.5e+06,7.93e+06,-0.2434
2024,427568,Aaron Ramsdale,Arsenal,26.13,Goalkeeper,Goalkeeper,England,6,6,0,0,2,1,2,2.5e+07,4e+07,3.054e+07,-0.1813
2024,335721,Ben White,Arsenal,26.73,Defender,Right-Back,England,37,35,4,4,0,10,2,5.5e+07,5.5e+07,8.223e+07,-0.3312
2024,433177,Bukayo Saka,Arsenal,22.82,Attack,Right Winger,England  Nigeria,35,35,16,12,0,9,2,1.4e+08,1.2e+08,1.788e+08,-0.2169
2024,112988,Cédric Soares,Arsenal,32.84,Defender,Right-Back,Portugal  Germany,3,0,0,0,0,1,2,2e+06,3e+06,4.383e+06,-0.5437
2024,262749,David Raya,Arsenal,28.79,Goalkeeper,Goalkeeper,Spain,32,32,0,0,16,9,2,3.5e+07,3e+07,6.471e+07,-0.4591
2024,357662,Declan Rice,Arsenal,25.46,Midfield,Central Midfield,England  Ireland,38,37,7,9,0,10,2,1.2e+08,9e+07,1.224e+08,-0.01925
2024,340324,Eddie Nketiah,Arsenal,25.09,Attack,Centre-Forward,England  Ghana,27,10,5,4,0,6,2,3e+07,2.5e+07,3.988e+07,-0.2477
2024,392765,Emile Smith Rowe,Arsenal,23.93,Midfield,Attacking Midfield,England,13,3,0,2,0,3,2,2.2e+07,3.5e+07,2.161e+07,0.01809
2024,890719,Ethan Nwaneri,Arsenal,17.28,Midfield,Attacking Midfield,England  Nigeria,1,0,0,0,0,0,2,8e+06,,2.136e+06,2.745
2024,537598,Fábio Vieira,Arsenal,24.09,Midfield,Attacking Midfield,Portugal,11,2,1,3,0,3,2,2.2e+07,2.5e+07,2.494e+07,-0.1177
2024,363205,Gabriel Jesus,Arsenal,27.24,Attack,Centre-Forward,Brazil,27,17,4,7,0,8,2,6.5e+07,7.5e+07,7.8e+07,-0.1666
2024,435338,Gabriel Magalhães,Arsenal,26.53,Defender,Centre-Back,Brazil,36,34,4,1,0,10,2,7e+07,5.5e+07,8.901e+07,-0.2135
2024,655488,Gabriel Martinelli,Arsenal,23.04,Attack,Left Winger,Brazil  Italy,35,24,6,4,0,6,2,7e+07,8e+07,8.322e+07,-0.1589
2024,425918,Jakub Kiwior,Arsenal,24.38,Defender,Centre-Back,Poland,20,11,1,3,0,7,2,3e+07,2.5e+07,3.745e+07,-0.1988
2024,102017,Jorginho,Arsenal,32.53,Midfield,Defensive Midfield,Italy  Brazil,24,10,0,2,0,9,2,1.2e+07,2.5e+07,1.742e+07,-0.3113
2024,420243,Jurriën Timber,Arsenal,23.04,Defender,Right-Back,Netherlands  Curacao,2,1,0,0,0,0,2,3.8e+07,4.2e+07,9.163e+06,3.147
2024,309400,Kai Havertz,Arsenal,25.06,Attack,Centre-Forward,Germany,37,30,13,8,0,10,2,7e+07,5.5e+07,1.275e+08,-0.4508
2024,144028,Leandro Trossard,Arsenal,29.57,Attack,Left Winger,Belgium,34,18,12,2,0,9,2,3.5e+07,3.5e+07,6.785e+07,-0.4842
2024,316264,Martin Ødegaard,Arsenal,25.54,Midfield,Attacking Midfield,Norway,35,35,8,11,0,9,2,1.1e+08,9e+07,1.366e+08,-0.195
2024,160438,Mohamed Elneny,Arsenal,31.97,Midfield,Defensive Midfield,Egypt,3,0,0,0,0,2,2,3.5e+06,6e+06,6.748e+06,-0.4813
2024,203853,Oleksandr Zinchenko,Arsenal,27.54,Defender,Left-Back,Ukraine,27,20,1,2,0,6,2,3.8e+07,4.2e+07,3.988e+07,-0.04715
2024,340325,Reiss Nelson,Arsenal,24.56,Attack,Left Winger,England  Jamaica,15,1,0,0,0,5,2,1.5e+07,1.2e+07,1.891e+07,-0.2067
2024,331560,Takehiro Tomiyasu,Arsenal,25.65,Defender,Centre-Back,Japan,22,10,2,1,0,6,2,3.5e+07,2.5e+07,3.539e+07,-0.011
2024,230784,Thomas Partey,Arsenal,31.05,Midfield,Defensive Midfield,Ghana,14,9,0,0,0,1,2,1.8e+07,3.5e+07,2.328e+07,-0.2268
2024,495666,William Saliba,Arsenal,23.27,Defender,Centre-Back,France  Cameroon,38,38,2,1,0,10,2,8e+07,6.5e+07,8.661e+07,-0.07634
2024,61841,Adam Smith,Bournemouth,33.17,Defender,Right-Back,England,28,25,0,3,0,0,11,1e+06,1.2e+06,5.039e+06,-0.8015
2024,855256,Alex Scott,Bournemouth,20.86,Midfield,Central Midfield,England  Guernsey,23,11,1,1,0,0,11,2e+07,2e+07,1.191e+07,0.6796
2024,583255,Antoine Semenyo,Bournemouth,24.48,Attack,Right Winger,Ghana  England,33,25,8,3,0,0,11,1e+07,9e+06,2.229e+07,-0.5514
2024,480987,Chris Mepham,Bournemouth,26.65,Defender,Centre-Back,Wales  England,10,6,0,1,0,0,11,6e+06,8e+06,8.896e+06,-0.3255
2024,823231,Dango Ouattara,Bournemouth,22.38,Attack,Left Winger,Burkina Faso,30,12,1,2,0,0,11,2e+07,2.5e+07,2.033e+07,-0.01641
2024,277033,David Brooks,Bournemouth,26.98,Attack,Right Winger,Wales  England,13,2,1,1,0,0,11,8e+06,1.2e+07,1.112e+07,-0.2805
2024,936901,Dominic Sadi,Bournemouth,20.83,Attack,Right Winger,England,1,0,0,0,0,0,11,1e+05,1e+05,1.338e+06,-0.9252
2024,258889,Dominic Solanke,Bournemouth,26.8,Attack,Centre-Forward,England  Nigeria,38,37,19,3,0,0,11,4e+07,2e+07,4.687e+07,-0.1466
2024,251106,Enes Ünal,Bournemouth,27.14,Attack,Centre-Forward,Türkiye,16,2,2,3,0,0,11,1.8e+07,2.5e+07,2.474e+07,-0.2724
2024,391065,Hamed Traoré,Bournemouth,24.37,Attack,Left Winger,Cote d'Ivoire,3,0,0,0,0,2,11,1.7e+07,2.2e+07,1.261e+07,0.3481
2024,659089,Ilya Zabarnyi,Bournemouth,21.83,Defender,Centre-Back,Ukraine,37,37,1,0,0,0,11,3.2e+07,2e+07,2.061e+07,0.5529
2024,303657,Ionuț Radu,Bournemouth,27.09,Goalkeeper,Goalkeeper,Romania,2,2,0,0,0,0,11,3e+06,3.5e+06,9.71e+06,-0.691
2024,684210,Jaidon Anthony,Bournemouth,24.58,Attack,Left Winger,England  Jamaica,3,2,0,0,0,0,11,6e+06,9e+06,9.036e+06,-0.336
2024,611793,James Hill,Bournemouth,22.47,Defender,Centre-Back,England,5,1,0,0,0,0,11,2e+06,1e+06,2.191e+06,-0.08725
2024,183293,Joe Rothwell,Bournemouth,29.47,Midfield,Central Midfield,England  Scotland,11,3,0,0,0,0,11,2.5e+06,4e+06,5.934e+06,-0.5787
2024,330659,Justin Kluivert,Bournemouth,25.16,Midfield,Attacking Midfield,Netherlands  Suriname,32,26,7,1,0,0,11,1.4e+07,1.4e+07,3.065e+07,-0.5432
2024,275590,Kieffer Moore,Bournemouth,31.9,Attack,Centre-Forward,Wales  England,8,0,1,0,0,0,11,2e+06,4e+06,4.241e+06,-0.5284
2024,249089,Lewis Cook,Bournemouth,27.41,Midfield,Central Midfield,England,33,32,0,3,0,0,11,1.2e+07,1e+07,1.938e+07,-0.3809
2024,480116,Lloyd Kelly,Bournemouth,25.74,Defender,Centre-Back,England  Jamaica,23,17,0,1,0,0,11,1.8e+07,1.8e+07,1.314e+07,0.3695
2024,512385,Luis Sinisterra,Bournemouth,25.04,Attack,Left Winger,Colombia,20,7,2,2,0,0,11,1.7e+07,2.2e+07,1.211e+07,0.4036
2024,469781,Marcos Senesi,Bournemouth,27.14,Defender,Centre-Back,Argentina  Italy,31,26,4,5,0,0,11,2.2e+07,2.2e+07,2.183e+07,0.007715
2024,399434,Marcus Tavernier,Bournemouth,25.28,Midfield,Left Midfield,England,30,25,3,4,0,0,11,2e+07,1.7e+07,2.313e+07,-0.1351
2024,357658,Mark Travers,Bournemouth,25.12,Goalkeeper,Goalkeeper,Ireland,4,4,0,0,2,0,11,3.5e+06,2e+06,6.774e+06,-0.4833
2024,471690,Max Aarons,Bournemouth,24.49,Defender,Right-Back,England  Jamaica,20,13,0,1,0,0,11,1.6e+07,1.6e+07,9.322e+06,0.7164
2024,730861,Milos Kerkez,Bournemouth,20.65,Defender,Left-Back,Hungary  Serbia,28,22,0,2,0,0,11,2e+07,1.5e+07,1.678e+07,0.1919
2024,111819,Neto,Bournemouth,34.95,Goalkeeper,Goalkeeper,Brazil  Italy,32,32,0,0,7,0,11,2.5e+06,2.5e+06,4.629e+06,-0.4599
2024,320411,Philip Billing,Bournemouth,28.05,Midfield,Central Midfield,Denmark  Nigeria,29,13,2,2,0,0,11,2.2e+07,2e+07,1.945e+07,0.1313
2024,555076,Romain Faivre,Bournemouth,25.97,Midfield,Attacking Midfield,France  Algeria,5,0,0,0,0,0,11,1.5e+07,1e+07,1.124e+07,0.3344
2024,188077,Ryan Christie,Bournemouth,29.36,Midfield,Central Midfield,Scotland,37,35,0,5,0,0,11,1.2e+07,1e+07,1.475e+07,-0.1865
2024,332705,Tyler Adams,Bournemouth,25.38,Midfield,Defensive Midfield,United States,3,1,0,0,0,0,11,1.5e+07,1.8e+07,1.22e+07,0.2297
2024,591949,Aaron Hickey,Brentford,22.06,Defender,Right-Back,Scotland,9,9,0,0,0,0,16,2.8e+07,2.5e+07,1.125e+07,1.489
2024,74810,Ben Mee,Brentford,34.78,Defender,Centre-Back,England,16,15,2,0,0,0,16,1e+06,2e+06,3.923e+06,-0.7451
2024,413039,Bryan Mbeumo,Brentford,24.9,Attack,Right Winger,Cameroon  France,25,22,9,7,0,0,16,4e+07,3.5e+07,3.669e+07,0.09033
2024,148367,Christian Nørgaard,Brentford,30.31,Midfield,Defensive Midfield,Denmark,31,30,2,1,0,0,16,1.8e+07,1.6e+07,1.229e+07,0.4642
2024,442248,Ethan Pinnock,Brentford,31.09,Defender,Centre-Back,Jamaica  England,29,28,2,0,0,0,16,1.2e+07,1.4e+07,9.025e+06,0.3296
2024,421637,Frank Onyeka,Brentford,26.5,Midfield,Central Midfield,Nigeria,26,11,1,2,0,0,16,9e+06,8e+06,8.249e+06,0.09108
2024,251664,Ivan Toney,Brentford,28.29,Attack,Centre-Forward,England  Jamaica,17,16,4,2,0,0,16,5e+07,3.5e+07,2.419e+07,1.067
2024,340321,Josh Dasilva,Brentford,25.69,Midfield,Central Midfield,England  Angola,3,0,0,0,0,0,16,1e+07,1.6e+07,8.074e+06,0.2386
2024,644401,Keane Lewis-Potter,Brentford,23.35,Attack,Left Winger,England,30,15,3,1,0,0,16,1.5e+07,1.2e+07,1.223e+07,0.2264
2024,473050,Kevin Schade,Brentford,22.59,Attack,Left Winger,Germany  Nigeria,11,3,2,1,0,0,16,2.2e+07,2.5e+07,1.016e+07,1.165
2024,328658,Kristoffer Ajer,Brentford,26.21,Defender,Centre-Back,Norway,28,21,2,1,0,0,16,1.5e+07,1.6e+07,1.17e+07,0.2815
2024,391005,Mads Roerslev,Brentford,25.02,Defender,Right-Back,Denmark,34,22,1,2,0,0,16,1e+07,6e+06,1.085e+07,-0.07813
2024,125714,Mark Flekken,Brentford,31.05,Goalkeeper,Goalkeeper,Netherlands,37,37,0,0,7,0,16,1.2e+07,1e+07,1.377e+07,-0.1283
2024,319859,Mathias Jensen,Brentford,28.5,Midfield,Central Midfield,Denmark,32,27,3,4,0,0,16,2.8e+07,2.2e+07,1.873e+07,0.4949
2024,734425,Michael Olakigbe,Brentford,20.18,Attack,Right Winger,England  Nigeria,8,0,0,0,0,0,16,,,1.551e+06,
2024,540941,Mikkel Damsgaard,Brentford,23.99,Midfield,Attacking Midfield,Denmark,23,7,0,3,0,0,16,1e+07,1.3e+07,1.109e+07,-0.09868
2024,587002,Myles Peart-Harris,Brentford,21.79,Midfield,Attacking Midfield,Jamaica  England,3,0,0,0,0,0,16,,7e+05,3.739e+06,
2024,469050,Nathan Collins,Brentford,23.17,Defender,Centre-Back,Ireland,32,29,1,1,0,0,16,2.5e+07,2.2e+07,2.081e+07,0.2013
2024,217115,Neal Maupay,Brentford,27.88,Attack,Centre-Forward,France  Argentina,31,14,6,3,0,0,16,1.2e+07,1e+07,1.57e+07,-0.2355
2024,339556,Rico Henry,Brentford,26.98,Defender,Left-Back,England  Jamaica,5,5,0,1,0,0,16,2e+07,2.8e+07,1.677e+07,0.1924
2024,204294,Saman Ghoddos,Brentford,30.82,Midfield,Attacking Midfield,Iran  Sweden,19,7,1,0,0,0,16,2e+06,2e+06,4.894e+06,-0.5914
2024,282429,Sergio Reguilón,Brentford,27.54,Defender,Left-Back,Spain,25,18,0,4,0,2,16,1.2e+07,1e+07,9.945e+06,0.2067
2024,533916,Shandon Baptiste,Brentford,26.23,Midfield,Central Midfield,Grenada  England,10,2,1,1,0,0,16,2.5e+06,3e+06,6.014e+06,-0.5843
2024,270171,Vitaly Janelt,Brentford,26.14,Midfield,Defensive Midfield,Germany  Bosnia-Herzegovina,38,37,1,4,0,0,16,2.2e+07,2e+07,2.069e+07,0.06313
2024,717411,Yegor Yarmolyuk,Brentford,20.33,Midfield,Central Midfield,Ukraine,27,6,0,0,0,0,16,1e+07,4e+05,5.49e+06,0.8216
2024,388165,Yoane Wissa,Brentford,27.82,Attack,Centre-Forward,DR Congo  France,34,29,12,4,0,0,16,2.8e+07,1.8e+07,2.485e+07,0.1266
2024,52059,Zanka,Brentford,34.19,Defender,Centre-Back,Denmark,14,12,1,0,0,0,16,1e+06,1.5e+06,2.29e+06,-0.5633
2024,43530,Adam Lallana,Brighton,36.14,Midfield,Attacking Midfield,England,25,13,0,1,0,2,12,1e+06,1.2e+06,2.314e+06,-0.5679
2024,212847,Adam Webster,Brighton,29.49,Defender,Centre-Back,England,15,13,0,0,0,1,12,2e+07,2.5e+07,1.143e+07,0.7503
2024,466810,Ansu Fati,Brighton,21.67,Attack,Left Winger,Spain  Guinea-Bissau,19,3,2,0,0,6,12,2.5e+07,3.5e+07,1.692e+07,0.4772
2024,565093,Bart Verbruggen,Brighton,21.87,Goalkeeper,Goalkeeper,Netherlands,21,21,0,0,4,3,12,1.8e+07,1e+07,1.314e+07,0.3699
2024,657817,Benicio Baker,Brighton,20.48,Attack,Right Winger,England  Ghana,5,0,0,0,0,0,12,,,2.009e+06,
2024,423744,Billy Gilmour,Brighton,23.06,Midfield,Defensive Midfield,Scotland,30,24,0,2,0,8,12,1.8e+07,1.2e+07,2.679e+07,-0.3281
2024,973085,Carlos Baleba,Brighton,20.49,Midfield,Defensive Midfield,Cameroon,27,15,0,0,0,6,12,2.2e+07,5e+06,1.544e+07,0.4253
2024,67063,Danny Welbeck,Brighton,33.6,Attack,Centre-Forward,England  Ghana,29,21,5,3,0,4,12,5e+06,7e+06,8.501e+06,-0.4118
2024,648046,Evan Ferguson,Brighton,19.7,Attack,Centre-Forward,Ireland  England,27,15,6,1,0,7,12,5e+07,3e+07,3.477e+07,0.4378
2024,983989,Facundo Buonanotte,Brighton,19.52,Midfield,Attacking Midfield,Argentina  Italy,27,17,3,1,0,5,12,1.8e+07,1.2e+07,2.704e+07,-0.3344
2024,380350,Igor Julio,Brighton,26.4,Defender,Centre-Back,Brazil,24,17,0,0,0,6,12,1.7e+07,1e+07,1.988e+07,-0.1448
2024,867688,Jack Hinshelwood,Brighton,19.22,Midfield,Defensive Midfield,England,12,8,3,0,0,2,12,1.6e+07,,1.216e+07,0.3161
2024,384461,Jakub Moder,Brighton,25.23,Midfield,Central Midfield,Poland,17,6,0,0,0,0,12,1e+07,1e+07,9.233e+06,0.08311
2024,3333,James Milner,Brighton,38.49,Midfield,Central Midfield,England,15,11,0,2,0,5,12,1e+06,1.5e+06,2.579e+06,-0.6122
2024,576314,Jan Paul van Hecke,Brighton,24.06,Defender,Centre-Back,Netherlands,28,26,0,0,0,7,12,1.8e+07,5e+06,1.987e+07,-0.09398
2024,73564,Jason Steele,Brighton,33.87,Goalkeeper,Goalkeeper,England,17,17,0,0,2,5,12,3.5e+06,4e+06,4.517e+06,-0.2252
2024,626724,João Pedro,Brighton,22.76,Attack,Centre-Forward,Brazil,31,19,9,3,0,6,12,4.5e+07,3.2e+07,3.1e+07,0.4514
2024,111195,Joël Veltman,Brighton,32.46,Defender,Right-Back,Netherlands,27,17,1,1,0,6,12,1e+07,1e+07,6.706e+06,0.4913
2024,660867,Julio Enciso,Brighton,20.44,Midfield,Attacking Midfield,Paraguay,12,5,0,2,0,2,12,2.2e+07,2.2e+07,1.45e+07,0.5173
2024,504849,Kaoru Mitoma,Brighton,27.12,Attack,Left Winger,Japan,19,15,3,6,0,6,12,4.5e+07,3.2e+07,2.864e+07,0.5713
2024,148153,Lewis Dunk,Brighton,32.61,Defender,Centre-Back,England,33,33,3,1,0,7,12,1.2e+07,1.6e+07,1.474e+07,-0.186
2024,191422,Mahmoud Dahoud,Brighton,28.5,Midfield,Central Midfield,Syria  Germany,9,6,0,1,0,4,12,6e+06,1.2e+07,1e+07,-0.4003
2024,943549,Mark Omahony,Brighton,19.46,Attack,Centre-Forward,Ireland,3,1,0,0,0,0,12,,2.5e+04,2.302e+06,
2024,567597,Odeluga Offiah,Brighton,21.68,Defender,Right-Back,England  Nigeria,4,1,0,0,0,0,12,,2e+05,2.038e+06,
2024,82873,Pascal Groß,Brighton,33.05,Midfield,Central Midfield,Germany,36,34,4,11,0,8,12,8e+06,8e+06,1.849e+07,-0.5673
2024,349599,Pervis Estupiñán,Brighton,26.44,Defender,Left-Back,Ecuador  Spain,19,15,2,3,0,4,12,3e+07,3.2e+07,2.563e+07,0.1704
2024,658536,Simon Adingra,Brighton,22.5,Attack,Left Winger,Cote d'Ivoire,31,25,6,1,0,8,12,3e+07,1e+07,3.461e+07,-0.1332
2024,209212,Solly March,Brighton,29.95,Attack,Right Winger,England,7,7,3,1,0,2,12,1.8e+07,2.2e+07,3.285e+07,-0.452
2024,504148,Tariq Lamptey,Brighton,23.75,Defender,Right-Back,Ghana  England,19,10,0,3,0,4,12,1.2e+07,1.2e+07,1.199e+07,0.0008443
2024,849410,Valentín Barco,Brighton,19.94,Midfield,Central Midfield,Argentina,6,3,0,0,0,0,12,1.3e+07,3.5e+06,2.646e+06,3.914
2024,646658,Aaron Ramsey,Burnley,21.44,Midfield,Attacking Midfield,England,14,5,0,0,0,0,19,1.5e+07,5e+06,5.291e+06,1.835
2024,620598,Ameen Al-Dakhil,Burnley,22.32,Defender,Centre-Back,Belgium  Iraq,13,12,1,0,0,0,19,1.2e+07,6e+06,6.612e+06,0.815
2024,491296,Anass Zaroury,Burnley,23.65,Attack,Left Winger,Morocco  Belgium,6,1,0,0,0,0,19,9e+06,1.2e+07,4.607e+06,0.9538
2024,371021,Arijanet Murić,Burnley,25.65,Goalkeeper,Goalkeeper,Kosovo  Montenegro,10,10,0,1,0,0,19,7e+06,1.2e+07,5.752e+06,0.2171
2024,322702,Benson Manuel,Burnley,27.26,Attack,Right Winger,Angola  Belgium,8,1,0,0,0,0,19,5e+06,7e+06,4.643e+06,0.07681
2024,195633,Charlie Taylor,Burnley,30.78,Defender,Left-Back,England,28,25,1,1,0,0,19,3e+06,3.5e+06,4.863e+06,-0.3831
2024,214666,Connor Roberts,Burnley,28.77,Defender,Right-Back,Wales,14,8,0,0,0,0,19,7e+06,8e+06,5.805e+06,0.2059
2024,401320,Dara Oshea,Burnley,25.33,Defender,Centre-Back,Ireland,33,32,3,4,0,0,19,7e+06,5e+06,1.66e+07,-0.5782
2024,787232,David Datro Fofana,Burnley,21.52,Attack,Centre-Forward,Cote d'Ivoire,15,10,4,1,0,4,19,1.2e+07,1e+07,1.585e+07,-0.2428
2024,536508,Han-Noah Massengo,Burnley,22.98,Midfield,Central Midfield,France  Congo,3,0,0,0,0,0,19,4e+06,5e+06,5.236e+06,-0.236
2024,338635,Hannes Delcroix,Burnley,25.34,Defender,Centre-Back,Belgium  Haiti,12,5,0,0,0,0,19,4e+06,2e+06,3.037e+06,0.3172
2024,392179,Hjalmar Ekdal,Burnley,25.69,Defender,Centre-Back,Sweden,8,5,0,0,0,0,19,7e+06,8e+06,2.907e+06,1.408
2024,40613,Jack Cork,Burnley,35.02,Midfield,Defensive Midfield,England,4,0,0,0,0,0,19,8e+05,1e+06,1.468e+06,-0.4549
2024,293281,Jacob Bruun Larsen,Burnley,25.78,Attack,Left Winger,Denmark,32,16,6,0,0,0,19,8e+06,3e+06,1.185e+07,-0.3247
2024,566799,James Trafford,Burnley,21.72,Goalkeeper,Goalkeeper,England,28,28,0,0,2,0,19,1.8e+07,1.5e+07,1.318e+07,0.3654
2024,53360,Jay Rodríguez,Burnley,34.92,Attack,Centre-Forward,England  Spain,21,7,2,1,0,0,19,1e+06,1e+06,2.015e+06,-0.5038
2024,403898,Jordan Beyer,Burnley,24.12,Defender,Centre-Back,Germany,15,15,0,1,0,0,19,1.3e+07,1.6e+07,9.611e+06,0.3526
2024,293569,Josh Brownhill,Burnley,28.53,Midfield,Central Midfield,England,33,23,4,2,0,0,19,1.5e+07,1.8e+07,1.141e+07,0.3147
2024,242606,Josh Cullen,Burnley,28.23,Midfield,Defensive Midfield,Ireland  England,25,23,2,4,0,0,19,1e+07,1.3e+07,9.24e+06,0.08221
2024,89231,Jóhann Berg Gudmundsson,Burnley,33.68,Attack,Right Winger,Iceland,26,12,1,3,0,0,19,1e+06,1.2e+06,2.643e+06,-0.6217
2024,711969,Lorenz Assignon,Burnley,24.02,Defender,Right-Back,France  Togo,15,15,1,2,0,5,19,1e+07,5e+06,1.159e+07,-0.1372
2024,745461,Luca Koleosho,Burnley,19.79,Attack,Right Winger,Italy  United States,15,13,1,2,0,0,19,7e+06,1e+06,6.539e+06,0.07043
2024,467623,Lyle Foster,Burnley,23.82,Attack,Centre-Forward,South Africa,24,22,5,3,0,0,19,1.3e+07,9e+06,1.258e+07,0.03335
2024,842341,Maxime Estève,Burnley,22.1,Defender,Centre-Back,France,16,15,0,0,0,0,19,7e+06,7e+06,1.557e+07,-0.5504
2024,444208,Michael Obafemi,Burnley,23.99,Attack,Centre-Forward,Ireland  Nigeria,2,0,0,0,0,0,19,2.2e+06,5e+06,2.628e+06,-0.1629
2024,381963,Mike Tresor,Burnley,25.1,Attack,Left Winger,Belgium  Burundi,16,3,0,0,0,0,19,1.2e+07,1.5e+07,7.327e+06,0.6379
2024,129078,Nathan Redmond,Burnley,30.32,Attack,Right Winger,England  Jamaica,12,0,0,0,0,0,19,5e+06,1e+07,4.77e+06,0.0483
2024,333014,Sander Berge,Burnley,26.38,Midfield,Defensive Midfield,Norway,37,34,1,2,0,0,19,2e+07,2e+07,1.513e+07,0.3217
2024,468249,Vitinho,Burnley,24.94,Defender,Right-Back,Brazil,32,26,0,3,0,0,19,5e+06,4e+06,9.953e+06,-0.4976
2024,743498,Wilson Odobert,Burnley,19.59,Attack,Left Winger,France  Martinique,29,25,3,3,0,0,19,1e+07,6e+06,3.06e+07,-0.6732
2024,548729,Zeki Amdouni,Burnley,23.57,Attack,Centre-Forward,Switzerland  Türkiye,34,27,5,1,0,0,19,1.2e+07,1e+07,1.648e+07,-0.2719
2024,670850,Alex Matos,Chelsea,19.74,Midfield,Central Midfield,England  Ghana,1,0,0,0,0,0,6,1.2e+06,,1.579e+06,-0.2401
2024,790992,Alfie Gilchrist,Chelsea,20.59,Defender,Right-Back,England,11,2,1,0,0,0,6,5e+06,,5.767e+06,-0.1329
2024,571743,Armando Broja,Chelsea,22.81,Attack,Centre-Forward,Albania  England,21,6,1,2,0,0,6,2.2e+07,2.8e+07,1.257e+07,0.7509
2024,386047,Axel Disasi,Chelsea,26.31,Defender,Centre-Back,France  DR Congo,31,29,2,0,0,0,6,4e+07,3e+07,5.307e+07,-0.2463
2024,316125,Ben Chilwell,Chelsea,27.53,Defender,Left-Back,England  New Zealand,13,9,0,1,0,0,6,2.8e+07,3.5e+07,2.115e+07,0.3238
2024,463603,Benoît Badiashile,Chelsea,23.27,Defender,Centre-Back,France  DR Congo,18,15,0,1,0,0,6,3e+07,4e+07,2.716e+07,0.1045
2024,659459,Carney Chukwuemeka,Chelsea,20.7,Midfield,Central Midfield,England  Nigeria,9,2,1,1,0,0,6,1.5e+07,1.5e+07,8.304e+06,0.8063
2024,622380,Cesare Casadei,Chelsea,21.47,Midfield,Central Midfield,Italy,11,0,0,0,0,0,6,1e+07,1.2e+07,5.38e+06,0.8588
2024,344381,Christopher Nkunku,Chelsea,26.63,Attack,Centre-Forward,France  DR Congo,11,2,3,0,0,0,6,6.5e+07,8e+07,3.558e+07,0.827
2024,568177,Cole Palmer,Chelsea,22.15,Midfield,Attacking Midfield,England  St. Kitts & Nevis,34,29,22,11,0,0,6,8e+07,1.8e+07,6.077e+07,0.3165
2024,488362,Conor Gallagher,Chelsea,24.4,Midfield,Central Midfield,England,37,37,5,7,0,0,6,5e+07,3.2e+07,4.226e+07,0.183
2024,1082850,Deivid Washington,Chelsea,19.07,Attack,Centre-Forward,Brazil,2,0,0,0,0,0,6,9e+06,4e+06,1.328e+06,5.779
2024,465555,Djordje Petrovic,Chelsea,24.73,Goalkeeper,Goalkeeper,Serbia,23,22,0,0,5,0,6,2e+07,6e+06,2.201e+07,-0.09141
2024,648195,Enzo Fernández,Chelsea,23.45,Midfield,Central Midfield,Argentina,28,26,3,3,0,0,6,7.5e+07,8e+07,4.154e+07,0.8055
2024,485585,Ian Maatsen,Chelsea,22.31,Defender,Left-Back,Netherlands  Suriname,12,1,0,0,0,7,6,4e+07,1.2e+07,1.92e+07,1.083
2024,681615,Jimi Tauriainen,Chelsea,20.31,Midfield,Central Midfield,Finland,1,0,0,0,0,0,6,2e+05,,1.365e+06,-0.8535
2024,1004708,Josh Acheampong,Chelsea,18.16,Defender,Right-Back,England  Ghana,1,0,0,0,0,0,6,3e+05,,9.529e+05,-0.6852
2024,711999,Lesley Ugochukwu,Chelsea,20.27,Midfield,Defensive Midfield,France  Nigeria,12,3,0,0,0,0,6,2.5e+07,9e+06,1.412e+07,0.7708
2024,614258,Levi Colwill,Chelsea,21.34,Defender,Centre-Back,England,23,20,1,1,0,0,6,5e+07,3.5e+07,2.745e+07,0.8212
2024,620322,Malo Gusto,Chelsea,21.12,Defender,Right-Back,France  Martinique,27,19,0,6,0,0,6,3.5e+07,2.5e+07,2.891e+07,0.2108
2024,284857,Marc Cucurella,Chelsea,25.94,Defender,Left-Back,Spain,21,20,0,3,0,0,6,3e+07,3.5e+07,2.558e+07,0.1729
2024,874080,Mason Burstow,Chelsea,20.91,Attack,Centre-Forward,England  Jamaica,2,0,0,0,0,0,6,1.8e+06,,3.042e+06,-0.4083
2024,687626,Moisés Caicedo,Chelsea,22.66,Midfield,Defensive Midfield,Ecuador,35,33,1,3,0,0,6,7.5e+07,7.5e+07,4.41e+07,0.7008
2024,537860,Mykhaylo Mudryk,Chelsea,23.49,Attack,Left Winger,Ukraine,31,18,5,4,0,0,6,3.5e+07,5e+07,3.083e+07,0.1351
2024,776890,Nicolas Jackson,Chelsea,23.03,Attack,Centre-Forward,Senegal  The Gambia,35,31,14,5,0,0,6,3.5e+07,3e+07,6.085e+07,-0.4248
2024,503987,Noni Madueke,Chelsea,22.31,Attack,Right Winger,England  Nigeria,23,13,5,3,0,0,6,2.8e+07,3e+07,2.082e+07,0.3447
2024,134425,Raheem Sterling,Chelsea,29.56,Attack,Right Winger,England  Jamaica,31,22,8,7,0,0,6,3.5e+07,5.5e+07,4.769e+07,-0.2661
2024,472423,Reece James,Chelsea,24.56,Defender,Right-Back,England,10,5,0,2,0,0,6,4e+07,6.5e+07,1.404e+07,1.849
2024,403151,Robert Sánchez,Chelsea,26.62,Goalkeeper,Goalkeeper,Spain  England,16,16,0,0,3,0,6,2e+07,2.2e+07,2.559e+07,-0.2185
2024,628451,Roméo Lavia,Chelsea,20.48,Midfield,Defensive Midfield,Belgium,1,0,0,0,0,0,6,3.5e+07,3.2e+07,1.289e+07,1.716
2024,29241,Thiago Silva,Chelsea,39.77,Defender,Centre-Back,Brazil  France,31,28,3,1,0,0,6,1e+06,2e+06,3.383e+06,-0.7044
2024,346314,Trevoh Chalobah,Chelsea,24.99,Defender,Centre-Back,England  Sierra Leone,13,10,1,0,0,0,6,1.3e+07,1.8e+07,2.308e+07,-0.4368
2024,127187,Abdoulaye Doucouré,Everton,31.5,Midfield,Attacking Midfield,Mali  France,32,32,7,2,0,0,13,1e+07,1.2e+07,1.814e+07,-0.4488
2024,485706,Amadou Onana,Everton,22.87,Midfield,Defensive Midfield,Belgium  Senegal,30,23,2,0,0,0,13,5e+07,4.5e+07,2.827e+07,0.7684
2024,221025,André Gomes,Everton,30.92,Midfield,Central Midfield,Portugal,12,3,1,0,0,0,13,1e+07,1.6e+07,7.561e+06,0.3226
2024,355861,Arnaut Danjuma,Everton,27.41,Attack,Left Winger,Netherlands  Nigeria,14,5,1,0,0,0,13,1.3e+07,2.5e+07,9.194e+06,0.4139
2024,14086,Ashley Young,Everton,38.98,Defender,Right-Back,England  Jamaica,31,27,0,1,0,0,13,5e+05,6e+05,2.709e+06,-0.8154
2024,343475,Ben Godfrey,Everton,26.46,Defender,Centre-Back,England  Jamaica,15,13,0,0,0,0,13,1e+07,1.3e+07,9.797e+06,0.02077
2024,595809,Beto,Everton,26.41,Attack,Centre-Forward,Guinea-Bissau  Portugal,30,9,3,0,0,0,13,2e+07,2.5e+07,1.676e+07,0.1933
2024,306024,Dominic Calvert-Lewin,Everton,27.29,Attack,Centre-Forward,England,32,26,7,2,0,0,13,2.2e+07,2.5e+07,3.007e+07,-0.2684
2024,584769,Dwight McNeil,Everton,24.61,Attack,Left Winger,England  Jamaica,35,33,3,6,0,0,13,2.2e+07,2e+07,3.665e+07,-0.3997
2024,126665,Idrissa Gueye,Everton,34.76,Midfield,Defensive Midfield,Senegal,25,24,4,0,0,0,13,3e+06,5e+06,6.134e+06,-0.5109
2024,417346,Jack Harrison,Everton,27.61,Attack,Left Winger,England,29,25,3,3,0,0,13,1.8e+07,2.2e+07,3.123e+07,-0.4236
2024,505219,James Garner,Everton,23.3,Midfield,Defensive Midfield,England,37,34,1,2,0,0,13,2.2e+07,1.6e+07,2.18e+07,0.008945
2024,173504,James Tarkowski,Everton,31.61,Defender,Centre-Back,England  Poland,38,38,1,1,0,0,13,1.3e+07,1.8e+07,1.475e+07,-0.1188
2024,661053,Jarrad Branthwaite,Everton,22.01,Defender,Centre-Back,England,35,35,3,1,0,0,13,4.2e+07,1e+07,2.588e+07,0.6227
2024,130164,Jordan Pickford,Everton,30.32,Goalkeeper,Goalkeeper,England,38,38,0,1,13,0,13,2.2e+07,2.2e+07,2.425e+07,-0.09267
2024,627248,Lewis Dobbin,Everton,21.49,Attack,Left Winger,England,12,1,1,0,0,0,13,2.5e+06,9e+05,6.999e+06,-0.6428
2024,652979,Lewis Warrington,Everton,21.72,Midfield,Central Midfield,England,1,0,0,0,0,0,13,,5e+05,3.01e+06,
2024,118534,Michael Keane,Everton,31.47,Defender,Centre-Back,England  Ireland,9,4,1,0,0,0,13,6e+06,1e+07,5.453e+06,0.1004
2024,424015,Nathan Patterson,Everton,22.71,Defender,Right-Back,Scotland,20,9,0,2,0,0,13,1.5e+07,1.6e+07,8.767e+06,0.7109
2024,68390,Séamus Coleman,Everton,35.72,Defender,Right-Back,Ireland,12,7,0,0,0,0,13,5e+05,1e+06,2.122e+06,-0.7644
2024,669366,Tom Cannon,Everton,21.51,Attack,Centre-Forward,Ireland  England,1,0,0,0,0,0,13,4e+06,5e+06,3.212e+06,0.2453
2024,663225,Tyler Onyango,Everton,21.33,Midfield,Central Midfield,England  Kenya,1,0,0,0,0,0,13,5e+05,4.5e+05,1.24e+06,-0.5968
2024,404842,Vitaliy Mykolenko,Everton,25.09,Defender,Left-Back,Ukraine,28,28,2,0,0,0,13,2.8e+07,2.5e+07,1.978e+07,0.4154
2024,670688,Youssef Chermiti,Everton,20.1,Attack,Centre-Forward,Portugal  Tunisia,18,1,0,0,0,0,13,9e+06,3e+06,4.702e+06,0.914
2024,204103,Adama Traoré,Fulham,28.43,Attack,Right Winger,Spain  Mali,17,1,2,3,0,0,14,9e+06,1e+07,9.425e+06,-0.04514
2024,51152,Aleksandar Mitrović,Fulham,29.79,Attack,Centre-Forward,Serbia,1,0,0,0,0,0,14,2.8e+07,2.8e+07,1.461e+07,0.9163
2024,242631,Alex Iwobi,Fulham,28.16,Attack,Left Winger,Nigeria  England,32,27,5,2,0,0,14,2.5e+07,2.8e+07,2.55e+07,-0.01965
2024,203394,Andreas Pereira,Fulham,28.5,Midfield,Attacking Midfield,Brazil  Belgium,37,34,3,7,0,0,14,2e+07,1.8e+07,2.905e+07,-0.3116
2024,349701,Antonee Robinson,Fulham,26.9,Defender,Left-Back,United States  England,37,37,0,6,0,0,14,2.5e+07,1.5e+07,1.904e+07,0.3131
2024,72476,Bernd Leno,Fulham,32.33,Goalkeeper,Goalkeeper,Germany,38,38,0,1,10,0,14,1.3e+07,1.2e+07,1.58e+07,-0.1774
2024,186186,Bobby De Cordova-Reid,Fulham,31.41,Attack,Right Winger,Jamaica  England,33,17,6,2,0,0,14,5e+06,7e+06,1.049e+07,-0.5235
2024,461883,Calvin Bassey,Fulham,24.5,Defender,Centre-Back,Nigeria  England,29,25,1,0,0,0,14,1.6e+07,1.5e+07,1.246e+07,0.2841
2024,525287,Carlos Vinícius,Fulham,29.27,Attack,Centre-Forward,Brazil,13,2,2,0,0,2,14,4e+06,6e+06,1.061e+07,-0.6232
2024,296422,Fodé Ballo-Touré,Fulham,27.49,Defender,Left-Back,Senegal  France,6,0,0,0,0,0,14,3e+06,3.5e+06,4.56e+06,-0.3421
2024,226973,Harrison Reed,Fulham,29.43,Midfield,Central Midfield,England,27,15,0,2,0,0,14,1.5e+07,1.8e+07,1.188e+07,0.2626
2024,279455,Harry Wilson,Fulham,27.28,Attack,Right Winger,Wales  England,35,16,4,7,0,0,14,1.7e+07,1.6e+07,1.808e+07,-0.05992
2024,272622,Issa Diop,Fulham,27.47,Defender,Centre-Back,France  Senegal,18,16,0,0,0,0,14,2e+07,1.8e+07,1.716e+07,0.1653
2024,257455,João Palhinha,Fulham,28.98,Midfield,Defensive Midfield,Portugal,33,31,4,1,0,0,14,5.5e+07,4e+07,2.009e+07,1.737
2024,206746,Kenny Tete,Fulham,28.73,Defender,Right-Back,Netherlands  Mozambique,14,10,1,0,0,0,14,1.5e+07,1.5e+07,9.76e+06,0.537
2024,817612,Luke Harris,Fulham,19.33,Midfield,Attacking Midfield,Wales  Jersey,1,0,0,0,0,0,14,,5e+05,2.184e+06,
2024,206040,Raúl Jiménez,Fulham,33.16,Attack,Centre-Forward,Mexico,24,18,7,0,0,0,14,5e+06,6e+06,6.441e+06,-0.2238
2024,735571,Rodrigo Muniz,Fulham,23.16,Attack,Centre-Forward,Brazil,26,18,9,1,0,0,14,2e+07,5e+06,1.723e+07,0.1605
2024,245056,Saša Lukić,Fulham,27.88,Midfield,Central Midfield,Serbia,24,13,1,0,0,0,14,1e+07,1.2e+07,1.092e+07,-0.08404
2024,145466,Tim Ream,Fulham,36.74,Defender,Centre-Back,United States,18,17,1,0,0,0,14,8e+05,1e+06,2.441e+06,-0.6722
2024,262226,Timothy Castagne,Fulham,28.57,Defender,Right-Back,Belgium,34,29,1,3,0,0,14,1.7e+07,2.5e+07,1.887e+07,-0.09907
2024,123275,Tom Cairney,Fulham,33.45,Midfield,Central Midfield,Scotland  England,34,14,1,6,0,0,14,2e+06,2e+06,4.175e+06,-0.5209
2024,258878,Tosin Adarabioyo,Fulham,26.77,Defender,Centre-Back,England  Nigeria,20,18,2,0,0,0,14,2e+07,1.6e+07,1.392e+07,0.4366
2024,52769,Willian,Fulham,35.89,Attack,Left Winger,Brazil,31,24,4,2,0,0,14,3e+06,3e+06,3.025e+06,-0.008399
2024,534033,Alexis Mac Allister,Liverpool,25.52,Midfield,Central Midfield,Argentina  Italy,33,31,5,5,0,6,3,7.5e+07,6.5e+07,7.384e+07,0.01566
2024,105470,Alisson,Liverpool,31.75,Goalkeeper,Goalkeeper,Brazil,28,28,0,0,8,2,3,2.8e+07,3.5e+07,3.084e+07,-0.09196
2024,234803,Andrew Robertson,Liverpool,30.31,Defender,Left-Back,Scotland,23,18,3,2,0,4,3,3e+07,4e+07,4.027e+07,-0.2551
2024,719673,Ben Doak,Liverpool,18.64,Attack,Right Winger,Scotland,1,0,0,0,0,3,3,1e+07,3e+06,8.767e+06,0.1407
2024,712117,Bobby Clark,Liverpool,19.39,Midfield,Central Midfield,England,5,1,0,0,0,2,3,1e+06,3.5e+05,9.59e+06,-0.8957
2024,340918,Caoimhín Kelleher,Liverpool,25.6,Goalkeeper,Goalkeeper,Ireland,10,10,0,0,2,8,3,2e+07,1.2e+07,1.453e+07,0.3767
2024,434675,Cody Gakpo,Liverpool,25.15,Attack,Left Winger,Netherlands  Togo,35,17,8,5,0,8,3,5.5e+07,5.5e+07,6.377e+07,-0.1376
2024,624258,Conor Bradley,Liverpool,20.98,Defender,Right-Back,Northern Ireland,11,10,1,3,0,4,3,1.5e+07,1.5e+06,2.755e+07,-0.4555
2024,433188,Curtis Jones,Liverpool,23.42,Midfield,Central Midfield,England,23,14,1,1,0,6,3,3.5e+07,2.5e+07,3.084e+07,0.1349
2024,546543,Darwin Núñez,Liverpool,25.02,Attack,Centre-Forward,Uruguay,36,22,11,10,0,10,3,7e+07,6.5e+07,7.546e+07,-0.07236
2024,340950,Diogo Jota,Liverpool,27.57,Attack,Left Winger,Portugal,21,14,10,4,0,5,3,5e+07,5e+07,5.882e+07,-0.1499
2024,451276,Dominik Szoboszlai,Liverpool,23.68,Midfield,Attacking Midfield,Hungary,33,25,3,3,0,7,3,7.5e+07,5e+07,7.575e+07,-0.009962
2024,565822,Harvey Elliott,Liverpool,21.24,Midfield,Attacking Midfield,England,34,11,3,9,0,10,3,3.5e+07,3.5e+07,4.445e+07,-0.2125
2024,357119,Ibrahima Konaté,Liverpool,25.1,Defender,Centre-Back,France  Mali,22,17,0,0,0,7,3,4.5e+07,3.8e+07,3.256e+07,0.3822
2024,845289,James McConnell,Liverpool,19.8,Midfield,Central Midfield,England,3,0,0,0,0,3,3,,,4.205e+06,
2024,632349,Jarell Quansah,Liverpool,21.42,Defender,Centre-Back,England  Scotland,17,13,2,0,0,7,3,2.2e+07,4e+05,3.336e+07,-0.3405
2024,939290,Jayden Danns,Liverpool,18.46,Attack,Centre-Forward,England  Guyana,2,0,0,0,0,1,3,1e+06,,3.34e+06,-0.7006
2024,256178,Joe Gomez,Liverpool,27.11,Defender,Centre-Back,England  The Gambia,32,17,0,1,0,10,3,2.8e+07,2.2e+07,2.956e+07,-0.05265
2024,732119,Kaide Gordon,Liverpool,19.74,Attack,Right Winger,England  Jamaica,1,0,0,0,0,1,3,,1.5e+06,1.356e+06,
2024,338070,Konstantinos Tsimikas,Liverpool,28.14,Defender,Left-Back,Greece,13,8,0,3,0,6,3,2.2e+07,1.8e+07,1.653e+07,0.331
2024,480692,Luis Díaz,Liverpool,27.46,Attack,Left Winger,Colombia,37,32,8,6,0,7,3,7.5e+07,7.5e+07,4.336e+07,0.7296
2024,148455,Mohamed Salah,Liverpool,32.04,Attack,Right Winger,Egypt,32,28,18,10,0,9,3,5.5e+07,6.5e+07,6.757e+07,-0.1861
2024,551001,Owen Beck,Liverpool,21.89,Defender,Left-Back,Wales,1,0,0,0,0,0,3,1.25e+06,,1.948e+06,-0.3584
2024,478573,Ryan Gravenberch,Liverpool,22.13,Midfield,Defensive Midfield,Netherlands  Suriname,26,12,1,0,0,5,3,3.5e+07,3e+07,2.649e+07,0.3212
2024,864799,Stefan Bajcetic,Liverpool,19.69,Midfield,Defensive Midfield,Spain  Serbia,1,0,0,0,0,1,3,1.1e+07,1.3e+07,6.681e+06,0.6465
2024,60444,Thiago Alcántara,Liverpool,33.22,Midfield,Central Midfield,Spain  Brazil,1,0,0,0,0,0,3,1e+07,1.5e+07,3.635e+06,1.751
2024,314353,Trent Alexander-Arnold,Liverpool,25.73,Defender,Right-Back,England,28,25,3,5,0,5,3,7e+07,6.5e+07,7.647e+07,-0.08459
2024,139208,Virgil van Dijk,Liverpool,32.98,Defender,Centre-Back,Netherlands  Suriname,36,36,2,2,0,5,3,3e+07,3.5e+07,2.318e+07,0.2943
2024,146310,Wataru Endo,Liverpool,31.39,Midfield,Defensive Midfield,Japan,29,20,1,0,0,9,3,1.3e+07,6.5e+06,3.231e+07,-0.5976
2024,381967,Albert Sambi Lokonga,Luton,24.69,Midfield,Central Midfield,Belgium  DR Congo,17,16,1,3,0,0,18,1.5e+07,1.5e+07,1.029e+07,0.4578
2024,608175,Alfie Doughty,Luton,24.53,Midfield,Left Midfield,England,37,34,2,8,0,0,18,1e+07,2.2e+06,1.465e+07,-0.3173
2024,278166,Amarii Bell,Luton,30.16,Defender,Centre-Back,Jamaica  England,21,21,0,0,0,0,18,2.5e+06,2e+06,5.137e+06,-0.5134
2024,61842,Andros Townsend,Luton,32.96,Attack,Right Winger,England,27,14,1,3,0,0,18,1.8e+06,1.5e+06,3.834e+06,-0.5305
2024,246963,Carlton Morris,Luton,28.54,Attack,Centre-Forward,England,38,32,11,5,0,0,18,1.3e+07,6e+06,1.937e+07,-0.329
2024,169801,Cauley Woodrow,Luton,29.58,Attack,Centre-Forward,England,24,2,1,1,0,0,18,1e+06,1.2e+06,3.876e+06,-0.742
2024,392591,Chiedozie Ogbene,Luton,27.17,Attack,Right Winger,Ireland  Nigeria,30,20,4,3,0,0,18,8e+06,2e+06,1.227e+07,-0.3482
2024,387191,Daiki Hashioka,Luton,25.13,Defender,Right-Back,Japan,10,6,0,0,0,0,18,2e+06,1.8e+06,4.31e+06,-0.5359
2024,319900,Elijah Adebayo,Luton,26.48,Attack,Centre-Forward,England  Nigeria,27,16,10,0,0,0,18,1.2e+07,6e+06,1.576e+07,-0.2388
2024,305274,Fred Onyedinma,Luton,27.6,Midfield,Right Midfield,Nigeria  England,8,4,0,0,0,0,18,5e+05,5e+05,2.256e+06,-0.7784
2024,364409,Gabriel Osho,Luton,25.88,Defender,Centre-Back,Nigeria  England,21,21,2,0,0,0,18,3e+06,6e+05,7.848e+06,-0.6178
2024,649452,Issa Kaboré,Luton,23.14,Defender,Right-Back,Burkina Faso,24,21,0,2,0,0,18,1e+07,7e+06,1.14e+07,-0.1225
2024,469958,Jacob Brown,Luton,26.23,Attack,Centre-Forward,Scotland  England,19,12,2,0,0,0,18,4e+06,6e+06,7.181e+06,-0.4429
2024,91340,James Shea,Luton,33.04,Goalkeeper,Goalkeeper,England  Ireland,1,0,0,0,1,0,18,2e+05,2e+05,7.753e+05,-0.742
2024,1088818,Joe Johnson,Luton,18.36,Defender,Left-Back,England,2,0,0,0,0,0,18,,,1.693e+06,
2024,184129,Jordan Clark,Luton,30.77,Midfield,Central Midfield,England,23,14,1,1,0,0,18,1e+06,9e+05,4.871e+06,-0.7947
2024,125685,Luke Berry,Luton,31.97,Midfield,Central Midfield,England,17,2,2,1,0,0,18,4e+05,4e+05,2.134e+06,-0.8125
2024,407021,Mads Andersen,Luton,26.51,Defender,Centre-Back,Denmark,8,4,1,0,0,0,18,3e+06,2e+06,5.076e+06,-0.4089
2024,324882,Marvelous Nakamba,Luton,30.45,Midfield,Defensive Midfield,Zimbabwe,13,13,0,0,0,0,18,5e+06,4e+06,5.135e+06,-0.02625
2024,244338,Pelly Ruddock Mpanzu,Luton,30.28,Midfield,Defensive Midfield,DR Congo  England,27,11,0,0,0,0,18,1.5e+06,1e+06,5.026e+06,-0.7015
2024,264220,Reece Burke,Luton,27.83,Defender,Centre-Back,England,22,20,0,4,0,0,18,1.8e+06,1.8e+06,6.848e+06,-0.7372
2024,131978,Ross Barkley,Luton,30.57,Midfield,Central Midfield,England,32,30,5,5,0,0,18,8e+06,6e+06,1.535e+07,-0.4789
2024,504581,Ryan Giles,Luton,24.43,Defender,Left-Back,England,11,5,0,0,0,0,18,4.5e+06,9e+06,5.093e+06,-0.1165
2024,344830,Tahith Chong,Luton,24.57,Midfield,Attacking Midfield,Curacao  Netherlands,33,20,4,0,0,0,18,6e+06,3.2e+06,1.327e+07,-0.548
2024,548470,Teden Mengi,Luton,22.17,Defender,Centre-Back,England  Angola,30,28,1,0,0,0,18,1.2e+07,2e+06,1.258e+07,-0.04574
2024,77757,Thomas Kaminski,Luton,31.69,Goalkeeper,Goalkeeper,Belgium  Poland,38,38,0,0,2,0,18,3e+06,2.2e+06,6.793e+06,-0.5584
2024,207742,Tom Lockyer,Luton,29.58,Defender,Centre-Back,Wales,14,14,1,1,0,0,18,2.5e+06,3e+06,6.375e+06,-0.6078
2024,965940,Zack Nelson,Luton,19.2,Midfield,Attacking Midfield,England,2,0,0,0,0,0,18,,,1.196e+06,
2024,176553,Aymeric Laporte,Man City,30.1,Defender,Centre-Back,Spain  France,1,0,0,0,0,0,1,2e+07,2.5e+07,1.831e+07,0.09203
2024,241641,Bernardo Silva,Man City,29.89,Midfield,Attacking Midfield,Portugal,33,29,6,9,0,8,1,7e+07,8e+07,9.408e+07,-0.256
2024,238223,Ederson,Man City,30.87,Goalkeeper,Goalkeeper,Brazil  Portugal,33,33,0,0,13,7,1,3.5e+07,4e+07,6.746e+07,-0.4812
2024,418560,Erling Haaland,Man City,23.95,Attack,Centre-Forward,Norway,31,29,27,6,0,9,1,1.8e+08,1.8e+08,2.246e+08,-0.1987
2024,203460,Jack Grealish,Man City,28.81,Attack,Left Winger,England  Ireland,20,10,3,1,0,8,1,6e+07,7.5e+07,5.918e+07,0.01391
2024,186590,John Stones,Man City,30.09,Defender,Centre-Back,England,16,12,1,0,0,6,1,3.8e+07,4e+07,4.049e+07,-0.06139
2024,475959,Josko Gvardiol,Man City,22.44,Defender,Centre-Back,Croatia,28,26,4,2,0,6,1,7.5e+07,7.5e+07,7.096e+07,0.05693
2024,576024,Julián Alvarez,Man City,24.42,Attack,Centre-Forward,Argentina  Italy,36,31,11,10,0,7,1,9e+07,6e+07,9.277e+07,-0.02983
2024,486049,Jérémy Doku,Man City,22.1,Attack,Left Winger,Belgium  Ghana,29,18,3,10,0,7,1,6.5e+07,2.8e+07,6.134e+07,0.05959
2024,88755,Kevin De Bruyne,Man City,33.01,Midfield,Attacking Midfield,Belgium,18,15,4,10,0,2,1,5e+07,7e+07,3.844e+07,0.3007
2024,95424,Kyle Walker,Man City,34.09,Defender,Right-Back,England,32,30,0,4,0,6,1,1.3e+07,1.3e+07,1.905e+07,-0.3174
2024,284730,Manuel Akanji,Man City,28.95,Defender,Centre-Back,Switzerland  Nigeria,30,28,2,0,0,8,1,4.5e+07,3.8e+07,6.74e+07,-0.3324
2024,51471,Mateo Kovacic,Man City,30.15,Midfield,Central Midfield,Croatia,30,16,1,0,0,6,1,3e+07,3.8e+07,3.802e+07,-0.211
2024,601883,Matheus Nunes,Man City,25.85,Midfield,Central Midfield,Portugal  Brazil,19,9,0,2,0,7,1,5e+07,4.5e+07,3.437e+07,0.4549
2024,177476,Nathan Aké,Man City,29.37,Defender,Centre-Back,Netherlands  Cote d'Ivoire,29,24,2,2,0,7,1,4e+07,4.2e+07,5.006e+07,-0.201
2024,661207,Oscar Bobb,Man City,20.97,Attack,Right Winger,Norway  The Gambia,14,2,1,1,0,4,1,2.5e+07,,3.321e+07,-0.2472
2024,406635,Phil Foden,Man City,24.09,Attack,Right Winger,England,35,33,19,8,0,8,1,1.5e+08,1.1e+08,1.384e+08,0.08392
2024,701057,Rico Lewis,Man City,19.61,Defender,Right-Back,England,16,8,2,0,0,7,1,3.8e+07,2e+07,3.164e+07,0.201
2024,357565,Rodri,Man City,28.02,Midfield,Defensive Midfield,Spain,34,34,8,10,0,8,1,1.3e+08,9e+07,1.472e+08,-0.1169
2024,258004,Rúben Dias,Man City,27.13,Defender,Centre-Back,Portugal,30,28,0,0,0,9,1,8e+07,8e+07,6.726e+07,0.1893
2024,366930,Sergio Gómez,Man City,23.82,Defender,Left-Back,Spain,6,0,0,1,0,5,1,1e+07,1.3e+07,1.696e+07,-0.4103
2024,85941,Stefan Ortega,Man City,31.65,Goalkeeper,Goalkeeper,Germany  Spain,9,5,0,0,4,3,1,9e+06,9e+06,8.863e+06,0.01548
2024,477758,Aaron Wan-Bissaka,Man United,26.6,Defender,Right-Back,DR Congo  England,22,20,0,2,0,3,8,2e+07,2.5e+07,2.642e+07,-0.2429
2024,811779,Alejandro Garnacho,Man United,20,Attack,Left Winger,Argentina  Spain,36,30,7,6,0,6,8,4.5e+07,2.5e+07,5.323e+07,-0.1545
2024,536835,Amad Diallo,Man United,21.97,Attack,Right Winger,Cote d'Ivoire  Italy,9,3,1,1,0,0,8,1.8e+07,1.8e+07,1.081e+07,0.6647
2024,234509,André Onana,Man United,28.25,Goalkeeper,Goalkeeper,Cameroon,38,38,0,0,9,6,8,3.5e+07,3.5e+07,4.604e+07,-0.2399
2024,182877,Anthony Martial,Man United,28.57,Attack,Centre-Forward,France  Guadeloupe,13,5,1,1,0,4,8,1e+07,1.5e+07,2.215e+07,-0.5486
2024,602105,Antony,Man United,24.35,Attack,Right Winger,Brazil,29,15,1,1,0,4,8,2.5e+07,6e+07,3.674e+07,-0.3196
2024,240306,Bruno Fernandes,Man United,29.81,Midfield,Attacking Midfield,Portugal,35,35,10,8,0,6,8,7e+07,7.5e+07,7.967e+07,-0.1214
2024,16306,Casemiro,Man United,32.35,Midfield,Defensive Midfield,Brazil  Spain,25,24,1,2,0,2,8,2e+07,4e+07,1.865e+07,0.07231
2024,69633,Christian Eriksen,Man United,32.38,Midfield,Attacking Midfield,Denmark,22,12,1,2,0,4,8,8e+06,2.2e+07,1.329e+07,-0.398
2024,747153,Daniel Gore,Man United,19.76,Midfield,Central Midfield,England,1,0,0,0,0,0,8,,,1.216e+06,
2024,357147,Diogo Dalot,Man United,25.29,Defender,Right-Back,Portugal,36,35,2,3,0,6,8,3.5e+07,4e+07,4.982e+07,-0.2974
2024,288255,Donny van de Beek,Man United,27.2,Midfield,Central Midfield,Netherlands,1,0,0,0,0,0,8,5e+06,1.3e+07,3.708e+06,0.3485
2024,888639,Ethan Wheatley,Man United,18.44,Attack,Centre-Forward,England,3,0,0,0,0,0,8,,,2.307e+06,
2024,676318,Facundo Pellistri,Man United,22.53,Attack,Right Winger,Uruguay  Spain,9,1,0,1,0,3,8,1e+07,6e+06,7.975e+06,0.2539
2024,607224,Hannibal,Man United,21.44,Midfield,Attacking Midfield,Tunisia  France,5,1,1,0,0,2,8,9e+06,8e+06,7.428e+06,0.2116
2024,177907,Harry Maguire,Man United,31.32,Defender,Centre-Back,England,22,18,2,3,0,4,8,1.8e+07,2e+07,2.116e+07,-0.1493
2024,401173,Jadon Sancho,Man United,24.27,Attack,Left Winger,England  Jamaica,3,0,0,0,0,7,8,3e+07,4.5e+07,3.042e+07,-0.01369
2024,42412,Jonny Evans,Man United,36.49,Defender,Centre-Back,Northern Ireland,23,15,0,1,0,2,8,2e+06,2e+06,3.419e+06,-0.415
2024,820374,Kobbie Mainoo,Man United,19.2,Midfield,Central Midfield,England  Ghana,24,24,3,1,0,2,8,5.5e+07,8e+05,2.768e+07,0.9872
2024,480762,Lisandro Martínez,Man United,26.45,Defender,Centre-Back,Argentina,11,8,0,1,0,1,8,5e+07,5e+07,1.967e+07,1.542
2024,183288,Luke Shaw,Man United,28.97,Defender,Left-Back,England,12,12,0,0,0,2,8,3.2e+07,4.2e+07,3.79e+07,-0.1556
2024,258923,Marcus Rashford,Man United,26.67,Attack,Left Winger,England  St. Kitts & Nevis,33,26,7,3,0,4,8,6e+07,8e+07,7.174e+07,-0.1637
2024,346483,Mason Mount,Man United,25.47,Midfield,Attacking Midfield,England,14,5,1,0,0,2,8,3.5e+07,6e+07,2.782e+07,0.2581
2024,670845,Omari Forson,Man United,19.95,Attack,Right Winger,England  Ghana,4,1,0,1,0,0,8,2e+06,,2.949e+06,-0.3218
2024,164770,Raphaël Varane,Man United,31.18,Defender,Centre-Back,France  Martinique,22,16,1,0,0,4,8,2e+07,3.5e+07,2.307e+07,-0.1331
2024,610442,Rasmus Højlund,Man United,21.4,Attack,Centre-Forward,Denmark,30,25,10,2,0,6,8,6.5e+07,4.5e+07,7.603e+07,-0.145
2024,315969,Scott McTominay,Man United,27.56,Midfield,Central Midfield,Scotland  England,32,18,7,1,0,5,8,3.2e+07,2.5e+07,3.551e+07,-0.09893
2024,287579,Sofyan Amrabat,Man United,27.86,Midfield,Defensive Midfield,Morocco  Netherlands,21,10,0,0,0,5,8,2.2e+07,3e+07,2.716e+07,-0.19
2024,184573,Victor Lindelöf,Man United,29.96,Defender,Centre-Back,Sweden,19,14,1,1,0,4,8,1.5e+07,1.8e+07,2.08e+07,-0.2787
2024,780630,Willy Kambwala,Man United,19.85,Defender,Centre-Back,France  DR Congo,8,3,0,0,0,0,8,5e+06,,3.779e+06,0.3232
2024,900601,Alex Murphy,Newcastle,20.02,Defender,Left-Back,Ireland,2,0,0,0,0,0,7,,,1.98e+06,
2024,349066,Alexander Isak,Newcastle,24.78,Attack,Centre-Forward,Sweden  Eritrea,30,27,21,2,0,5,7,7.5e+07,7e+07,9.462e+07,-0.2073
2024,533086,Amadou Diallo,Newcastle,21.37,Attack,Left Winger,England  Guinea,1,0,0,0,0,0,7,,,1.287e+06,
2024,503733,Anthony Gordon,Newcastle,23.35,Attack,Left Winger,England,35,34,11,15,0,6,7,6e+07,3.8e+07,7.013e+07,-0.1444
2024,922764,Ben Parkinson,Newcastle,19.31,Attack,Centre-Forward,England,1,0,0,0,0,0,7,,,1.369e+06,
2024,520624,Bruno Guimarães,Newcastle,26.62,Midfield,Defensive Midfield,Brazil  Spain,37,37,7,8,0,6,7,8.5e+07,7e+07,7.023e+07,0.2104
2024,123682,Callum Wilson,Newcastle,32.34,Attack,Centre-Forward,England,20,9,9,1,0,4,7,1.3e+07,1.6e+07,2.094e+07,-0.3791
2024,134270,Dan Burn,Newcastle,32.15,Defender,Centre-Back,England,33,32,2,2,0,4,7,8e+06,1e+07,2.288e+07,-0.6504
2024,567576,Elliot Anderson,Newcastle,21.65,Midfield,Central Midfield,England  Scotland,21,10,0,2,0,2,7,1.5e+07,8e+06,1.683e+07,-0.1088
2024,184528,Emil Krafth,Newcastle,29.91,Defender,Right-Back,Sweden,17,8,0,0,0,0,7,2.5e+06,3e+06,6.324e+06,-0.6047
2024,135343,Fabian Schär,Newcastle,32.53,Defender,Centre-Back,Switzerland,36,35,4,3,0,6,7,1e+07,1e+07,2.092e+07,-0.522
2024,398065,Harvey Barnes,Newcastle,26.56,Attack,Left Winger,England  Scotland,21,7,5,3,0,1,7,3.5e+07,3.5e+07,3.751e+07,-0.0668
2024,199527,Jacob Murphy,Newcastle,29.35,Attack,Right Winger,England  Ireland,21,14,3,8,0,3,7,1.5e+07,1.5e+07,2.401e+07,-0.3753
2024,183318,Jamaal Lascelles,Newcastle,30.64,Defender,Centre-Back,England  Barbados,16,13,1,0,0,5,7,7e+06,4.5e+06,1.501e+07,-0.5336
2024,614811,Joe White,Newcastle,21.75,Midfield,Attacking Midfield,England,4,0,0,0,0,0,7,,2.5e+05,3.859e+06,
2024,340329,Joe Willock,Newcastle,24.87,Midfield,Central Midfield,England  Montserrat,9,5,1,0,0,2,7,3e+07,3.8e+07,3.207e+07,-0.06466
2024,333241,Joelinton,Newcastle,27.88,Midfield,Central Midfield,Brazil,20,15,2,1,0,4,7,4e+07,4.2e+07,4.614e+07,-0.1332
2024,95810,Kieran Trippier,Newcastle,33.78,Defender,Right-Back,England,28,26,1,10,0,6,7,1e+07,1.1e+07,1.454e+07,-0.3122
2024,670858,Lewis Hall,Newcastle,19.81,Defender,Left-Back,England,18,8,1,0,0,1,7,1.8e+07,1e+07,1.752e+07,0.02761
2024,922769,Lewis Miley,Newcastle,18.17,Midfield,Central Midfield,England,17,14,1,3,0,3,7,2.2e+07,,2.113e+07,0.04129
2024,85864,Loris Karius,Newcastle,31.03,Goalkeeper,Goalkeeper,Germany,1,1,0,0,0,0,7,1e+06,1.2e+06,2.093e+06,-0.5222
2024,74960,Martin Dúbravka,Newcastle,35.46,Goalkeeper,Goalkeeper,Slovakia,23,22,0,0,5,1,7,1e+06,1.5e+06,3.233e+06,-0.6907
2024,92469,Matt Ritchie,Newcastle,34.81,Midfield,Right Midfield,Scotland  England,13,0,1,0,0,0,7,1e+06,1e+06,1.926e+06,-0.4808
2024,250478,Matt Targett,Newcastle,28.79,Defender,Left-Back,England  Scotland,3,1,0,0,0,2,7,1e+07,1.3e+07,8.946e+06,0.1178
2024,698151,Michael Ndiweni,Newcastle,20.58,Attack,Centre-Forward,England  Zimbabwe,1,0,0,0,0,0,7,,,1.115e+06,
2024,272999,Miguel Almirón,Newcastle,30.39,Attack,Right Winger,Paraguay,33,23,3,1,0,6,7,2e+07,3.2e+07,3.143e+07,-0.3637
2024,192080,Nick Pope,Newcastle,32.2,Goalkeeper,Goalkeeper,England,15,15,0,0,6,5,7,1.6e+07,2e+07,1.738e+07,-0.07929
2024,170321,Paul Dummett,Newcastle,32.76,Defender,Left-Back,Wales  England,5,0,0,0,0,0,7,9e+05,1e+06,1.55e+06,-0.4194
2024,397033,Sandro Tonali,Newcastle,24.15,Midfield,Central Midfield,Italy,8,5,1,0,0,3,7,3.8e+07,5e+07,4.615e+07,-0.1765
2024,346707,Sean Longstaff,Newcastle,26.67,Midfield,Central Midfield,England,35,30,6,2,0,5,7,2.5e+07,2.5e+07,5.771e+07,-0.5668
2024,361093,Sven Botman,Newcastle,24.47,Defender,Centre-Back,Netherlands,17,15,2,2,0,1,7,4.5e+07,4.5e+07,3.923e+07,0.1471
2024,503981,Tino Livramento,Newcastle,21.63,Defender,Right-Back,England  Scotland,26,12,1,0,0,3,7,3.5e+07,2.5e+07,1.545e+07,1.265
2024,621993,Andrew Omobamidele,Nott'm Forest,22.02,Defender,Centre-Back,Ireland  Nigeria,11,8,0,0,0,0,17,1.1e+07,6e+06,5.151e+06,1.135
2024,743600,Andrey Santos,Nott'm Forest,20.16,Midfield,Central Midfield,Brazil,1,0,0,0,0,0,17,1.5e+07,1.5e+07,5.887e+05,24.48
2024,583189,Anthony Elanga,Nott'm Forest,22.18,Attack,Right Winger,Sweden  Cameroon,36,25,5,9,0,0,17,2.2e+07,1.8e+07,2.657e+07,-0.1719
2024,631996,Brandon Aguilera,Nott'm Forest,21.01,Midfield,Attacking Midfield,Costa Rica,1,0,0,0,0,0,17,3e+05,2.75e+05,1.16e+06,-0.7414
2024,392768,Callum Hudson-Odoi,Nott'm Forest,23.65,Attack,Left Winger,England  Ghana,29,20,8,2,0,0,17,1.8e+07,1.5e+07,1.932e+07,-0.06846
2024,66934,Cheikhou Kouyaté,Nott'm Forest,34.53,Midfield,Defensive Midfield,Senegal  Belgium,12,2,0,0,0,0,17,1e+06,2e+06,1.77e+06,-0.435
2024,108725,Chris Wood,Nott'm Forest,32.57,Attack,Centre-Forward,New Zealand,31,20,14,1,0,0,17,7e+06,8e+06,9.772e+06,-0.2837
2024,808509,Danilo,Nott'm Forest,23.17,Midfield,Defensive Midfield,Brazil,29,20,2,2,0,0,17,2.8e+07,2.8e+07,1.689e+07,0.6577
2024,148368,Divock Origi,Nott'm Forest,29.2,Attack,Centre-Forward,Belgium  Kenya,20,6,0,1,0,0,17,5e+06,6e+06,9.163e+06,-0.4543
2024,156501,Felipe,Nott'm Forest,35.13,Defender,Centre-Back,Brazil,7,4,0,0,0,0,17,1.5e+06,2e+06,1.62e+06,-0.07407
2024,504215,Giovanni Reyna,Nott'm Forest,21.63,Midfield,Attacking Midfield,United States  Portugal,9,2,0,1,0,2,17,1.8e+07,2.5e+07,1.324e+07,0.3598
2024,402733,Gonzalo Montiel,Nott'm Forest,27.5,Defender,Right-Back,Argentina  Spain,14,8,0,2,0,0,17,1e+07,1.2e+07,8.629e+06,0.1589
2024,198516,Harry Toffolo,Nott'm Forest,28.87,Defender,Left-Back,England  Italy,23,15,1,3,0,0,17,5e+06,3.5e+06,7.496e+06,-0.333
2024,375885,Ibrahim Sangaré,Nott'm Forest,26.58,Midfield,Defensive Midfield,Cote d'Ivoire,17,13,0,0,0,0,17,3e+07,3.5e+07,1.198e+07,1.504
2024,415970,Joe Worrall,Nott'm Forest,27.47,Defender,Centre-Back,England,7,5,0,0,0,0,17,7.5e+06,1.2e+07,8.065e+06,-0.07002
2024,425306,Matt Turner,Nott'm Forest,30.02,Goalkeeper,Goalkeeper,United States  Lithuania,17,17,0,0,2,0,17,7e+06,8e+06,5.044e+06,0.3878
2024,127202,Matz Sels,Nott'm Forest,32.34,Goalkeeper,Goalkeeper,Belgium,16,16,0,0,1,0,17,7e+06,7e+06,8.981e+06,-0.2205
2024,429014,Morgan Gibbs-White,Nott'm Forest,24.43,Midfield,Attacking Midfield,England  Jamaica,37,35,5,10,0,0,17,4e+07,4e+07,4.349e+07,-0.08032
2024,291200,Moussa Niakhaté,Nott'm Forest,28.31,Defender,Centre-Back,Senegal  France,21,15,1,0,0,0,17,1.6e+07,1.8e+07,1.043e+07,0.5334
2024,1005649,Murillo,Nott'm Forest,21.99,Defender,Centre-Back,Brazil,32,32,0,2,0,0,17,3.5e+07,3.5e+06,1.688e+07,1.073
2024,503680,Neco Williams,Nott'm Forest,23.22,Defender,Left-Back,Wales,26,18,0,1,0,0,17,1.7e+07,2e+07,1.306e+07,0.3017
2024,497291,Nicolás Domínguez,Nott'm Forest,26.01,Midfield,Central Midfield,Argentina  Italy,26,19,2,2,0,0,17,1.7e+07,1.7e+07,1.749e+07,-0.02802
2024,535955,Nuno Tavares,Nott'm Forest,24.43,Defender,Left-Back,Portugal  Cape Verde,8,5,0,0,0,0,17,1.5e+07,1.8e+07,1.138e+07,0.3178
2024,124419,Odysseas Vlachodimos,Nott'm Forest,30.18,Goalkeeper,Goalkeeper,Greece  Germany,5,5,0,0,1,0,17,7e+06,1.6e+07,3.415e+06,1.05
2024,236490,Ola Aina,Nott'm Forest,27.73,Defender,Right-Back,Nigeria  England,22,20,1,1,0,0,17,1.2e+07,3.5e+06,1.015e+07,0.1826
2024,289592,Orel Mangala,Nott'm Forest,26.29,Midfield,Defensive Midfield,Belgium  DR Congo,20,19,1,0,0,0,17,2e+07,1.6e+07,1.774e+07,0.1276
2024,726701,Rodrigo Ribeiro,Nott'm Forest,19.18,Attack,Centre-Forward,Portugal,4,0,0,0,0,0,17,3e+06,3e+06,3.04e+06,-0.01304
2024,425902,Ryan Yates,Nott'm Forest,26.61,Midfield,Central Midfield,England,35,21,1,1,0,0,17,1.2e+07,1.1e+07,1.429e+07,-0.16
2024,255906,Scott McKenna,Nott'm Forest,27.63,Defender,Centre-Back,Scotland,5,5,0,0,0,2,17,9e+06,1e+07,9.235e+06,-0.02545
2024,127032,Serge Aurier,Nott'm Forest,31.52,Defender,Right-Back,Cote d'Ivoire,12,10,0,2,0,0,17,3.7e+06,8e+06,8.349e+06,-0.5568
2024,295313,Taiwo Awoniyi,Nott'm Forest,26.89,Attack,Centre-Forward,Nigeria,20,12,6,3,0,0,17,2.8e+07,2.5e+07,1.707e+07,0.6401
2024,142310,Willy Boly,Nott'm Forest,33.41,Defender,Centre-Back,Cote d'Ivoire  France,20,18,2,1,0,0,17,2.5e+06,2.5e+06,4.399e+06,-0.4317
2024,888493,Alejo Veliz,Tottenham,20.78,Attack,Centre-Forward,Argentina,8,0,1,0,0,0,5,9e+06,7e+06,3.937e+06,1.286
2024,192765,Ben Davies,Tottenham,31.19,Defender,Centre-Back,Wales,17,12,1,2,0,0,5,1e+07,1.5e+07,1.56e+07,-0.3589
2024,470607,Brennan Johnson,Tottenham,23.11,Attack,Left Winger,Wales  England,35,26,5,11,0,0,5,4.8e+07,3.8e+07,5.885e+07,-0.1843
2024,537382,Bryan Gil,Tottenham,23.38,Attack,Left Winger,Spain,11,2,0,0,0,0,5,1.4e+07,1.5e+07,1.567e+07,-0.1064
2024,355915,Cristian Romero,Tottenham,26.18,Defender,Centre-Back,Argentina,33,33,5,0,0,0,5,6.5e+07,6e+07,4.098e+07,0.586
2024,670883,Dane Scarlett,Tottenham,20.27,Attack,Centre-Forward,England  Jamaica,4,0,0,0,0,0,5,,1.8e+06,3.079e+06,
2024,341429,Davinson Sánchez,Tottenham,28.05,Defender,Centre-Back,Colombia,1,0,0,0,0,6,5,1.8e+07,1.5e+07,2.061e+07,-0.1268
2024,431755,Dejan Kulusevski,Tottenham,24.18,Midfield,Attacking Midfield,Sweden  North Macedonia,36,31,8,3,0,0,5,5.5e+07,5e+07,5.886e+07,-0.06556
2024,556385,Destiny Udogie,Tottenham,21.59,Defender,Left-Back,Italy  Nigeria,28,28,2,3,0,0,5,4.5e+07,2.5e+07,4.892e+07,-0.08022
2024,476344,Emerson Royal,Tottenham,25.46,Defender,Right-Back,Brazil,22,11,1,0,0,0,5,1.8e+07,2e+07,2.035e+07,-0.1156
2024,175722,Eric Dier,Tottenham,30.46,Defender,Centre-Back,England  Portugal,4,1,0,0,0,5,5,1.2e+07,1.8e+07,2.877e+07,-0.5829
2024,348795,Giovani Lo Celso,Tottenham,28.23,Midfield,Attacking Midfield,Argentina  Italy,22,4,2,2,0,0,5,1.6e+07,1.4e+07,1.606e+07,-0.003472
2024,286047,Guglielmo Vicario,Tottenham,27.73,Goalkeeper,Goalkeeper,Italy,38,38,0,0,7,0,5,3.5e+07,1.6e+07,3.661e+07,-0.04394
2024,91845,Heung-min Son,Tottenham,31.98,Attack,Left Winger,"Korea, South",35,34,17,10,0,0,5,4.5e+07,5e+07,4.093e+07,0.09945
2024,42460,Ivan Perišić,Tottenham,35.41,Attack,Left Winger,Croatia,5,0,0,1,0,0,5,2e+06,7e+06,4.943e+06,-0.5954
2024,294057,James Maddison,Tottenham,27.6,Midfield,Attacking Midfield,England,28,26,4,10,0,0,5,7e+07,6e+07,6.845e+07,0.02262
2024,796305,Jamie Donley,Tottenham,19.49,Attack,Second Striker,Northern Ireland  England,3,0,0,0,0,0,5,,,6.102e+06,
2024,396638,Manor Solomon,Tottenham,24.94,Attack,Left Winger,Israel  Portugal,5,2,0,2,0,0,5,1.3e+07,1.8e+07,1.171e+07,0.1099
2024,557459,Micky van de Ven,Tottenham,23.2,Defender,Centre-Back,Netherlands,27,27,3,0,0,0,5,5.5e+07,3e+07,4.26e+07,0.2911
2024,1011147,Mikey Moore,Tottenham,16.89,Attack,Left Winger,England,2,0,0,0,0,0,5,,,2.661e+06,
2024,406638,Oliver Skipp,Tottenham,23.79,Midfield,Defensive Midfield,England,21,5,0,0,0,0,5,1.5e+07,1.5e+07,1.547e+07,-0.03007
2024,568693,Pape Matar Sarr,Tottenham,21.8,Midfield,Central Midfield,Senegal,34,27,3,3,0,0,5,4.5e+07,1.5e+07,3.29e+07,0.3679
2024,553875,Pedro Porro,Tottenham,24.8,Defender,Right-Back,Spain,35,35,3,8,0,0,5,4.5e+07,4e+07,4.781e+07,-0.05868
2024,167799,Pierre-Emile Højbjerg,Tottenham,28.91,Midfield,Defensive Midfield,Denmark  France,36,8,0,0,0,0,5,1.8e+07,4.5e+07,2.689e+07,-0.3307
2024,568559,Radu Drăgușin,Tottenham,22.41,Defender,Centre-Back,Romania,9,4,0,0,0,0,5,2.5e+07,8e+06,9.277e+06,1.695
2024,378710,Richarlison,Tottenham,27.14,Attack,Centre-Forward,Brazil,28,18,11,4,0,0,5,3.8e+07,4.8e+07,4.439e+07,-0.1439
2024,354362,Rodrigo Bentancur,Tottenham,27.02,Midfield,Defensive Midfield,Uruguay,23,13,1,1,0,0,5,3.5e+07,4e+07,2.863e+07,0.2224
2024,170527,Timo Werner,Tottenham,28.32,Attack,Left Winger,Germany,13,10,2,4,0,4,5,1.7e+07,2.5e+07,8.172e+07,-0.792
2024,410425,Yves Bissouma,Tottenham,27.84,Midfield,Defensive Midfield,Mali  Cote d'Ivoire,28,26,0,0,0,0,5,3.5e+07,1.8e+07,2.662e+07,0.315
2024,92571,Aaron Cresswell,West Ham,34.54,Defender,Left-Back,England,11,4,0,0,0,6,9,9e+05,1.2e+06,3.53e+06,-0.745
2024,120629,Alphonse Areola,West Ham,31.34,Goalkeeper,Goalkeeper,France  Philippines,31,31,0,1,4,1,9,1e+07,8e+06,1.17e+07,-0.1455
2024,48002,Angelo Ogbonna,West Ham,36.11,Defender,Centre-Back,Italy  Nigeria,11,7,0,0,0,3,9,7e+05,9e+05,1.569e+06,-0.5539
2024,468002,Ben Johnson,West Ham,24.44,Defender,Right-Back,England,14,4,0,0,0,4,9,8e+06,1e+07,8.213e+06,-0.02588
2024,134294,Danny Ings,West Ham,31.94,Attack,Centre-Forward,England,20,3,1,1,0,6,9,8e+06,1.2e+07,9.52e+06,-0.1597
2024,670848,Divin Mubama,West Ham,19.68,Attack,Centre-Forward,England  DR Congo,5,0,0,0,0,4,9,1e+06,2.5e+05,1.036e+07,-0.9034
2024,401356,Edson Álvarez,West Ham,26.69,Midfield,Defensive Midfield,Mexico,31,28,1,1,0,7,9,3.5e+07,3.5e+07,2.583e+07,0.3549
2024,181778,Emerson,West Ham,29.91,Defender,Left-Back,Italy  Brazil,36,35,1,3,0,8,9,1.2e+07,1.2e+07,1.767e+07,-0.3208
2024,697280,George Earthy,West Ham,19.82,Midfield,Attacking Midfield,England,3,0,1,0,0,1,9,1e+06,,8.034e+06,-0.8755
2024,181579,James Ward-Prowse,West Ham,29.66,Midfield,Central Midfield,England,37,34,7,7,0,10,9,3e+07,3.8e+07,4.246e+07,-0.2935
2024,314875,Jarrod Bowen,West Ham,27.53,Attack,Right Winger,England,34,34,16,6,0,7,9,5e+07,3.8e+07,7.713e+07,-0.3517
2024,845321,Kaelan Casey,West Ham,19.67,Defender,Centre-Back,England,1,0,0,0,0,0,9,,,2.283e+06,
2024,351749,Kalvin Phillips,West Ham,28.58,Midfield,Defensive Midfield,England  Jamaica,12,3,0,0,0,6,9,2.5e+07,3.2e+07,8.693e+06,1.876
2024,415912,Konstantinos Mavropanos,West Ham,26.55,Defender,Centre-Back,Greece,19,16,1,0,0,9,9,2e+07,1.5e+07,2.381e+07,-0.1599
2024,157509,Kurt Zouma,West Ham,29.68,Defender,Centre-Back,France  Central African Republic,33,32,3,0,0,4,9,2.5e+07,2.2e+07,2.678e+07,-0.0665
2024,444523,Lucas Paquetá,West Ham,26.84,Midfield,Attacking Midfield,Brazil  Portugal,31,31,4,6,0,9,9,6.5e+07,4.5e+07,4.825e+07,0.3471
2024,29692,Lukasz Fabianski,West Ham,39.2,Goalkeeper,Goalkeeper,Poland,10,7,0,0,1,9,9,7e+05,9e+05,2.891e+06,-0.7579
2024,234781,Maxwel Cornet,West Ham,27.76,Attack,Left Winger,Cote d'Ivoire  France,7,1,1,1,0,6,9,9e+06,1.2e+07,1.1e+07,-0.1819
2024,104124,Michail Antonio,West Ham,34.26,Attack,Centre-Forward,Jamaica  England,26,21,6,2,0,6,9,4e+06,7e+06,8.285e+06,-0.5172
2024,543499,Mohammed Kudus,West Ham,23.91,Attack,Right Winger,Ghana,33,27,8,9,0,9,9,5e+07,4e+07,4.065e+07,0.23
2024,361914,Nayef Aguerd,West Ham,28.25,Defender,Centre-Back,Morocco,21,21,1,0,0,6,9,3.5e+07,3.5e+07,2.009e+07,0.7423
2024,357885,Pablo Fornals,West Ham,28.36,Midfield,Central Midfield,Spain,15,4,0,0,0,5,9,1.4e+07,2.2e+07,1.901e+07,-0.2635
2024,290532,Saïd Benrahma,West Ham,28.89,Attack,Left Winger,Algeria  France,13,5,0,1,0,5,9,2e+07,2.5e+07,1.998e+07,0.001204
2024,228948,Thilo Kehrer,West Ham,27.78,Defender,Centre-Back,Germany  Burundi,4,0,0,0,0,5,9,1e+07,1.8e+07,1.511e+07,-0.3382
2024,283628,Tomáš Souček,West Ham,29.34,Midfield,Defensive Midfield,Czech Republic,37,34,7,2,0,10,9,3e+07,3.5e+07,3.899e+07,-0.2306
2024,157672,Vladimír Coufal,West Ham,31.86,Defender,Right-Back,Czech Republic,36,36,0,7,0,7,9,8e+06,9e+06,1.184e+07,-0.3241
2024,649020,Boubacar Traoré,Wolves,22.86,Midfield,Defensive Midfield,Mali,24,7,0,0,0,0,15,6e+06,5e+06,7.616e+06,-0.2122
2024,121477,Craig Dawson,Wolves,34.15,Defender,Centre-Back,England,25,25,1,1,0,0,15,2e+06,2e+06,3.983e+06,-0.4979
2024,136401,Daniel Bentley,Wolves,30.97,Goalkeeper,Goalkeeper,England,5,3,0,0,2,0,15,2e+06,2e+06,2.083e+06,-0.03974
2024,1060740,Enso González,Wolves,19.44,Attack,Left Winger,Paraguay,1,0,0,0,0,0,15,4e+06,1.9e+06,6.872e+05,4.821
2024,505653,Fábio Silva,Wolves,21.95,Attack,Centre-Forward,Portugal,8,3,0,0,0,2,15,1.1e+07,1.3e+07,1.027e+07,0.07072
2024,292246,Hee-chan Hwang,Wolves,28.43,Attack,Centre-Forward,"Korea, South",29,25,12,3,0,0,15,2.5e+07,1.2e+07,2.105e+07,0.1875
2024,698678,Hugo Bueno,Wolves,21.79,Defender,Left-Back,Spain,22,7,0,0,0,0,15,6e+06,6e+06,8.918e+06,-0.3272
2024,450050,Jean-Ricner Bellegarde,Wolves,26.01,Midfield,Central Midfield,Haiti  France,22,10,2,1,0,0,15,1.5e+07,1e+07,1.867e+07,-0.1966
2024,175446,Jonny Otto,Wolves,30.33,Defender,Right-Back,Spain,1,0,0,0,0,4,15,5e+06,1.3e+07,7.11e+06,-0.2968
2024,249994,José Sá,Wolves,31.45,Goalkeeper,Goalkeeper,Portugal,35,35,0,0,4,0,15,1.4e+07,1.8e+07,1.371e+07,0.02138
2024,735570,João Gomes,Wolves,23.38,Midfield,Central Midfield,Brazil,34,32,2,1,0,0,15,3.5e+07,1.8e+07,1.672e+07,1.093
2024,1043634,Leon Chiwome,Wolves,18.47,Attack,Centre-Forward,England  Zimbabwe,3,2,0,0,0,0,15,1e+06,,1.375e+06,-0.2727
2024,170934,Mario Lemina,Wolves,30.83,Midfield,Defensive Midfield,Gabon  France,35,34,4,1,0,0,15,1e+07,1e+07,1.429e+07,-0.3004
2024,517894,Matheus Cunha,Wolves,25.1,Attack,Second Striker,Brazil,32,29,12,7,0,0,15,4.5e+07,2.5e+07,3.793e+07,0.1864
2024,171679,Matt Doherty,Wolves,32.46,Defender,Right-Back,Ireland,30,9,1,0,0,0,15,3e+06,5e+06,4.075e+06,-0.2638
2024,525247,Maximilian Kilman,Wolves,27.11,Defender,Centre-Back,England  Ukraine,38,38,2,0,0,0,15,3.2e+07,3e+07,2.503e+07,0.2787
2024,863741,Nathan Fraser,Wolves,19.35,Attack,Centre-Forward,Ireland  England,7,1,0,0,0,0,15,1e+06,,3.086e+06,-0.676
2024,231572,Nélson Semedo,Wolves,30.62,Defender,Right-Back,Portugal  Cape Verde,36,36,0,2,0,0,15,1.2e+07,1.5e+07,1.138e+07,0.05423
2024,74230,Pablo Sarabia,Wolves,32.14,Attack,Right Winger,Spain,30,20,4,7,0,0,15,1e+07,1.4e+07,9.991e+06,0.0009361
2024,487465,Pedro Neto,Wolves,24.31,Attack,Right Winger,Portugal,20,18,2,12,0,0,15,5.5e+07,2.8e+07,2.2e+07,1.5
2024,578391,Rayan Aït-Nouri,Wolves,23.07,Defender,Left-Back,Algeria  France,33,29,2,3,0,0,15,3.5e+07,2.2e+07,2.038e+07,0.717
2024,438001,Santiago Bueno,Wolves,25.64,Defender,Centre-Back,Uruguay  Italy,12,9,0,0,0,0,15,8e+06,8e+06,1.146e+07,-0.3021
2024,369567,Sasa Kalajdzic,Wolves,26.98,Attack,Centre-Forward,Austria,11,1,2,0,0,1,15,5e+06,1.5e+07,8.387e+06,-0.4038
2024,724783,Tawanda Chirewa,Wolves,20.72,Midfield,Attacking Midfield,Zimbabwe  England,8,1,0,0,0,0,15,5e+05,,2.577e+06,-0.806
2024,433183,Tommy Doyle,Wolves,22.7,Midfield,Central Midfield,England,26,11,0,0,0,0,15,1e+07,7e+06,9.064e+06,0.1033
2024,606718,Toti,Wolves,25.46,Defender,Centre-Back,Portugal  Guinea-Bissau,35,31,1,3,0,0,15,2e+07,6e+06,1.759e+07,0.137
2025,335721,Ben White,Arsenal,27.73,Defender,Right-Back,England,17,13,0,2,0,9,2,4.5e+07,5.5e+07,4.614e+07,-0.02466
2025,433177,Bukayo Saka,Arsenal,23.82,Attack,Right Winger,England  Nigeria,25,20,6,11,0,9,2,1.5e+08,1.4e+08,1.675e+08,-0.1044
2025,262749,David Raya,Arsenal,29.79,Goalkeeper,Goalkeeper,Spain,38,38,0,0,13,13,2,4e+07,3.5e+07,6.727e+07,-0.4054
2025,357662,Declan Rice,Arsenal,26.46,Midfield,Central Midfield,England  Ireland,35,33,4,7,0,13,2,1.2e+08,1.2e+08,1.154e+08,0.03975
2025,890719,Ethan Nwaneri,Arsenal,18.28,Midfield,Attacking Midfield,England  Nigeria,26,11,4,2,0,7,2,5.5e+07,8e+06,4.13e+07,0.3316
2025,363205,Gabriel Jesus,Arsenal,28.24,Attack,Centre-Forward,Brazil,17,6,3,0,0,5,2,3.2e+07,6.5e+07,4.25e+07,-0.2471
2025,435338,Gabriel Magalhães,Arsenal,27.53,Defender,Centre-Back,Brazil,28,28,3,3,0,9,2,7.5e+07,7e+07,8.647e+07,-0.1327
2025,655488,Gabriel Martinelli,Arsenal,24.04,Attack,Left Winger,Brazil  Italy,33,25,8,4,0,13,2,5.5e+07,7e+07,7.125e+07,-0.2281
2025,425918,Jakub Kiwior,Arsenal,25.37,Defender,Centre-Back,Poland,17,10,1,0,0,10,2,2.8e+07,3e+07,2.713e+07,0.03201
2025,102017,Jorginho,Arsenal,33.53,Midfield,Defensive Midfield,Italy  Brazil,15,9,0,0,0,6,2,6e+06,1.2e+07,9.668e+06,-0.3794
2025,420243,Jurriën Timber,Arsenal,24.04,Defender,Right-Back,Netherlands  Curacao,30,27,1,3,0,13,2,5.5e+07,3.8e+07,4.82e+07,0.1412
2025,309400,Kai Havertz,Arsenal,26.06,Attack,Centre-Forward,Germany,23,21,9,3,0,8,2,6.5e+07,7e+07,1.235e+08,-0.4737
2025,300716,Kieran Tierney,Arsenal,28.07,Defender,Left-Back,Scotland  Isle of Man,13,2,1,0,0,5,2,9e+06,1.2e+07,1.676e+07,-0.4629
2025,144028,Leandro Trossard,Arsenal,30.57,Attack,Left Winger,Belgium,38,28,8,8,0,14,2,2.2e+07,3.5e+07,5.118e+07,-0.5701
2025,316264,Martin Ødegaard,Arsenal,26.54,Midfield,Attacking Midfield,Norway,30,26,3,8,0,11,2,8.5e+07,1.1e+08,9.932e+07,-0.1442
2025,338424,Mikel Merino,Arsenal,29.02,Midfield,Central Midfield,Spain,28,17,7,2,0,12,2,3.5e+07,5e+07,7.028e+07,-0.502
2025,890721,Myles Lewis-Skelly,Arsenal,18.76,Defender,Left-Back,England  Barbados,23,15,1,0,0,10,2,4.5e+07,2e+06,3.133e+07,0.4365
2025,638964,Nathan Butler-Oyedeji,Arsenal,22.49,Attack,Centre-Forward,England,1,0,0,0,0,1,2,1e+06,1e+05,3.865e+06,-0.7413
2025,203853,Oleksandr Zinchenko,Arsenal,28.54,Defender,Left-Back,Ukraine,15,5,0,1,0,6,2,2e+07,3.8e+07,2.17e+07,-0.07836
2025,134425,Raheem Sterling,Arsenal,30.56,Attack,Right Winger,England  Jamaica,17,7,0,2,0,6,2,1e+07,3.5e+07,3.582e+07,-0.7208
2025,502821,Riccardo Calafiori,Arsenal,23.12,Defender,Left-Back,Italy,19,11,2,1,0,8,2,3.5e+07,4.5e+07,4.201e+07,-0.1669
2025,331560,Takehiro Tomiyasu,Arsenal,26.65,Defender,Centre-Back,Japan,1,0,0,0,0,0,2,1.8e+07,3.5e+07,1.629e+07,0.105
2025,230784,Thomas Partey,Arsenal,32.05,Midfield,Defensive Midfield,Ghana,35,31,4,2,0,12,2,1.4e+07,1.8e+07,2.827e+07,-0.5047
2025,495666,William Saliba,Arsenal,24.27,Defender,Centre-Back,France  Cameroon,35,35,2,0,0,11,2,8e+07,8e+07,8.603e+07,-0.07012
2025,61841,Adam Smith,Bournemouth,34.17,Defender,Right-Back,England,25,19,0,0,0,0,9,7.5e+05,1e+06,3.11e+06,-0.7588
2025,855256,Alex Scott,Bournemouth,21.86,Midfield,Central Midfield,England  Guernsey,20,8,0,0,0,0,9,2e+07,2e+07,9.986e+06,1.003
2025,583255,Antoine Semenyo,Bournemouth,25.48,Attack,Right Winger,Ghana  England,37,36,11,6,0,0,9,4e+07,1e+07,3.835e+07,0.04293
2025,823231,Dango Ouattara,Bournemouth,23.38,Attack,Left Winger,Burkina Faso,32,21,7,4,0,0,9,2.8e+07,2e+07,2.496e+07,0.1217
2025,746740,Daniel Jebbison,Bournemouth,21.97,Attack,Centre-Forward,Canada  England,16,0,1,0,0,0,9,4e+06,1e+06,5.175e+06,-0.2271
2025,277033,David Brooks,Bournemouth,27.98,Attack,Right Winger,Wales  England,29,9,2,0,0,0,9,1e+07,8e+06,1.094e+07,-0.08584
2025,890290,Dean Huijsen,Bournemouth,20.21,Defender,Centre-Back,Spain  Netherlands,32,26,3,2,0,0,9,6e+07,1e+07,2.597e+07,1.31
2025,251106,Enes Ünal,Bournemouth,28.14,Attack,Centre-Forward,Türkiye,17,2,2,1,0,0,9,1e+07,1.8e+07,1.016e+07,-0.01541
2025,711337,Evanilson,Bournemouth,25.74,Attack,Centre-Forward,Brazil,31,28,10,5,0,0,9,3.5e+07,3.5e+07,2.992e+07,0.1698
2025,659089,Ilya Zabarnyi,Bournemouth,22.83,Defender,Centre-Back,Ukraine,36,35,0,1,0,0,9,4.2e+07,3.2e+07,3.507e+07,0.1975
2025,611793,James Hill,Bournemouth,23.47,Defender,Centre-Back,England,10,6,0,1,0,0,9,3e+06,2e+06,6.111e+06,-0.509
2025,1009658,Julio Soler,Bournemouth,20.37,Defender,Left-Back,Argentina  Paraguay,3,0,0,0,0,0,9,8e+06,2e+06,1.311e+06,5.103
2025,513970,Julián Araujo,Bournemouth,23.88,Defender,Right-Back,Mexico  United States,12,7,0,0,0,0,9,1e+07,8e+06,8.551e+06,0.1695
2025,330659,Justin Kluivert,Bournemouth,26.16,Midfield,Attacking Midfield,Netherlands  Suriname,34,29,12,6,0,0,9,3.5e+07,1.4e+07,4.486e+07,-0.2198
2025,192279,Kepa Arrizabalaga,Bournemouth,30.74,Goalkeeper,Goalkeeper,Spain,31,31,0,0,8,0,9,1e+07,1.2e+07,1.318e+07,-0.2411
2025,249089,Lewis Cook,Bournemouth,28.41,Midfield,Central Midfield,England,36,32,1,3,0,0,9,1.5e+07,1.2e+07,2.397e+07,-0.3741
2025,512385,Luis Sinisterra,Bournemouth,26.04,Attack,Left Winger,Colombia,12,1,1,1,0,0,9,1.5e+07,1.7e+07,8.13e+06,0.8449
2025,469781,Marcos Senesi,Bournemouth,28.14,Defender,Centre-Back,Argentina  Italy,17,13,0,0,0,0,9,2.2e+07,2.2e+07,1.466e+07,0.501
2025,399434,Marcus Tavernier,Bournemouth,26.28,Midfield,Left Midfield,England,29,20,3,6,0,0,9,1.8e+07,2e+07,2.326e+07,-0.2262
2025,357658,Mark Travers,Bournemouth,26.12,Goalkeeper,Goalkeeper,Ireland,5,5,0,0,1,0,9,4e+06,3.5e+06,4.308e+06,-0.07155
2025,471690,Max Aarons,Bournemouth,25.49,Defender,Right-Back,England  Jamaica,3,1,0,0,0,0,9,6e+06,1.6e+07,7.14e+06,-0.1597
2025,730861,Milos Kerkez,Bournemouth,21.65,Defender,Left-Back,Hungary  Serbia,38,38,2,6,0,0,9,4.5e+07,2e+07,3.105e+07,0.4494
2025,111819,Neto,Bournemouth,35.95,Goalkeeper,Goalkeeper,Brazil  Italy,2,2,0,0,0,1,9,1.5e+06,2.5e+06,1.803e+06,-0.168
2025,320411,Philip Billing,Bournemouth,29.05,Midfield,Central Midfield,Denmark  Nigeria,10,1,0,0,0,0,9,1e+07,2.2e+07,9.771e+06,0.02339
2025,1089802,Remy Rees-Dottin,Bournemouth,19.32,Attack,Centre-Forward,England,1,0,0,0,0,0,9,3e+05,,1.673e+06,-0.8207
2025,188077,Ryan Christie,Bournemouth,30.35,Midfield,Central Midfield,Scotland,29,27,2,3,0,0,9,1e+07,1.2e+07,1.391e+07,-0.2811
2025,332705,Tyler Adams,Bournemouth,26.38,Midfield,Defensive Midfield,United States,28,21,0,3,0,0,9,1.8e+07,1.5e+07,2.02e+07,-0.1089
2025,777308,Zain Silcott-Duberry,Bournemouth,19.98,Attack,Left Winger,England  Montserrat,1,0,0,0,0,0,9,2e+05,,1.116e+06,-0.8208
2025,74810,Ben Mee,Brentford,35.78,Defender,Centre-Back,England,7,2,0,0,0,0,10,7e+05,1e+06,1.346e+06,-0.48
2025,413039,Bryan Mbeumo,Brentford,25.9,Attack,Right Winger,Cameroon  France,38,38,20,8,0,0,10,5.5e+07,4e+07,4.957e+07,0.1095
2025,148367,Christian Nørgaard,Brentford,31.31,Midfield,Defensive Midfield,Denmark,34,34,5,4,0,0,10,1.1e+07,1.8e+07,1.367e+07,-0.1952
2025,442248,Ethan Pinnock,Brentford,32.09,Defender,Centre-Back,Jamaica  England,22,21,2,0,0,0,10,7e+06,1.2e+07,7.177e+06,-0.02464
2025,421637,Frank Onyeka,Brentford,27.5,Midfield,Central Midfield,Nigeria,2,0,0,0,0,0,10,7e+06,9e+06,8.679e+06,-0.1935
2025,559263,Fábio Carvalho,Brentford,22.84,Midfield,Attacking Midfield,Portugal  England,19,3,2,1,0,0,10,1.4e+07,1.4e+07,1.101e+07,0.2718
2025,1086375,Gustavo Nunes,Brentford,19.61,Attack,Left Winger,Brazil,3,0,0,0,0,0,10,1e+07,1e+07,1.109e+06,8.021
2025,488935,Hákon Valdimarsson,Brentford,23.72,Goalkeeper,Goalkeeper,Iceland,2,1,0,0,1,0,10,2.5e+06,2.5e+06,3.451e+06,-0.2756
2025,739443,Igor Thiago,Brentford,24.01,Attack,Centre-Forward,Brazil  Bulgaria,8,1,0,0,0,0,10,1.8e+07,2.5e+07,1.023e+07,0.7597
2025,954104,Jayden Meghoma,Brentford,19.01,Defender,Left-Back,England  Nigeria,1,0,0,0,0,0,10,5e+05,,1.002e+06,-0.501
2025,709767,Ji-soo Kim,Brentford,20.52,Defender,Centre-Back,"Korea, South",3,0,0,0,0,0,10,6e+05,6e+05,1.327e+06,-0.5479
2025,644401,Keane Lewis-Potter,Brentford,24.35,Attack,Left Winger,England,38,36,1,4,0,0,10,2.3e+07,1.5e+07,2.513e+07,-0.08468
2025,473050,Kevin Schade,Brentford,23.59,Attack,Left Winger,Germany  Nigeria,38,26,11,2,0,0,10,3e+07,2.2e+07,2.447e+07,0.2259
2025,328658,Kristoffer Ajer,Brentford,27.21,Defender,Centre-Back,Norway,24,17,0,0,0,0,10,1.8e+07,1.5e+07,1.627e+07,0.1061
2025,391005,Mads Roerslev,Brentford,26.02,Defender,Right-Back,Denmark,19,11,0,2,0,0,10,6e+06,1e+07,1.292e+07,-0.5357
2025,125714,Mark Flekken,Brentford,32.05,Goalkeeper,Goalkeeper,Netherlands,37,37,0,0,8,0,10,1e+07,1.2e+07,1.295e+07,-0.2278
2025,319859,Mathias Jensen,Brentford,29.5,Midfield,Central Midfield,Denmark,24,8,0,2,0,0,10,1.4e+07,2.8e+07,1.113e+07,0.2579
2025,823486,Michael Kayode,Brentford,20.97,Defender,Right-Back,Italy  Nigeria,12,6,0,1,0,5,10,1.8e+07,2.5e+07,1.789e+07,0.006021
2025,540941,Mikkel Damsgaard,Brentford,24.99,Midfield,Attacking Midfield,Denmark,38,34,2,11,0,0,10,2.8e+07,1e+07,2.614e+07,0.07104
2025,469050,Nathan Collins,Brentford,24.17,Defender,Centre-Back,Ireland,38,38,2,5,0,0,10,2.8e+07,2.5e+07,3.567e+07,-0.2149
2025,470596,Paris Maghoma,Brentford,24.15,Midfield,Central Midfield,England  DR Congo,8,0,0,0,0,0,10,8e+05,3.5e+05,6.943e+06,-0.8848
2025,339556,Rico Henry,Brentford,27.98,Defender,Left-Back,England  Jamaica,5,0,0,0,0,0,10,1.5e+07,2e+07,6.348e+06,1.363
2025,874538,Ryan Trevitt,Brentford,22.31,Midfield,Central Midfield,England,1,0,0,0,0,0,10,2.75e+05,2.75e+05,1.351e+06,-0.7964
2025,541231,Sepp van den Berg,Brentford,23.53,Defender,Centre-Back,Netherlands,31,29,0,1,0,0,10,2.2e+07,1.2e+07,2.961e+07,-0.2571
2025,270171,Vitaly Janelt,Brentford,27.14,Midfield,Defensive Midfield,Germany  Bosnia-Herzegovina,32,27,1,3,0,0,10,2e+07,2.2e+07,2.604e+07,-0.232
2025,717411,Yegor Yarmolyuk,Brentford,21.33,Midfield,Central Midfield,Ukraine,31,15,0,0,0,0,10,1.5e+07,1e+07,1.54e+07,-0.02613
2025,388165,Yoane Wissa,Brentford,28.82,Attack,Centre-Forward,DR Congo  France,35,34,19,5,0,0,10,3.2e+07,2.8e+07,4.304e+07,-0.2565
2025,1141628,Yunus Konak,Brentford,19.47,Midfield,Defensive Midfield,Türkiye,10,0,0,0,0,0,10,4.5e+06,3.5e+06,3.629e+06,0.2401
2025,212847,Adam Webster,Brighton,30.49,Defender,Centre-Back,England,14,11,0,0,0,0,8,1.1e+07,2e+07,1.298e+07,-0.1525
2025,565093,Bart Verbruggen,Brighton,22.87,Goalkeeper,Goalkeeper,Netherlands,36,36,0,0,7,0,8,3e+07,1.8e+07,3.793e+07,-0.2091
2025,423744,Billy Gilmour,Brighton,24.05,Midfield,Defensive Midfield,Scotland,2,1,0,0,0,0,8,2e+07,1.8e+07,1.602e+07,0.2483
2025,700106,Brajan Gruda,Brighton,21.08,Attack,Right Winger,Germany  Albania,21,8,1,4,0,0,8,2.5e+07,2e+07,1.768e+07,0.414
2025,973085,Carlos Baleba,Brighton,21.49,Midfield,Defensive Midfield,Cameroon,34,31,3,1,0,0,8,4e+07,2.2e+07,3.97e+07,0.007571
2025,67063,Danny Welbeck,Brighton,34.6,Attack,Centre-Forward,England  Ghana,30,24,10,4,0,0,8,5e+06,5e+06,8.712e+06,-0.4261
2025,996897,Diego Gómez,Brighton,22.26,Midfield,Central Midfield,Paraguay,16,4,1,1,0,0,8,1.4e+07,8e+06,5.794e+06,1.416
2025,581330,Eiran Cashin,Brighton,23.64,Defender,Centre-Back,Ireland  England,2,0,0,0,0,0,8,8e+06,1.8e+06,4.487e+06,0.7828
2025,648046,Evan Ferguson,Brighton,20.7,Attack,Centre-Forward,Ireland  England,21,3,1,0,0,0,8,2.5e+07,5e+07,1.663e+07,0.5037
2025,369316,Ferdi Kadıoğlu,Brighton,25.73,Defender,Left-Back,Türkiye  Netherlands,6,5,1,0,0,0,8,2.5e+07,3e+07,1.107e+07,1.258
2025,538977,Georginio Rutter,Brighton,23.2,Attack,Centre-Forward,France  Martinique,28,19,5,3,0,0,8,3.2e+07,1.8e+07,3.57e+07,-0.1036
2025,1067168,Harry Howell,Brighton,17.2,Midfield,Attacking Midfield,England,1,0,0,0,0,0,8,,,2.018e+06,
2025,380350,Igor Julio,Brighton,27.39,Defender,Centre-Back,Brazil,13,10,0,0,0,0,8,2e+07,1.7e+07,1.812e+07,0.1039
2025,867688,Jack Hinshelwood,Brighton,20.22,Midfield,Defensive Midfield,England,26,22,5,3,0,0,8,2.4e+07,1.6e+07,3.255e+07,-0.2627
2025,384461,Jakub Moder,Brighton,26.23,Midfield,Central Midfield,Poland,4,0,0,0,0,4,8,1.2e+07,1e+07,1.376e+07,-0.1279
2025,3333,James Milner,Brighton,39.49,Midfield,Central Midfield,England,4,3,0,0,0,0,8,1e+06,1e+06,2.07e+06,-0.5169
2025,576314,Jan Paul van Hecke,Brighton,25.06,Defender,Centre-Back,Netherlands,34,33,1,1,0,0,8,3.2e+07,1.8e+07,4.077e+07,-0.2151
2025,73564,Jason Steele,Brighton,34.87,Goalkeeper,Goalkeeper,England,2,2,0,0,1,0,8,1.5e+06,3.5e+06,2.542e+06,-0.4098
2025,568005,Jeremy Sarmiento,Brighton,23.04,Attack,Left Winger,Ecuador  England,1,0,0,0,0,0,8,7e+06,7e+06,5.128e+06,0.365
2025,626724,João Pedro,Brighton,23.76,Attack,Centre-Forward,Brazil,27,23,10,6,0,0,8,5e+07,4.5e+07,5.633e+07,-0.1124
2025,111195,Joël Veltman,Brighton,33.46,Defender,Right-Back,Netherlands,21,19,0,0,0,0,8,4e+06,1e+07,4.649e+06,-0.1396
2025,504849,Kaoru Mitoma,Brighton,28.11,Attack,Left Winger,Japan,36,28,10,4,0,0,8,4e+07,4.5e+07,3.626e+07,0.103
2025,148153,Lewis Dunk,Brighton,33.61,Defender,Centre-Back,England,25,23,0,0,0,0,8,6e+06,1.2e+07,7.411e+06,-0.1904
2025,415381,Mats Wieffer,Brighton,25.62,Midfield,Defensive Midfield,Netherlands,25,10,1,5,0,0,8,2.5e+07,3e+07,1.918e+07,0.3037
2025,406634,Matt Oriley,Brighton,24.61,Midfield,Central Midfield,Denmark  England,21,11,2,3,0,0,8,2.2e+07,2e+07,2.767e+07,-0.205
2025,349599,Pervis Estupiñán,Brighton,27.44,Defender,Left-Back,Ecuador  Spain,30,26,1,1,0,0,8,3e+07,3e+07,2.82e+07,0.06393
2025,658536,Simon Adingra,Brighton,23.5,Attack,Left Winger,Cote d'Ivoire,29,12,2,2,0,0,8,2.8e+07,3e+07,2.466e+07,0.1352
2025,209212,Solly March,Brighton,30.95,Attack,Right Winger,England,8,1,0,0,0,0,8,6e+06,1.8e+07,6.512e+06,-0.0786
2025,504148,Tariq Lamptey,Brighton,24.75,Defender,Right-Back,Ghana  England,15,10,2,2,0,0,8,1.1e+07,1.2e+07,1.758e+07,-0.3743
2025,1012534,Yankuba Minteh,Brighton,20.94,Attack,Right Winger,The Gambia,32,20,6,4,0,0,8,3e+07,1.6e+07,2.952e+07,0.0164
2025,667287,Yasin Ayari,Brighton,21.74,Midfield,Central Midfield,Sweden  Tunisia,34,22,2,1,0,0,8,2.2e+07,4.5e+06,2.339e+07,-0.05931
2025,463603,Benoît Badiashile,Chelsea,24.27,Defender,Centre-Back,France  DR Congo,5,3,0,0,0,11,4,2.2e+07,3e+07,2.013e+07,0.09282
2025,344381,Christopher Nkunku,Chelsea,27.63,Attack,Centre-Forward,France  DR Congo,27,9,3,2,0,9,4,3.5e+07,6.5e+07,2.453e+07,0.4267
2025,568177,Cole Palmer,Chelsea,23.15,Midfield,Attacking Midfield,England  St. Kitts & Nevis,37,36,15,9,0,6,4,1.2e+08,8e+07,1.447e+08,-0.1707
2025,648195,Enzo Fernández,Chelsea,24.45,Midfield,Central Midfield,Argentina,36,32,6,7,0,6,4,7.5e+07,7.5e+07,6.915e+07,0.0846
2025,585323,Filip Jørgensen,Chelsea,23.21,Goalkeeper,Goalkeeper,Denmark  Sweden,6,6,0,0,1,12,4,1.8e+07,2e+07,2.31e+07,-0.2208
2025,401173,Jadon Sancho,Chelsea,25.27,Attack,Left Winger,England  Jamaica,31,19,3,5,0,8,4,2.8e+07,3e+07,4.783e+07,-0.4146
2025,1004708,Josh Acheampong,Chelsea,19.16,Defender,Right-Back,England  Ghana,4,2,0,0,0,7,4,8e+06,3e+05,5.262e+06,0.5204
2025,462250,João Félix,Chelsea,25.64,Attack,Second Striker,Portugal,12,3,1,1,0,7,4,2e+07,3e+07,3.852e+07,-0.4808
2025,475188,Kiernan Dewsbury-Hall,Chelsea,26.82,Midfield,Central Midfield,England  Ireland,13,2,0,1,0,13,4,2e+07,3e+07,2.692e+07,-0.257
2025,614258,Levi Colwill,Chelsea,22.34,Defender,Centre-Back,England,35,35,2,1,0,3,4,5.5e+07,5e+07,5.522e+07,-0.004023
2025,620322,Malo Gusto,Chelsea,22.12,Defender,Right-Back,France  Martinique,32,19,0,1,0,5,4,3.5e+07,3.5e+07,3.483e+07,0.004865
2025,284857,Marc Cucurella,Chelsea,26.94,Defender,Left-Back,Spain,36,33,5,2,0,9,4,3.5e+07,3e+07,5.51e+07,-0.3647
2025,938158,Marc Guiu,Chelsea,19.49,Attack,Centre-Forward,Spain,3,0,0,0,0,7,4,8e+06,7.5e+06,9.965e+06,-0.1972
2025,1010854,Mathis Amougou,Chelsea,19.45,Midfield,Central Midfield,France  Cameroon,1,0,0,0,0,1,4,1e+07,3e+05,1.878e+06,4.324
2025,687626,Moisés Caicedo,Chelsea,23.66,Midfield,Defensive Midfield,Ecuador,38,38,1,4,0,4,4,9e+07,7.5e+07,7.038e+07,0.2787
2025,537860,Mykhaylo Mudryk,Chelsea,24.48,Attack,Left Winger,Ukraine,7,1,0,0,0,4,4,1.8e+07,3.5e+07,2.241e+07,-0.1968
2025,776890,Nicolas Jackson,Chelsea,24.03,Attack,Centre-Forward,Senegal  The Gambia,30,28,10,5,0,3,4,5e+07,3.5e+07,9.209e+07,-0.4571
2025,503987,Noni Madueke,Chelsea,23.31,Attack,Right Winger,England  Nigeria,32,27,7,4,0,5,4,4e+07,2.8e+07,5.072e+07,-0.2114
2025,487465,Pedro Neto,Chelsea,25.31,Attack,Right Winger,Portugal,35,24,4,6,0,6,4,5e+07,5.5e+07,6.635e+07,-0.2465
2025,472423,Reece James,Chelsea,25.56,Defender,Right-Back,England,19,12,1,1,0,7,4,3e+07,4e+07,1.872e+07,0.6023
2025,805714,Renato Veiga,Chelsea,21.92,Defender,Centre-Back,Portugal  Cape Verde,7,1,0,0,0,8,4,2.5e+07,3e+06,1.811e+07,0.3804
2025,403151,Robert Sánchez,Chelsea,27.62,Goalkeeper,Goalkeeper,Spain  England,32,32,0,0,10,1,4,2e+07,2e+07,3.61e+07,-0.4459
2025,628451,Roméo Lavia,Chelsea,21.48,Midfield,Defensive Midfield,Belgium,16,11,0,1,0,0,4,4e+07,3.5e+07,1.5e+07,1.667
2025,982097,Shumaira Mheuka,Chelsea,17.7,Attack,Centre-Forward,England  Zimbabwe,1,0,0,0,0,4,4,8e+05,,6.326e+06,-0.8735
2025,258878,Tosin Adarabioyo,Chelsea,27.77,Defender,Centre-Back,England  Nigeria,22,15,1,1,0,10,4,2e+07,2e+07,2.891e+07,-0.3083
2025,346314,Trevoh Chalobah,Chelsea,25.99,Defender,Centre-Back,England  Sierra Leone,25,23,3,1,0,5,4,2.5e+07,1.3e+07,4.731e+07,-0.4716
2025,936874,Tyrique George,Chelsea,19.4,Attack,Left Winger,England  Nigeria,8,1,1,1,0,12,4,1e+07,,2.158e+07,-0.5367
2025,475411,Wesley Fofana,Chelsea,24.54,Defender,Centre-Back,France  Cote d'Ivoire,14,14,0,0,0,0,4,2.5e+07,2.5e+07,1.996e+07,0.2527
2025,127187,Abdoulaye Doucouré,Everton,32.5,Midfield,Attacking Midfield,Mali  France,33,31,3,2,0,0,13,7e+06,1e+07,1.344e+07,-0.479
2025,571743,Armando Broja,Everton,23.81,Attack,Centre-Forward,Albania  England,10,4,0,0,0,0,13,1.2e+07,2.2e+07,9.712e+06,0.2356
2025,14086,Ashley Young,Everton,39.98,Defender,Right-Back,England  Jamaica,32,19,1,3,0,0,13,5e+05,5e+05,1.577e+06,-0.6829
2025,595809,Beto,Everton,27.41,Attack,Centre-Forward,Guinea-Bissau  Portugal,30,15,8,0,0,0,13,2.2e+07,2e+07,2.038e+07,0.07924
2025,748319,Carlos Alcaraz,Everton,22.58,Midfield,Central Midfield,Argentina,16,7,2,3,0,0,13,1.4e+07,1.5e+07,1.142e+07,0.2258
2025,306024,Dominic Calvert-Lewin,Everton,28.29,Attack,Centre-Forward,England,26,19,3,2,0,0,13,1.6e+07,2.2e+07,2.098e+07,-0.2375
2025,584769,Dwight McNeil,Everton,25.61,Attack,Left Winger,England  Jamaica,21,15,4,8,0,0,13,2.5e+07,2.2e+07,3.41e+07,-0.2668
2025,1107733,Harrison Armstrong,Everton,18.45,Midfield,Central Midfield,England,3,0,0,0,0,0,13,8e+05,,1.671e+06,-0.5212
2025,126665,Idrissa Gueye,Everton,35.76,Midfield,Defensive Midfield,Senegal,37,35,0,3,0,0,13,1.5e+06,3e+06,3.663e+06,-0.5905
2025,623570,Iliman Ndiaye,Everton,25.32,Attack,Right Winger,Senegal  France,33,29,9,0,0,0,13,2.2e+07,1.5e+07,2.655e+07,-0.1715
2025,417346,Jack Harrison,Everton,28.61,Attack,Left Winger,England,34,24,1,1,0,0,13,1.4e+07,1.8e+07,1.796e+07,-0.2205
2025,711544,Jake Obrien,Everton,24.13,Defender,Centre-Back,Ireland,20,17,2,0,0,0,13,1.8e+07,1.2e+07,1.856e+07,-0.0301
2025,505219,James Garner,Everton,24.3,Midfield,Defensive Midfield,England,21,17,0,1,0,0,13,1.8e+07,2.2e+07,1.856e+07,-0.03019
2025,173504,James Tarkowski,Everton,32.61,Defender,Centre-Back,England  Poland,33,33,1,1,0,0,13,9e+06,1.3e+07,1.178e+07,-0.236
2025,661053,Jarrad Branthwaite,Everton,23.01,Defender,Centre-Back,England,30,28,0,1,0,0,13,5e+07,4.2e+07,3.048e+07,0.6405
2025,513245,Jesper Lindstrøm,Everton,25.34,Attack,Right Winger,Denmark,25,15,0,1,0,0,13,1.8e+07,2.2e+07,1.301e+07,0.3836
2025,130164,Jordan Pickford,Everton,31.32,Goalkeeper,Goalkeeper,England,38,38,0,0,12,0,13,1.8e+07,2.2e+07,2.386e+07,-0.2457
2025,348623,Mason Holgate,Everton,28.69,Defender,Centre-Back,Jamaica  England,1,0,0,0,0,0,13,4e+06,5e+06,5.308e+06,-0.2464
2025,118534,Michael Keane,Everton,32.47,Defender,Centre-Back,England  Ireland,14,11,3,0,0,0,13,5e+06,6e+06,5.546e+06,-0.09853
2025,424015,Nathan Patterson,Everton,23.71,Defender,Right-Back,Scotland,10,3,0,1,0,0,13,1.5e+07,1.5e+07,7.176e+06,1.09
2025,289592,Orel Mangala,Everton,27.29,Midfield,Defensive Midfield,Belgium  DR Congo,19,14,1,0,0,0,13,1.8e+07,2e+07,1.573e+07,0.144
2025,856479,Roman Dixon,Everton,20.51,Defender,Right-Back,England,1,1,0,0,0,0,13,2e+05,,8.88e+05,-0.7748
2025,68390,Séamus Coleman,Everton,36.72,Defender,Right-Back,Ireland,5,3,0,0,0,0,13,5e+05,5e+05,1.51e+06,-0.669
2025,696589,Tim Iroegbunam,Everton,22,Midfield,Central Midfield,England  Nigeria,18,5,0,1,0,0,13,9e+06,4e+06,6.701e+06,0.3431
2025,404842,Vitaliy Mykolenko,Everton,26.09,Defender,Left-Back,Ukraine,35,35,1,2,0,0,13,2.8e+07,2.8e+07,2.375e+07,0.1789
2025,670688,Youssef Chermiti,Everton,21.1,Attack,Centre-Forward,Portugal  Tunisia,4,0,0,0,0,0,13,8e+06,9e+06,4.205e+06,0.9025
2025,204103,Adama Traoré,Fulham,29.43,Attack,Right Winger,Spain  Mali,36,18,2,7,0,0,11,9e+06,9e+06,1.229e+07,-0.2675
2025,242631,Alex Iwobi,Fulham,29.16,Attack,Left Winger,Nigeria  England,38,35,9,6,0,0,11,2.8e+07,2.5e+07,3.328e+07,-0.1586
2025,203394,Andreas Pereira,Fulham,29.5,Midfield,Attacking Midfield,Brazil  Belgium,33,25,2,6,0,0,11,1.8e+07,2e+07,2.051e+07,-0.1223
2025,349701,Antonee Robinson,Fulham,27.9,Defender,Left-Back,United States  England,36,35,0,10,0,0,11,3.5e+07,2.5e+07,2.574e+07,0.3597
2025,72476,Bernd Leno,Fulham,33.33,Goalkeeper,Goalkeeper,Germany,38,38,0,0,5,0,11,1e+07,1.3e+07,1.301e+07,-0.2314
2025,461883,Calvin Bassey,Fulham,25.5,Defender,Centre-Back,Nigeria  England,35,34,1,0,0,0,11,2.5e+07,1.6e+07,2.076e+07,0.2043
2025,525287,Carlos Vinícius,Fulham,30.27,Attack,Centre-Forward,Brazil,3,0,0,0,0,0,11,3.5e+06,4e+06,5.874e+06,-0.4041
2025,392765,Emile Smith Rowe,Fulham,24.93,Midfield,Attacking Midfield,England,34,25,6,3,0,0,11,3e+07,2.2e+07,2.073e+07,0.447
2025,226973,Harrison Reed,Fulham,30.43,Midfield,Central Midfield,England,12,0,0,0,0,0,11,6e+06,1.5e+07,5.528e+06,0.08536
2025,279455,Harry Wilson,Fulham,28.28,Attack,Right Winger,Wales  England,25,12,6,2,0,0,11,1.5e+07,1.7e+07,1.67e+07,-0.1017
2025,272622,Issa Diop,Fulham,28.47,Defender,Centre-Back,France  Senegal,21,15,0,0,0,0,11,1.4e+07,2e+07,1.243e+07,0.1265
2025,696346,Jay Stansfield,Fulham,22.6,Attack,Centre-Forward,England,1,0,0,0,0,0,11,1.1e+07,3.5e+06,7.426e+06,0.4812
2025,260827,Joachim Andersen,Fulham,29.08,Defender,Centre-Back,Denmark,30,30,0,0,0,0,11,2.7e+07,3.5e+07,2.397e+07,0.1262
2025,494880,Jorge Cuenca,Fulham,25.62,Defender,Centre-Back,Spain,8,4,0,0,0,0,11,5e+06,6e+06,1.18e+07,-0.5762
2025,1011131,Josh King,Fulham,18.49,Midfield,Central Midfield,England,8,1,0,0,0,0,11,1e+06,2e+05,3.144e+06,-0.6819
2025,206746,Kenny Tete,Fulham,29.73,Defender,Right-Back,Netherlands  Mozambique,22,21,0,2,0,0,11,1.3e+07,1.5e+07,7.918e+06,0.6419
2025,992686,Martial Godo,Fulham,22.3,Attack,Left Winger,Cote d'Ivoire  England,2,0,0,0,0,0,11,6e+05,4.5e+05,3.711e+06,-0.8383
2025,206040,Raúl Jiménez,Fulham,34.16,Attack,Centre-Forward,Mexico,38,30,12,3,0,0,11,5e+06,5e+06,6.974e+06,-0.283
2025,340325,Reiss Nelson,Fulham,25.56,Attack,Left Winger,England  Jamaica,12,5,1,1,0,0,11,1.6e+07,1.5e+07,9.475e+06,0.6886
2025,735571,Rodrigo Muniz,Fulham,24.16,Attack,Centre-Forward,Brazil,31,8,8,1,0,0,11,2e+07,2e+07,1.619e+07,0.2353
2025,392775,Ryan Sessegnon,Fulham,25.12,Defender,Left-Back,England,16,7,4,2,0,0,11,1.5e+07,1e+07,9.053e+06,0.6568
2025,333014,Sander Berge,Fulham,27.38,Midfield,Defensive Midfield,Norway,31,26,0,0,0,0,11,2.5e+07,2e+07,2.521e+07,-0.008318
2025,245056,Saša Lukić,Fulham,28.88,Midfield,Central Midfield,Serbia,30,28,0,2,0,0,11,1.4e+07,1e+07,1.69e+07,-0.1718
2025,262226,Timothy Castagne,Fulham,29.57,Defender,Right-Back,Belgium,24,17,0,1,0,0,11,1.3e+07,1.7e+07,1.091e+07,0.1919
2025,123275,Tom Cairney,Fulham,34.44,Midfield,Central Midfield,Scotland  England,25,3,2,0,0,0,11,1.5e+06,2e+06,1.942e+06,-0.2276
2025,52769,Willian,Fulham,36.89,Attack,Left Winger,Brazil,10,2,0,0,0,4,11,7.5e+05,3e+06,1.996e+06,-0.6242
2025,245625,Alex Palmer,Ipswich,28.89,Goalkeeper,Goalkeeper,England,13,13,0,0,0,0,19,1e+06,1.2e+06,5.316e+06,-0.8119
2025,610581,Ali Al-Hamadi,Ipswich,23.33,Attack,Centre-Forward,Iraq  England,11,0,0,0,0,0,19,2.5e+06,1e+06,4.528e+06,-0.4479
2025,371021,Arijanet Murić,Ipswich,26.65,Goalkeeper,Goalkeeper,Kosovo  Montenegro,18,18,0,0,1,0,19,5e+06,7e+06,5.766e+06,-0.1329
2025,342046,Axel Tuanzebe,Ipswich,27.63,Defender,Right-Back,DR Congo  England,22,20,0,1,0,0,19,5e+06,2.2e+06,3.666e+06,0.3639
2025,343475,Ben Godfrey,Ipswich,27.46,Defender,Centre-Back,England  Jamaica,3,2,0,0,0,2,19,6e+06,1e+07,7.065e+06,-0.1507
2025,468002,Ben Johnson,Ipswich,25.43,Defender,Right-Back,England,23,14,1,2,0,0,19,8e+06,8e+06,6.021e+06,0.3286
2025,255788,Cameron Burgess,Ipswich,29.69,Defender,Centre-Back,Australia  Scotland,18,16,0,2,0,0,19,2e+06,1.5e+06,3.881e+06,-0.4846
2025,392591,Chiedozie Ogbene,Ipswich,28.17,Attack,Right Winger,Ireland  Nigeria,5,3,0,0,0,0,19,7e+06,8e+06,6.763e+06,0.03499
2025,208379,Christian Walton,Ipswich,29.64,Goalkeeper,Goalkeeper,England,7,7,0,0,1,0,19,1e+06,9e+05,1.317e+06,-0.2405
2025,349503,Conor Chaplin,Ipswich,28.37,Attack,Second Striker,England,22,10,1,1,0,0,19,6e+06,7e+06,6.198e+06,-0.03202
2025,146509,Conor Townsend,Ipswich,32.33,Defender,Left-Back,England,6,3,0,1,0,0,19,8e+05,1.5e+06,1.801e+06,-0.5559
2025,401320,Dara Oshea,Ipswich,26.33,Defender,Centre-Back,Ireland,35,35,0,2,0,0,19,1.4e+07,7e+06,1.82e+07,-0.2309
2025,385848,George Edmundson,Ipswich,27.88,Defender,Centre-Back,England,1,0,0,0,0,0,19,8e+05,3.5e+05,6.951e+05,0.1509
2025,420808,George Hirst,Ipswich,26.37,Attack,Centre-Forward,Scotland  England,26,5,3,1,0,0,19,4e+06,4e+06,4.308e+06,-0.07147
2025,528892,Harry Clarke,Ipswich,24.33,Defender,Right-Back,England,7,4,0,0,0,0,19,4.5e+06,5e+06,2.528e+06,0.7802
2025,559794,Jack Clarke,Ipswich,24.6,Attack,Left Winger,England,32,12,0,4,0,0,19,1.5e+07,1.5e+07,8.027e+06,0.8686
2025,458178,Jack Taylor,Ipswich,27.02,Midfield,Central Midfield,Ireland  England,32,4,1,0,0,0,19,3e+06,1.8e+06,3.216e+06,-0.06706
2025,693095,Jacob Greaves,Ipswich,24.8,Defender,Centre-Back,England,25,25,1,0,0,0,19,1.8e+07,1.5e+07,8.169e+06,1.203
2025,468066,Jens Cajuste,Ipswich,25.89,Midfield,Defensive Midfield,Sweden  United States,30,25,1,1,0,0,19,1.2e+07,1e+07,1.077e+07,0.1139
2025,660867,Julio Enciso,Ipswich,21.44,Midfield,Attacking Midfield,Paraguay,25,14,2,3,0,0,19,2.2e+07,2.2e+07,1.035e+07,1.125
2025,351749,Kalvin Phillips,Ipswich,29.58,Midfield,Defensive Midfield,England  Jamaica,19,14,0,0,0,0,19,1.2e+07,2.5e+07,4.778e+06,1.511
2025,596446,Leif Davis,Ipswich,25.5,Defender,Left-Back,England,33,32,1,3,0,0,19,2.2e+07,9e+06,1.061e+07,1.074
2025,610849,Liam Delap,Ipswich,22.39,Attack,Centre-Forward,England  Ireland,37,32,12,2,0,0,19,4e+07,8e+06,1.881e+07,1.127
2025,527425,Luke Woolfenden,Ipswich,26.69,Defender,Centre-Back,England,15,12,0,0,0,0,19,2e+06,2e+06,4.681e+06,-0.5728
2025,288323,Marcus Harness,Ipswich,29.35,Midfield,Attacking Midfield,Ireland  England,2,0,0,0,0,0,19,8e+05,8e+05,2.903e+06,-0.7244
2025,181687,Massimo Luongo,Ipswich,32.76,Midfield,Central Midfield,Australia  Italy,11,2,0,0,0,0,19,4e+05,5e+05,1.588e+06,-0.7481
2025,344009,Nathan Broadhead,Ipswich,27.24,Attack,Left Winger,Wales,18,7,2,0,0,0,19,4.5e+06,5e+06,5.259e+06,-0.1444
2025,741238,Omari Hutchinson,Ipswich,21.67,Midfield,Attacking Midfield,England  Jamaica,31,30,3,2,0,0,19,2.2e+07,7e+06,1.283e+07,0.7153
2025,123551,Sam Morsy,Ipswich,33.81,Midfield,Central Midfield,Egypt  England,33,31,1,1,0,0,19,5e+05,9e+05,2.675e+06,-0.8131
2025,292139,Sammie Szmodics,Ipswich,29.77,Midfield,Attacking Midfield,Ireland  Hungary,20,13,4,0,0,0,19,1e+07,7e+06,6.862e+06,0.4573
2025,255731,Wes Burns,Ipswich,30.6,Midfield,Right Midfield,Wales,18,12,0,1,0,0,19,2e+06,1.5e+06,3.18e+06,-0.3711
2025,654982,Bilal El Khannouss,Leicester,21.14,Midfield,Attacking Midfield,Morocco  Belgium,32,27,2,3,0,0,18,2.8e+07,3e+07,1.36e+07,1.059
2025,186186,Bobby De Cordova-Reid,Leicester,32.41,Attack,Right Winger,Jamaica  England,23,9,1,3,0,0,18,2.5e+06,5e+06,4.385e+06,-0.4298
2025,344605,Boubakary Soumaré,Leicester,26.34,Midfield,Defensive Midfield,France  Senegal,31,25,0,0,0,0,18,1.2e+07,1.4e+07,1.903e+07,-0.3693
2025,461833,Caleb Okoli,Leicester,23.97,Defender,Centre-Back,Italy  Nigeria,19,12,1,0,0,0,18,1e+07,8e+06,1.202e+07,-0.1683
2025,128901,Conor Coady,Leicester,32.34,Defender,Centre-Back,England,22,19,1,0,0,0,18,2.2e+06,3e+06,3.186e+06,-0.3095
2025,203026,Danny Ward,Leicester,32.02,Goalkeeper,Goalkeeper,Wales,2,1,0,0,0,0,18,1.2e+06,1.8e+06,9.419e+05,0.274
2025,983989,Facundo Buonanotte,Leicester,20.52,Midfield,Attacking Midfield,Argentina  Italy,31,14,5,2,0,0,18,2e+07,1.8e+07,1.845e+07,0.08397
2025,341501,Hamza Choudhury,Leicester,27.75,Midfield,Defensive Midfield,Bangladesh  England,4,1,0,0,0,0,18,4.5e+06,4.5e+06,2.673e+06,0.6838
2025,249126,Harry Winks,Leicester,29.41,Midfield,Central Midfield,England,22,17,0,2,0,0,18,9e+06,1.2e+07,6.661e+06,0.3511
2025,864121,Issahaku Fatawu,Leicester,21.31,Attack,Right Winger,Ghana,11,6,0,2,0,0,18,1.1e+07,1e+07,6.778e+06,0.6229
2025,486144,Jakub Stolarczyk,Leicester,24.53,Goalkeeper,Goalkeeper,Poland,10,10,0,0,2,0,18,1e+06,4e+05,3.647e+06,-0.7258
2025,413220,James Justin,Leicester,27.35,Defender,Right-Back,England  St. Lucia,36,34,2,2,0,0,18,1.3e+07,1.5e+07,9.667e+06,0.3448
2025,197838,Jamie Vardy,Leicester,38.47,Attack,Centre-Forward,England,35,35,9,4,0,0,18,1e+06,1e+06,3.554e+06,-0.7187
2025,99331,Jannik Vestergaard,Leicester,32.91,Defender,Centre-Back,Denmark  Germany,18,16,0,0,0,0,18,2e+06,3e+06,3.965e+06,-0.4955
2025,1245948,Jeremy Monga,Leicester,15.98,Attack,Left Winger,England,7,0,0,0,0,0,18,,,2.882e+06,
2025,108354,Jordan Ayew,Leicester,33.8,Attack,Centre-Forward,Ghana  France,31,19,5,0,0,0,18,2.5e+06,4e+06,4.398e+06,-0.4316
2025,621193,Kasey McAteer,Leicester,23.61,Attack,Right Winger,Ireland  England,18,9,1,1,0,0,18,2e+06,9e+05,4.082e+06,-0.51
2025,505194,Luke Thomas,Leicester,24.06,Defender,Left-Back,England,14,13,0,0,0,0,18,6e+06,6e+06,9.386e+06,-0.3608
2025,400536,Mads Hermansen,Leicester,24.97,Goalkeeper,Goalkeeper,Denmark,27,27,0,0,1,0,18,1.5e+07,9e+06,8.915e+06,0.6826
2025,936842,Michael Golding,Leicester,19.11,Midfield,Central Midfield,England  Ireland,1,0,0,0,0,0,18,2e+06,3e+05,6.895e+05,1.901
2025,344152,Odsonne Édouard,Leicester,27.46,Attack,Centre-Forward,France  French Guiana,6,1,0,0,0,0,18,8e+06,1.8e+07,9.076e+06,-0.1185
2025,1135364,Olabade Aluko,Leicester,18.58,Defender,Right-Back,England,1,0,0,0,0,0,18,,,5.313e+05,
2025,406638,Oliver Skipp,Leicester,24.79,Midfield,Defensive Midfield,England,24,10,0,0,0,0,18,1e+07,1.5e+07,8.341e+06,0.1989
2025,365172,Patson Daka,Leicester,26.73,Attack,Centre-Forward,Zambia,23,6,1,0,0,0,18,9e+06,1.2e+07,4.877e+06,0.8455
2025,215876,Ricardo Pereira,Leicester,31.73,Defender,Right-Back,Portugal  Cape Verde,10,4,0,0,0,0,18,4.5e+06,8e+06,2.708e+06,0.6617
2025,340328,Stephy Mavididi,Leicester,27.09,Attack,Left Winger,England  DR Congo,30,16,4,1,0,0,18,1e+07,1.1e+07,1.171e+07,-0.1459
2025,564529,Victor Kristiansen,Leicester,22.54,Defender,Left-Back,Denmark,30,29,0,1,0,0,18,1.5e+07,1.5e+07,1.651e+07,-0.09163
2025,274839,Wilfred Ndidi,Leicester,28.54,Midfield,Defensive Midfield,Nigeria  England,28,28,0,5,0,0,18,1.5e+07,1.6e+07,1.299e+07,0.1548
2025,867711,Will Alves,Leicester,20.16,Midfield,Attacking Midfield,England  Portugal,1,0,0,0,0,0,18,4e+05,,6.411e+05,-0.3761
2025,292808,Wout Faes,Leicester,27.24,Defender,Centre-Back,Belgium,34,30,1,0,0,0,18,1.5e+07,2e+07,1.147e+07,0.3076
2025,592975,Woyo Coulibaly,Leicester,26.1,Defender,Right-Back,Mali  France,4,1,0,0,0,0,18,2e+06,2e+06,1.745e+06,0.1461
2025,534033,Alexis Mac Allister,Liverpool,26.52,Midfield,Central Midfield,Argentina  Italy,35,30,5,5,0,8,1,1e+08,7.5e+07,8.704e+07,0.1489
2025,105470,Alisson,Liverpool,32.74,Goalkeeper,Goalkeeper,Brazil,28,28,0,0,10,6,1,2e+07,2.8e+07,2.759e+07,-0.2751
2025,234803,Andrew Robertson,Liverpool,31.31,Defender,Left-Back,Scotland,33,29,0,1,0,8,1,1.8e+07,3e+07,2.953e+07,-0.3905
2025,340918,Caoimhín Kelleher,Liverpool,26.6,Goalkeeper,Goalkeeper,Ireland,10,10,0,0,4,4,1,2e+07,2e+07,1.836e+07,0.08915
2025,434675,Cody Gakpo,Liverpool,26.15,Attack,Left Winger,Netherlands  Togo,35,23,10,5,0,8,1,7e+07,5.5e+07,7.52e+07,-0.06909
2025,624258,Conor Bradley,Liverpool,21.98,Defender,Right-Back,Northern Ireland,19,7,0,2,0,5,1,3e+07,1.5e+07,2.575e+07,0.1652
2025,433188,Curtis Jones,Liverpool,24.42,Midfield,Central Midfield,England,33,19,3,4,0,8,1,4.5e+07,3.5e+07,5.052e+07,-0.1093
2025,546543,Darwin Núñez,Liverpool,26.02,Attack,Centre-Forward,Uruguay,30,8,5,3,0,9,1,4.5e+07,7e+07,5.902e+07,-0.2375
2025,340950,Diogo Jota,Liverpool,28.57,Attack,Left Winger,Portugal,26,14,6,4,0,4,1,4e+07,5e+07,5.523e+07,-0.2757
2025,451276,Dominik Szoboszlai,Liverpool,24.68,Midfield,Attacking Midfield,Hungary,36,29,6,7,0,9,1,8e+07,7.5e+07,8.233e+07,-0.02833
2025,341092,Federico Chiesa,Liverpool,27.68,Attack,Right Winger,Italy,6,1,0,0,0,3,1,1.4e+07,3.5e+07,3.427e+07,-0.5915
2025,565822,Harvey Elliott,Liverpool,22.24,Midfield,Attacking Midfield,England,18,2,1,2,0,5,1,3e+07,3.5e+07,3.11e+07,-0.03535
2025,357119,Ibrahima Konaté,Liverpool,26.1,Defender,Centre-Back,France  Mali,31,30,1,2,0,7,1,6e+07,4.5e+07,6.483e+07,-0.07453
2025,632349,Jarell Quansah,Liverpool,22.42,Defender,Centre-Back,England  Scotland,13,4,0,0,0,4,1,2e+07,2.2e+07,3.113e+07,-0.3575
2025,939290,Jayden Danns,Liverpool,19.46,Attack,Centre-Forward,England  Guyana,1,0,0,0,0,1,1,8e+05,1e+06,5.575e+06,-0.8565
2025,256178,Joe Gomez,Liverpool,28.11,Defender,Centre-Back,England  The Gambia,9,6,0,0,0,4,1,2e+07,2.8e+07,3.402e+07,-0.4121
2025,338070,Konstantinos Tsimikas,Liverpool,29.14,Defender,Left-Back,Greece,18,9,0,1,0,6,1,1.8e+07,2.2e+07,1.839e+07,-0.02103
2025,480692,Luis Díaz,Liverpool,28.46,Attack,Left Winger,Colombia,36,28,13,7,0,9,1,7e+07,7.5e+07,9.337e+07,-0.2503
2025,148455,Mohamed Salah,Liverpool,33.04,Attack,Right Winger,Egypt,38,38,29,18,0,9,1,5e+07,5.5e+07,6.758e+07,-0.2601
2025,478573,Ryan Gravenberch,Liverpool,23.13,Midfield,Defensive Midfield,Netherlands  Suriname,37,37,0,4,0,9,1,7.5e+07,3.5e+07,5.953e+07,0.2598
2025,314353,Trent Alexander-Arnold,Liverpool,26.73,Defender,Right-Back,England,33,28,3,7,0,8,1,7.5e+07,7e+07,7.875e+07,-0.04764
2025,139208,Virgil van Dijk,Liverpool,33.98,Defender,Centre-Back,Netherlands  Suriname,37,37,3,1,0,9,1,2.3e+07,3e+07,2.369e+07,-0.0293
2025,486604,Vitezslav Jaros,Liverpool,23.94,Goalkeeper,Goalkeeper,Czech Republic,1,0,0,0,1,0,1,4e+06,5e+06,1.633e+06,1.449
2025,146310,Wataru Endo,Liverpool,32.39,Midfield,Defensive Midfield,Japan,20,1,0,0,0,6,1,8e+06,1.3e+07,1.23e+07,-0.3495
2025,763079,Abdukodir Khusanov,Man City,21.34,Defender,Centre-Back,Uzbekistan,6,6,0,0,0,1,3,3.5e+07,2.5e+06,1.317e+07,1.657
2025,241641,Bernardo Silva,Man City,30.89,Midfield,Attacking Midfield,Portugal,33,29,4,4,0,9,3,3.8e+07,7e+07,6.039e+07,-0.3707
2025,994536,Claudio Echeverri,Man City,19.49,Midfield,Attacking Midfield,Argentina,1,0,0,0,0,0,3,1.8e+07,1.8e+07,5.688e+05,30.65
2025,670848,Divin Mubama,Man City,20.68,Attack,Centre-Forward,England  DR Congo,1,0,0,0,0,0,3,4e+06,1e+06,2.601e+06,0.5377
2025,238223,Ederson,Man City,31.87,Goalkeeper,Goalkeeper,Brazil  Portugal,26,26,0,0,10,8,3,2e+07,3.5e+07,3.313e+07,-0.3962
2025,418560,Erling Haaland,Man City,24.94,Attack,Centre-Forward,Norway,31,31,22,3,0,9,3,1.8e+08,1.8e+08,2.023e+08,-0.1102
2025,203460,Jack Grealish,Man City,29.81,Attack,Left Winger,England  Ireland,20,7,1,1,0,6,3,2.8e+07,6e+07,2.194e+07,0.2762
2025,942497,Jahmai Simpson-Pusey,Man City,19.66,Defender,Centre-Back,England,2,1,0,0,0,2,3,5e+06,,9.439e+06,-0.4703
2025,583199,James McAtee,Man City,22.7,Midfield,Attacking Midfield,England,15,3,3,0,0,5,3,2e+07,1.2e+07,3.27e+07,-0.3883
2025,186590,John Stones,Man City,31.09,Defender,Centre-Back,England,11,6,2,0,0,6,3,2.5e+07,3.8e+07,2.313e+07,0.08068
2025,475959,Josko Gvardiol,Man City,23.44,Defender,Centre-Back,Croatia,37,36,5,0,0,10,3,7.5e+07,7.5e+07,8.379e+07,-0.1049
2025,486049,Jérémy Doku,Man City,23.1,Attack,Left Winger,Belgium  Ghana,29,16,3,6,0,4,3,5e+07,6.5e+07,5.744e+07,-0.1295
2025,88755,Kevin De Bruyne,Man City,34.01,Midfield,Attacking Midfield,Belgium,28,19,4,7,0,7,3,2e+07,5e+07,2.239e+07,-0.1068
2025,95424,Kyle Walker,Man City,35.09,Defender,Right-Back,England,15,9,0,0,0,4,3,4e+06,1.3e+07,7.138e+06,-0.4396
2025,284730,Manuel Akanji,Man City,29.95,Defender,Centre-Back,Switzerland  Nigeria,26,23,0,0,0,8,3,2.8e+07,4.5e+07,5.085e+07,-0.4494
2025,51471,Mateo Kovacic,Man City,31.15,Midfield,Central Midfield,Croatia,31,25,6,2,0,6,3,2e+07,3e+07,3.694e+07,-0.4585
2025,601883,Matheus Nunes,Man City,26.84,Midfield,Central Midfield,Portugal  Brazil,26,19,1,6,0,7,3,3.5e+07,5e+07,3.526e+07,-0.007343
2025,177476,Nathan Aké,Man City,30.37,Defender,Centre-Back,Netherlands  Cote d'Ivoire,10,8,0,0,0,4,3,2.5e+07,4e+07,2.847e+07,-0.1219
2025,466805,Nico González,Man City,23.49,Midfield,Central Midfield,Spain,11,9,1,0,0,8,3,4e+07,1.5e+07,3.522e+07,0.1357
2025,743413,Nico Oreilly,Man City,20.28,Midfield,Central Midfield,England  Jamaica,9,6,2,0,0,1,3,1.8e+07,,1.265e+07,0.4228
2025,445939,Omar Marmoush,Man City,26.4,Attack,Centre-Forward,Egypt  Canada,16,14,7,2,0,8,3,7.5e+07,2.2e+07,1.075e+08,-0.3026
2025,661207,Oscar Bobb,Man City,21.97,Attack,Right Winger,Norway  The Gambia,3,0,0,0,0,0,3,2.5e+07,2.5e+07,9.577e+06,1.61
2025,406635,Phil Foden,Man City,25.09,Attack,Right Winger,England,28,20,7,2,0,9,3,1e+08,1.5e+08,8.965e+07,0.1155
2025,701057,Rico Lewis,Man City,20.61,Defender,Right-Back,England,28,21,1,2,0,9,3,4e+07,3.8e+07,4.325e+07,-0.07506
2025,357565,Rodri,Man City,29.02,Midfield,Defensive Midfield,Spain,3,1,0,0,0,1,3,1.1e+08,1.3e+08,8.527e+07,0.29
2025,258004,Rúben Dias,Man City,28.13,Defender,Centre-Back,Portugal,27,25,0,0,0,7,3,6.5e+07,8e+07,5.692e+07,0.142
2025,743591,Savinho,Man City,21.22,Attack,Right Winger,Brazil,29,21,1,10,0,9,3,5e+07,5e+07,8.116e+07,-0.384
2025,85941,Stefan Ortega,Man City,32.65,Goalkeeper,Goalkeeper,Germany  Spain,13,12,0,0,4,2,3,8e+06,9e+06,9.13e+06,-0.1237
2025,1005575,Vitor Reis,Man City,19.47,Defender,Centre-Back,Brazil,1,0,0,0,0,0,3,3e+07,,1.622e+06,17.5
2025,53622,İlkay Gündoğan,Man City,34.69,Midfield,Central Midfield,Germany,33,25,1,7,0,10,3,5e+06,1.5e+07,1.523e+07,-0.6718
2025,811779,Alejandro Garnacho,Man United,21,Attack,Left Winger,Argentina  Spain,36,23,6,2,0,15,15,4.5e+07,4.5e+07,4.047e+07,0.112
2025,336077,Altay Bayındır,Man United,27.21,Goalkeeper,Goalkeeper,Türkiye,4,4,0,0,1,2,15,8e+06,1e+07,2.844e+06,1.813
2025,536835,Amad Diallo,Man United,22.97,Attack,Right Winger,Cote d'Ivoire  Italy,26,20,8,8,0,11,15,4.5e+07,1.8e+07,3.939e+07,0.1423
2025,234509,André Onana,Man United,29.25,Goalkeeper,Goalkeeper,Cameroon,34,34,0,0,9,13,15,2.5e+07,3.5e+07,2.89e+07,-0.135
2025,602105,Antony,Man United,25.35,Attack,Right Winger,Brazil,8,0,0,0,0,13,15,3.5e+07,2.5e+07,1.403e+07,1.494
2025,1078163,Ayden Heaven,Man United,18.77,Defender,Centre-Back,England,4,2,0,0,0,1,15,5e+06,3e+05,3.711e+06,0.3474
2025,240306,Bruno Fernandes,Man United,30.81,Midfield,Attacking Midfield,Portugal,36,35,8,11,0,14,15,5e+07,7e+07,4.187e+07,0.1941
2025,16306,Casemiro,Man United,33.35,Midfield,Defensive Midfield,Brazil  Spain,24,18,1,0,0,13,15,1e+07,2e+07,7.249e+06,0.3795
2025,1042886,Chido Obi,Man United,17.59,Attack,Centre-Forward,Denmark  Nigeria,7,1,0,0,0,0,15,5e+06,,3.349e+06,0.4932
2025,69633,Christian Eriksen,Man United,33.38,Midfield,Attacking Midfield,Denmark,23,11,1,2,0,9,15,4e+06,8e+06,5.383e+06,-0.2569
2025,357147,Diogo Dalot,Man United,26.29,Defender,Right-Back,Portugal,33,31,0,3,0,13,15,3e+07,3.5e+07,2.861e+07,0.04846
2025,1011738,Harry Amass,Man United,18.29,Defender,Left-Back,England,5,4,0,0,0,2,15,5e+06,,3.315e+06,0.5084
2025,177907,Harry Maguire,Man United,32.32,Defender,Centre-Back,England,27,19,1,0,0,8,15,1.3e+07,1.8e+07,9.996e+06,0.3006
2025,42412,Jonny Evans,Man United,37.49,Defender,Centre-Back,Northern Ireland,7,3,0,0,0,2,15,1e+06,2e+06,1.552e+06,-0.3556
2025,435648,Joshua Zirkzee,Man United,24.11,Attack,Centre-Forward,Netherlands  Nigeria,32,14,3,2,0,11,15,3e+07,5e+07,2.618e+07,0.1461
2025,820374,Kobbie Mainoo,Man United,20.2,Midfield,Central Midfield,England  Ghana,25,19,0,0,0,8,15,5e+07,5.5e+07,2.558e+07,0.9547
2025,923831,Leny Yoro,Man United,19.63,Defender,Centre-Back,France  Cote d'Ivoire,21,12,0,0,0,8,15,5.5e+07,5e+07,2.317e+07,1.373
2025,480762,Lisandro Martínez,Man United,27.45,Defender,Centre-Back,Argentina,20,20,2,1,0,8,15,4e+07,5e+07,1.516e+07,1.639
2025,183288,Luke Shaw,Man United,29.97,Defender,Left-Back,England,7,4,0,0,0,5,15,1.2e+07,3.2e+07,8.96e+06,0.3393
2025,476701,Manuel Ugarte,Man United,24.22,Midfield,Defensive Midfield,Uruguay,29,22,1,2,0,10,15,4.5e+07,4.5e+07,2.323e+07,0.937
2025,258923,Marcus Rashford,Man United,27.67,Attack,Left Winger,England  St. Kitts & Nevis,25,16,6,4,0,10,15,5e+07,6e+07,5.001e+07,-0.0002291
2025,346483,Mason Mount,Man United,26.47,Midfield,Attacking Midfield,England,16,8,1,0,0,9,15,2.8e+07,3.5e+07,1.284e+07,1.181
2025,326031,Matthijs de Ligt,Man United,25.89,Defender,Centre-Back,Netherlands,29,25,2,0,0,9,15,3.8e+07,6.5e+07,2.837e+07,0.3396
2025,340456,Noussair Mazraoui,Man United,27.63,Defender,Right-Back,Morocco  Netherlands,37,34,0,2,0,14,15,2.5e+07,3e+07,1.654e+07,0.5112
2025,926952,Patrick Dorgu,Man United,20.68,Defender,Left-Back,Denmark  Nigeria,12,10,0,0,0,7,15,2.5e+07,1.2e+07,1.998e+07,0.2511
2025,610442,Rasmus Højlund,Man United,22.4,Attack,Centre-Forward,Denmark,32,23,4,1,0,15,15,3.5e+07,6.5e+07,3.547e+07,-0.0132
2025,315969,Scott McTominay,Man United,28.56,Midfield,Central Midfield,Scotland  England,2,0,0,0,0,0,15,5e+07,3.2e+07,1.464e+07,2.416
2025,654253,Toby Collyer,Man United,21.49,Midfield,Defensive Midfield,England,6,0,0,0,0,4,15,5e+06,2e+05,3.938e+06,0.2696
2025,911424,Tyler Fredricson,Man United,20.35,Defender,Centre-Back,England,2,2,0,0,0,0,15,3e+06,,1.217e+06,1.465
2025,339340,Tyrell Malacia,Man United,25.87,Defender,Left-Back,Netherlands  Curacao,3,2,0,0,0,7,15,8e+06,1.8e+07,6.219e+06,0.2864
2025,184573,Victor Lindelöf,Man United,30.96,Defender,Centre-Back,Sweden,16,6,0,0,0,6,15,8e+06,1.5e+07,8.178e+06,-0.02181
2025,349066,Alexander Isak,Newcastle,25.78,Attack,Centre-Forward,Sweden  Eritrea,34,34,23,6,0,0,5,1.2e+08,7.5e+07,1.048e+08,0.1453
2025,503733,Anthony Gordon,Newcastle,24.35,Attack,Left Winger,England,34,28,6,6,0,0,5,6.5e+07,6e+07,6.72e+07,-0.03271
2025,520624,Bruno Guimarães,Newcastle,27.62,Midfield,Defensive Midfield,Brazil  Spain,38,38,5,6,0,0,5,8e+07,8.5e+07,6.964e+07,0.1487
2025,123682,Callum Wilson,Newcastle,33.34,Attack,Centre-Forward,England,18,2,0,0,0,0,5,8e+06,1.3e+07,5.075e+06,0.5763
2025,134270,Dan Burn,Newcastle,33.14,Defender,Centre-Back,England,37,37,1,1,0,0,5,6e+06,8e+06,1.317e+07,-0.5443
2025,184528,Emil Krafth,Newcastle,30.91,Defender,Right-Back,Sweden,12,2,0,0,0,0,5,2e+06,2.5e+06,6.036e+06,-0.6687
2025,135343,Fabian Schär,Newcastle,33.53,Defender,Centre-Back,Switzerland,34,33,4,0,0,0,5,7e+06,1e+07,1.306e+07,-0.464
2025,398065,Harvey Barnes,Newcastle,27.56,Attack,Left Winger,England  Scotland,33,17,9,5,0,0,5,3.5e+07,3.5e+07,3.42e+07,0.02337
2025,199527,Jacob Murphy,Newcastle,30.35,Attack,Right Winger,England  Ireland,35,31,8,12,0,0,5,1.6e+07,1.5e+07,3.68e+07,-0.5652
2025,340329,Joe Willock,Newcastle,25.86,Midfield,Central Midfield,England  Montserrat,32,11,0,2,0,0,5,2.2e+07,3e+07,2.049e+07,0.07362
2025,333241,Joelinton,Newcastle,28.88,Midfield,Central Midfield,Brazil,29,29,4,3,0,0,5,3.5e+07,4e+07,4.233e+07,-0.1731
2025,95810,Kieran Trippier,Newcastle,34.78,Defender,Right-Back,England,25,14,0,3,0,0,5,4e+06,1e+07,4.276e+06,-0.06459
2025,670858,Lewis Hall,Newcastle,20.81,Defender,Left-Back,England,27,24,0,5,0,0,5,3.2e+07,1.8e+07,2.803e+07,0.1418
2025,922769,Lewis Miley,Newcastle,19.17,Midfield,Central Midfield,England,14,1,1,0,0,0,5,2.2e+07,2.2e+07,1.491e+07,0.4753
2025,480116,Lloyd Kelly,Newcastle,26.74,Defender,Centre-Back,England  Jamaica,10,4,0,1,0,2,5,1.6e+07,1.8e+07,1.819e+07,-0.1202
2025,74960,Martin Dúbravka,Newcastle,36.46,Goalkeeper,Goalkeeper,Slovakia,10,10,0,0,5,0,5,1e+06,1e+06,2.211e+06,-0.5477
2025,250478,Matt Targett,Newcastle,29.79,Defender,Left-Back,England  Scotland,2,0,0,0,0,0,5,5e+06,1e+07,3.522e+06,0.4198
2025,272999,Miguel Almirón,Newcastle,31.39,Attack,Right Winger,Paraguay,9,1,0,0,0,0,5,1e+07,2e+07,8.816e+06,0.1343
2025,192080,Nick Pope,Newcastle,33.2,Goalkeeper,Goalkeeper,England,28,28,0,0,8,0,5,8e+06,1.6e+07,1.174e+07,-0.3186
2025,397033,Sandro Tonali,Newcastle,25.15,Midfield,Central Midfield,Italy,36,28,4,2,0,0,5,6e+07,3.8e+07,3.71e+07,0.6172
2025,346707,Sean Longstaff,Newcastle,27.67,Midfield,Central Midfield,England,25,8,0,0,0,0,5,2e+07,2.5e+07,2.553e+07,-0.2168
2025,361093,Sven Botman,Newcastle,25.47,Defender,Centre-Back,Netherlands,8,6,0,0,0,0,5,4.2e+07,4.5e+07,1.91e+07,1.199
2025,503981,Tino Livramento,Newcastle,22.63,Defender,Right-Back,England  Scotland,37,32,0,1,0,0,5,4e+07,3.5e+07,2.94e+07,0.3606
2025,609556,William Osula,Newcastle,21.91,Attack,Centre-Forward,Denmark  England,14,0,1,0,0,0,5,7e+06,3e+06,8.601e+06,-0.1861
2025,583189,Anthony Elanga,Nott'm Forest,23.18,Attack,Right Winger,Sweden  Cameroon,38,31,6,11,0,0,7,4.2e+07,2.2e+07,5.827e+07,-0.2793
2025,392768,Callum Hudson-Odoi,Nott'm Forest,24.65,Attack,Left Winger,England  Ghana,31,25,5,3,0,0,7,2.5e+07,1.8e+07,4.09e+07,-0.3887
2025,108725,Chris Wood,Nott'm Forest,33.57,Attack,Centre-Forward,New Zealand,36,35,20,3,0,0,7,1e+07,7e+06,1.793e+07,-0.4422
2025,808509,Danilo,Nott'm Forest,24.17,Midfield,Defensive Midfield,Brazil,8,5,0,0,0,0,7,2.8e+07,2.8e+07,1.623e+07,0.7254
2025,567576,Elliot Anderson,Nott'm Forest,22.65,Midfield,Central Midfield,England  Scotland,37,33,2,6,0,0,7,3.2e+07,1.5e+07,3.463e+07,-0.07591
2025,198516,Harry Toffolo,Nott'm Forest,29.87,Defender,Left-Back,England  Italy,4,1,0,0,0,0,7,3e+06,5e+06,7.429e+06,-0.5962
2025,375885,Ibrahim Sangaré,Nott'm Forest,27.58,Midfield,Defensive Midfield,Cote d'Ivoire,13,7,0,1,0,0,7,2.4e+07,3e+07,1.572e+07,0.5272
2025,663244,Jota Silva,Nott'm Forest,25.92,Attack,Right Winger,Portugal,31,5,3,2,0,0,7,1.5e+07,1.2e+07,1.624e+07,-0.07645
2025,127202,Matz Sels,Nott'm Forest,33.34,Goalkeeper,Goalkeeper,Belgium,38,38,0,0,13,0,7,7e+06,7e+06,1.395e+07,-0.4982
2025,673492,Morato,Nott'm Forest,24,Defender,Centre-Back,Brazil,26,6,0,0,0,0,7,1.4e+07,1.5e+07,9.015e+06,0.5529
2025,429014,Morgan Gibbs-White,Nott'm Forest,25.43,Midfield,Attacking Midfield,England  Jamaica,34,34,7,10,0,0,7,5e+07,4e+07,7.999e+07,-0.3749
2025,1005649,Murillo,Nott'm Forest,22.99,Defender,Centre-Back,Brazil,36,36,2,0,0,0,7,5.5e+07,3.5e+07,4.526e+07,0.2151
2025,503680,Neco Williams,Nott'm Forest,24.22,Defender,Left-Back,Wales,35,28,1,3,0,0,7,2e+07,1.7e+07,2.715e+07,-0.2635
2025,497291,Nicolás Domínguez,Nott'm Forest,27.01,Midfield,Central Midfield,Argentina  Italy,34,23,0,1,0,0,7,1.8e+07,1.7e+07,2.647e+07,-0.32
2025,413507,Nikola Milenković,Nott'm Forest,27.72,Defender,Centre-Back,Serbia,37,37,5,2,0,0,7,3.5e+07,1.5e+07,5.383e+07,-0.3498
2025,236490,Ola Aina,Nott'm Forest,28.73,Defender,Right-Back,Nigeria  England,35,35,2,1,0,0,7,2.2e+07,1.2e+07,2.461e+07,-0.106
2025,745191,Ramón Sosa,Nott'm Forest,25.83,Attack,Left Winger,Paraguay  Argentina,19,1,1,0,0,0,7,1.2e+07,1.3e+07,8.677e+06,0.383
2025,425902,Ryan Yates,Nott'm Forest,27.61,Midfield,Central Midfield,England,35,18,2,1,0,0,7,1.2e+07,1.2e+07,2.133e+07,-0.4375
2025,295313,Taiwo Awoniyi,Nott'm Forest,27.89,Attack,Centre-Forward,Nigeria,26,3,1,0,0,0,7,1.6e+07,2.8e+07,1.255e+07,0.2745
2025,142310,Willy Boly,Nott'm Forest,34.41,Defender,Centre-Back,Cote d'Ivoire  France,6,1,0,0,0,0,7,1.5e+06,2.5e+06,2.155e+06,-0.3039
2025,193098,Álex Moreno,Nott'm Forest,32.06,Defender,Left-Back,Spain,15,11,0,1,0,0,7,7e+06,1.3e+07,6.993e+06,0.001012
2025,427568,Aaron Ramsdale,Southampton,27.13,Goalkeeper,Goalkeeper,England,30,30,0,0,3,0,20,1.6e+07,2.5e+07,1.001e+07,0.5985
2025,250426,Adam Armstrong,Southampton,28.39,Attack,Centre-Forward,England,20,15,2,2,0,0,20,1.2e+07,1.6e+07,1.024e+07,0.1716
2025,43530,Adam Lallana,Southampton,37.14,Midfield,Attacking Midfield,England,14,5,0,2,0,0,20,7.5e+05,1e+06,1.435e+06,-0.4773
2025,503866,Albert Grønbæk,Southampton,24.11,Midfield,Attacking Midfield,Denmark,4,2,0,0,0,0,20,1.1e+07,1.2e+07,1.438e+06,6.647
2025,95976,Alex McCarthy,Southampton,35.58,Goalkeeper,Goalkeeper,England,5,5,0,0,0,0,20,3.5e+05,5e+05,7.147e+05,-0.5103
2025,467563,Armel Bella-Kotchap,Southampton,23.55,Defender,Centre-Back,Germany  Cameroon,4,2,0,0,0,0,20,9e+06,1.2e+07,2.366e+06,2.803
2025,426192,Ben Brereton Díaz,Southampton,26.2,Attack,Centre-Forward,Chile  England,10,4,0,0,0,0,20,7.5e+06,8e+06,6.539e+06,0.1469
2025,533662,Cameron Archer,Southampton,23.56,Attack,Centre-Forward,England  Jamaica,35,13,2,0,0,0,20,1.2e+07,1.3e+07,9.573e+06,0.2535
2025,195633,Charlie Taylor,Southampton,31.78,Defender,Left-Back,England,8,3,0,0,0,0,20,2.2e+06,3e+06,3.522e+06,-0.3753
2025,506189,Flynn Downes,Southampton,26.44,Midfield,Defensive Midfield,England,27,25,1,0,0,0,20,1.3e+07,9e+06,7.872e+06,0.6514
2025,163744,Jack Stephens,Southampton,31.43,Defender,Centre-Back,England,19,17,1,0,0,0,20,1.5e+06,2e+06,3.46e+06,-0.5665
2025,324223,James Bree,Southampton,27.55,Defender,Right-Back,England,17,13,0,1,0,0,20,2.5e+06,2.2e+06,2.937e+06,-0.1489
2025,243028,Jan Bednarek,Southampton,29.22,Defender,Centre-Back,Poland,30,30,2,0,0,0,20,9e+06,1.1e+07,9.971e+06,-0.0974
2025,1045124,Jay Robinson,Southampton,18.3,Attack,Left Winger,England,4,1,0,0,0,0,20,1e+06,,1.539e+06,-0.3501
2025,986298,Joachim Kayi Sanda,Southampton,18.59,Defender,Centre-Back,France  DR Congo,2,0,0,0,0,0,20,1.5e+06,8e+05,1.237e+06,0.2122
2025,468198,Joe Aribo,Southampton,28.94,Midfield,Central Midfield,Nigeria  England,32,21,3,0,0,0,20,6e+06,5e+06,5.04e+06,0.1906
2025,336367,Joe Lumley,Southampton,30.37,Goalkeeper,Goalkeeper,England,3,3,0,0,0,0,20,5e+05,6e+05,1.04e+06,-0.5194
2025,746695,Kamaldeen Sulemana,Southampton,23.37,Attack,Left Winger,Ghana,26,17,1,1,0,0,20,1.3e+07,1.3e+07,5.987e+06,1.171
2025,341051,Kyle Walker-Peters,Southampton,28.22,Defender,Right-Back,England  Jamaica,33,33,0,2,0,0,20,1.5e+07,2e+07,8.901e+06,0.6851
2025,711999,Lesley Ugochukwu,Southampton,21.26,Midfield,Defensive Midfield,France  Nigeria,26,18,1,1,0,0,20,1.8e+07,2.5e+07,8.747e+06,1.058
2025,880245,Mateus Fernandes,Southampton,20.97,Midfield,Central Midfield,Portugal,36,34,2,4,0,0,20,1.5e+07,8e+06,1.286e+07,0.1662
2025,234781,Maxwel Cornet,Southampton,28.76,Attack,Left Winger,Cote d'Ivoire  France,2,1,0,0,0,0,20,8e+06,9e+06,3.466e+06,1.308
2025,503990,Nathan Wood,Southampton,23.09,Defender,Centre-Back,England  Jamaica,11,9,0,0,0,0,20,3.5e+06,3.8e+06,3.453e+06,0.01369
2025,272855,Paul Onuachu,Southampton,31.09,Attack,Centre-Forward,Nigeria,25,11,4,1,0,0,20,6e+06,1.3e+07,4.258e+06,0.409
2025,732165,Ronnie Edwards,Southampton,22.26,Defender,Centre-Back,England,1,0,0,0,0,0,20,3.8e+06,3.8e+06,1.406e+06,1.703
2025,447995,Ross Stewart,Southampton,28.97,Attack,Centre-Forward,Scotland,12,4,1,0,0,0,20,4e+06,4.5e+06,1.964e+06,1.037
2025,146795,Ryan Fraser,Southampton,31.35,Attack,Left Winger,Scotland,8,4,0,0,0,0,20,2e+06,3e+06,3.617e+06,-0.4471
2025,262300,Ryan Manning,Southampton,29.05,Defender,Left-Back,Ireland,24,18,0,1,0,0,20,3e+06,3e+06,4.001e+06,-0.2501
2025,933900,Samuel Amo-Ameyaw,Southampton,18.95,Attack,Right Winger,England  Ghana,2,0,0,0,0,0,20,4e+06,3e+05,1.274e+06,2.14
2025,680806,Samuel Edozie,Southampton,22.42,Attack,Left Winger,England  Nigeria,2,0,0,0,0,5,20,6e+06,8e+06,5.399e+06,0.1112
2025,503977,Taylor Harwood-Bellis,Southampton,23.42,Defender,Centre-Back,England,34,32,1,0,0,0,20,2.2e+07,2.2e+07,1.041e+07,1.114
2025,866655,Tyler Dibling,Southampton,19.37,Attack,Right Winger,England,33,20,2,1,0,0,20,2.5e+07,,1.007e+07,1.483
2025,729264,Welington,Southampton,24.36,Defender,Left-Back,Brazil,10,6,0,0,0,0,20,3e+06,3.5e+06,2.098e+06,0.4303
2025,444211,Will Smallbone,Southampton,25.36,Midfield,Central Midfield,Ireland  England,18,6,1,0,0,0,20,6e+06,5e+06,5.207e+06,0.1523
2025,405385,Yukinari Sugawara,Southampton,25.01,Defender,Right-Back,Japan,30,16,1,1,0,0,20,1.1e+07,1.2e+07,6.299e+06,0.7462
2025,796300,Alfie Dorrington,Tottenham,20.2,Defender,Centre-Back,England,1,0,0,0,0,0,17,7e+05,5e+05,7.108e+05,-0.01513
2025,725912,Antonín Kinský,Tottenham,22.3,Goalkeeper,Goalkeeper,Czech Republic,6,6,0,0,1,6,17,1.5e+07,1.8e+06,6.06e+06,1.475
2025,922693,Archie Gray,Tottenham,19.3,Midfield,Defensive Midfield,England  Scotland,28,19,0,0,0,11,17,3.8e+07,1.8e+07,2.321e+07,0.6371
2025,192765,Ben Davies,Tottenham,32.19,Defender,Centre-Back,Wales,17,14,0,0,0,8,17,6e+06,1e+07,7.295e+06,-0.1775
2025,428016,Brandon Austin,Tottenham,26.48,Goalkeeper,Goalkeeper,England  United States,1,1,0,0,0,2,17,6e+05,6e+05,2.117e+06,-0.7165
2025,470607,Brennan Johnson,Tottenham,24.11,Attack,Left Winger,Wales  England,33,24,11,5,0,13,17,4e+07,4.8e+07,4.615e+07,-0.1333
2025,355915,Cristian Romero,Tottenham,27.18,Defender,Centre-Back,Argentina,18,18,1,1,0,7,17,5e+07,6.5e+07,1.869e+07,1.675
2025,670883,Dane Scarlett,Tottenham,21.27,Attack,Centre-Forward,England  Jamaica,3,0,0,1,0,2,17,2e+06,1.8e+06,2.102e+06,-0.04855
2025,431755,Dejan Kulusevski,Tottenham,25.18,Midfield,Attacking Midfield,Sweden  North Macedonia,32,27,7,4,0,11,17,5e+07,5.5e+07,4.306e+07,0.1613
2025,556385,Destiny Udogie,Tottenham,22.59,Defender,Left-Back,Italy  Nigeria,25,24,0,1,0,9,17,4e+07,4.5e+07,2.789e+07,0.4342
2025,483348,Djed Spence,Tottenham,24.89,Defender,Left-Back,England  Jamaica,25,19,1,2,0,4,17,2e+07,8e+06,1.289e+07,0.5519
2025,258889,Dominic Solanke,Tottenham,27.79,Attack,Centre-Forward,England  Nigeria,27,25,9,3,0,13,17,4e+07,4e+07,5.096e+07,-0.2151
2025,52570,Fraser Forster,Tottenham,37.29,Goalkeeper,Goalkeeper,England,7,7,0,0,1,4,17,1e+06,1.2e+06,1.193e+06,-0.1619
2025,286047,Guglielmo Vicario,Tottenham,28.73,Goalkeeper,Goalkeeper,Italy,24,24,0,0,4,9,17,3.2e+07,3.5e+07,2.411e+07,0.3271
2025,91845,Heung-min Son,Tottenham,32.98,Attack,Left Winger,"Korea, South",30,24,7,10,0,10,17,2e+07,4.5e+07,1.888e+07,0.05913
2025,294057,James Maddison,Tottenham,28.6,Midfield,Attacking Midfield,England,31,21,9,7,0,11,17,4.2e+07,7e+07,3.685e+07,0.1396
2025,263236,Kevin Danso,Tottenham,26.78,Defender,Centre-Back,Austria,10,9,0,0,0,3,17,2.5e+07,2.5e+07,1.866e+07,0.3397
2025,866246,Lucas Bergvall,Tottenham,19.41,Midfield,Central Midfield,Sweden,27,11,0,1,0,12,17,3.8e+07,1e+07,1.41e+07,1.696
2025,801734,Mathys Tel,Tottenham,20.18,Attack,Centre-Forward,France  Guadeloupe,13,11,2,2,0,8,17,3.5e+07,4e+07,2.727e+07,0.2837
2025,557459,Micky van de Ven,Tottenham,24.2,Defender,Centre-Back,Netherlands,13,12,0,2,0,8,17,5e+07,5.5e+07,1.829e+07,1.733
2025,1011147,Mikey Moore,Tottenham,17.89,Attack,Left Winger,England,10,3,0,1,0,5,17,1.8e+07,,9.049e+06,0.9891
2025,568693,Pape Matar Sarr,Tottenham,22.8,Midfield,Central Midfield,Senegal,36,22,3,2,0,13,17,3.2e+07,4.5e+07,2.657e+07,0.2046
2025,553875,Pedro Porro,Tottenham,25.8,Defender,Right-Back,Spain,33,28,2,6,0,13,17,3.8e+07,4.5e+07,2.919e+07,0.3018
2025,568559,Radu Drăgușin,Tottenham,23.41,Defender,Centre-Back,Romania,16,14,0,0,0,7,17,2.5e+07,2.5e+07,1.647e+07,0.5175
2025,378710,Richarlison,Tottenham,28.14,Attack,Centre-Forward,Brazil,15,4,4,1,0,7,17,2e+07,3.8e+07,2.172e+07,-0.07904
2025,354362,Rodrigo Bentancur,Tottenham,28.02,Midfield,Defensive Midfield,Uruguay,26,21,2,0,0,13,17,3e+07,3.5e+07,2.265e+07,0.3244
2025,282429,Sergio Reguilón,Tottenham,28.54,Defender,Left-Back,Spain,4,1,0,0,0,0,17,6e+06,1.2e+07,6.478e+06,-0.07379
2025,170527,Timo Werner,Tottenham,29.32,Attack,Left Winger,Germany,18,4,0,3,0,5,17,7e+06,1.7e+07,1.166e+07,-0.3997
2025,879768,Will Lankshear,Tottenham,20.2,Attack,Centre-Forward,England,3,0,0,0,0,3,17,3e+06,,2.809e+06,0.0681
2025,743498,Wilson Odobert,Tottenham,20.59,Attack,Left Winger,France  Martinique,16,9,1,0,0,4,17,2e+07,1e+07,1.648e+07,0.2134
2025,410425,Yves Bissouma,Tottenham,28.84,Midfield,Defensive Midfield,Mali  Cote d'Ivoire,28,16,2,0,0,10,17,2.5e+07,3.5e+07,1.502e+07,0.6641
2025,92571,Aaron Cresswell,West Ham,35.54,Defender,Left-Back,England,18,10,0,0,0,0,14,5e+05,9e+05,1.507e+06,-0.6682
2025,477758,Aaron Wan-Bissaka,West Ham,27.59,Defender,Right-Back,DR Congo  England,36,35,2,5,0,0,14,2.4e+07,2e+07,1.779e+07,0.349
2025,120629,Alphonse Areola,West Ham,32.34,Goalkeeper,Goalkeeper,France  Philippines,26,25,0,1,5,0,14,9e+06,1e+07,8.819e+06,0.02047
2025,430310,Andrew Irving,West Ham,25.13,Midfield,Central Midfield,Scotland,10,1,0,0,0,0,14,4e+06,2e+06,5.357e+06,-0.2533
2025,372246,Carlos Soler,West Ham,28.49,Midfield,Central Midfield,Spain,31,14,1,1,0,0,14,1.8e+07,2e+07,1.335e+07,0.3486
2025,474701,Crysencio Summerville,West Ham,23.67,Attack,Left Winger,Netherlands  Suriname,19,7,1,1,0,0,14,2.2e+07,2e+07,1.259e+07,0.7474
2025,134294,Danny Ings,West Ham,32.94,Attack,Centre-Forward,England,15,1,1,2,0,0,14,6e+06,8e+06,2.982e+06,1.012
2025,401356,Edson Álvarez,West Ham,27.69,Midfield,Defensive Midfield,Mexico,28,20,0,1,0,0,14,2.5e+07,3.5e+07,1.538e+07,0.6257
2025,181778,Emerson,West Ham,30.91,Defender,Left-Back,Italy  Brazil,31,26,2,1,0,0,14,1e+07,1.2e+07,9.809e+06,0.01947
2025,342385,Guido Rodríguez,West Ham,31.22,Midfield,Defensive Midfield,Argentina  Italy,23,16,0,1,0,0,14,1e+07,2e+07,7.428e+06,0.3463
2025,181579,James Ward-Prowse,West Ham,30.66,Midfield,Central Midfield,England,24,17,1,2,0,0,14,8e+06,3e+07,1.471e+07,-0.4562
2025,314875,Jarrod Bowen,West Ham,28.53,Attack,Right Winger,England,34,34,13,10,0,0,14,4e+07,5e+07,5.01e+07,-0.2016
2025,605184,Jean-Clair Todibo,West Ham,25.5,Defender,Centre-Back,France  French Guiana,27,20,0,0,0,0,14,2.5e+07,3.5e+07,1.822e+07,0.3719
2025,845321,Kaelan Casey,West Ham,20.67,Defender,Centre-Back,England,1,0,0,0,0,0,14,1e+06,1e+06,9.742e+05,0.02653
2025,415912,Konstantinos Mavropanos,West Ham,27.55,Defender,Centre-Back,Greece,33,21,0,0,0,0,14,1.7e+07,2e+07,1.499e+07,0.1338
2025,845809,Lewis Orford,West Ham,19.36,Midfield,Central Midfield,England,2,0,0,0,0,0,14,4e+05,4e+05,1.974e+06,-0.7974
2025,444523,Lucas Paquetá,West Ham,27.84,Midfield,Attacking Midfield,Brazil  Portugal,33,27,4,0,0,0,14,2.8e+07,6.5e+07,2.384e+07,0.1746
2025,991800,Luis Guilherme,West Ham,19.39,Attack,Right Winger,Brazil,12,1,0,0,0,0,14,1.5e+07,2.4e+07,5.383e+06,1.787
2025,29692,Lukasz Fabianski,West Ham,40.2,Goalkeeper,Goalkeeper,Poland,14,13,0,0,3,0,14,5e+05,7e+05,1.602e+06,-0.6878
2025,525247,Maximilian Kilman,West Ham,28.11,Defender,Centre-Back,England  Ukraine,38,38,0,2,0,0,14,2.5e+07,3.2e+07,2.537e+07,-0.01471
2025,104124,Michail Antonio,West Ham,35.26,Attack,Centre-Forward,Jamaica  England,14,11,1,1,0,0,14,7e+05,4e+06,2.605e+06,-0.7313
2025,543499,Mohammed Kudus,West Ham,24.91,Attack,Right Winger,Ghana,32,31,5,3,0,0,14,4.5e+07,5e+07,3.52e+07,0.2784
2025,75489,Niclas Füllkrug,West Ham,32.39,Attack,Centre-Forward,Germany,18,6,3,2,0,0,14,1e+07,1.5e+07,1.143e+07,-0.1255
2025,922563,Oliver Scarles,West Ham,19.55,Defender,Left-Back,England,15,7,0,0,0,0,14,8e+06,4e+05,5.279e+06,0.5154
2025,283628,Tomáš Souček,West Ham,30.34,Midfield,Defensive Midfield,Czech Republic,35,30,9,2,0,0,14,1.8e+07,3e+07,2.181e+07,-0.1747
2025,157672,Vladimír Coufal,West Ham,32.86,Defender,Right-Back,Czech Republic,22,11,0,0,0,0,14,5e+06,8e+06,4.295e+06,0.1641
2025,821522,Alfie Pond,Wolves,21.33,Defender,Centre-Back,England,1,0,0,0,0,0,16,2.5e+05,2.5e+05,7.84e+05,-0.6811
2025,800176,André,Wolves,23.96,Midfield,Defensive Midfield,Brazil,33,31,0,0,0,0,16,2.8e+07,2.5e+07,2.282e+07,0.227
2025,649020,Boubacar Traoré,Wolves,23.86,Midfield,Defensive Midfield,Mali,1,0,0,0,0,0,16,5e+06,6e+06,5.821e+06,-0.1411
2025,742451,Carlos Forbs,Wolves,21.28,Attack,Left Winger,Portugal  Guinea-Bissau,10,1,0,1,0,0,16,8e+06,8e+06,4.335e+06,0.8454
2025,695454,Chiquinho,Wolves,25.4,Attack,Left Winger,Portugal  Cape Verde,1,0,0,0,0,0,16,2e+06,3e+06,2.763e+06,-0.2762
2025,121477,Craig Dawson,Wolves,35.15,Defender,Centre-Back,England,15,10,0,0,0,0,16,1.5e+06,2e+06,2.366e+06,-0.366
2025,136401,Daniel Bentley,Wolves,31.97,Goalkeeper,Goalkeeper,England,2,2,0,0,1,0,16,1.5e+06,2e+06,1.917e+06,-0.2174
2025,256977,Daniel Podence,Wolves,29.69,Attack,Left Winger,Portugal,2,0,0,0,0,0,16,5.5e+06,1.3e+07,7.045e+06,-0.2193
2025,683895,Emmanuel Agbadou,Wolves,28.04,Defender,Centre-Back,Cote d'Ivoire,16,16,1,0,0,0,16,2e+07,9e+06,1.677e+07,0.1924
2025,225122,Gonçalo Guedes,Wolves,28.59,Attack,Left Winger,Portugal,29,10,2,4,0,0,16,1.1e+07,1.5e+07,1.213e+07,-0.09281
2025,292246,Hee-chan Hwang,Wolves,29.43,Attack,Centre-Forward,"Korea, South",21,5,2,0,0,0,16,1.2e+07,2.5e+07,1.163e+07,0.0322
2025,450050,Jean-Ricner Bellegarde,Wolves,27.01,Midfield,Central Midfield,Haiti  France,35,20,2,7,0,0,16,1.8e+07,1.5e+07,1.713e+07,0.05109
2025,249994,José Sá,Wolves,32.45,Goalkeeper,Goalkeeper,Portugal,29,29,0,0,7,0,16,7e+06,1.4e+07,9.463e+06,-0.2603
2025,735570,João Gomes,Wolves,24.38,Midfield,Central Midfield,Brazil,36,35,3,1,0,0,16,4e+07,3.5e+07,2.43e+07,0.6464
2025,429983,Jørgen Strand Larsen,Wolves,25.4,Attack,Centre-Forward,Norway,35,30,14,4,0,0,16,3e+07,2.5e+07,4.364e+07,-0.3126
2025,170934,Mario Lemina,Wolves,31.83,Midfield,Defensive Midfield,Gabon  France,17,15,1,3,0,0,16,7.5e+06,1e+07,1.171e+07,-0.3597
2025,414908,Marshall Munetsi,Wolves,29.02,Midfield,Central Midfield,Zimbabwe,14,12,2,1,0,0,16,1.5e+07,1e+07,1.831e+07,-0.1807
2025,1230661,Mateus Mané,Wolves,17.79,Attack,Centre-Forward,England  Portugal,1,0,0,0,0,0,16,2e+05,,1.224e+06,-0.8366
2025,517894,Matheus Cunha,Wolves,26.1,Attack,Second Striker,Brazil,33,29,15,6,0,0,16,6e+07,4.5e+07,4.295e+07,0.397
2025,171679,Matt Doherty,Wolves,33.46,Defender,Right-Back,Ireland,30,25,2,1,0,0,16,2e+06,3e+06,3.869e+06,-0.4831
2025,862297,Nasser Djiga,Wolves,22.63,Defender,Centre-Back,Burkina Faso  Serbia,5,1,0,0,0,8,16,1e+07,2e+06,1.031e+07,-0.03
2025,231572,Nélson Semedo,Wolves,31.62,Defender,Right-Back,Portugal  Cape Verde,34,32,0,4,0,0,16,9e+06,1.2e+07,9.403e+06,-0.04282
2025,74230,Pablo Sarabia,Wolves,33.14,Attack,Right Winger,Spain,23,7,3,2,0,0,16,5e+06,1e+07,4.944e+06,0.01143
2025,1193867,Pedro Lima,Wolves,19,Defender,Right-Back,Brazil,3,1,0,0,0,0,16,5e+06,2.5e+06,1.358e+06,2.683
2025,578391,Rayan Aït-Nouri,Wolves,24.07,Defender,Left-Back,Algeria  France,37,37,4,7,0,0,16,3.5e+07,3.5e+07,3.45e+07,0.01464
2025,667121,Rodrigo Gomes,Wolves,21.98,Defender,Right-Back,Portugal,25,7,2,0,0,0,16,1.5e+07,1.2e+07,8.222e+06,0.8243
2025,110864,Sam Johnstone,Wolves,32.27,Goalkeeper,Goalkeeper,England,7,7,0,0,0,0,16,6e+06,1e+07,3.335e+06,0.7992
2025,438001,Santiago Bueno,Wolves,26.64,Defender,Centre-Back,Uruguay  Italy,29,18,0,0,0,0,16,1e+07,8e+06,1.072e+07,-0.06721
2025,215810,Tom King,Wolves,30.31,Goalkeeper,Goalkeeper,Wales  England,1,0,0,0,1,0,16,2e+05,2e+05,1.296e+06,-0.8457
2025,433183,Tommy Doyle,Wolves,23.7,Midfield,Central Midfield,England,24,3,0,1,0,0,16,1e+07,1e+07,7.461e+06,0.3403
2025,606718,Toti,Wolves,26.46,Defender,Centre-Back,Portugal  Guinea-Bissau,31,30,0,1,0,0,16,2.8e+07,2e+07,2.128e+07,0.316
2025,716276,Yerson Mosquera,Wolves,24.16,Defender,Centre-Back,Colombia,5,5,0,0,0,0,16,8e+06,6e+06,8.747e+06,-0.08536
